source_uid,physical_ion_id,group_id,native_element,fold,y_common4,pred_common4,p_common4_Mn,p_common4_Cu,p_common4_Zn,p_common4_Class_VIII
sha256:4748babd2b6ac0706cd9ed4bcfd4855c8d2c5535f01813fb2e10b68b31a24c0f:row:5,6a55|m0|A|201|-|MN|-,6a55,MN,3,0,0,0.60751411,0.05073842,0.06322749,0.27851998
sha256:4748babd2b6ac0706cd9ed4bcfd4855c8d2c5535f01813fb2e10b68b31a24c0f:row:7,1b6a|m0|A|482|-|CO|-,1b6a,CO,3,3,0,0.47885686,0.04537723,0.20513065,0.27063527
sha256:4748babd2b6ac0706cd9ed4bcfd4855c8d2c5535f01813fb2e10b68b31a24c0f:row:17,6zwm|m0|E|4801|-|ZN|-,6zwm,ZN,3,2,2,0.06248772,0.06309229,0.78170979,0.09271019
sha256:4748babd2b6ac0706cd9ed4bcfd4855c8d2c5535f01813fb2e10b68b31a24c0f:row:30,1gup|m0|B|351|-|FE|-,1gup,FE,3,3,0,0.45654089,0.05753409,0.13315051,0.35277451
sha256:4748babd2b6ac0706cd9ed4bcfd4855c8d2c5535f01813fb2e10b68b31a24c0f:row:37,1ozj|m0|A|145|-|ZN|-,1ozj,ZN,3,2,2,0.03999907,0.11579659,0.76301008,0.08119425
sha256:4748babd2b6ac0706cd9ed4bcfd4855c8d2c5535f01813fb2e10b68b31a24c0f:row:48,1xaf|m0|A|508|-|ZN|-,1xaf,ZN,3,2,2,0.04195025,0.17299603,0.66683514,0.11821858
sha256:4748babd2b6ac0706cd9ed4bcfd4855c8d2c5535f01813fb2e10b68b31a24c0f:row:50,1zme|m0|C|2|-|ZN|-,1zme,ZN,3,2,2,0.06537350,0.07393042,0.56816366,0.29253242
sha256:4748babd2b6ac0706cd9ed4bcfd4855c8d2c5535f01813fb2e10b68b31a24c0f:row:51,2fqo|m0|A|701|-|CO|-,2fqo,CO,3,3,2,0.06287823,0.13277103,0.48727472,0.31707602
sha256:4748babd2b6ac0706cd9ed4bcfd4855c8d2c5535f01813fb2e10b68b31a24c0f:row:53,7soj|m0|A|901|-|FE|-,7soj,FE,3,3,3,0.31463114,0.14980014,0.09106483,0.44450389
sha256:4748babd2b6ac0706cd9ed4bcfd4855c8d2c5535f01813fb2e10b68b31a24c0f:row:54,7z6e|m0|A|1602|-|ZN|-,7z6e,ZN,3,2,2,0.04236952,0.05806294,0.80626107,0.09330646
sha256:4748babd2b6ac0706cd9ed4bcfd4855c8d2c5535f01813fb2e10b68b31a24c0f:row:55,2y1c|m0|A|1390|-|MN|-,2y1c,MN,3,0,0,0.72487623,0.03984158,0.13692280,0.09835938
sha256:4748babd2b6ac0706cd9ed4bcfd4855c8d2c5535f01813fb2e10b68b31a24c0f:row:62,8q1b|m0|d|201|-|ZN|-,8q1b,ZN,3,2,2,0.03600087,0.08196396,0.75231645,0.12971872
sha256:4748babd2b6ac0706cd9ed4bcfd4855c8d2c5535f01813fb2e10b68b31a24c0f:row:63,5th6|m0|A|501|-|ZN|-,5th6,ZN,3,2,2,0.04505335,0.20303282,0.62955954,0.12235429
sha256:4748babd2b6ac0706cd9ed4bcfd4855c8d2c5535f01813fb2e10b68b31a24c0f:row:65,8gcr|m0|A|500|-|ZN|-,8gcr,ZN,3,2,2,0.04893089,0.05629088,0.78743310,0.10734513
sha256:4748babd2b6ac0706cd9ed4bcfd4855c8d2c5535f01813fb2e10b68b31a24c0f:row:67,1xhv|m0|A|1103|-|MN|-,1xhv,MN,3,0,0,0.64050832,0.06147825,0.16329093,0.13472250
sha256:4748babd2b6ac0706cd9ed4bcfd4855c8d2c5535f01813fb2e10b68b31a24c0f:row:81,7quy|m0|A|404|-|ZN|-,7quy,ZN,3,2,2,0.11235505,0.14809576,0.55512938,0.18441981
sha256:4748babd2b6ac0706cd9ed4bcfd4855c8d2c5535f01813fb2e10b68b31a24c0f:row:87,7eu0|m0|A|1603|-|ZN|-,7eu0,ZN,3,2,2,0.03499208,0.13038712,0.75646261,0.07815819
sha256:4748babd2b6ac0706cd9ed4bcfd4855c8d2c5535f01813fb2e10b68b31a24c0f:row:94,3n1z|m0|A|503|-|FE|-,3n1z,FE,3,3,0,0.43432448,0.05732182,0.11476545,0.39358825
sha256:4748babd2b6ac0706cd9ed4bcfd4855c8d2c5535f01813fb2e10b68b31a24c0f:row:95,2g74|m0|B|184|-|MN|-,2g74,MN,3,0,0,0.61277035,0.05306106,0.14323644,0.19093214
sha256:4748babd2b6ac0706cd9ed4bcfd4855c8d2c5535f01813fb2e10b68b31a24c0f:row:106,2g74|m0|A|184|-|MN|-,2g74,MN,3,0,0,0.64432986,0.04495154,0.08729971,0.22341889
sha256:4748babd2b6ac0706cd9ed4bcfd4855c8d2c5535f01813fb2e10b68b31a24c0f:row:121,7s1o|m0|A|700|-|ZN|-,7s1o,ZN,3,2,2,0.04120638,0.05353025,0.75951317,0.14575019
sha256:4748babd2b6ac0706cd9ed4bcfd4855c8d2c5535f01813fb2e10b68b31a24c0f:row:123,2bte|m0|A|1877|-|ZN|-,2bte,ZN,3,2,2,0.03869442,0.05299493,0.74418874,0.16412191
sha256:4748babd2b6ac0706cd9ed4bcfd4855c8d2c5535f01813fb2e10b68b31a24c0f:row:126,1fn9|m0|A|1001|-|ZN|-,1fn9,ZN,3,2,2,0.03428149,0.10016708,0.77421617,0.09133525
sha256:4748babd2b6ac0706cd9ed4bcfd4855c8d2c5535f01813fb2e10b68b31a24c0f:row:139,2cm1|m0|A|301|-|MN|-,2cm1,MN,3,0,0,0.72111022,0.03048571,0.08027873,0.16812534
sha256:4748babd2b6ac0706cd9ed4bcfd4855c8d2c5535f01813fb2e10b68b31a24c0f:row:141,3jyf|m0|A|340|-|MN|-,3jyf,MN,3,0,0,0.75676554,0.04746588,0.09305544,0.10271314
sha256:4748babd2b6ac0706cd9ed4bcfd4855c8d2c5535f01813fb2e10b68b31a24c0f:row:146,3mdw|m0|A|455|-|ZN|-,3mdw,ZN,3,2,0,0.41861526,0.12308810,0.15052607,0.30777057
sha256:4748babd2b6ac0706cd9ed4bcfd4855c8d2c5535f01813fb2e10b68b31a24c0f:row:159,4opx|m0|A|402|-|ZN|-,4opx,ZN,3,2,2,0.04393020,0.05664847,0.77512981,0.12429151
sha256:4748babd2b6ac0706cd9ed4bcfd4855c8d2c5535f01813fb2e10b68b31a24c0f:row:162,7c3a|m0|A|1009|-|NI|-,7c3a,NI,3,3,3,0.29742441,0.08075474,0.13324909,0.48857176
sha256:4748babd2b6ac0706cd9ed4bcfd4855c8d2c5535f01813fb2e10b68b31a24c0f:row:163,7k07|m0|A|502|-|MN|-,7k07,MN,3,0,0,0.75372290,0.03394313,0.08504708,0.12728688
sha256:4748babd2b6ac0706cd9ed4bcfd4855c8d2c5535f01813fb2e10b68b31a24c0f:row:164,3mup|m0|A|1|-|ZN|-,3mup,ZN,3,2,2,0.04396497,0.07903291,0.78303284,0.09396928
sha256:4748babd2b6ac0706cd9ed4bcfd4855c8d2c5535f01813fb2e10b68b31a24c0f:row:170,3pjl|m0|A|187|-|CO|-,3pjl,CO,3,3,2,0.09836865,0.09636586,0.42628087,0.37898462
sha256:4748babd2b6ac0706cd9ed4bcfd4855c8d2c5535f01813fb2e10b68b31a24c0f:row:176,3p24|m0|A|999|-|ZN|-,3p24,ZN,3,2,3,0.11547971,0.13085500,0.19671595,0.55694934
sha256:4748babd2b6ac0706cd9ed4bcfd4855c8d2c5535f01813fb2e10b68b31a24c0f:row:177,2bkb|m0|A|1193|-|FE|-,2bkb,FE,3,3,3,0.38790786,0.06977028,0.10181059,0.44051126
sha256:4748babd2b6ac0706cd9ed4bcfd4855c8d2c5535f01813fb2e10b68b31a24c0f:row:179,5ivc|m0|A|602|-|MN|-,5ivc,MN,3,0,0,0.59446949,0.04775508,0.07476449,0.28301094
sha256:4748babd2b6ac0706cd9ed4bcfd4855c8d2c5535f01813fb2e10b68b31a24c0f:row:197,1rcw|m0|A|401|-|FE|-,1rcw,FE,3,3,3,0.37084352,0.08358998,0.10809057,0.43747592
sha256:4748babd2b6ac0706cd9ed4bcfd4855c8d2c5535f01813fb2e10b68b31a24c0f:row:199,4kib|m0|A|403|-|FE|-,4kib,FE,3,3,3,0.13426034,0.05115302,0.12676168,0.68782496
sha256:4748babd2b6ac0706cd9ed4bcfd4855c8d2c5535f01813fb2e10b68b31a24c0f:row:214,4tn7|m0|A|601|-|FE|-,4tn7,FE,3,3,3,0.40444435,0.05797404,0.08385880,0.45372281
sha256:4748babd2b6ac0706cd9ed4bcfd4855c8d2c5535f01813fb2e10b68b31a24c0f:row:218,8e8g|m0|A|502|-|MN|-,8e8g,MN,3,0,0,0.77031117,0.03377942,0.10012245,0.09578696
sha256:4748babd2b6ac0706cd9ed4bcfd4855c8d2c5535f01813fb2e10b68b31a24c0f:row:220,4xb6|m0|C|402|-|ZN|-,4xb6,ZN,3,2,2,0.05543003,0.23770281,0.51150737,0.19535979
sha256:4748babd2b6ac0706cd9ed4bcfd4855c8d2c5535f01813fb2e10b68b31a24c0f:row:223,7e62|m0|C|701|-|ZN|-,7e62,ZN,3,2,2,0.03844503,0.05232116,0.72870445,0.18052935
sha256:4748babd2b6ac0706cd9ed4bcfd4855c8d2c5535f01813fb2e10b68b31a24c0f:row:225,4jx4|m0|A|1101|-|ZN|-,4jx4,ZN,3,2,2,0.28500579,0.08536946,0.32176248,0.30786227
sha256:4748babd2b6ac0706cd9ed4bcfd4855c8d2c5535f01813fb2e10b68b31a24c0f:row:242,1v29|m0|A|500|-|CO|-,1v29,CO,3,3,3,0.04688190,0.09393457,0.39812216,0.46106136
sha256:4748babd2b6ac0706cd9ed4bcfd4855c8d2c5535f01813fb2e10b68b31a24c0f:row:249,1scs|m0|A|238|-|CO|-,1scs,CO,3,3,0,0.56646200,0.04912007,0.09921544,0.28520250
sha256:4748babd2b6ac0706cd9ed4bcfd4855c8d2c5535f01813fb2e10b68b31a24c0f:row:254,1hxq|m0|A|351|-|FE|-,1hxq,FE,3,3,3,0.09714454,0.09309717,0.40383858,0.40591971
sha256:4748babd2b6ac0706cd9ed4bcfd4855c8d2c5535f01813fb2e10b68b31a24c0f:row:256,5hrh|m0|A|202|-|MN|-,5hrh,MN,3,0,0,0.65712304,0.04199935,0.16494389,0.13593372
sha256:4748babd2b6ac0706cd9ed4bcfd4855c8d2c5535f01813fb2e10b68b31a24c0f:row:258,4qpx|m0|A|604|-|MN|-,4qpx,MN,3,0,0,0.54848330,0.06770793,0.16925273,0.21455603
sha256:4748babd2b6ac0706cd9ed4bcfd4855c8d2c5535f01813fb2e10b68b31a24c0f:row:268,6d0g|m0|A|401|-|MN|-,6d0g,MN,3,0,3,0.31615484,0.05234012,0.07805195,0.55345309
sha256:4748babd2b6ac0706cd9ed4bcfd4855c8d2c5535f01813fb2e10b68b31a24c0f:row:269,6z0v|m0|A|1001|-|ZN|-,6z0v,ZN,3,2,2,0.05329685,0.10737477,0.71601402,0.12331436
sha256:4748babd2b6ac0706cd9ed4bcfd4855c8d2c5535f01813fb2e10b68b31a24c0f:row:274,4h0d|m0|A|302|-|MN|-,4h0d,MN,3,0,3,0.29867127,0.24092104,0.13834357,0.32206412
sha256:4748babd2b6ac0706cd9ed4bcfd4855c8d2c5535f01813fb2e10b68b31a24c0f:row:287,3awz|m0|B|501|-|CU|A,3awz,CU,3,1,1,0.05227810,0.50495728,0.25223169,0.19053293
sha256:4748babd2b6ac0706cd9ed4bcfd4855c8d2c5535f01813fb2e10b68b31a24c0f:row:298,7vb3|m0|A|503|-|ZN|-,7vb3,ZN,3,2,2,0.03687905,0.12251641,0.74491481,0.09568974
sha256:4748babd2b6ac0706cd9ed4bcfd4855c8d2c5535f01813fb2e10b68b31a24c0f:row:304,3aws|m0|B|501|-|CU|A,3aws,CU,3,1,2,0.20262816,0.20238888,0.31720818,0.27777478
sha256:4748babd2b6ac0706cd9ed4bcfd4855c8d2c5535f01813fb2e10b68b31a24c0f:row:307,8ori|m0|A|403|-|ZN|A,8ori,ZN,3,2,2,0.06263760,0.08109061,0.61715545,0.23911635
sha256:4748babd2b6ac0706cd9ed4bcfd4855c8d2c5535f01813fb2e10b68b31a24c0f:row:312,3ovq|m0|A|229|-|FE|-,3ovq,FE,3,3,0,0.51204118,0.04644357,0.06388856,0.37762669
sha256:4748babd2b6ac0706cd9ed4bcfd4855c8d2c5535f01813fb2e10b68b31a24c0f:row:318,3zg1|m0|B|150|-|NI|-,3zg1,NI,3,3,3,0.11692003,0.06617456,0.14798821,0.66891720
sha256:4748babd2b6ac0706cd9ed4bcfd4855c8d2c5535f01813fb2e10b68b31a24c0f:row:323,5y9x|m0|A|401|-|CO|-,5y9x,CO,3,3,3,0.32380084,0.08018091,0.09104113,0.50497712
sha256:4748babd2b6ac0706cd9ed4bcfd4855c8d2c5535f01813fb2e10b68b31a24c0f:row:325,1mvq|m0|A|239|-|MN|-,1mvq,MN,3,0,0,0.76555336,0.03309104,0.05966485,0.14169074
sha256:4748babd2b6ac0706cd9ed4bcfd4855c8d2c5535f01813fb2e10b68b31a24c0f:row:334,3v8z|m0|A|304|-|MN|-,3v8z,MN,3,0,0,0.65170942,0.04104647,0.09495233,0.21229179
sha256:4748babd2b6ac0706cd9ed4bcfd4855c8d2c5535f01813fb2e10b68b31a24c0f:row:337,4m4k|m0|A|401|-|MN|-,4m4k,MN,3,0,0,0.69905221,0.04185139,0.08210830,0.17698811
sha256:4748babd2b6ac0706cd9ed4bcfd4855c8d2c5535f01813fb2e10b68b31a24c0f:row:339,1su3|m0|A|915|-|ZN|-,1su3,ZN,3,2,3,0.06724863,0.12057654,0.32516371,0.48701112
sha256:4748babd2b6ac0706cd9ed4bcfd4855c8d2c5535f01813fb2e10b68b31a24c0f:row:347,6bpu|m0|A|301|-|FE|-,6bpu,FE,3,3,3,0.08603318,0.08078567,0.12674145,0.70643970
sha256:4748babd2b6ac0706cd9ed4bcfd4855c8d2c5535f01813fb2e10b68b31a24c0f:row:349,5bud|m0|A|401|-|MN|-,5bud,MN,3,0,0,0.37603588,0.03956984,0.37392653,0.21046775
sha256:4748babd2b6ac0706cd9ed4bcfd4855c8d2c5535f01813fb2e10b68b31a24c0f:row:350,5yp7|m0|A|202|-|ZN|-,5yp7,ZN,3,2,2,0.04079883,0.11356011,0.75879238,0.08684868
sha256:4748babd2b6ac0706cd9ed4bcfd4855c8d2c5535f01813fb2e10b68b31a24c0f:row:351,1q99|m0|A|362|-|NI|-,1q99,NI,3,3,2,0.07859537,0.13598783,0.43946890,0.34594790
sha256:4748babd2b6ac0706cd9ed4bcfd4855c8d2c5535f01813fb2e10b68b31a24c0f:row:353,4ayc|m0|A|1484|-|ZN|-,4ayc,ZN,3,2,2,0.04072589,0.06436829,0.78300433,0.11190149
sha256:4748babd2b6ac0706cd9ed4bcfd4855c8d2c5535f01813fb2e10b68b31a24c0f:row:354,8e86|m0|A|502|-|MN|-,8e86,MN,3,0,0,0.78892571,0.03457905,0.08024751,0.09624774
sha256:4748babd2b6ac0706cd9ed4bcfd4855c8d2c5535f01813fb2e10b68b31a24c0f:row:356,5zmu|m0|A|400|-|ZN|-,5zmu,ZN,3,2,3,0.32176419,0.07413013,0.18819594,0.41590974
sha256:4748babd2b6ac0706cd9ed4bcfd4855c8d2c5535f01813fb2e10b68b31a24c0f:row:357,6q09|m0|A|300|-|FE|-,6q09,FE,3,3,3,0.22672306,0.04198098,0.11590729,0.61538867
sha256:4748babd2b6ac0706cd9ed4bcfd4855c8d2c5535f01813fb2e10b68b31a24c0f:row:358,5ws2|m0|A|502|-|ZN|-,5ws2,ZN,3,2,0,0.48376865,0.06440219,0.16711326,0.28471591
sha256:4748babd2b6ac0706cd9ed4bcfd4855c8d2c5535f01813fb2e10b68b31a24c0f:row:363,6vbz|m0|B|502|-|MN|-,6vbz,MN,3,0,0,0.43293900,0.16662659,0.20815412,0.19228028
sha256:4748babd2b6ac0706cd9ed4bcfd4855c8d2c5535f01813fb2e10b68b31a24c0f:row:366,3zbm|m0|A|1460|-|CU|-,3zbm,CU,3,1,1,0.03606712,0.66304041,0.22923018,0.07166229
sha256:4748babd2b6ac0706cd9ed4bcfd4855c8d2c5535f01813fb2e10b68b31a24c0f:row:368,3o1m|m0|A|301|-|MN|-,3o1m,MN,3,0,0,0.55615745,0.04831660,0.06879658,0.32672936
sha256:4748babd2b6ac0706cd9ed4bcfd4855c8d2c5535f01813fb2e10b68b31a24c0f:row:371,1ino|m0|A|176|-|MN|-,1ino,MN,3,0,0,0.58607659,0.05360998,0.20069597,0.15961746
sha256:4748babd2b6ac0706cd9ed4bcfd4855c8d2c5535f01813fb2e10b68b31a24c0f:row:375,5gm3|m0|A|303|-|ZN|-,5gm3,ZN,3,2,2,0.12519621,0.05196483,0.58163149,0.24120747
sha256:4748babd2b6ac0706cd9ed4bcfd4855c8d2c5535f01813fb2e10b68b31a24c0f:row:378,5b8i|m0|A|402|-|FE|-,5b8i,FE,3,3,0,0.49589657,0.04135718,0.08608868,0.37665757
sha256:4748babd2b6ac0706cd9ed4bcfd4855c8d2c5535f01813fb2e10b68b31a24c0f:row:379,3h60|m0|B|501|-|MN|-,3h60,MN,3,0,0,0.57017123,0.06801131,0.11471764,0.24709982
sha256:4748babd2b6ac0706cd9ed4bcfd4855c8d2c5535f01813fb2e10b68b31a24c0f:row:387,7zig|m0|A|502|-|FE|-,7zig,FE,3,3,3,0.08442279,0.05003793,0.09924591,0.76629338
sha256:4748babd2b6ac0706cd9ed4bcfd4855c8d2c5535f01813fb2e10b68b31a24c0f:row:389,4a03|m0|A|401|-|MN|-,4a03,MN,3,0,0,0.73211108,0.04510806,0.09907387,0.12370699
sha256:4748babd2b6ac0706cd9ed4bcfd4855c8d2c5535f01813fb2e10b68b31a24c0f:row:393,6c7k|m0|C|501|-|FE|-,6c7k,FE,3,3,3,0.20852793,0.11723771,0.08352823,0.59070613
sha256:4748babd2b6ac0706cd9ed4bcfd4855c8d2c5535f01813fb2e10b68b31a24c0f:row:403,7ooc|m0|Q|201|-|ZN|-,7ooc,ZN,3,2,2,0.03875706,0.06674038,0.79639859,0.09810397
sha256:4748babd2b6ac0706cd9ed4bcfd4855c8d2c5535f01813fb2e10b68b31a24c0f:row:419,5iw0|m0|A|603|-|MN|-,5iw0,MN,3,0,0,0.64108313,0.04260336,0.07229984,0.24401367
sha256:4748babd2b6ac0706cd9ed4bcfd4855c8d2c5535f01813fb2e10b68b31a24c0f:row:421,5ocb|m0|A|501|-|CU|-,5ocb,CU,3,1,1,0.03691508,0.55624438,0.33059650,0.07624404
sha256:4748babd2b6ac0706cd9ed4bcfd4855c8d2c5535f01813fb2e10b68b31a24c0f:row:423,3o1v|m0|A|301|-|FE|-,3o1v,FE,3,3,3,0.36347344,0.05725642,0.08632359,0.49294655
sha256:4748babd2b6ac0706cd9ed4bcfd4855c8d2c5535f01813fb2e10b68b31a24c0f:row:425,4j0n|m0|A|301|-|MN|-,4j0n,MN,3,0,0,0.52063958,0.10837763,0.15412365,0.21685913
sha256:4748babd2b6ac0706cd9ed4bcfd4855c8d2c5535f01813fb2e10b68b31a24c0f:row:428,2zo9|m0|B|275|-|FE|-,2zo9,FE,3,3,0,0.60949508,0.07227229,0.15296126,0.16527138
sha256:4748babd2b6ac0706cd9ed4bcfd4855c8d2c5535f01813fb2e10b68b31a24c0f:row:430,3d2o|m0|B|258|-|MN|-,3d2o,MN,3,0,2,0.19873147,0.10820347,0.57807699,0.11498807
sha256:4748babd2b6ac0706cd9ed4bcfd4855c8d2c5535f01813fb2e10b68b31a24c0f:row:431,2bwv|m0|A|1442|-|MN|-,2bwv,MN,3,0,0,0.73754978,0.04318251,0.08828701,0.13098069
sha256:4748babd2b6ac0706cd9ed4bcfd4855c8d2c5535f01813fb2e10b68b31a24c0f:row:447,7o9c|m0|A|202|-|NI|-,7o9c,NI,3,3,0,0.46062022,0.07059200,0.15951997,0.30926782
sha256:4748babd2b6ac0706cd9ed4bcfd4855c8d2c5535f01813fb2e10b68b31a24c0f:row:448,6n92|m0|F|302|-|NI|-,6n92,NI,3,3,3,0.28772052,0.07123243,0.24582838,0.39521867
sha256:4748babd2b6ac0706cd9ed4bcfd4855c8d2c5535f01813fb2e10b68b31a24c0f:row:451,4igq|m0|A|501|-|FE|-,4igq,FE,3,3,3,0.36149921,0.06416932,0.08600526,0.48832622
sha256:4748babd2b6ac0706cd9ed4bcfd4855c8d2c5535f01813fb2e10b68b31a24c0f:row:452,1rxq|m0|A|300|-|NI|-,1rxq,NI,3,3,3,0.15842656,0.10029441,0.13883393,0.60244510
sha256:4748babd2b6ac0706cd9ed4bcfd4855c8d2c5535f01813fb2e10b68b31a24c0f:row:454,7n0z|m0|A|601|-|MN|-,7n0z,MN,3,0,0,0.76629749,0.04039175,0.08168081,0.11162995
sha256:4748babd2b6ac0706cd9ed4bcfd4855c8d2c5535f01813fb2e10b68b31a24c0f:row:461,7eg0|m0|B|601|-|ZN|-,7eg0,ZN,3,2,2,0.04234523,0.08358846,0.72287675,0.15118957
sha256:4748babd2b6ac0706cd9ed4bcfd4855c8d2c5535f01813fb2e10b68b31a24c0f:row:466,3n20|m0|A|505|-|FE|-,3n20,FE,3,3,0,0.54731246,0.03967537,0.07133417,0.34167800
sha256:4748babd2b6ac0706cd9ed4bcfd4855c8d2c5535f01813fb2e10b68b31a24c0f:row:467,3rnc|m0|A|500|-|FE|-,3rnc,FE,3,3,3,0.38214314,0.03537637,0.15106300,0.43141748
sha256:4748babd2b6ac0706cd9ed4bcfd4855c8d2c5535f01813fb2e10b68b31a24c0f:row:468,1k7h|m0|A|477|-|ZN|-,1k7h,ZN,3,2,2,0.09884475,0.16609150,0.58009248,0.15497128
sha256:4748babd2b6ac0706cd9ed4bcfd4855c8d2c5535f01813fb2e10b68b31a24c0f:row:475,5o3n|m0|B|501|-|MN|-,5o3n,MN,3,0,0,0.61834314,0.03864635,0.10183976,0.24117075
sha256:4748babd2b6ac0706cd9ed4bcfd4855c8d2c5535f01813fb2e10b68b31a24c0f:row:486,5kl4|m0|A|501|-|ZN|-,5kl4,ZN,3,2,2,0.04872186,0.10602950,0.64667098,0.19857766
sha256:4748babd2b6ac0706cd9ed4bcfd4855c8d2c5535f01813fb2e10b68b31a24c0f:row:493,5chj|m0|A|403|-|ZN|-,5chj,ZN,3,2,3,0.09155820,0.07888294,0.40973584,0.41982302
sha256:4748babd2b6ac0706cd9ed4bcfd4855c8d2c5535f01813fb2e10b68b31a24c0f:row:499,7pv7|m0|A|603|-|ZN|-,7pv7,ZN,3,2,0,0.46877835,0.05116567,0.13468972,0.34536626
sha256:4748babd2b6ac0706cd9ed4bcfd4855c8d2c5535f01813fb2e10b68b31a24c0f:row:503,1ss9|m0|A|400|-|MN|-,1ss9,MN,3,0,0,0.69693481,0.05298471,0.11951970,0.13056078
sha256:4748babd2b6ac0706cd9ed4bcfd4855c8d2c5535f01813fb2e10b68b31a24c0f:row:504,4x3t|m0|A|102|-|ZN|-,4x3t,ZN,3,2,3,0.07649113,0.20945315,0.35457757,0.35947815
sha256:4748babd2b6ac0706cd9ed4bcfd4855c8d2c5535f01813fb2e10b68b31a24c0f:row:510,7k07|m0|B|502|-|MN|-,7k07,MN,3,0,0,0.71129453,0.04325551,0.11148266,0.13396730
sha256:4748babd2b6ac0706cd9ed4bcfd4855c8d2c5535f01813fb2e10b68b31a24c0f:row:518,5syb|m0|A|203|-|ZN|-,5syb,ZN,3,2,2,0.04527436,0.05275022,0.78507754,0.11689788
sha256:4748babd2b6ac0706cd9ed4bcfd4855c8d2c5535f01813fb2e10b68b31a24c0f:row:519,2ibn|m0|A|704|-|FE|-,2ibn,FE,3,3,0,0.50606125,0.05656852,0.10427019,0.33310003
sha256:4748babd2b6ac0706cd9ed4bcfd4855c8d2c5535f01813fb2e10b68b31a24c0f:row:527,6cdh|m0|A|301|-|FE|-,6cdh,FE,3,3,3,0.14757680,0.08799179,0.10839331,0.65603811
sha256:4748babd2b6ac0706cd9ed4bcfd4855c8d2c5535f01813fb2e10b68b31a24c0f:row:528,7jh6|m0|A|201|-|ZN|-,7jh6,ZN,3,2,0,0.44594008,0.06528947,0.15280769,0.33596276
sha256:4748babd2b6ac0706cd9ed4bcfd4855c8d2c5535f01813fb2e10b68b31a24c0f:row:530,8cjl|m0|A|501|-|FE|-,8cjl,FE,3,3,3,0.11290867,0.06734266,0.10042707,0.71932160
sha256:4748babd2b6ac0706cd9ed4bcfd4855c8d2c5535f01813fb2e10b68b31a24c0f:row:557,2ltn|m0|A|190|-|MN|-,2ltn,MN,3,0,0,0.79532160,0.04027613,0.05467861,0.10972366
sha256:4748babd2b6ac0706cd9ed4bcfd4855c8d2c5535f01813fb2e10b68b31a24c0f:row:558,4cug|m0|A|1390|-|MN|-,4cug,MN,3,0,0,0.61762297,0.07681680,0.09002669,0.21553355
sha256:4748babd2b6ac0706cd9ed4bcfd4855c8d2c5535f01813fb2e10b68b31a24c0f:row:561,1ee8|m0|A|501|-|ZN|-,1ee8,ZN,3,2,2,0.04112430,0.04976639,0.75543447,0.15367484
sha256:4748babd2b6ac0706cd9ed4bcfd4855c8d2c5535f01813fb2e10b68b31a24c0f:row:562,6hc6|m0|A|501|-|ZN|-,6hc6,ZN,3,2,0,0.45881556,0.06801728,0.19043752,0.28272964
sha256:4748babd2b6ac0706cd9ed4bcfd4855c8d2c5535f01813fb2e10b68b31a24c0f:row:566,7e1v|m0|Q|402|-|CU|-,7e1v,CU,3,1,2,0.03062302,0.24805682,0.59877950,0.12254066
sha256:4748babd2b6ac0706cd9ed4bcfd4855c8d2c5535f01813fb2e10b68b31a24c0f:row:567,2pyb|m0|B|501|-|FE|-,2pyb,FE,3,3,0,0.43376933,0.09091842,0.32189216,0.15342009
sha256:4748babd2b6ac0706cd9ed4bcfd4855c8d2c5535f01813fb2e10b68b31a24c0f:row:569,1xaf|m0|A|501|-|ZN|-,1xaf,ZN,3,2,2,0.05190606,0.13032607,0.61647859,0.20128928
sha256:4748babd2b6ac0706cd9ed4bcfd4855c8d2c5535f01813fb2e10b68b31a24c0f:row:574,3wx1|m0|A|501|-|ZN|-,3wx1,ZN,3,2,2,0.04047984,0.05056508,0.77673095,0.13222413
sha256:4748babd2b6ac0706cd9ed4bcfd4855c8d2c5535f01813fb2e10b68b31a24c0f:row:586,1x84|m0|A|201|-|MN|-,1x84,MN,3,0,0,0.60449188,0.04458243,0.09630856,0.25461713
sha256:4748babd2b6ac0706cd9ed4bcfd4855c8d2c5535f01813fb2e10b68b31a24c0f:row:595,2ce7|m0|A|1603|-|ZN|-,2ce7,ZN,3,2,3,0.29258855,0.08652213,0.22659173,0.39429759
sha256:4748babd2b6ac0706cd9ed4bcfd4855c8d2c5535f01813fb2e10b68b31a24c0f:row:598,1u0a|m0|B|5006|-|ZN|-,1u0a,ZN,3,2,2,0.16676997,0.09534674,0.47751781,0.26036547
sha256:4748babd2b6ac0706cd9ed4bcfd4855c8d2c5535f01813fb2e10b68b31a24c0f:row:605,5aj3|m0|R|500|-|ZN|-,5aj3,ZN,3,2,2,0.04395773,0.05348298,0.75503145,0.14752783
sha256:4748babd2b6ac0706cd9ed4bcfd4855c8d2c5535f01813fb2e10b68b31a24c0f:row:611,4zlh|m0|A|401|-|ZN|-,4zlh,ZN,3,2,2,0.04072290,0.04909465,0.77983493,0.13034752
sha256:4748babd2b6ac0706cd9ed4bcfd4855c8d2c5535f01813fb2e10b68b31a24c0f:row:624,5vka|m0|A|401|-|MN|-,5vka,MN,3,0,0,0.60063101,0.05591361,0.06973477,0.27372061
sha256:4748babd2b6ac0706cd9ed4bcfd4855c8d2c5535f01813fb2e10b68b31a24c0f:row:626,6yxe|m0|A|202|-|ZN|-,6yxe,ZN,3,2,2,0.04100750,0.06456500,0.81430935,0.08011814
sha256:4748babd2b6ac0706cd9ed4bcfd4855c8d2c5535f01813fb2e10b68b31a24c0f:row:630,6o7m|m0|B|602|-|FE|-,6o7m,FE,3,3,3,0.34863373,0.04372197,0.10674450,0.50089981
sha256:4748babd2b6ac0706cd9ed4bcfd4855c8d2c5535f01813fb2e10b68b31a24c0f:row:635,8iun|m0|M|703|-|MN|-,8iun,MN,3,0,0,0.46501167,0.06205631,0.09064897,0.38228306
sha256:4748babd2b6ac0706cd9ed4bcfd4855c8d2c5535f01813fb2e10b68b31a24c0f:row:638,6b9t|m0|A|501|-|FE|-,6b9t,FE,3,3,3,0.09499852,0.06892512,0.18386473,0.65221164
sha256:4748babd2b6ac0706cd9ed4bcfd4855c8d2c5535f01813fb2e10b68b31a24c0f:row:656,3lrq|m0|A|100|-|ZN|-,3lrq,ZN,3,2,2,0.03504578,0.06870386,0.78156191,0.11468845
sha256:4748babd2b6ac0706cd9ed4bcfd4855c8d2c5535f01813fb2e10b68b31a24c0f:row:659,3c6c|m0|A|298|-|NI|-,3c6c,NI,3,3,0,0.50811867,0.05323172,0.13108591,0.30756370
sha256:4748babd2b6ac0706cd9ed4bcfd4855c8d2c5535f01813fb2e10b68b31a24c0f:row:666,5hyh|m0|A|401|-|FE|-,5hyh,FE,3,3,0,0.66060188,0.03908463,0.06076425,0.23954923
sha256:4748babd2b6ac0706cd9ed4bcfd4855c8d2c5535f01813fb2e10b68b31a24c0f:row:672,6rk9|m0|A|801|-|MN|-,6rk9,MN,3,0,0,0.69873385,0.05983686,0.10721493,0.13421436
sha256:4748babd2b6ac0706cd9ed4bcfd4855c8d2c5535f01813fb2e10b68b31a24c0f:row:682,3ziy|m0|A|501|-|CU|-,3ziy,CU,3,1,1,0.04433582,0.48106520,0.38473855,0.08986043
sha256:4748babd2b6ac0706cd9ed4bcfd4855c8d2c5535f01813fb2e10b68b31a24c0f:row:685,1i9a|m0|A|1001|-|MN|-,1i9a,MN,3,0,0,0.67574820,0.04640601,0.08585588,0.19198991
sha256:4748babd2b6ac0706cd9ed4bcfd4855c8d2c5535f01813fb2e10b68b31a24c0f:row:686,4etl|m0|A|301|-|CO|-,4etl,CO,3,3,3,0.08168337,0.05329565,0.31433380,0.55068718
sha256:4748babd2b6ac0706cd9ed4bcfd4855c8d2c5535f01813fb2e10b68b31a24c0f:row:706,5a56|m0|A|2428|-|MN|-,5a56,MN,3,0,0,0.70325762,0.03624697,0.07967682,0.18081859
sha256:4748babd2b6ac0706cd9ed4bcfd4855c8d2c5535f01813fb2e10b68b31a24c0f:row:724,1iaa|m0|A|999|-|CU|-,1iaa,CU,3,1,3,0.05644436,0.15998972,0.15482464,0.62874128
sha256:4748babd2b6ac0706cd9ed4bcfd4855c8d2c5535f01813fb2e10b68b31a24c0f:row:731,1r9x|m0|A|501|-|FE|-,1r9x,FE,3,3,3,0.09031428,0.09841250,0.16020177,0.65107144
sha256:4748babd2b6ac0706cd9ed4bcfd4855c8d2c5535f01813fb2e10b68b31a24c0f:row:732,1tw5|m0|B|805|-|MN|-,1tw5,MN,3,0,0,0.66471746,0.05015194,0.08499861,0.20013199
sha256:4748babd2b6ac0706cd9ed4bcfd4855c8d2c5535f01813fb2e10b68b31a24c0f:row:746,7zc7|m0|B|401|-|NI|-,7zc7,NI,3,3,0,0.44961759,0.09114427,0.08427263,0.37496551
sha256:4748babd2b6ac0706cd9ed4bcfd4855c8d2c5535f01813fb2e10b68b31a24c0f:row:758,6iu6|m0|A|202|-|NI|-,6iu6,NI,3,3,0,0.51775563,0.04182433,0.16966426,0.27075578
sha256:4748babd2b6ac0706cd9ed4bcfd4855c8d2c5535f01813fb2e10b68b31a24c0f:row:759,1o7h|m0|A|1451|-|FE|-,1o7h,FE,3,3,3,0.08381201,0.07285916,0.12924981,0.71407902
sha256:4748babd2b6ac0706cd9ed4bcfd4855c8d2c5535f01813fb2e10b68b31a24c0f:row:760,3ww2|m0|B|401|-|MN|-,3ww2,MN,3,0,0,0.72416469,0.04476969,0.06519874,0.16586688
sha256:4748babd2b6ac0706cd9ed4bcfd4855c8d2c5535f01813fb2e10b68b31a24c0f:row:762,6c7k|m0|A|501|-|FE|-,6c7k,FE,3,3,3,0.14493420,0.13364657,0.11558812,0.60583111
sha256:4748babd2b6ac0706cd9ed4bcfd4855c8d2c5535f01813fb2e10b68b31a24c0f:row:769,6w9a|m0|B|702|-|ZN|-,6w9a,ZN,3,2,2,0.03826029,0.06446864,0.81238988,0.08488120
sha256:4748babd2b6ac0706cd9ed4bcfd4855c8d2c5535f01813fb2e10b68b31a24c0f:row:771,2woj|m0|A|1353|-|ZN|-,2woj,ZN,3,2,2,0.05085199,0.05620709,0.79517824,0.09776267
sha256:4748babd2b6ac0706cd9ed4bcfd4855c8d2c5535f01813fb2e10b68b31a24c0f:row:772,5jso|m0|B|301|-|FE|-,5jso,FE,3,3,3,0.29614578,0.07505683,0.11865422,0.51014317
sha256:4748babd2b6ac0706cd9ed4bcfd4855c8d2c5535f01813fb2e10b68b31a24c0f:row:775,4e4z|m0|A|401|-|CU|-,4e4z,CU,3,1,1,0.02401906,0.71937690,0.16607772,0.09052631
sha256:4748babd2b6ac0706cd9ed4bcfd4855c8d2c5535f01813fb2e10b68b31a24c0f:row:783,1knd|m0|A|500|-|FE|-,1knd,FE,3,3,3,0.20290887,0.05582676,0.09252181,0.64874257
sha256:4748babd2b6ac0706cd9ed4bcfd4855c8d2c5535f01813fb2e10b68b31a24c0f:row:784,4mtd|m0|A|201|-|ZN|-,4mtd,ZN,3,2,2,0.04557546,0.05015976,0.58669401,0.31757077
sha256:4748babd2b6ac0706cd9ed4bcfd4855c8d2c5535f01813fb2e10b68b31a24c0f:row:786,1bnl|m0|A|179|-|ZN|-,1bnl,ZN,3,2,3,0.26051933,0.15393206,0.28135645,0.30419217
sha256:4748babd2b6ac0706cd9ed4bcfd4855c8d2c5535f01813fb2e10b68b31a24c0f:row:792,4tn3|m0|A|702|-|ZN|-,4tn3,ZN,3,2,2,0.05945881,0.08502342,0.61456999,0.24094778
sha256:4748babd2b6ac0706cd9ed4bcfd4855c8d2c5535f01813fb2e10b68b31a24c0f:row:796,8oej|m0|A|401|-|ZN|-,8oej,ZN,3,2,2,0.05209353,0.07307432,0.76034187,0.11449028
sha256:4748babd2b6ac0706cd9ed4bcfd4855c8d2c5535f01813fb2e10b68b31a24c0f:row:799,3ovr|m0|B|229|-|FE|-,3ovr,FE,3,3,0,0.53807972,0.04631098,0.07445468,0.34115463
sha256:4748babd2b6ac0706cd9ed4bcfd4855c8d2c5535f01813fb2e10b68b31a24c0f:row:812,6h0b|m0|B|601|-|MN|-,6h0b,MN,3,0,0,0.71564789,0.05815222,0.08731490,0.13888500
sha256:4748babd2b6ac0706cd9ed4bcfd4855c8d2c5535f01813fb2e10b68b31a24c0f:row:816,3mq3|m0|A|502|-|MN|-,3mq3,MN,3,0,0,0.69592126,0.04775099,0.11333249,0.14299526
sha256:4748babd2b6ac0706cd9ed4bcfd4855c8d2c5535f01813fb2e10b68b31a24c0f:row:819,7zif|m0|A|501|-|FE|-,7zif,FE,3,3,3,0.07658789,0.06320854,0.09279597,0.76740760
sha256:4748babd2b6ac0706cd9ed4bcfd4855c8d2c5535f01813fb2e10b68b31a24c0f:row:820,4cxx|m0|A|1504|-|NI|-,4cxx,NI,3,3,0,0.42602496,0.07725616,0.15274008,0.34397879
sha256:4748babd2b6ac0706cd9ed4bcfd4855c8d2c5535f01813fb2e10b68b31a24c0f:row:823,1d6u|m0|A|801|-|CU|-,1d6u,CU,3,1,1,0.02732805,0.50459225,0.35728549,0.11079422
sha256:4748babd2b6ac0706cd9ed4bcfd4855c8d2c5535f01813fb2e10b68b31a24c0f:row:826,7y3w|m0|A|501|-|FE|-,7y3w,FE,3,3,3,0.13171102,0.06968605,0.07923282,0.71937011
sha256:4748babd2b6ac0706cd9ed4bcfd4855c8d2c5535f01813fb2e10b68b31a24c0f:row:844,4qdf|m0|A|402|-|FE|-,4qdf,FE,3,3,3,0.10995668,0.06232679,0.09517598,0.73254056
sha256:4748babd2b6ac0706cd9ed4bcfd4855c8d2c5535f01813fb2e10b68b31a24c0f:row:845,5xsi|m0|A|700|-|MN|-,5xsi,MN,3,0,0,0.80655504,0.03512273,0.07045755,0.08786469
sha256:4748babd2b6ac0706cd9ed4bcfd4855c8d2c5535f01813fb2e10b68b31a24c0f:row:853,7v36|m0|A|403|-|FE|-,7v36,FE,3,3,0,0.44129840,0.05575806,0.07523913,0.42770441
sha256:4748babd2b6ac0706cd9ed4bcfd4855c8d2c5535f01813fb2e10b68b31a24c0f:row:854,2g43|m0|A|1|-|ZN|-,2g43,ZN,3,2,2,0.03759255,0.08563518,0.78905024,0.08772203
sha256:4748babd2b6ac0706cd9ed4bcfd4855c8d2c5535f01813fb2e10b68b31a24c0f:row:863,2drp|m0|A|172|-|ZN|-,2drp,ZN,3,2,2,0.08818785,0.10123038,0.63486626,0.17571550
sha256:4748babd2b6ac0706cd9ed4bcfd4855c8d2c5535f01813fb2e10b68b31a24c0f:row:871,3kqz|m0|A|1004|-|ZN|-,3kqz,ZN,3,2,0,0.41869239,0.04542542,0.23966990,0.29621228
sha256:4748babd2b6ac0706cd9ed4bcfd4855c8d2c5535f01813fb2e10b68b31a24c0f:row:875,3tc3|m0|A|290|-|MN|-,3tc3,MN,3,0,0,0.72149962,0.05002568,0.12002789,0.10844681
sha256:4748babd2b6ac0706cd9ed4bcfd4855c8d2c5535f01813fb2e10b68b31a24c0f:row:876,2bwx|m0|A|1441|-|MN|-,2bwx,MN,3,0,0,0.69352279,0.04740129,0.11158275,0.14749317
sha256:4748babd2b6ac0706cd9ed4bcfd4855c8d2c5535f01813fb2e10b68b31a24c0f:row:877,5hnm|m0|A|301|-|ZN|-,5hnm,ZN,3,2,2,0.10461330,0.09625688,0.49349176,0.30563806
sha256:4748babd2b6ac0706cd9ed4bcfd4855c8d2c5535f01813fb2e10b68b31a24c0f:row:878,5ao0|m0|A|1001|-|FE|-,5ao0,FE,3,3,0,0.42857287,0.05360240,0.11858932,0.39923541
sha256:4748babd2b6ac0706cd9ed4bcfd4855c8d2c5535f01813fb2e10b68b31a24c0f:row:882,3uyj|m0|A|501|-|NI|-,3uyj,NI,3,3,3,0.08698870,0.05348876,0.15300683,0.70651571
sha256:4748babd2b6ac0706cd9ed4bcfd4855c8d2c5535f01813fb2e10b68b31a24c0f:row:895,3buc|m0|A|1|-|MN|-,3buc,MN,3,0,0,0.50683456,0.05550013,0.08306115,0.35460416
sha256:4748babd2b6ac0706cd9ed4bcfd4855c8d2c5535f01813fb2e10b68b31a24c0f:row:901,2ypo|m0|A|700|-|MN|-,2ypo,MN,3,0,0,0.64560465,0.06296547,0.17891053,0.11251935
sha256:4748babd2b6ac0706cd9ed4bcfd4855c8d2c5535f01813fb2e10b68b31a24c0f:row:906,1do6|m0|A|200|-|FE|-,1do6,FE,3,3,0,0.43250114,0.08024022,0.11661613,0.37064251
sha256:4748babd2b6ac0706cd9ed4bcfd4855c8d2c5535f01813fb2e10b68b31a24c0f:row:911,4j6o|m0|A|508|-|MN|-,4j6o,MN,3,0,0,0.69077784,0.03719392,0.07485723,0.19717100
sha256:4748babd2b6ac0706cd9ed4bcfd4855c8d2c5535f01813fb2e10b68b31a24c0f:row:913,5vzt|m0|B|601|-|ZN|-,5vzt,ZN,3,2,2,0.04546822,0.07999942,0.69683981,0.17769255
sha256:4748babd2b6ac0706cd9ed4bcfd4855c8d2c5535f01813fb2e10b68b31a24c0f:row:919,1y7w|m0|A|283|-|ZN|-,1y7w,ZN,3,2,3,0.04628106,0.17542055,0.23606738,0.54223100
sha256:4748babd2b6ac0706cd9ed4bcfd4855c8d2c5535f01813fb2e10b68b31a24c0f:row:920,8dy7|m0|I|2000|-|ZN|-,8dy7,ZN,3,2,2,0.07369285,0.06690399,0.44512530,0.41427786
sha256:4748babd2b6ac0706cd9ed4bcfd4855c8d2c5535f01813fb2e10b68b31a24c0f:row:922,7o4e|m0|A|1001|-|ZN|-,7o4e,ZN,3,2,2,0.06344168,0.18447478,0.61941411,0.13266943
sha256:4748babd2b6ac0706cd9ed4bcfd4855c8d2c5535f01813fb2e10b68b31a24c0f:row:936,1gup|m0|A|351|-|FE|-,1gup,FE,3,3,0,0.43554426,0.06294736,0.12730580,0.37420258
sha256:4748babd2b6ac0706cd9ed4bcfd4855c8d2c5535f01813fb2e10b68b31a24c0f:row:937,6ryu|m0|V|2204|-|ZN|-,6ryu,ZN,3,2,2,0.03808278,0.05775220,0.80409674,0.10006828
sha256:4748babd2b6ac0706cd9ed4bcfd4855c8d2c5535f01813fb2e10b68b31a24c0f:row:947,3mgw|m0|A|186|-|CO|-,3mgw,CO,3,3,3,0.05309609,0.11620814,0.32045777,0.51023800
sha256:4748babd2b6ac0706cd9ed4bcfd4855c8d2c5535f01813fb2e10b68b31a24c0f:row:948,4oev|m0|B|501|-|NI|-,4oev,NI,3,3,3,0.20507941,0.10826425,0.31369963,0.37295671
sha256:4748babd2b6ac0706cd9ed4bcfd4855c8d2c5535f01813fb2e10b68b31a24c0f:row:952,2yc0|m0|A|501|-|FE|-,2yc0,FE,3,3,0,0.49453054,0.05024852,0.08023092,0.37499002
sha256:4748babd2b6ac0706cd9ed4bcfd4855c8d2c5535f01813fb2e10b68b31a24c0f:row:955,8sr2|m0|C|302|-|CU|-,8sr2,CU,3,1,2,0.04118229,0.28441444,0.52400754,0.15039573
sha256:4748babd2b6ac0706cd9ed4bcfd4855c8d2c5535f01813fb2e10b68b31a24c0f:row:957,1k70|m0|A|502|-|FE|-,1k70,FE,3,3,0,0.42479563,0.08910329,0.14114818,0.34495291
sha256:4748babd2b6ac0706cd9ed4bcfd4855c8d2c5535f01813fb2e10b68b31a24c0f:row:961,4hm2|m0|A|1005|-|FE|-,4hm2,FE,3,3,3,0.11556596,0.06652087,0.12789954,0.69001363
sha256:4748babd2b6ac0706cd9ed4bcfd4855c8d2c5535f01813fb2e10b68b31a24c0f:row:964,8hfb|m0|A|1005|-|NI|-,8hfb,NI,3,3,3,0.36431906,0.07880047,0.09287930,0.46400117
sha256:4748babd2b6ac0706cd9ed4bcfd4855c8d2c5535f01813fb2e10b68b31a24c0f:row:968,7nz5|m0|A|802|-|ZN|-,7nz5,ZN,3,2,2,0.03627966,0.13198732,0.48399305,0.34773997
sha256:4748babd2b6ac0706cd9ed4bcfd4855c8d2c5535f01813fb2e10b68b31a24c0f:row:971,3sb6|m0|A|163|-|CU|-,3sb6,CU,3,1,3,0.34302934,0.08468443,0.20175882,0.37052742
sha256:4748babd2b6ac0706cd9ed4bcfd4855c8d2c5535f01813fb2e10b68b31a24c0f:row:974,7euz|m0|B|201|-|FE|-,7euz,FE,3,3,3,0.34671299,0.07265831,0.09080153,0.48982717
sha256:4748babd2b6ac0706cd9ed4bcfd4855c8d2c5535f01813fb2e10b68b31a24c0f:row:984,6j28|m0|B|403|-|FE|-,6j28,FE,3,3,2,0.04478983,0.04767996,0.74426796,0.16326225
sha256:4748babd2b6ac0706cd9ed4bcfd4855c8d2c5535f01813fb2e10b68b31a24c0f:row:991,1kmy|m0|A|500|-|FE|-,1kmy,FE,3,3,3,0.22912971,0.05024186,0.09834985,0.62227857
sha256:4748babd2b6ac0706cd9ed4bcfd4855c8d2c5535f01813fb2e10b68b31a24c0f:row:993,5i7c|m0|A|1201|-|ZN|-,5i7c,ZN,3,2,2,0.04269977,0.12045223,0.73042671,0.10642128
sha256:4748babd2b6ac0706cd9ed4bcfd4855c8d2c5535f01813fb2e10b68b31a24c0f:row:995,4zx2|m0|A|502|-|MN|-,4zx2,MN,3,0,0,0.67311386,0.05273993,0.09694630,0.17719991
sha256:4748babd2b6ac0706cd9ed4bcfd4855c8d2c5535f01813fb2e10b68b31a24c0f:row:997,4hvq|m0|A|201|-|FE|-,4hvq,FE,3,3,2,0.25664460,0.12869999,0.34554851,0.26910690
sha256:4748babd2b6ac0706cd9ed4bcfd4855c8d2c5535f01813fb2e10b68b31a24c0f:row:1008,7chi|m0|A|301|-|FE|-,7chi,FE,3,3,3,0.11107861,0.10243127,0.09794249,0.68854763
sha256:4748babd2b6ac0706cd9ed4bcfd4855c8d2c5535f01813fb2e10b68b31a24c0f:row:1013,7y3x|m0|B|501|-|FE|-,7y3x,FE,3,3,3,0.08947536,0.06046863,0.07709618,0.77295982
sha256:4748babd2b6ac0706cd9ed4bcfd4855c8d2c5535f01813fb2e10b68b31a24c0f:row:1015,7tz9|m0|A|501|-|FE|-,7tz9,FE,3,3,0,0.45195390,0.06277953,0.10445994,0.38080663
sha256:4748babd2b6ac0706cd9ed4bcfd4855c8d2c5535f01813fb2e10b68b31a24c0f:row:1027,6m4u|m0|B|2201|-|ZN|-,6m4u,ZN,3,2,2,0.09059508,0.07522837,0.55308258,0.28109396
sha256:4748babd2b6ac0706cd9ed4bcfd4855c8d2c5535f01813fb2e10b68b31a24c0f:row:1032,1uup|m0|A|2222|-|ZN|-,1uup,ZN,3,2,2,0.18733721,0.09821240,0.37351631,0.34093408
sha256:4748babd2b6ac0706cd9ed4bcfd4855c8d2c5535f01813fb2e10b68b31a24c0f:row:1048,3rnc|m0|A|499|-|FE|-,3rnc,FE,3,3,0,0.57765873,0.03954301,0.06135285,0.32144541
sha256:4748babd2b6ac0706cd9ed4bcfd4855c8d2c5535f01813fb2e10b68b31a24c0f:row:1054,7szf|m0|B|507|-|FE|-,7szf,FE,3,3,3,0.12466036,0.05533067,0.08132244,0.73868652
sha256:4748babd2b6ac0706cd9ed4bcfd4855c8d2c5535f01813fb2e10b68b31a24c0f:row:1057,1dmw|m0|A|425|-|FE|-,1dmw,FE,3,3,3,0.11021552,0.07530331,0.12045122,0.69402994
sha256:4748babd2b6ac0706cd9ed4bcfd4855c8d2c5535f01813fb2e10b68b31a24c0f:row:1067,4lvm|m0|A|201|-|MN|-,4lvm,MN,3,0,0,0.54434717,0.17506175,0.14182977,0.13876131
sha256:4748babd2b6ac0706cd9ed4bcfd4855c8d2c5535f01813fb2e10b68b31a24c0f:row:1080,7plb|m0|A|301|-|FE|-,7plb,FE,3,3,0,0.53999836,0.04235522,0.15173456,0.26591186
sha256:4748babd2b6ac0706cd9ed4bcfd4855c8d2c5535f01813fb2e10b68b31a24c0f:row:1085,1ow2|m0|A|201|-|MN|-,1ow2,MN,3,0,0,0.54352763,0.04563033,0.13058417,0.28025787
sha256:4748babd2b6ac0706cd9ed4bcfd4855c8d2c5535f01813fb2e10b68b31a24c0f:row:1086,4bwu|m0|B|1124|-|CU|-,4bwu,CU,3,1,1,0.04029861,0.54823132,0.32486815,0.08660191
sha256:4748babd2b6ac0706cd9ed4bcfd4855c8d2c5535f01813fb2e10b68b31a24c0f:row:1089,6qpz|m0|I|501|-|CU|-,6qpz,CU,3,1,1,0.03633589,0.61033072,0.27129607,0.08203732
sha256:4748babd2b6ac0706cd9ed4bcfd4855c8d2c5535f01813fb2e10b68b31a24c0f:row:1092,8b9n|m0|A|401|-|ZN|-,8b9n,ZN,3,2,2,0.04629785,0.05556817,0.74639836,0.15173561
sha256:4748babd2b6ac0706cd9ed4bcfd4855c8d2c5535f01813fb2e10b68b31a24c0f:row:1095,7prl|m0|A|406|-|CU|-,7prl,CU,3,1,1,0.05105118,0.48771514,0.20256622,0.25866746
sha256:4748babd2b6ac0706cd9ed4bcfd4855c8d2c5535f01813fb2e10b68b31a24c0f:row:1106,1zei|m0|C|54|-|ZN|-,1zei,ZN,3,2,2,0.05096957,0.15232194,0.46267951,0.33402899
sha256:4748babd2b6ac0706cd9ed4bcfd4855c8d2c5535f01813fb2e10b68b31a24c0f:row:1116,5kl4|m0|A|503|-|ZN|-,5kl4,ZN,3,2,2,0.04848561,0.15614167,0.66031650,0.13505622
sha256:4748babd2b6ac0706cd9ed4bcfd4855c8d2c5535f01813fb2e10b68b31a24c0f:row:1123,5fcf|m0|A|401|-|MN|-,5fcf,MN,3,0,0,0.78368692,0.03491952,0.06627744,0.11511611
sha256:4748babd2b6ac0706cd9ed4bcfd4855c8d2c5535f01813fb2e10b68b31a24c0f:row:1137,3q3n|m0|A|509|-|FE|-,3q3n,FE,3,3,0,0.51343687,0.04020655,0.07318174,0.37317484
sha256:4748babd2b6ac0706cd9ed4bcfd4855c8d2c5535f01813fb2e10b68b31a24c0f:row:1140,4rdy|m0|A|402|-|CO|-,4rdy,CO,3,3,3,0.14261046,0.15654684,0.33102316,0.36981955
sha256:4748babd2b6ac0706cd9ed4bcfd4855c8d2c5535f01813fb2e10b68b31a24c0f:row:1154,3bv6|m0|A|402|-|FE|-,3bv6,FE,3,3,0,0.53381777,0.04372989,0.11005208,0.31240026
sha256:4748babd2b6ac0706cd9ed4bcfd4855c8d2c5535f01813fb2e10b68b31a24c0f:row:1158,1on1|m0|A|151|-|MN|-,1on1,MN,3,0,0,0.78403518,0.03764724,0.06467901,0.11363857
sha256:4748babd2b6ac0706cd9ed4bcfd4855c8d2c5535f01813fb2e10b68b31a24c0f:row:1159,7o9c|m0|A|203|-|NI|-,7o9c,NI,3,3,0,0.42516288,0.05326022,0.16545671,0.35612019
sha256:4748babd2b6ac0706cd9ed4bcfd4855c8d2c5535f01813fb2e10b68b31a24c0f:row:1165,4z7r|m0|A|302|-|ZN|-,4z7r,ZN,3,2,2,0.11057427,0.07683245,0.56835869,0.24423459
sha256:4748babd2b6ac0706cd9ed4bcfd4855c8d2c5535f01813fb2e10b68b31a24c0f:row:1169,2f4l|m0|C|3400|-|ZN|-,2f4l,ZN,3,2,0,0.46608824,0.07566836,0.17470419,0.28353921
sha256:4748babd2b6ac0706cd9ed4bcfd4855c8d2c5535f01813fb2e10b68b31a24c0f:row:1170,7zyh|m0|A|1002|-|ZN|-,7zyh,ZN,3,2,2,0.05752898,0.09041708,0.70160649,0.15044745
sha256:4748babd2b6ac0706cd9ed4bcfd4855c8d2c5535f01813fb2e10b68b31a24c0f:row:1180,6uqi|m0|A|502|-|MN|-,6uqi,MN,3,0,0,0.79010825,0.03159843,0.06524395,0.11304937
sha256:4748babd2b6ac0706cd9ed4bcfd4855c8d2c5535f01813fb2e10b68b31a24c0f:row:1184,5i0p|m0|A|400|-|ZN|-,5i0p,ZN,3,2,0,0.39566066,0.11274172,0.16489360,0.32670402
sha256:4748babd2b6ac0706cd9ed4bcfd4855c8d2c5535f01813fb2e10b68b31a24c0f:row:1187,5yug|m0|A|202|-|ZN|-,5yug,ZN,3,2,2,0.04368459,0.05599996,0.77219633,0.12811913
sha256:4748babd2b6ac0706cd9ed4bcfd4855c8d2c5535f01813fb2e10b68b31a24c0f:row:1190,6qxq|m0|A|302|-|MN|-,6qxq,MN,3,0,0,0.67150096,0.03811886,0.07924318,0.21113700
sha256:4748babd2b6ac0706cd9ed4bcfd4855c8d2c5535f01813fb2e10b68b31a24c0f:row:1194,1nfs|m0|B|201|-|MN|-,1nfs,MN,3,0,0,0.63772794,0.05464617,0.11475451,0.19287138
sha256:4748babd2b6ac0706cd9ed4bcfd4855c8d2c5535f01813fb2e10b68b31a24c0f:row:1201,5lfz|m0|A|301|-|NI|-,5lfz,NI,3,3,3,0.10442577,0.06255308,0.10632217,0.72669898
sha256:4748babd2b6ac0706cd9ed4bcfd4855c8d2c5535f01813fb2e10b68b31a24c0f:row:1204,6nmi|m0|H|400|-|ZN|-,6nmi,ZN,3,2,2,0.04770303,0.06189711,0.77812569,0.11227416
sha256:4748babd2b6ac0706cd9ed4bcfd4855c8d2c5535f01813fb2e10b68b31a24c0f:row:1205,8v9q|m0|A|607|-|MN|-,8v9q,MN,3,0,0,0.45932654,0.06047136,0.28328173,0.19692037
sha256:4748babd2b6ac0706cd9ed4bcfd4855c8d2c5535f01813fb2e10b68b31a24c0f:row:1208,8paz|m0|A|124|-|CU|-,8paz,CU,3,1,1,0.03295367,0.48373486,0.23534804,0.24796343
sha256:4748babd2b6ac0706cd9ed4bcfd4855c8d2c5535f01813fb2e10b68b31a24c0f:row:1213,3mlj|m0|A|357|-|CU|-,3mlj,CU,3,1,1,0.02775115,0.78738305,0.11465748,0.07020832
sha256:4748babd2b6ac0706cd9ed4bcfd4855c8d2c5535f01813fb2e10b68b31a24c0f:row:1216,8a1b|m0|A|405|-|MN|-,8a1b,MN,3,0,3,0.31377778,0.08579411,0.18359294,0.41683517
sha256:4748babd2b6ac0706cd9ed4bcfd4855c8d2c5535f01813fb2e10b68b31a24c0f:row:1217,6px5|m0|X|401|-|ZN|-,6px5,ZN,3,2,2,0.35503112,0.05588190,0.43282291,0.15626406
sha256:4748babd2b6ac0706cd9ed4bcfd4855c8d2c5535f01813fb2e10b68b31a24c0f:row:1218,5z5l|m0|A|301|-|MN|-,5z5l,MN,3,0,0,0.70781904,0.09917240,0.09442371,0.09858485
sha256:4748babd2b6ac0706cd9ed4bcfd4855c8d2c5535f01813fb2e10b68b31a24c0f:row:1224,5x57|m0|A|101|-|NI|-,5x57,NI,3,3,2,0.09701912,0.07706363,0.59116483,0.23475242
sha256:4748babd2b6ac0706cd9ed4bcfd4855c8d2c5535f01813fb2e10b68b31a24c0f:row:1225,7rft|m0|A|305|-|ZN|-,7rft,ZN,3,2,2,0.05560073,0.24483512,0.50940281,0.19016134
sha256:4748babd2b6ac0706cd9ed4bcfd4855c8d2c5535f01813fb2e10b68b31a24c0f:row:1231,6ie3|m0|A|401|-|MN|-,6ie3,MN,3,0,0,0.55779623,0.04103194,0.08523103,0.31594080
sha256:4748babd2b6ac0706cd9ed4bcfd4855c8d2c5535f01813fb2e10b68b31a24c0f:row:1236,3i2o|m0|A|300|-|FE|-,3i2o,FE,3,3,3,0.36263084,0.06285758,0.10682696,0.46768463
sha256:4748babd2b6ac0706cd9ed4bcfd4855c8d2c5535f01813fb2e10b68b31a24c0f:row:1237,3q4q|m0|A|202|-|MN|-,3q4q,MN,3,0,0,0.68959862,0.03298596,0.06619526,0.21122015
sha256:4748babd2b6ac0706cd9ed4bcfd4855c8d2c5535f01813fb2e10b68b31a24c0f:row:1242,4gnx|m0|C|701|-|ZN|-,4gnx,ZN,3,2,2,0.05250548,0.05007452,0.78560138,0.11181862
sha256:4748babd2b6ac0706cd9ed4bcfd4855c8d2c5535f01813fb2e10b68b31a24c0f:row:1243,3cng|m0|A|508|-|ZN|-,3cng,ZN,3,2,2,0.03645583,0.05812655,0.78036164,0.12505598
sha256:4748babd2b6ac0706cd9ed4bcfd4855c8d2c5535f01813fb2e10b68b31a24c0f:row:1251,2ick|m0|A|229|-|MN|-,2ick,MN,3,0,0,0.69887054,0.04178354,0.08030721,0.17903872
sha256:4748babd2b6ac0706cd9ed4bcfd4855c8d2c5535f01813fb2e10b68b31a24c0f:row:1271,6oii|m0|B|204|-|CO|-,6oii,CO,3,3,2,0.16328748,0.08181066,0.50794222,0.24695964
sha256:4748babd2b6ac0706cd9ed4bcfd4855c8d2c5535f01813fb2e10b68b31a24c0f:row:1280,7v0f|m0|A|302|-|ZN|-,7v0f,ZN,3,2,2,0.05460047,0.32427996,0.43381229,0.18730728
sha256:4748babd2b6ac0706cd9ed4bcfd4855c8d2c5535f01813fb2e10b68b31a24c0f:row:1286,3s6l|m0|A|187|-|ZN|-,3s6l,ZN,3,2,2,0.04040363,0.30304447,0.52305178,0.13350012
sha256:4748babd2b6ac0706cd9ed4bcfd4855c8d2c5535f01813fb2e10b68b31a24c0f:row:1303,7e1x|m0|Q|402|-|CU|-,7e1x,CU,3,1,2,0.03566568,0.27620006,0.58253466,0.10559960
sha256:4748babd2b6ac0706cd9ed4bcfd4855c8d2c5535f01813fb2e10b68b31a24c0f:row:1305,6ns3|m0|A|801|-|FE|-,6ns3,FE,3,3,3,0.31498241,0.11548568,0.10128920,0.46824272
sha256:4748babd2b6ac0706cd9ed4bcfd4855c8d2c5535f01813fb2e10b68b31a24c0f:row:1306,7s4h|m0|A|502|-|CU|-,7s4h,CU,3,1,1,0.03428172,0.64579303,0.24339361,0.07653163
sha256:4748babd2b6ac0706cd9ed4bcfd4855c8d2c5535f01813fb2e10b68b31a24c0f:row:1313,4hcx|m0|B|501|-|MN|-,4hcx,MN,3,0,0,0.63032570,0.10159253,0.15038809,0.11769368
sha256:4748babd2b6ac0706cd9ed4bcfd4855c8d2c5535f01813fb2e10b68b31a24c0f:row:1321,3vez|m0|A|601|-|FE|-,3vez,FE,3,3,3,0.34878304,0.05170352,0.09586172,0.50365172
sha256:4748babd2b6ac0706cd9ed4bcfd4855c8d2c5535f01813fb2e10b68b31a24c0f:row:1323,5fmf|m0|L|1071|-|ZN|-,5fmf,ZN,3,2,2,0.03820548,0.07734789,0.78964462,0.09480201
sha256:4748babd2b6ac0706cd9ed4bcfd4855c8d2c5535f01813fb2e10b68b31a24c0f:row:1326,2ow4|m0|A|239|-|MN|-,2ow4,MN,3,0,0,0.82913565,0.03212050,0.05898266,0.07976119
sha256:4748babd2b6ac0706cd9ed4bcfd4855c8d2c5535f01813fb2e10b68b31a24c0f:row:1327,7mg7|m0|A|301|-|MN|-,7mg7,MN,3,0,0,0.82415454,0.03281524,0.05764890,0.08538132
sha256:4748babd2b6ac0706cd9ed4bcfd4855c8d2c5535f01813fb2e10b68b31a24c0f:row:1329,1qje|m0|A|1335|-|FE|-,1qje,FE,3,3,3,0.34656373,0.06334645,0.06983722,0.52025260
sha256:4748babd2b6ac0706cd9ed4bcfd4855c8d2c5535f01813fb2e10b68b31a24c0f:row:1342,6pqn|m0|A|601|-|ZN|-,6pqn,ZN,3,2,2,0.06432872,0.09360070,0.71163261,0.13043797
sha256:4748babd2b6ac0706cd9ed4bcfd4855c8d2c5535f01813fb2e10b68b31a24c0f:row:1346,7u6h|m0|A|301|-|NI|-,7u6h,NI,3,3,3,0.05652775,0.13950474,0.39767962,0.40628789
sha256:4748babd2b6ac0706cd9ed4bcfd4855c8d2c5535f01813fb2e10b68b31a24c0f:row:1347,3per|m0|A|1002|-|FE|-,3per,FE,3,3,3,0.34201890,0.04617712,0.10162474,0.51017924
sha256:4748babd2b6ac0706cd9ed4bcfd4855c8d2c5535f01813fb2e10b68b31a24c0f:row:1350,4k6m|m0|A|1012|-|ZN|-,4k6m,ZN,3,2,2,0.06781811,0.11686582,0.51754094,0.29777513
sha256:4748babd2b6ac0706cd9ed4bcfd4855c8d2c5535f01813fb2e10b68b31a24c0f:row:1355,2ic1|m0|A|201|-|FE|-,2ic1,FE,3,3,2,0.05953983,0.13739224,0.46508920,0.33797873
sha256:4748babd2b6ac0706cd9ed4bcfd4855c8d2c5535f01813fb2e10b68b31a24c0f:row:1356,7drj|m0|A|212|-|ZN|-,7drj,ZN,3,2,2,0.30976605,0.08614248,0.42584227,0.17824921
sha256:4748babd2b6ac0706cd9ed4bcfd4855c8d2c5535f01813fb2e10b68b31a24c0f:row:1357,1oqj|m0|A|183|-|ZN|-,1oqj,ZN,3,2,2,0.03638218,0.07033069,0.78313134,0.11015579
sha256:4748babd2b6ac0706cd9ed4bcfd4855c8d2c5535f01813fb2e10b68b31a24c0f:row:1372,5u58|m0|A|301|-|FE|-,5u58,FE,3,3,0,0.38937970,0.08267596,0.14208675,0.38585758
sha256:4748babd2b6ac0706cd9ed4bcfd4855c8d2c5535f01813fb2e10b68b31a24c0f:row:1378,6dpa|m0|A|202|-|MN|-,6dpa,MN,3,0,0,0.71099333,0.05359038,0.11253172,0.12288457
sha256:4748babd2b6ac0706cd9ed4bcfd4855c8d2c5535f01813fb2e10b68b31a24c0f:row:1383,4fc5|m0|C|308|-|ZN|-,4fc5,ZN,3,2,2,0.11943270,0.14750399,0.63523869,0.09782462
sha256:4748babd2b6ac0706cd9ed4bcfd4855c8d2c5535f01813fb2e10b68b31a24c0f:row:1384,6tec|m0|A|805|-|MN|-,6tec,MN,3,0,0,0.64051156,0.04304738,0.09465904,0.22178201
sha256:4748babd2b6ac0706cd9ed4bcfd4855c8d2c5535f01813fb2e10b68b31a24c0f:row:1388,5syb|m0|A|201|-|ZN|-,5syb,ZN,3,2,2,0.03955502,0.05356601,0.76653225,0.14034672
sha256:4748babd2b6ac0706cd9ed4bcfd4855c8d2c5535f01813fb2e10b68b31a24c0f:row:1394,1uob|m0|A|1310|-|FE|-,1uob,FE,3,3,3,0.36185323,0.05036662,0.07441598,0.51336417
sha256:4748babd2b6ac0706cd9ed4bcfd4855c8d2c5535f01813fb2e10b68b31a24c0f:row:1399,4xf1|m0|A|501|-|FE|-,4xf1,FE,3,3,3,0.07770412,0.07904206,0.15224601,0.69100781
sha256:4748babd2b6ac0706cd9ed4bcfd4855c8d2c5535f01813fb2e10b68b31a24c0f:row:1404,8dwl|m0|A|403|-|ZN|-,8dwl,ZN,3,2,3,0.33580622,0.08554414,0.13257660,0.44607304
sha256:4748babd2b6ac0706cd9ed4bcfd4855c8d2c5535f01813fb2e10b68b31a24c0f:row:1406,4hm4|m0|A|1005|-|FE|-,4hm4,FE,3,3,3,0.11237107,0.07194350,0.11683548,0.69884995
sha256:4748babd2b6ac0706cd9ed4bcfd4855c8d2c5535f01813fb2e10b68b31a24c0f:row:1407,6a9v|m0|A|602|-|MN|-,6a9v,MN,3,0,0,0.73721666,0.04764654,0.07545332,0.13968348
sha256:4748babd2b6ac0706cd9ed4bcfd4855c8d2c5535f01813fb2e10b68b31a24c0f:row:1419,2ypt|m0|A|600|-|ZN|-,2ypt,ZN,3,2,2,0.09363961,0.10188987,0.63591423,0.16855630
sha256:4748babd2b6ac0706cd9ed4bcfd4855c8d2c5535f01813fb2e10b68b31a24c0f:row:1430,6a9u|m0|A|601|-|MN|-,6a9u,MN,3,0,0,0.71273743,0.04706083,0.11775909,0.12244265
sha256:4748babd2b6ac0706cd9ed4bcfd4855c8d2c5535f01813fb2e10b68b31a24c0f:row:1435,6zr5|m0|C|101|-|ZN|-,6zr5,ZN,3,2,2,0.03990006,0.16576505,0.70366287,0.09067202
sha256:4748babd2b6ac0706cd9ed4bcfd4855c8d2c5535f01813fb2e10b68b31a24c0f:row:1436,1f35|m0|B|303|-|ZN|-,1f35,ZN,3,2,2,0.35825269,0.04625097,0.37098177,0.22451457
sha256:4748babd2b6ac0706cd9ed4bcfd4855c8d2c5535f01813fb2e10b68b31a24c0f:row:1440,2ocg|m0|A|401|-|MN|-,2ocg,MN,3,0,0,0.62426777,0.04660036,0.08613009,0.24300178
sha256:4748babd2b6ac0706cd9ed4bcfd4855c8d2c5535f01813fb2e10b68b31a24c0f:row:1445,7u80|m0|A|501|-|MN|-,7u80,MN,3,0,0,0.78097824,0.03582194,0.06495210,0.11824772
sha256:4748babd2b6ac0706cd9ed4bcfd4855c8d2c5535f01813fb2e10b68b31a24c0f:row:1454,4wha|m0|A|901|-|FE|A,4wha,FE,3,3,3,0.31974818,0.11803742,0.07722365,0.48499074
sha256:4748babd2b6ac0706cd9ed4bcfd4855c8d2c5535f01813fb2e10b68b31a24c0f:row:1457,4rzy|m0|A|502|-|FE|-,4rzy,FE,3,3,0,0.58048373,0.06129957,0.15900974,0.19920696
sha256:4748babd2b6ac0706cd9ed4bcfd4855c8d2c5535f01813fb2e10b68b31a24c0f:row:1463,3cpx|m0|A|400|-|FE|-,3cpx,FE,3,3,0,0.42519744,0.04690907,0.21097943,0.31691406
sha256:4748babd2b6ac0706cd9ed4bcfd4855c8d2c5535f01813fb2e10b68b31a24c0f:row:1471,5v34|m0|A|402|-|MN|-,5v34,MN,3,0,0,0.61926664,0.03935895,0.07385043,0.26752398
sha256:4748babd2b6ac0706cd9ed4bcfd4855c8d2c5535f01813fb2e10b68b31a24c0f:row:1472,1x83|m0|A|201|-|MN|-,1x83,MN,3,0,0,0.66247226,0.03610924,0.09490253,0.20651596
sha256:4748babd2b6ac0706cd9ed4bcfd4855c8d2c5535f01813fb2e10b68b31a24c0f:row:1476,4bu2|m0|A|601|-|NI|-,4bu2,NI,3,3,3,0.34215031,0.08120325,0.10906984,0.46757660
sha256:4748babd2b6ac0706cd9ed4bcfd4855c8d2c5535f01813fb2e10b68b31a24c0f:row:1477,6jtz|m0|A|701|-|ZN|-,6jtz,ZN,3,2,2,0.03398223,0.06659900,0.78308604,0.11633273
sha256:4748babd2b6ac0706cd9ed4bcfd4855c8d2c5535f01813fb2e10b68b31a24c0f:row:1487,7ufg|m0|A|4000|-|ZN|-,7ufg,ZN,3,2,3,0.14449044,0.10984476,0.17957252,0.56609228
sha256:4748babd2b6ac0706cd9ed4bcfd4855c8d2c5535f01813fb2e10b68b31a24c0f:row:1495,4njq|m0|A|501|-|CO|-,4njq,CO,3,3,0,0.41749109,0.05458084,0.24562381,0.28230426
sha256:4748babd2b6ac0706cd9ed4bcfd4855c8d2c5535f01813fb2e10b68b31a24c0f:row:1496,3py8|m0|A|5|-|MN|-,3py8,MN,3,0,2,0.34367916,0.05391874,0.40141612,0.20098597
sha256:4748babd2b6ac0706cd9ed4bcfd4855c8d2c5535f01813fb2e10b68b31a24c0f:row:1504,4avg|m0|A|901|-|MN|-,4avg,MN,3,0,0,0.71193903,0.04221881,0.06889276,0.17694940
sha256:4748babd2b6ac0706cd9ed4bcfd4855c8d2c5535f01813fb2e10b68b31a24c0f:row:1509,5a5a|m0|A|2428|-|MN|-,5a5a,MN,3,0,0,0.65719903,0.03656206,0.08544282,0.22079609
sha256:4748babd2b6ac0706cd9ed4bcfd4855c8d2c5535f01813fb2e10b68b31a24c0f:row:1512,3kq6|m0|A|301|-|ZN|-,3kq6,ZN,3,2,1,0.03114482,0.61520161,0.28366305,0.06999051
sha256:4748babd2b6ac0706cd9ed4bcfd4855c8d2c5535f01813fb2e10b68b31a24c0f:row:1516,7y3x|m0|A|501|-|FE|-,7y3x,FE,3,3,3,0.12640831,0.05488123,0.08281591,0.73589455
sha256:4748babd2b6ac0706cd9ed4bcfd4855c8d2c5535f01813fb2e10b68b31a24c0f:row:1529,2ei1|m0|A|399|-|FE|-,2ei1,FE,3,3,3,0.23663554,0.05044212,0.07678859,0.63613376
sha256:4748babd2b6ac0706cd9ed4bcfd4855c8d2c5535f01813fb2e10b68b31a24c0f:row:1534,2je7|m0|A|1240|-|MN|-,2je7,MN,3,0,0,0.79349098,0.03287052,0.05768060,0.11595790
sha256:4748babd2b6ac0706cd9ed4bcfd4855c8d2c5535f01813fb2e10b68b31a24c0f:row:1540,4cob|m0|A|402|-|ZN|-,4cob,ZN,3,2,0,0.48727361,0.04288711,0.10495206,0.36488722
sha256:4748babd2b6ac0706cd9ed4bcfd4855c8d2c5535f01813fb2e10b68b31a24c0f:row:1545,3bww|m0|A|308|-|FE|-,3bww,FE,3,3,0,0.75534970,0.03808227,0.06791231,0.13865573
sha256:4748babd2b6ac0706cd9ed4bcfd4855c8d2c5535f01813fb2e10b68b31a24c0f:row:1547,4rdt|m0|A|801|-|ZN|-,4rdt,ZN,3,2,2,0.09789427,0.07701841,0.48849179,0.33659553
sha256:4748babd2b6ac0706cd9ed4bcfd4855c8d2c5535f01813fb2e10b68b31a24c0f:row:1554,7buj|m0|A|601|-|ZN|-,7buj,ZN,3,2,2,0.04131282,0.08069741,0.77287665,0.10511311
sha256:4748babd2b6ac0706cd9ed4bcfd4855c8d2c5535f01813fb2e10b68b31a24c0f:row:1555,3u2t|m0|A|263|-|MN|-,3u2t,MN,3,0,0,0.65131053,0.06733985,0.13422383,0.14712579
sha256:4748babd2b6ac0706cd9ed4bcfd4855c8d2c5535f01813fb2e10b68b31a24c0f:row:1558,4xkl|m0|B|503|-|ZN|-,4xkl,ZN,3,2,2,0.06218430,0.07818509,0.56393095,0.29569966
sha256:4748babd2b6ac0706cd9ed4bcfd4855c8d2c5535f01813fb2e10b68b31a24c0f:row:1564,5bud|m0|A|402|-|MN|-,5bud,MN,3,0,0,0.72639490,0.04196672,0.10473641,0.12690197
sha256:4748babd2b6ac0706cd9ed4bcfd4855c8d2c5535f01813fb2e10b68b31a24c0f:row:1578,5xeg|m0|A|402|-|MN|-,5xeg,MN,3,0,0,0.58723629,0.04851618,0.06660756,0.29763997
sha256:4748babd2b6ac0706cd9ed4bcfd4855c8d2c5535f01813fb2e10b68b31a24c0f:row:1580,1xb0|m0|A|403|-|ZN|-,1xb0,ZN,3,2,2,0.04395707,0.08113331,0.77618865,0.09872097
sha256:4748babd2b6ac0706cd9ed4bcfd4855c8d2c5535f01813fb2e10b68b31a24c0f:row:1588,4xb8|m0|A|407|-|ZN|-,4xb8,ZN,3,2,2,0.23765185,0.09640363,0.49037882,0.17556570
sha256:4748babd2b6ac0706cd9ed4bcfd4855c8d2c5535f01813fb2e10b68b31a24c0f:row:1603,5cz2|m0|G|301|-|ZN|-,5cz2,ZN,3,2,2,0.03446387,0.14001513,0.73350424,0.09201675
sha256:4748babd2b6ac0706cd9ed4bcfd4855c8d2c5535f01813fb2e10b68b31a24c0f:row:1607,1ei6|m0|A|409|-|ZN|-,1ei6,ZN,3,2,2,0.22663866,0.10205208,0.48694547,0.18436379
sha256:4748babd2b6ac0706cd9ed4bcfd4855c8d2c5535f01813fb2e10b68b31a24c0f:row:1616,4lvl|m0|A|201|-|MN|-,4lvl,MN,3,0,0,0.74488518,0.04646067,0.06641755,0.14223659
sha256:4748babd2b6ac0706cd9ed4bcfd4855c8d2c5535f01813fb2e10b68b31a24c0f:row:1617,5yt6|m0|B|101|-|ZN|-,5yt6,ZN,3,2,2,0.04596087,0.09995004,0.62504137,0.22904772
sha256:4748babd2b6ac0706cd9ed4bcfd4855c8d2c5535f01813fb2e10b68b31a24c0f:row:1630,3htr|m0|A|118|-|ZN|-,3htr,ZN,3,2,2,0.16679405,0.04849255,0.47632151,0.30839189
sha256:4748babd2b6ac0706cd9ed4bcfd4855c8d2c5535f01813fb2e10b68b31a24c0f:row:1631,6uel|m0|A|1601|-|ZN|-,6uel,ZN,3,2,3,0.10171325,0.07510441,0.34594077,0.47724156
sha256:4748babd2b6ac0706cd9ed4bcfd4855c8d2c5535f01813fb2e10b68b31a24c0f:row:1649,5pah|m0|A|425|-|FE|-,5pah,FE,3,3,3,0.08422953,0.05250026,0.08780199,0.77546822
sha256:4748babd2b6ac0706cd9ed4bcfd4855c8d2c5535f01813fb2e10b68b31a24c0f:row:1658,8gn3|m0|A|801|-|ZN|-,8gn3,ZN,3,2,2,0.06213397,0.08636535,0.60417082,0.24732987
sha256:4748babd2b6ac0706cd9ed4bcfd4855c8d2c5535f01813fb2e10b68b31a24c0f:row:1665,4q3y|m0|A|301|-|CO|-,4q3y,CO,3,3,3,0.07720010,0.05529997,0.32258502,0.54491490
sha256:4748babd2b6ac0706cd9ed4bcfd4855c8d2c5535f01813fb2e10b68b31a24c0f:row:1669,5i8s|m0|A|201|-|NI|-,5i8s,NI,3,3,3,0.34714769,0.06182291,0.08872224,0.50230716
sha256:4748babd2b6ac0706cd9ed4bcfd4855c8d2c5535f01813fb2e10b68b31a24c0f:row:1674,2dkc|m0|A|901|-|ZN|-,2dkc,ZN,3,2,0,0.47495429,0.04692241,0.20253848,0.27558482
sha256:4748babd2b6ac0706cd9ed4bcfd4855c8d2c5535f01813fb2e10b68b31a24c0f:row:1680,5a7n|m0|A|501|-|MN|-,5a7n,MN,3,0,0,0.55643761,0.04140077,0.07854860,0.32361302
sha256:4748babd2b6ac0706cd9ed4bcfd4855c8d2c5535f01813fb2e10b68b31a24c0f:row:1684,2cki|m0|A|999|-|ZN|-,2cki,ZN,3,2,3,0.03996648,0.18729350,0.25665697,0.51608305
sha256:4748babd2b6ac0706cd9ed4bcfd4855c8d2c5535f01813fb2e10b68b31a24c0f:row:1691,6hc6|m0|A|502|-|ZN|-,6hc6,ZN,3,2,0,0.53099901,0.04576586,0.10968206,0.31355308
sha256:4748babd2b6ac0706cd9ed4bcfd4855c8d2c5535f01813fb2e10b68b31a24c0f:row:1704,3h60|m0|A|501|-|MN|-,3h60,MN,3,0,0,0.55353307,0.07471204,0.10269407,0.26906081
sha256:4748babd2b6ac0706cd9ed4bcfd4855c8d2c5535f01813fb2e10b68b31a24c0f:row:1705,4ls3|m0|B|603|-|NI|-,4ls3,NI,3,3,3,0.08938022,0.15558370,0.20915658,0.54587951
sha256:4748babd2b6ac0706cd9ed4bcfd4855c8d2c5535f01813fb2e10b68b31a24c0f:row:1709,3oj3|m0|I|901|-|ZN|-,3oj3,ZN,3,2,2,0.25457994,0.04806030,0.57274076,0.12461900
sha256:4748babd2b6ac0706cd9ed4bcfd4855c8d2c5535f01813fb2e10b68b31a24c0f:row:1710,6ww3|m0|A|2801|-|ZN|-,6ww3,ZN,3,2,2,0.04522439,0.05052012,0.78973954,0.11451595
sha256:4748babd2b6ac0706cd9ed4bcfd4855c8d2c5535f01813fb2e10b68b31a24c0f:row:1711,2dx8|m0|A|401|-|ZN|-,2dx8,ZN,3,2,2,0.03874222,0.08103159,0.74564318,0.13458301
sha256:4748babd2b6ac0706cd9ed4bcfd4855c8d2c5535f01813fb2e10b68b31a24c0f:row:1713,1afr|m0|A|365|-|FE|-,1afr,FE,3,3,0,0.61886027,0.05732628,0.15822906,0.16558438
sha256:4748babd2b6ac0706cd9ed4bcfd4855c8d2c5535f01813fb2e10b68b31a24c0f:row:1719,6w1g|m0|A|500|-|NI|-,6w1g,NI,3,3,3,0.14097679,0.08946841,0.33355122,0.43600358
sha256:4748babd2b6ac0706cd9ed4bcfd4855c8d2c5535f01813fb2e10b68b31a24c0f:row:1720,6jni|m0|A|1002|-|ZN|-,6jni,ZN,3,2,2,0.09613648,0.20548409,0.46459074,0.23378868
sha256:4748babd2b6ac0706cd9ed4bcfd4855c8d2c5535f01813fb2e10b68b31a24c0f:row:1732,3e0i|m0|A|3270|-|CU|-,3e0i,CU,3,1,2,0.26379810,0.11595393,0.46321897,0.15702900
sha256:4748babd2b6ac0706cd9ed4bcfd4855c8d2c5535f01813fb2e10b68b31a24c0f:row:1738,8szo|m0|A|301|-|MN|-,8szo,MN,3,0,0,0.79358894,0.03892274,0.06052826,0.10696007
sha256:4748babd2b6ac0706cd9ed4bcfd4855c8d2c5535f01813fb2e10b68b31a24c0f:row:1741,4bwu|m0|A|1124|-|CU|-,4bwu,CU,3,1,1,0.03866609,0.74084886,0.13851576,0.08196929
sha256:4748babd2b6ac0706cd9ed4bcfd4855c8d2c5535f01813fb2e10b68b31a24c0f:row:1743,1tvy|m0|B|805|-|MN|-,1tvy,MN,3,0,0,0.73404640,0.05516557,0.06814576,0.14264227
sha256:4748babd2b6ac0706cd9ed4bcfd4855c8d2c5535f01813fb2e10b68b31a24c0f:row:1755,4kwk|m0|A|301|-|FE|-,4kwk,FE,3,3,3,0.10937139,0.11737737,0.20650007,0.56675117
sha256:4748babd2b6ac0706cd9ed4bcfd4855c8d2c5535f01813fb2e10b68b31a24c0f:row:1757,2ps9|m0|B|401|-|CO|-,2ps9,CO,3,3,2,0.05133560,0.12778731,0.48983424,0.33104285
sha256:4748babd2b6ac0706cd9ed4bcfd4855c8d2c5535f01813fb2e10b68b31a24c0f:row:1761,2xue|m0|A|2000|-|ZN|-,2xue,ZN,3,2,2,0.04521351,0.05064288,0.79605987,0.10808374
sha256:4748babd2b6ac0706cd9ed4bcfd4855c8d2c5535f01813fb2e10b68b31a24c0f:row:1773,7uik|m0|T|201|-|ZN|-,7uik,ZN,3,2,2,0.05754303,0.04441537,0.69675901,0.20128258
sha256:4748babd2b6ac0706cd9ed4bcfd4855c8d2c5535f01813fb2e10b68b31a24c0f:row:1775,5ram|m0|B|1803|-|MN|-,5ram,MN,3,0,0,0.49623658,0.08121910,0.07265888,0.34988544
sha256:4748babd2b6ac0706cd9ed4bcfd4855c8d2c5535f01813fb2e10b68b31a24c0f:row:1778,6s7e|m0|A|301|-|FE|-,6s7e,FE,3,3,3,0.13315622,0.05746286,0.07890186,0.73047905
sha256:4748babd2b6ac0706cd9ed4bcfd4855c8d2c5535f01813fb2e10b68b31a24c0f:row:1783,2who|m0|A|1533|-|MN|-,2who,MN,3,0,0,0.63077176,0.04936129,0.12686635,0.19300060
sha256:4748babd2b6ac0706cd9ed4bcfd4855c8d2c5535f01813fb2e10b68b31a24c0f:row:1785,5svc|m0|D|801|-|MN|-,5svc,MN,3,0,2,0.36515214,0.06612607,0.37012738,0.19859441
sha256:4748babd2b6ac0706cd9ed4bcfd4855c8d2c5535f01813fb2e10b68b31a24c0f:row:1804,8clj|m0|B|902|-|ZN|-,8clj,ZN,3,2,2,0.04106439,0.07853375,0.74279178,0.13761008
sha256:4748babd2b6ac0706cd9ed4bcfd4855c8d2c5535f01813fb2e10b68b31a24c0f:row:1814,3mpb|m0|A|1001|-|MN|-,3mpb,MN,3,0,0,0.63223406,0.04122610,0.06437954,0.26216030
sha256:4748babd2b6ac0706cd9ed4bcfd4855c8d2c5535f01813fb2e10b68b31a24c0f:row:1822,1p9e|m0|A|401|-|ZN|-,1p9e,ZN,3,2,0,0.50058367,0.05429659,0.16920552,0.27591421
sha256:4748babd2b6ac0706cd9ed4bcfd4855c8d2c5535f01813fb2e10b68b31a24c0f:row:1825,2au6|m0|A|201|-|MN|-,2au6,MN,3,0,0,0.77462392,0.03246904,0.06592067,0.12698637
sha256:4748babd2b6ac0706cd9ed4bcfd4855c8d2c5535f01813fb2e10b68b31a24c0f:row:1828,4am8|m0|A|405|-|NI|-,4am8,NI,3,3,3,0.12129192,0.10038319,0.36203010,0.41629479
sha256:4748babd2b6ac0706cd9ed4bcfd4855c8d2c5535f01813fb2e10b68b31a24c0f:row:1835,8iug|m0|M|703|-|MN|-,8iug,MN,3,0,0,0.47981885,0.05129357,0.09123785,0.37764973
sha256:4748babd2b6ac0706cd9ed4bcfd4855c8d2c5535f01813fb2e10b68b31a24c0f:row:1838,1r3n|m0|A|501|-|ZN|-,1r3n,ZN,3,2,2,0.32418701,0.07225177,0.33986986,0.26369136
sha256:4748babd2b6ac0706cd9ed4bcfd4855c8d2c5535f01813fb2e10b68b31a24c0f:row:1846,2gh2|m0|A|501|-|FE|-,2gh2,FE,3,3,3,0.04457065,0.17042446,0.33605744,0.44894745
sha256:4748babd2b6ac0706cd9ed4bcfd4855c8d2c5535f01813fb2e10b68b31a24c0f:row:1847,3oul|m0|A|233|-|MN|-,3oul,MN,3,0,0,0.51682863,0.05224214,0.08943992,0.34148931
sha256:4748babd2b6ac0706cd9ed4bcfd4855c8d2c5535f01813fb2e10b68b31a24c0f:row:1856,6o7m|m0|D|601|-|FE|-,6o7m,FE,3,3,3,0.24531958,0.04319235,0.10643103,0.60505705
sha256:4748babd2b6ac0706cd9ed4bcfd4855c8d2c5535f01813fb2e10b68b31a24c0f:row:1862,5i0p|m0|D|401|-|ZN|-,5i0p,ZN,3,2,0,0.37380846,0.08436257,0.19623875,0.34559022
sha256:4748babd2b6ac0706cd9ed4bcfd4855c8d2c5535f01813fb2e10b68b31a24c0f:row:1864,5xsp|m0|A|701|-|MN|-,5xsp,MN,3,0,0,0.77185468,0.03552392,0.07911011,0.11351129
sha256:4748babd2b6ac0706cd9ed4bcfd4855c8d2c5535f01813fb2e10b68b31a24c0f:row:1875,4hsj|m0|A|202|-|FE|-,4hsj,FE,3,3,2,0.05016898,0.04839288,0.51328357,0.38815458
sha256:4748babd2b6ac0706cd9ed4bcfd4855c8d2c5535f01813fb2e10b68b31a24c0f:row:1876,2b9d|m0|A|1002|-|ZN|-,2b9d,ZN,3,2,2,0.04983284,0.05497731,0.73300768,0.16218217
sha256:4748babd2b6ac0706cd9ed4bcfd4855c8d2c5535f01813fb2e10b68b31a24c0f:row:1877,2ux1|m0|A|1173|-|ZN|-,2ux1,ZN,3,2,1,0.05246884,0.46394354,0.34606584,0.13752178
sha256:4748babd2b6ac0706cd9ed4bcfd4855c8d2c5535f01813fb2e10b68b31a24c0f:row:1883,3si8|m0|A|452|-|CO|-,3si8,CO,3,3,2,0.05911329,0.15660864,0.53586871,0.24840935
sha256:4748babd2b6ac0706cd9ed4bcfd4855c8d2c5535f01813fb2e10b68b31a24c0f:row:1887,4ls3|m0|A|603|-|NI|-,4ls3,NI,3,3,3,0.07372761,0.13916772,0.13531491,0.65178976
sha256:4748babd2b6ac0706cd9ed4bcfd4855c8d2c5535f01813fb2e10b68b31a24c0f:row:1900,1knj|m0|A|401|-|MN|-,1knj,MN,3,0,1,0.29889943,0.30080731,0.25545465,0.14483861
sha256:4748babd2b6ac0706cd9ed4bcfd4855c8d2c5535f01813fb2e10b68b31a24c0f:row:1903,5kfd|m0|A|501|-|MN|-,5kfd,MN,3,0,0,0.78583210,0.03572099,0.07598877,0.10245814
sha256:4748babd2b6ac0706cd9ed4bcfd4855c8d2c5535f01813fb2e10b68b31a24c0f:row:1904,7v8g|m0|C|802|-|ZN|-,7v8g,ZN,3,2,2,0.04508695,0.06070100,0.75710744,0.13710461
sha256:4748babd2b6ac0706cd9ed4bcfd4855c8d2c5535f01813fb2e10b68b31a24c0f:row:1905,1ow2|m0|B|201|-|MN|-,1ow2,MN,3,0,0,0.60647629,0.03846918,0.07361418,0.28144034
sha256:4748babd2b6ac0706cd9ed4bcfd4855c8d2c5535f01813fb2e10b68b31a24c0f:row:1908,6uuq|m0|A|404|-|FE|-,6uuq,FE,3,3,0,0.47960006,0.08662408,0.12394363,0.30983224
sha256:4748babd2b6ac0706cd9ed4bcfd4855c8d2c5535f01813fb2e10b68b31a24c0f:row:1928,4tn3|m0|A|701|-|ZN|-,4tn3,ZN,3,2,2,0.08263488,0.33718914,0.36801344,0.21216254
sha256:4748babd2b6ac0706cd9ed4bcfd4855c8d2c5535f01813fb2e10b68b31a24c0f:row:1937,5u1c|m0|A|500|-|ZN|-,5u1c,ZN,3,2,2,0.06274840,0.13806758,0.59945051,0.19973351
sha256:4748babd2b6ac0706cd9ed4bcfd4855c8d2c5535f01813fb2e10b68b31a24c0f:row:1939,4liv|m0|A|501|-|CO|-,4liv,CO,3,3,3,0.09452537,0.09998891,0.21669806,0.58878766
sha256:4748babd2b6ac0706cd9ed4bcfd4855c8d2c5535f01813fb2e10b68b31a24c0f:row:1942,1zdf|m0|A|400|-|MN|-,1zdf,MN,3,0,0,0.64654633,0.04864386,0.08514338,0.21966643
sha256:4748babd2b6ac0706cd9ed4bcfd4855c8d2c5535f01813fb2e10b68b31a24c0f:row:1962,1p91|m0|A|1301|-|ZN|-,1p91,ZN,3,2,2,0.05621795,0.08870238,0.70609493,0.14898474
sha256:4748babd2b6ac0706cd9ed4bcfd4855c8d2c5535f01813fb2e10b68b31a24c0f:row:1963,6yub|m0|A|501|-|ZN|-,6yub,ZN,3,2,2,0.05337721,0.05119227,0.76753877,0.12789175
sha256:4748babd2b6ac0706cd9ed4bcfd4855c8d2c5535f01813fb2e10b68b31a24c0f:row:1967,1w4r|m0|A|400|-|ZN|-,1w4r,ZN,3,2,2,0.04546170,0.04763631,0.79348308,0.11341890
sha256:4748babd2b6ac0706cd9ed4bcfd4855c8d2c5535f01813fb2e10b68b31a24c0f:row:1973,3rnf|m0|A|501|-|FE|-,3rnf,FE,3,3,0,0.49383558,0.04400047,0.07246436,0.38969959
sha256:4748babd2b6ac0706cd9ed4bcfd4855c8d2c5535f01813fb2e10b68b31a24c0f:row:1974,1rin|m0|C|240|-|MN|-,1rin,MN,3,0,0,0.78157027,0.03532996,0.06008516,0.12301461
sha256:4748babd2b6ac0706cd9ed4bcfd4855c8d2c5535f01813fb2e10b68b31a24c0f:row:1976,6unc|m0|A|401|-|MN|-,6unc,MN,3,0,0,0.68633248,0.04023170,0.06894868,0.20448715
sha256:4748babd2b6ac0706cd9ed4bcfd4855c8d2c5535f01813fb2e10b68b31a24c0f:row:1991,2hbv|m0|A|401|-|ZN|-,2hbv,ZN,3,2,3,0.28254759,0.06198809,0.11133729,0.54412703
sha256:4748babd2b6ac0706cd9ed4bcfd4855c8d2c5535f01813fb2e10b68b31a24c0f:row:1992,3aal|m0|A|302|-|FE|-,3aal,FE,3,3,0,0.75539003,0.04429592,0.05425736,0.14605669
sha256:4748babd2b6ac0706cd9ed4bcfd4855c8d2c5535f01813fb2e10b68b31a24c0f:row:1996,2jd1|m0|A|1391|-|MN|-,2jd1,MN,3,0,0,0.81400711,0.03401551,0.06553095,0.08644644
sha256:4748babd2b6ac0706cd9ed4bcfd4855c8d2c5535f01813fb2e10b68b31a24c0f:row:1999,7diy|m0|B|301|-|ZN|-,7diy,ZN,3,2,2,0.04855988,0.06137475,0.79196710,0.09809827
sha256:4748babd2b6ac0706cd9ed4bcfd4855c8d2c5535f01813fb2e10b68b31a24c0f:row:2007,6wnb|m0|B|506|-|FE|-,6wnb,FE,3,3,3,0.13828098,0.04637252,0.08364151,0.73170499
sha256:4748babd2b6ac0706cd9ed4bcfd4855c8d2c5535f01813fb2e10b68b31a24c0f:row:2009,1bug|m0|A|500|-|CU|-,1bug,CU,3,1,3,0.07652311,0.29558413,0.11222151,0.51567125
sha256:4748babd2b6ac0706cd9ed4bcfd4855c8d2c5535f01813fb2e10b68b31a24c0f:row:2019,5hzu|m0|A|301|-|NI|-,5hzu,NI,3,3,1,0.04347484,0.36119946,0.29151433,0.30381137
sha256:4748babd2b6ac0706cd9ed4bcfd4855c8d2c5535f01813fb2e10b68b31a24c0f:row:2022,1k6y|m0|A|401|-|ZN|-,1k6y,ZN,3,2,2,0.04680782,0.24734359,0.59592975,0.10991884
sha256:4748babd2b6ac0706cd9ed4bcfd4855c8d2c5535f01813fb2e10b68b31a24c0f:row:2035,8jws|m0|A|503|-|ZN|L,8jws,ZN,3,2,2,0.03408946,0.06951203,0.80119597,0.09520253
sha256:4748babd2b6ac0706cd9ed4bcfd4855c8d2c5535f01813fb2e10b68b31a24c0f:row:2038,1zkp|m0|A|245|-|ZN|-,1zkp,ZN,3,2,0,0.35782217,0.10511058,0.20509024,0.33197701
sha256:4748babd2b6ac0706cd9ed4bcfd4855c8d2c5535f01813fb2e10b68b31a24c0f:row:2043,7k89|m0|A|601|-|FE|-,7k89,FE,3,3,3,0.08052686,0.08775409,0.08693592,0.74478314
sha256:4748babd2b6ac0706cd9ed4bcfd4855c8d2c5535f01813fb2e10b68b31a24c0f:row:2044,7yzk|m0|A|503|-|MN|-,7yzk,MN,3,0,0,0.54427890,0.05872689,0.26235276,0.13464145
sha256:4748babd2b6ac0706cd9ed4bcfd4855c8d2c5535f01813fb2e10b68b31a24c0f:row:2047,7pok|m0|A|201|-|ZN|-,7pok,ZN,3,2,2,0.04432334,0.05829492,0.57790436,0.31947739
sha256:4748babd2b6ac0706cd9ed4bcfd4855c8d2c5535f01813fb2e10b68b31a24c0f:row:2051,2ou4|m0|D|1004|-|MN|-,2ou4,MN,3,0,0,0.77089097,0.04175520,0.06738544,0.11996839
sha256:4748babd2b6ac0706cd9ed4bcfd4855c8d2c5535f01813fb2e10b68b31a24c0f:row:2071,1m38|m0|A|401|-|CO|-,1m38,CO,3,3,0,0.53195583,0.04618030,0.13815113,0.28371273
sha256:4748babd2b6ac0706cd9ed4bcfd4855c8d2c5535f01813fb2e10b68b31a24c0f:row:2072,7p9j|m0|C|402|-|CO|-,7p9j,CO,3,3,0,0.55690799,0.05397970,0.23887285,0.15023946
sha256:4748babd2b6ac0706cd9ed4bcfd4855c8d2c5535f01813fb2e10b68b31a24c0f:row:2077,1r9y|m0|A|501|-|FE|-,1r9y,FE,3,3,3,0.06183196,0.09801728,0.18142709,0.65872367
sha256:4748babd2b6ac0706cd9ed4bcfd4855c8d2c5535f01813fb2e10b68b31a24c0f:row:2081,5a89|m0|A|343|-|ZN|-,5a89,ZN,3,2,3,0.05405268,0.11696711,0.39917450,0.42980571
sha256:4748babd2b6ac0706cd9ed4bcfd4855c8d2c5535f01813fb2e10b68b31a24c0f:row:2083,8cjm|m0|A|501|-|FE|-,8cjm,FE,3,3,3,0.06853720,0.07977552,0.20169545,0.64999183
sha256:4748babd2b6ac0706cd9ed4bcfd4855c8d2c5535f01813fb2e10b68b31a24c0f:row:2091,2e18|m0|A|1305|-|ZN|-,2e18,ZN,3,2,2,0.35130858,0.13828551,0.40989684,0.10050907
sha256:4748babd2b6ac0706cd9ed4bcfd4855c8d2c5535f01813fb2e10b68b31a24c0f:row:2093,3c9f|m0|A|601|-|ZN|-,3c9f,ZN,3,2,0,0.48993016,0.05576226,0.08668031,0.36762727
sha256:4748babd2b6ac0706cd9ed4bcfd4855c8d2c5535f01813fb2e10b68b31a24c0f:row:2095,3de8|m0|A|108|-|CU|-,3de8,CU,3,1,3,0.03901580,0.22377087,0.23767490,0.49953844
sha256:4748babd2b6ac0706cd9ed4bcfd4855c8d2c5535f01813fb2e10b68b31a24c0f:row:2096,4mcw|m0|A|403|-|FE|-,4mcw,FE,3,3,3,0.32959076,0.05008689,0.13622347,0.48409889
sha256:4748babd2b6ac0706cd9ed4bcfd4855c8d2c5535f01813fb2e10b68b31a24c0f:row:2102,3c0s|m0|A|282|-|MN|-,3c0s,MN,3,0,0,0.42210331,0.05233337,0.13718963,0.38837369
sha256:4748babd2b6ac0706cd9ed4bcfd4855c8d2c5535f01813fb2e10b68b31a24c0f:row:2104,4q3x|m0|A|301|-|CO|-,4q3x,CO,3,3,3,0.09725946,0.05185277,0.34700781,0.50387996
sha256:4748babd2b6ac0706cd9ed4bcfd4855c8d2c5535f01813fb2e10b68b31a24c0f:row:2105,4kq4|m0|H|1001|-|NI|-,4kq4,NI,3,3,2,0.04870762,0.18892156,0.53744398,0.22492683
sha256:4748babd2b6ac0706cd9ed4bcfd4855c8d2c5535f01813fb2e10b68b31a24c0f:row:2107,4blb|m0|A|910|-|ZN|-,4blb,ZN,3,2,2,0.14450708,0.09966463,0.38733437,0.36849392
sha256:4748babd2b6ac0706cd9ed4bcfd4855c8d2c5535f01813fb2e10b68b31a24c0f:row:2119,2ltn|m0|C|190|-|MN|-,2ltn,MN,3,0,0,0.76468667,0.03233107,0.06229026,0.14069200
sha256:4748babd2b6ac0706cd9ed4bcfd4855c8d2c5535f01813fb2e10b68b31a24c0f:row:2120,2y28|m0|A|1181|-|ZN|-,2y28,ZN,3,2,2,0.04950097,0.28243954,0.47811546,0.18994403
sha256:4748babd2b6ac0706cd9ed4bcfd4855c8d2c5535f01813fb2e10b68b31a24c0f:row:2131,6ov6|m0|A|301|-|MN|-,6ov6,MN,3,0,0,0.50426662,0.05006344,0.13342305,0.31224689
sha256:4748babd2b6ac0706cd9ed4bcfd4855c8d2c5535f01813fb2e10b68b31a24c0f:row:2134,3kcx|m0|A|1350|-|FE|-,3kcx,FE,3,3,0,0.39133503,0.08182282,0.14448985,0.38235230
sha256:4748babd2b6ac0706cd9ed4bcfd4855c8d2c5535f01813fb2e10b68b31a24c0f:row:2141,5cg8|m0|A|402|-|MN|-,5cg8,MN,3,0,0,0.57287099,0.04674839,0.08268617,0.29769445
sha256:4748babd2b6ac0706cd9ed4bcfd4855c8d2c5535f01813fb2e10b68b31a24c0f:row:2145,1tvy|m0|A|403|-|MN|-,1tvy,MN,3,0,0,0.65134804,0.07046257,0.12332455,0.15486485
sha256:4748babd2b6ac0706cd9ed4bcfd4855c8d2c5535f01813fb2e10b68b31a24c0f:row:2147,7ne3|m0|A|2004|-|FE|-,7ne3,FE,3,3,0,0.49577652,0.06340089,0.09497266,0.34584993
sha256:4748babd2b6ac0706cd9ed4bcfd4855c8d2c5535f01813fb2e10b68b31a24c0f:row:2157,3oaj|m0|A|500|-|ZN|-,3oaj,ZN,3,2,3,0.13409023,0.05246853,0.13621782,0.67722343
sha256:4748babd2b6ac0706cd9ed4bcfd4855c8d2c5535f01813fb2e10b68b31a24c0f:row:2163,6guu|m0|A|701|-|ZN|-,6guu,ZN,3,2,2,0.03854822,0.05746630,0.79597111,0.10801438
sha256:4748babd2b6ac0706cd9ed4bcfd4855c8d2c5535f01813fb2e10b68b31a24c0f:row:2165,6ttn|m0|A|508|-|NI|-,6ttn,NI,3,3,3,0.32264511,0.09023460,0.07972586,0.50739444
sha256:4748babd2b6ac0706cd9ed4bcfd4855c8d2c5535f01813fb2e10b68b31a24c0f:row:2170,7m5c|m0|A|201|-|CU|-,7m5c,CU,3,1,3,0.05464376,0.27972762,0.17574407,0.48988455
sha256:4748babd2b6ac0706cd9ed4bcfd4855c8d2c5535f01813fb2e10b68b31a24c0f:row:2172,3e0i|m0|B|4270|-|CU|-,3e0i,CU,3,1,0,0.41137343,0.09605098,0.27987235,0.21270324
sha256:4748babd2b6ac0706cd9ed4bcfd4855c8d2c5535f01813fb2e10b68b31a24c0f:row:2174,4er8|m0|A|201|-|NI|-,4er8,NI,3,3,3,0.20168478,0.07115122,0.11485586,0.61230814
sha256:4748babd2b6ac0706cd9ed4bcfd4855c8d2c5535f01813fb2e10b68b31a24c0f:row:2175,5iav|m0|A|301|-|CO|-,5iav,CO,3,3,3,0.20741898,0.06531322,0.09617792,0.63108988
sha256:4748babd2b6ac0706cd9ed4bcfd4855c8d2c5535f01813fb2e10b68b31a24c0f:row:2177,4oak|m0|A|201|-|CU|-,4oak,CU,3,1,3,0.21841730,0.11679235,0.23678836,0.42800199
sha256:4748babd2b6ac0706cd9ed4bcfd4855c8d2c5535f01813fb2e10b68b31a24c0f:row:2179,7w7g|m0|A|3000|-|ZN|-,7w7g,ZN,3,2,2,0.04024618,0.05594636,0.79270586,0.11110160
sha256:4748babd2b6ac0706cd9ed4bcfd4855c8d2c5535f01813fb2e10b68b31a24c0f:row:2182,4h55|m0|A|302|-|MN|-,4h55,MN,3,0,0,0.79982391,0.03392442,0.07343887,0.09281280
sha256:4748babd2b6ac0706cd9ed4bcfd4855c8d2c5535f01813fb2e10b68b31a24c0f:row:2187,3ld0|m0|1|260|-|ZN|-,3ld0,ZN,3,2,2,0.04430287,0.05399484,0.71734624,0.18435605
sha256:4748babd2b6ac0706cd9ed4bcfd4855c8d2c5535f01813fb2e10b68b31a24c0f:row:2190,3hf8|m0|A|400|-|FE|-,3hf8,FE,3,3,3,0.07617728,0.04953818,0.09058857,0.78369597
sha256:4748babd2b6ac0706cd9ed4bcfd4855c8d2c5535f01813fb2e10b68b31a24c0f:row:2204,2uwf|m0|A|1367|-|CU|-,2uwf,CU,3,1,2,0.04944695,0.10945938,0.59541163,0.24568205
sha256:4748babd2b6ac0706cd9ed4bcfd4855c8d2c5535f01813fb2e10b68b31a24c0f:row:2209,2di3|m0|A|1002|-|ZN|-,2di3,ZN,3,2,3,0.28133823,0.07733299,0.08990772,0.55142106
sha256:4748babd2b6ac0706cd9ed4bcfd4855c8d2c5535f01813fb2e10b68b31a24c0f:row:2211,1knf|m0|A|500|-|FE|-,1knf,FE,3,3,3,0.18576025,0.04951133,0.07896603,0.68576239
sha256:4748babd2b6ac0706cd9ed4bcfd4855c8d2c5535f01813fb2e10b68b31a24c0f:row:2215,3tfc|m0|A|362|-|MN|-,3tfc,MN,3,0,0,0.50917074,0.08477917,0.23795932,0.16809078
sha256:4748babd2b6ac0706cd9ed4bcfd4855c8d2c5535f01813fb2e10b68b31a24c0f:row:2221,1xll|m0|A|398|-|ZN|-,1xll,ZN,3,2,0,0.47673712,0.05058265,0.12549291,0.34718732
sha256:4748babd2b6ac0706cd9ed4bcfd4855c8d2c5535f01813fb2e10b68b31a24c0f:row:2222,6zal|m0|A|404|-|FE|-,6zal,FE,3,3,3,0.39053562,0.03986161,0.08290506,0.48669771
sha256:4748babd2b6ac0706cd9ed4bcfd4855c8d2c5535f01813fb2e10b68b31a24c0f:row:2223,1fjm|m0|A|400|-|MN|-,1fjm,MN,3,0,0,0.66182195,0.05056686,0.08335974,0.20425144
sha256:4748babd2b6ac0706cd9ed4bcfd4855c8d2c5535f01813fb2e10b68b31a24c0f:row:2224,2uve|m0|B|1607|-|NI|-,2uve,NI,3,3,3,0.09736199,0.09840905,0.24918134,0.55504762
sha256:4748babd2b6ac0706cd9ed4bcfd4855c8d2c5535f01813fb2e10b68b31a24c0f:row:2235,7uy5|m0|D|900|-|ZN|-,7uy5,ZN,3,2,2,0.03874502,0.05345982,0.75510991,0.15268525
sha256:4748babd2b6ac0706cd9ed4bcfd4855c8d2c5535f01813fb2e10b68b31a24c0f:row:2238,1lm4|m0|A|603|-|FE|-,1lm4,FE,3,3,0,0.42481884,0.10590045,0.19666559,0.27261512
sha256:4748babd2b6ac0706cd9ed4bcfd4855c8d2c5535f01813fb2e10b68b31a24c0f:row:2242,6xm6|m0|A|501|-|CO|-,6xm6,CO,3,3,2,0.04487650,0.18648462,0.41976293,0.34887595
sha256:4748babd2b6ac0706cd9ed4bcfd4855c8d2c5535f01813fb2e10b68b31a24c0f:row:2243,4rro|m0|A|501|-|NI|-,4rro,NI,3,3,2,0.06295664,0.32298603,0.41925643,0.19480090
sha256:4748babd2b6ac0706cd9ed4bcfd4855c8d2c5535f01813fb2e10b68b31a24c0f:row:2256,1zkp|m0|A|246|-|ZN|-,1zkp,ZN,3,2,3,0.30934431,0.07764266,0.22570980,0.38730322
sha256:4748babd2b6ac0706cd9ed4bcfd4855c8d2c5535f01813fb2e10b68b31a24c0f:row:2257,2y5b|m0|A|1000|-|ZN|-,2y5b,ZN,3,2,2,0.04636800,0.04808340,0.76801336,0.13753524
sha256:4748babd2b6ac0706cd9ed4bcfd4855c8d2c5535f01813fb2e10b68b31a24c0f:row:2264,3qsz|m0|A|1|-|MN|-,3qsz,MN,3,0,3,0.29525640,0.05480323,0.20595695,0.44398342
sha256:4748babd2b6ac0706cd9ed4bcfd4855c8d2c5535f01813fb2e10b68b31a24c0f:row:2275,4xdh|m0|A|301|-|ZN|-,4xdh,ZN,3,2,2,0.03933858,0.29419745,0.52333109,0.14313288
sha256:4748babd2b6ac0706cd9ed4bcfd4855c8d2c5535f01813fb2e10b68b31a24c0f:row:2278,6q63|m0|A|901|-|CU|-,6q63,CU,3,1,2,0.03664784,0.07514512,0.74493608,0.14327096
sha256:4748babd2b6ac0706cd9ed4bcfd4855c8d2c5535f01813fb2e10b68b31a24c0f:row:2282,6qro|m0|A|401|-|ZN|-,6qro,ZN,3,2,3,0.15283990,0.05338171,0.29981545,0.49396293
sha256:4748babd2b6ac0706cd9ed4bcfd4855c8d2c5535f01813fb2e10b68b31a24c0f:row:2283,7s4l|m0|H|302|-|CU|-,7s4l,CU,3,1,0,0.30671470,0.25966981,0.28017275,0.15344274
sha256:4748babd2b6ac0706cd9ed4bcfd4855c8d2c5535f01813fb2e10b68b31a24c0f:row:2290,5ul5|m0|A|601|-|FE|-,5ul5,FE,3,3,3,0.14756205,0.08876738,0.06913099,0.69453958
sha256:4748babd2b6ac0706cd9ed4bcfd4855c8d2c5535f01813fb2e10b68b31a24c0f:row:2291,5hlo|m0|A|106|-|ZN|-,5hlo,ZN,3,2,3,0.05170935,0.20467957,0.18500649,0.55860459
sha256:4748babd2b6ac0706cd9ed4bcfd4855c8d2c5535f01813fb2e10b68b31a24c0f:row:2302,2d0w|m0|A|1205|-|ZN|-,2d0w,ZN,3,2,2,0.05316487,0.24018704,0.57742453,0.12922356
sha256:4748babd2b6ac0706cd9ed4bcfd4855c8d2c5535f01813fb2e10b68b31a24c0f:row:2308,1z84|m0|A|603|-|ZN|-,1z84,ZN,3,2,2,0.03573470,0.20201799,0.67230914,0.08993817
sha256:4748babd2b6ac0706cd9ed4bcfd4855c8d2c5535f01813fb2e10b68b31a24c0f:row:2314,1pdz|m0|A|440|-|MN|-,1pdz,MN,3,0,0,0.71712181,0.04276979,0.07025207,0.16985633
sha256:4748babd2b6ac0706cd9ed4bcfd4855c8d2c5535f01813fb2e10b68b31a24c0f:row:2315,1nx8|m0|C|300|-|FE|-,1nx8,FE,3,3,3,0.37275575,0.06446780,0.09102444,0.47175201
sha256:4748babd2b6ac0706cd9ed4bcfd4855c8d2c5535f01813fb2e10b68b31a24c0f:row:2324,3sb6|m0|B|163|-|CU|-,3sb6,CU,3,1,3,0.34092785,0.10689191,0.16908061,0.38309963
sha256:4748babd2b6ac0706cd9ed4bcfd4855c8d2c5535f01813fb2e10b68b31a24c0f:row:2327,1lnh|m0|A|858|-|FE|-,1lnh,FE,3,3,3,0.36270503,0.12316258,0.09204416,0.42208822
sha256:4748babd2b6ac0706cd9ed4bcfd4855c8d2c5535f01813fb2e10b68b31a24c0f:row:2331,7v8g|m0|C|801|-|ZN|-,7v8g,ZN,3,2,2,0.04271035,0.05191790,0.80100562,0.10436613
sha256:4748babd2b6ac0706cd9ed4bcfd4855c8d2c5535f01813fb2e10b68b31a24c0f:row:2337,3acl|m0|A|301|-|FE|-,3acl,FE,3,3,3,0.34420373,0.09339024,0.08866935,0.47373669
sha256:4748babd2b6ac0706cd9ed4bcfd4855c8d2c5535f01813fb2e10b68b31a24c0f:row:2339,4tsd|m0|A|201|-|ZN|-,4tsd,ZN,3,2,3,0.08256623,0.08916848,0.19304831,0.63521699
sha256:4748babd2b6ac0706cd9ed4bcfd4855c8d2c5535f01813fb2e10b68b31a24c0f:row:2345,7rwm|m0|A|401|-|ZN|-,7rwm,ZN,3,2,2,0.03963870,0.07344602,0.76663012,0.12028516
sha256:4748babd2b6ac0706cd9ed4bcfd4855c8d2c5535f01813fb2e10b68b31a24c0f:row:2348,1uzw|m0|A|1332|-|FE|-,1uzw,FE,3,3,3,0.27538385,0.04472687,0.12028420,0.55960507
sha256:4748babd2b6ac0706cd9ed4bcfd4855c8d2c5535f01813fb2e10b68b31a24c0f:row:2350,4a8p|m0|A|1341|-|NI|-,4a8p,NI,3,3,3,0.18267556,0.09488165,0.33845289,0.38398990
sha256:4748babd2b6ac0706cd9ed4bcfd4855c8d2c5535f01813fb2e10b68b31a24c0f:row:2351,4nm6|m0|A|2004|-|FE|-,4nm6,FE,3,3,0,0.51136271,0.05809551,0.09142709,0.33911470
sha256:4748babd2b6ac0706cd9ed4bcfd4855c8d2c5535f01813fb2e10b68b31a24c0f:row:2355,6ae9|m0|A|406|-|MN|-,6ae9,MN,3,0,3,0.39071642,0.04524883,0.14761758,0.41641717
sha256:4748babd2b6ac0706cd9ed4bcfd4855c8d2c5535f01813fb2e10b68b31a24c0f:row:2356,1y7w|m0|B|285|-|ZN|-,1y7w,ZN,3,2,2,0.06210314,0.11783593,0.50007525,0.31998568
sha256:4748babd2b6ac0706cd9ed4bcfd4855c8d2c5535f01813fb2e10b68b31a24c0f:row:2357,3zky|m0|A|1332|-|FE|-,3zky,FE,3,3,3,0.33747734,0.05336150,0.08475770,0.52440346
sha256:4748babd2b6ac0706cd9ed4bcfd4855c8d2c5535f01813fb2e10b68b31a24c0f:row:2367,4yci|m0|A|303|-|ZN|-,4yci,ZN,3,2,2,0.04463189,0.11485067,0.66954558,0.17097187
sha256:4748babd2b6ac0706cd9ed4bcfd4855c8d2c5535f01813fb2e10b68b31a24c0f:row:2370,3bsn|m0|A|513|-|MN|-,3bsn,MN,3,0,0,0.57478392,0.03603389,0.12073566,0.26844653
sha256:4748babd2b6ac0706cd9ed4bcfd4855c8d2c5535f01813fb2e10b68b31a24c0f:row:2373,6j28|m0|A|403|-|FE|-,6j28,FE,3,3,2,0.04374727,0.04978596,0.74762716,0.15883962
sha256:4748babd2b6ac0706cd9ed4bcfd4855c8d2c5535f01813fb2e10b68b31a24c0f:row:2375,7r7j|m0|A|603|-|ZN|-,7r7j,ZN,3,2,2,0.04724873,0.06085538,0.75638184,0.13551405
sha256:4748babd2b6ac0706cd9ed4bcfd4855c8d2c5535f01813fb2e10b68b31a24c0f:row:2383,5kfc|m0|A|501|-|MN|-,5kfc,MN,3,0,0,0.75629428,0.03741882,0.07478231,0.13150459
sha256:4748babd2b6ac0706cd9ed4bcfd4855c8d2c5535f01813fb2e10b68b31a24c0f:row:2386,2pli|m0|B|708|-|ZN|-,2pli,ZN,3,2,2,0.07613422,0.10679585,0.67291189,0.14415804
sha256:4748babd2b6ac0706cd9ed4bcfd4855c8d2c5535f01813fb2e10b68b31a24c0f:row:2406,4njq|m0|A|502|-|CO|-,4njq,CO,3,3,2,0.10352182,0.06607663,0.59759449,0.23280705
sha256:4748babd2b6ac0706cd9ed4bcfd4855c8d2c5535f01813fb2e10b68b31a24c0f:row:2422,3vv9|m0|B|502|-|FE|-,3vv9,FE,3,3,0,0.43689347,0.04485828,0.40828343,0.10996482
sha256:4748babd2b6ac0706cd9ed4bcfd4855c8d2c5535f01813fb2e10b68b31a24c0f:row:2425,2fpr|m0|A|502|-|ZN|-,2fpr,ZN,3,2,2,0.04485900,0.06745520,0.77286520,0.11482060
sha256:4748babd2b6ac0706cd9ed4bcfd4855c8d2c5535f01813fb2e10b68b31a24c0f:row:2436,8amq|m0|A|2003|-|NI|-,8amq,NI,3,3,3,0.09374467,0.06978211,0.37645581,0.46001741
sha256:4748babd2b6ac0706cd9ed4bcfd4855c8d2c5535f01813fb2e10b68b31a24c0f:row:2441,4gul|m0|A|1001|-|FE|-,4gul,FE,3,3,3,0.33201985,0.06507075,0.08381174,0.51909766
sha256:4748babd2b6ac0706cd9ed4bcfd4855c8d2c5535f01813fb2e10b68b31a24c0f:row:2445,3rnb|m0|A|501|-|FE|-,3rnb,FE,3,3,0,0.65183282,0.04436798,0.06568438,0.23811482
sha256:4748babd2b6ac0706cd9ed4bcfd4855c8d2c5535f01813fb2e10b68b31a24c0f:row:2446,7mg7|m0|B|301|-|MN|-,7mg7,MN,3,0,0,0.76367848,0.03227341,0.07029260,0.13375550
sha256:4748babd2b6ac0706cd9ed4bcfd4855c8d2c5535f01813fb2e10b68b31a24c0f:row:2450,6dk7|m0|D|702|-|CO|-,6dk7,CO,3,3,2,0.27940029,0.11488104,0.32813508,0.27758359
sha256:4748babd2b6ac0706cd9ed4bcfd4855c8d2c5535f01813fb2e10b68b31a24c0f:row:2468,7e1v|m0|E|401|-|CU|-,7e1v,CU,3,1,1,0.03503098,0.48436803,0.36701852,0.11358246
sha256:4748babd2b6ac0706cd9ed4bcfd4855c8d2c5535f01813fb2e10b68b31a24c0f:row:2471,3dwd|m0|A|501|-|ZN|-,3dwd,ZN,3,2,2,0.05048184,0.04974753,0.79832904,0.10144159
sha256:4748babd2b6ac0706cd9ed4bcfd4855c8d2c5535f01813fb2e10b68b31a24c0f:row:2472,7v2u|m0|A|1302|-|FE|-,7v2u,FE,3,3,3,0.41854487,0.05039311,0.06758056,0.46348146
sha256:4748babd2b6ac0706cd9ed4bcfd4855c8d2c5535f01813fb2e10b68b31a24c0f:row:2478,1ru3|m0|A|734|-|NI|-,1ru3,NI,3,3,2,0.04310199,0.27150046,0.48706022,0.19833733
sha256:4748babd2b6ac0706cd9ed4bcfd4855c8d2c5535f01813fb2e10b68b31a24c0f:row:2480,4ayc|m0|A|1485|-|ZN|-,4ayc,ZN,3,2,2,0.03862513,0.06946597,0.76366602,0.12824288
sha256:4748babd2b6ac0706cd9ed4bcfd4855c8d2c5535f01813fb2e10b68b31a24c0f:row:2491,2gru|m0|B|602|-|CO|-,2gru,CO,3,3,3,0.13440806,0.07392012,0.13201147,0.65966035
sha256:4748babd2b6ac0706cd9ed4bcfd4855c8d2c5535f01813fb2e10b68b31a24c0f:row:2494,4ryy|m0|B|601|-|FE|-,4ryy,FE,3,3,3,0.29419957,0.08715964,0.07762155,0.54101924
sha256:4748babd2b6ac0706cd9ed4bcfd4855c8d2c5535f01813fb2e10b68b31a24c0f:row:2510,5xko|m0|A|203|-|ZN|L,5xko,ZN,3,2,2,0.04365356,0.09657238,0.70791836,0.15185569
sha256:4748babd2b6ac0706cd9ed4bcfd4855c8d2c5535f01813fb2e10b68b31a24c0f:row:2514,7kik|m0|A|201|-|MN|-,7kik,MN,3,0,0,0.68209685,0.06326208,0.11553351,0.13910756
sha256:4748babd2b6ac0706cd9ed4bcfd4855c8d2c5535f01813fb2e10b68b31a24c0f:row:2518,6xpe|m0|A|403|-|ZN|-,6xpe,ZN,3,2,2,0.05801781,0.09533230,0.64161598,0.20503391
sha256:4748babd2b6ac0706cd9ed4bcfd4855c8d2c5535f01813fb2e10b68b31a24c0f:row:2522,4xdo|m0|A|402|-|FE|-,4xdo,FE,3,3,3,0.24430994,0.06629067,0.16335519,0.52604419
sha256:4748babd2b6ac0706cd9ed4bcfd4855c8d2c5535f01813fb2e10b68b31a24c0f:row:2524,4c3b|m0|A|201|-|ZN|-,4c3b,ZN,3,2,2,0.04545894,0.06174374,0.73639811,0.15639921
sha256:4748babd2b6ac0706cd9ed4bcfd4855c8d2c5535f01813fb2e10b68b31a24c0f:row:2527,1kgo|m0|A|1001|-|FE|-,1kgo,FE,3,3,3,0.15246223,0.06389841,0.18447196,0.59916740
sha256:4748babd2b6ac0706cd9ed4bcfd4855c8d2c5535f01813fb2e10b68b31a24c0f:row:2529,1g5b|m0|A|1005|-|MN|-,1g5b,MN,3,0,0,0.68502900,0.04854458,0.07599961,0.19042681
sha256:4748babd2b6ac0706cd9ed4bcfd4855c8d2c5535f01813fb2e10b68b31a24c0f:row:2534,3ww3|m0|B|401|-|MN|-,3ww3,MN,3,0,0,0.67889127,0.05317449,0.10114111,0.16679313
sha256:4748babd2b6ac0706cd9ed4bcfd4855c8d2c5535f01813fb2e10b68b31a24c0f:row:2546,1imc|m0|A|279|-|MN|-,1imc,MN,3,0,0,0.69069909,0.07170681,0.14425068,0.09334341
sha256:4748babd2b6ac0706cd9ed4bcfd4855c8d2c5535f01813fb2e10b68b31a24c0f:row:2563,3nkt|m0|A|369|-|FE|-,3nkt,FE,3,3,3,0.09920463,0.13376639,0.11516859,0.65186039
sha256:4748babd2b6ac0706cd9ed4bcfd4855c8d2c5535f01813fb2e10b68b31a24c0f:row:2566,1ekm|m0|A|701|-|ZN|-,1ekm,ZN,3,2,1,0.04390366,0.59836337,0.17276854,0.18496442
sha256:4748babd2b6ac0706cd9ed4bcfd4855c8d2c5535f01813fb2e10b68b31a24c0f:row:2568,5b7z|m0|A|305|-|NI|-,5b7z,NI,3,3,0,0.40644096,0.07030326,0.17456177,0.34869401
sha256:4748babd2b6ac0706cd9ed4bcfd4855c8d2c5535f01813fb2e10b68b31a24c0f:row:2577,4lk2|m0|A|701|-|NI|-,4lk2,NI,3,3,2,0.06529135,0.14172631,0.61937588,0.17360645
sha256:4748babd2b6ac0706cd9ed4bcfd4855c8d2c5535f01813fb2e10b68b31a24c0f:row:2578,4gua|m0|A|1719|-|ZN|-,4gua,ZN,3,2,2,0.03681925,0.28723019,0.57388332,0.10206724
sha256:4748babd2b6ac0706cd9ed4bcfd4855c8d2c5535f01813fb2e10b68b31a24c0f:row:2581,3adr|m0|A|263|-|ZN|-,3adr,ZN,3,2,0,0.46596771,0.05930819,0.10570356,0.36902054
sha256:4748babd2b6ac0706cd9ed4bcfd4855c8d2c5535f01813fb2e10b68b31a24c0f:row:2589,8oqh|m0|A|501|-|ZN|-,8oqh,ZN,3,2,2,0.04886525,0.05272079,0.76341018,0.13500377
sha256:4748babd2b6ac0706cd9ed4bcfd4855c8d2c5535f01813fb2e10b68b31a24c0f:row:2598,3iht|m0|A|174|-|NI|-,3iht,NI,3,3,2,0.07953641,0.09791732,0.70999921,0.11254705
sha256:4748babd2b6ac0706cd9ed4bcfd4855c8d2c5535f01813fb2e10b68b31a24c0f:row:2608,1dgl|m0|A|302|-|MN|-,1dgl,MN,3,0,0,0.75087566,0.03835911,0.07419968,0.13656555
sha256:4748babd2b6ac0706cd9ed4bcfd4855c8d2c5535f01813fb2e10b68b31a24c0f:row:2613,3rpc|m0|A|302|-|ZN|-,3rpc,ZN,3,2,0,0.42111582,0.05106082,0.10887228,0.41895108
sha256:4748babd2b6ac0706cd9ed4bcfd4855c8d2c5535f01813fb2e10b68b31a24c0f:row:2615,4qxb|m0|C|601|-|NI|-,4qxb,NI,3,3,3,0.21603591,0.07385471,0.07947815,0.63063123
sha256:4748babd2b6ac0706cd9ed4bcfd4855c8d2c5535f01813fb2e10b68b31a24c0f:row:2621,7vyj|m0|B|701|-|FE|-,7vyj,FE,3,3,0,0.59885535,0.04026415,0.07563025,0.28525025
sha256:4748babd2b6ac0706cd9ed4bcfd4855c8d2c5535f01813fb2e10b68b31a24c0f:row:2623,7duf|m0|A|402|-|ZN|-,7duf,ZN,3,2,2,0.04068699,0.09594753,0.76132103,0.10204444
sha256:4748babd2b6ac0706cd9ed4bcfd4855c8d2c5535f01813fb2e10b68b31a24c0f:row:2634,1dsz|m0|A|1122|-|ZN|-,1dsz,ZN,3,2,2,0.04386796,0.05197074,0.81119429,0.09296700
sha256:4748babd2b6ac0706cd9ed4bcfd4855c8d2c5535f01813fb2e10b68b31a24c0f:row:2635,3bvq|m0|B|902|-|FE|-,3bvq,FE,3,3,2,0.06065142,0.05711235,0.77210594,0.11013030
sha256:4748babd2b6ac0706cd9ed4bcfd4855c8d2c5535f01813fb2e10b68b31a24c0f:row:2640,3zu0|m0|A|1596|-|ZN|-,3zu0,ZN,3,2,0,0.43122155,0.06798519,0.15107947,0.34971380
sha256:4748babd2b6ac0706cd9ed4bcfd4855c8d2c5535f01813fb2e10b68b31a24c0f:row:2650,6n9i|m0|A|313|-|FE|-,6n9i,FE,3,3,0,0.45387266,0.04124387,0.11518529,0.38969818
sha256:4748babd2b6ac0706cd9ed4bcfd4855c8d2c5535f01813fb2e10b68b31a24c0f:row:2652,7pxp|m0|A|201|-|ZN|-,7pxp,ZN,3,2,2,0.03784348,0.05854200,0.72919370,0.17442082
sha256:4748babd2b6ac0706cd9ed4bcfd4855c8d2c5535f01813fb2e10b68b31a24c0f:row:2653,2vxx|m0|B|202|-|ZN|-,2vxx,ZN,3,2,3,0.10928011,0.09824417,0.17084998,0.62162574
sha256:4748babd2b6ac0706cd9ed4bcfd4855c8d2c5535f01813fb2e10b68b31a24c0f:row:2660,5edv|m0|A|2008|-|ZN|-,5edv,ZN,3,2,2,0.03681473,0.06005177,0.81720201,0.08593148
sha256:4748babd2b6ac0706cd9ed4bcfd4855c8d2c5535f01813fb2e10b68b31a24c0f:row:2662,7opl|m0|A|1501|-|ZN|-,7opl,ZN,3,2,2,0.03704607,0.06625052,0.81534860,0.08135480
sha256:4748babd2b6ac0706cd9ed4bcfd4855c8d2c5535f01813fb2e10b68b31a24c0f:row:2665,5udu|m0|A|301|-|MN|-,5udu,MN,3,0,0,0.54386820,0.03980351,0.23847297,0.17785532
sha256:4748babd2b6ac0706cd9ed4bcfd4855c8d2c5535f01813fb2e10b68b31a24c0f:row:2671,7l5f|m0|A|302|-|CO|-,7l5f,CO,3,3,0,0.38874727,0.06421628,0.19341695,0.35361950
sha256:4748babd2b6ac0706cd9ed4bcfd4855c8d2c5535f01813fb2e10b68b31a24c0f:row:2681,2y20|m0|A|1331|-|ZN|-,2y20,ZN,3,2,2,0.07611675,0.07602556,0.62086173,0.22699597
sha256:4748babd2b6ac0706cd9ed4bcfd4855c8d2c5535f01813fb2e10b68b31a24c0f:row:2691,8dfd|m0|B|601|-|FE|-,8dfd,FE,3,3,0,0.46369059,0.03398635,0.17894037,0.32338269
sha256:4748babd2b6ac0706cd9ed4bcfd4855c8d2c5535f01813fb2e10b68b31a24c0f:row:2695,7diy|m0|B|302|-|ZN|-,7diy,ZN,3,2,2,0.04350169,0.18670965,0.65428131,0.11550735
sha256:4748babd2b6ac0706cd9ed4bcfd4855c8d2c5535f01813fb2e10b68b31a24c0f:row:2696,2r9z|m0|A|466|-|NI|-,2r9z,NI,3,3,3,0.11103161,0.07013976,0.36202620,0.45680244
sha256:4748babd2b6ac0706cd9ed4bcfd4855c8d2c5535f01813fb2e10b68b31a24c0f:row:2698,5zi6|m0|A|701|-|ZN|-,5zi6,ZN,3,2,2,0.04414617,0.04709831,0.77514069,0.13361484
sha256:4748babd2b6ac0706cd9ed4bcfd4855c8d2c5535f01813fb2e10b68b31a24c0f:row:2712,3lp1|m0|A|603|-|MN|-,3lp1,MN,3,0,0,0.68816934,0.03379477,0.15848539,0.11955049
sha256:4748babd2b6ac0706cd9ed4bcfd4855c8d2c5535f01813fb2e10b68b31a24c0f:row:2722,4ccm|m0|A|901|-|MN|-,4ccm,MN,3,0,0,0.64288141,0.04675036,0.07899758,0.23137065
sha256:4748babd2b6ac0706cd9ed4bcfd4855c8d2c5535f01813fb2e10b68b31a24c0f:row:2727,4wsq|m0|A|403|-|ZN|-,4wsq,ZN,3,2,0,0.37309808,0.12344367,0.32372700,0.17973126
sha256:4748babd2b6ac0706cd9ed4bcfd4855c8d2c5535f01813fb2e10b68b31a24c0f:row:2732,4hsj|m0|A|201|-|FE|-,4hsj,FE,3,3,0,0.35559707,0.09366529,0.33136496,0.21937268
sha256:4748babd2b6ac0706cd9ed4bcfd4855c8d2c5535f01813fb2e10b68b31a24c0f:row:2740,4ryx|m0|A|601|-|FE|-,4ryx,FE,3,3,3,0.08900850,0.08434075,0.07018703,0.75646371
sha256:4748babd2b6ac0706cd9ed4bcfd4855c8d2c5535f01813fb2e10b68b31a24c0f:row:2748,8pjn|m0|b|501|-|ZN|-,8pjn,ZN,3,2,2,0.04188732,0.06785166,0.79758717,0.09267386
sha256:4748babd2b6ac0706cd9ed4bcfd4855c8d2c5535f01813fb2e10b68b31a24c0f:row:2749,1xb0|m0|A|902|-|ZN|-,1xb0,ZN,3,2,2,0.12658798,0.13886022,0.62366809,0.11088371
sha256:4748babd2b6ac0706cd9ed4bcfd4855c8d2c5535f01813fb2e10b68b31a24c0f:row:2754,6lhd|m0|A|401|-|ZN|-,6lhd,ZN,3,2,2,0.03561486,0.10163464,0.76921473,0.09353577
sha256:4748babd2b6ac0706cd9ed4bcfd4855c8d2c5535f01813fb2e10b68b31a24c0f:row:2755,5py4|m0|A|902|-|ZN|-,5py4,ZN,3,2,2,0.04468714,0.05154560,0.78684280,0.11692446
sha256:4748babd2b6ac0706cd9ed4bcfd4855c8d2c5535f01813fb2e10b68b31a24c0f:row:2756,1opm|m0|A|357|-|CU|-,1opm,CU,3,1,1,0.02515407,0.70432443,0.21216015,0.05836135
sha256:4748babd2b6ac0706cd9ed4bcfd4855c8d2c5535f01813fb2e10b68b31a24c0f:row:2761,1nfz|m0|A|201|-|MN|-,1nfz,MN,3,0,0,0.65526375,0.06039704,0.09998424,0.18435497
sha256:4748babd2b6ac0706cd9ed4bcfd4855c8d2c5535f01813fb2e10b68b31a24c0f:row:2766,7onb|m0|N|601|-|ZN|-,7onb,ZN,3,2,2,0.06151509,0.07364197,0.66916085,0.19568208
sha256:4748babd2b6ac0706cd9ed4bcfd4855c8d2c5535f01813fb2e10b68b31a24c0f:row:2781,4xfh|m0|A|501|-|FE|-,4xfh,FE,3,3,2,0.04934572,0.14292179,0.44604819,0.36168429
sha256:4748babd2b6ac0706cd9ed4bcfd4855c8d2c5535f01813fb2e10b68b31a24c0f:row:2790,7yos|m0|B|501|-|MN|-,7yos,MN,3,0,0,0.54492461,0.06877670,0.22419905,0.16209963
sha256:4748babd2b6ac0706cd9ed4bcfd4855c8d2c5535f01813fb2e10b68b31a24c0f:row:2791,3p4h|m0|A|118|-|MN|-,3p4h,MN,3,0,0,0.68547764,0.05500857,0.11113293,0.14838086
sha256:4748babd2b6ac0706cd9ed4bcfd4855c8d2c5535f01813fb2e10b68b31a24c0f:row:2793,3lp0|m0|A|603|-|MN|-,3lp0,MN,3,0,0,0.69430159,0.05622209,0.14629952,0.10317681
sha256:4748babd2b6ac0706cd9ed4bcfd4855c8d2c5535f01813fb2e10b68b31a24c0f:row:2797,7u83|m0|A|501|-|MN|-,7u83,MN,3,0,0,0.72384278,0.03810763,0.07661722,0.16143238
sha256:4748babd2b6ac0706cd9ed4bcfd4855c8d2c5535f01813fb2e10b68b31a24c0f:row:2807,3htr|m0|A|119|-|ZN|-,3htr,ZN,3,2,0,0.47559400,0.05206721,0.27841134,0.19392745
sha256:4748babd2b6ac0706cd9ed4bcfd4855c8d2c5535f01813fb2e10b68b31a24c0f:row:2808,8a6z|m0|A|503|-|MN|-,8a6z,MN,3,0,0,0.54542640,0.05478523,0.25700324,0.14278512
sha256:4748babd2b6ac0706cd9ed4bcfd4855c8d2c5535f01813fb2e10b68b31a24c0f:row:2811,2dfy|m0|C|601|-|ZN|-,2dfy,ZN,3,2,2,0.03870769,0.07572567,0.78288709,0.10267955
sha256:4748babd2b6ac0706cd9ed4bcfd4855c8d2c5535f01813fb2e10b68b31a24c0f:row:2815,7eut|m0|A|401|-|CU|-,7eut,CU,3,1,0,0.44500399,0.10020869,0.13957924,0.31520808
sha256:4748babd2b6ac0706cd9ed4bcfd4855c8d2c5535f01813fb2e10b68b31a24c0f:row:2816,8hmo|m0|C|302|-|MN|-,8hmo,MN,3,0,0,0.56195099,0.07150592,0.15325552,0.21328757
sha256:4748babd2b6ac0706cd9ed4bcfd4855c8d2c5535f01813fb2e10b68b31a24c0f:row:2824,1fb1|m0|A|300|-|ZN|-,1fb1,ZN,3,2,2,0.03684484,0.11021014,0.75324328,0.09970174
sha256:4748babd2b6ac0706cd9ed4bcfd4855c8d2c5535f01813fb2e10b68b31a24c0f:row:2839,4wn2|m0|A|401|-|MN|-,4wn2,MN,3,0,3,0.32204977,0.06894505,0.17790784,0.43109734
sha256:4748babd2b6ac0706cd9ed4bcfd4855c8d2c5535f01813fb2e10b68b31a24c0f:row:2840,5af0|m0|A|501|-|ZN|-,5af0,ZN,3,2,2,0.09332439,0.10738456,0.62160875,0.17768230
sha256:4748babd2b6ac0706cd9ed4bcfd4855c8d2c5535f01813fb2e10b68b31a24c0f:row:2842,2q7d|m0|A|902|-|MN|-,2q7d,MN,3,0,0,0.62595574,0.04547869,0.11787108,0.21069448
sha256:4748babd2b6ac0706cd9ed4bcfd4855c8d2c5535f01813fb2e10b68b31a24c0f:row:2844,1qgl|m0|A|239|-|MN|-,1qgl,MN,3,0,0,0.83287059,0.03547612,0.05742458,0.07422871
sha256:4748babd2b6ac0706cd9ed4bcfd4855c8d2c5535f01813fb2e10b68b31a24c0f:row:2845,2cw3|m0|A|524|-|FE|-,2cw3,FE,3,3,3,0.16576278,0.08850252,0.15100596,0.59472874
sha256:4748babd2b6ac0706cd9ed4bcfd4855c8d2c5535f01813fb2e10b68b31a24c0f:row:2858,3ta5|m0|A|200|-|CO|-,3ta5,CO,3,3,3,0.23363376,0.08377018,0.19033782,0.49225824
sha256:4748babd2b6ac0706cd9ed4bcfd4855c8d2c5535f01813fb2e10b68b31a24c0f:row:2865,5ib5|m0|A|302|-|CU|-,5ib5,CU,3,1,2,0.21291309,0.08613814,0.48375370,0.21719508
sha256:4748babd2b6ac0706cd9ed4bcfd4855c8d2c5535f01813fb2e10b68b31a24c0f:row:2867,7quy|m0|C|403|-|ZN|-,7quy,ZN,3,2,2,0.05009426,0.06989405,0.76925329,0.11075839
sha256:4748babd2b6ac0706cd9ed4bcfd4855c8d2c5535f01813fb2e10b68b31a24c0f:row:2868,7f0j|m0|B|701|-|ZN|-,7f0j,ZN,3,2,2,0.04004104,0.05860898,0.78911334,0.11223664
sha256:4748babd2b6ac0706cd9ed4bcfd4855c8d2c5535f01813fb2e10b68b31a24c0f:row:2871,6h08|m0|A|302|-|CO|-,6h08,CO,3,3,3,0.06289168,0.17367080,0.27688211,0.48655540
sha256:4748babd2b6ac0706cd9ed4bcfd4855c8d2c5535f01813fb2e10b68b31a24c0f:row:2882,3dh8|m0|A|998|-|FE|-,3dh8,FE,3,3,3,0.32605762,0.07953066,0.08645506,0.50795666
sha256:4748babd2b6ac0706cd9ed4bcfd4855c8d2c5535f01813fb2e10b68b31a24c0f:row:2885,4bxf|m0|B|601|-|MN|-,4bxf,MN,3,0,0,0.55996676,0.06196363,0.09854588,0.27952374
sha256:4748babd2b6ac0706cd9ed4bcfd4855c8d2c5535f01813fb2e10b68b31a24c0f:row:2900,5trx|m0|C|401|-|FE|-,5trx,FE,3,3,3,0.41995657,0.05162468,0.06413880,0.46427995
sha256:4748babd2b6ac0706cd9ed4bcfd4855c8d2c5535f01813fb2e10b68b31a24c0f:row:2903,7d4p|m0|A|805|-|ZN|-,7d4p,ZN,3,2,2,0.03907661,0.07177470,0.56534219,0.32380651
sha256:4748babd2b6ac0706cd9ed4bcfd4855c8d2c5535f01813fb2e10b68b31a24c0f:row:2904,4z2w|m0|A|403|-|FE|-,4z2w,FE,3,3,3,0.12443715,0.06154113,0.30158877,0.51243295
sha256:4748babd2b6ac0706cd9ed4bcfd4855c8d2c5535f01813fb2e10b68b31a24c0f:row:2906,4gae|m0|B|504|-|MN|-,4gae,MN,3,0,0,0.79473540,0.04191284,0.06758575,0.09576601
sha256:4748babd2b6ac0706cd9ed4bcfd4855c8d2c5535f01813fb2e10b68b31a24c0f:row:2916,4zb0|m0|A|403|-|MN|-,4zb0,MN,3,0,0,0.63551105,0.04117389,0.12429326,0.19902180
sha256:4748babd2b6ac0706cd9ed4bcfd4855c8d2c5535f01813fb2e10b68b31a24c0f:row:2921,6a9u|m0|A|602|-|MN|-,6a9u,MN,3,0,0,0.77141245,0.03717391,0.05774145,0.13367219
sha256:4748babd2b6ac0706cd9ed4bcfd4855c8d2c5535f01813fb2e10b68b31a24c0f:row:2922,4o62|m0|A|1001|-|ZN|-,4o62,ZN,3,2,2,0.03943795,0.05369136,0.78417312,0.12269757
sha256:4748babd2b6ac0706cd9ed4bcfd4855c8d2c5535f01813fb2e10b68b31a24c0f:row:2932,4qdf|m0|B|401|-|FE|-,4qdf,FE,3,3,3,0.18134959,0.06562675,0.24569580,0.50732786
sha256:4748babd2b6ac0706cd9ed4bcfd4855c8d2c5535f01813fb2e10b68b31a24c0f:row:2934,8e3u|m0|D|601|-|FE|-,8e3u,FE,3,3,3,0.25395294,0.04544472,0.11944630,0.58115603
sha256:4748babd2b6ac0706cd9ed4bcfd4855c8d2c5535f01813fb2e10b68b31a24c0f:row:2945,6uml|m0|E|501|-|ZN|-,6uml,ZN,3,2,2,0.05591311,0.09700687,0.67087876,0.17620126
sha256:4748babd2b6ac0706cd9ed4bcfd4855c8d2c5535f01813fb2e10b68b31a24c0f:row:2952,1wl9|m0|A|1002|-|MN|-,1wl9,MN,3,0,0,0.77024032,0.03390423,0.09404439,0.10181106
sha256:4748babd2b6ac0706cd9ed4bcfd4855c8d2c5535f01813fb2e10b68b31a24c0f:row:2956,4low|m0|A|106|-|NI|-,4low,NI,3,3,2,0.08859901,0.12306960,0.44154759,0.34678380
sha256:4748babd2b6ac0706cd9ed4bcfd4855c8d2c5535f01813fb2e10b68b31a24c0f:row:2957,1b6a|m0|A|481|-|CO|-,1b6a,CO,3,3,0,0.51494587,0.05291159,0.09717989,0.33496265
sha256:4748babd2b6ac0706cd9ed4bcfd4855c8d2c5535f01813fb2e10b68b31a24c0f:row:2960,1e5h|m0|A|901|-|FE|-,1e5h,FE,3,3,0,0.48610094,0.04814876,0.08254955,0.38320075
sha256:4748babd2b6ac0706cd9ed4bcfd4855c8d2c5535f01813fb2e10b68b31a24c0f:row:2969,3ovg|m0|A|362|-|ZN|-,3ovg,ZN,3,2,0,0.52226354,0.07817073,0.09241071,0.30715503
sha256:4748babd2b6ac0706cd9ed4bcfd4855c8d2c5535f01813fb2e10b68b31a24c0f:row:2978,7f6x|m0|B|202|-|FE|-,7f6x,FE,3,3,3,0.25434318,0.05934094,0.08525570,0.60106019
sha256:4748babd2b6ac0706cd9ed4bcfd4855c8d2c5535f01813fb2e10b68b31a24c0f:row:2980,6ir9|m0|M|201|-|ZN|-,6ir9,ZN,3,2,2,0.03671832,0.07577429,0.74486012,0.14264727
sha256:4748babd2b6ac0706cd9ed4bcfd4855c8d2c5535f01813fb2e10b68b31a24c0f:row:2982,3lqi|m0|A|1|-|ZN|-,3lqi,ZN,3,2,2,0.05367644,0.07106740,0.76337094,0.11188523
sha256:4748babd2b6ac0706cd9ed4bcfd4855c8d2c5535f01813fb2e10b68b31a24c0f:row:2983,4auq|m0|B|1299|-|ZN|-,4auq,ZN,3,2,2,0.03788044,0.05703318,0.79351874,0.11156764
sha256:4748babd2b6ac0706cd9ed4bcfd4855c8d2c5535f01813fb2e10b68b31a24c0f:row:2984,3ld0|m0|2|60|-|ZN|-,3ld0,ZN,3,2,2,0.03980332,0.05839020,0.72841968,0.17338680
sha256:4748babd2b6ac0706cd9ed4bcfd4855c8d2c5535f01813fb2e10b68b31a24c0f:row:2985,8q40|m0|A|502|-|MN|-,8q40,MN,3,0,0,0.51797310,0.10878496,0.25073645,0.12250550
sha256:4748babd2b6ac0706cd9ed4bcfd4855c8d2c5535f01813fb2e10b68b31a24c0f:row:2988,3fxo|m0|A|391|-|MN|-,3fxo,MN,3,0,0,0.64431509,0.04660462,0.18594330,0.12313699
sha256:4748babd2b6ac0706cd9ed4bcfd4855c8d2c5535f01813fb2e10b68b31a24c0f:row:2989,3e38|m0|A|2|-|ZN|-,3e38,ZN,3,2,0,0.42813567,0.05379555,0.09329974,0.42476903
sha256:4748babd2b6ac0706cd9ed4bcfd4855c8d2c5535f01813fb2e10b68b31a24c0f:row:2991,2yvr|m0|A|1002|-|ZN|-,2yvr,ZN,3,2,2,0.03966813,0.18441342,0.69081502,0.08510343
sha256:4748babd2b6ac0706cd9ed4bcfd4855c8d2c5535f01813fb2e10b68b31a24c0f:row:2994,1sr9|m0|A|704|-|ZN|-,1sr9,ZN,3,2,3,0.15778765,0.07554218,0.09416916,0.67250101
sha256:4748babd2b6ac0706cd9ed4bcfd4855c8d2c5535f01813fb2e10b68b31a24c0f:row:2995,1dgl|m0|B|302|-|MN|-,1dgl,MN,3,0,0,0.60766869,0.04032851,0.11887320,0.23312959
sha256:4748babd2b6ac0706cd9ed4bcfd4855c8d2c5535f01813fb2e10b68b31a24c0f:row:2997,2wbt|m0|A|1131|-|ZN|-,2wbt,ZN,3,2,2,0.05088761,0.09410195,0.61566029,0.23935015
sha256:4748babd2b6ac0706cd9ed4bcfd4855c8d2c5535f01813fb2e10b68b31a24c0f:row:3018,3m5q|m0|A|381|-|MN|-,3m5q,MN,3,0,0,0.79647899,0.03881530,0.06477183,0.09993387
sha256:4748babd2b6ac0706cd9ed4bcfd4855c8d2c5535f01813fb2e10b68b31a24c0f:row:3029,5k8o|m0|A|501|-|MN|-,5k8o,MN,3,0,0,0.65465543,0.03884764,0.10604267,0.20045426
sha256:4748babd2b6ac0706cd9ed4bcfd4855c8d2c5535f01813fb2e10b68b31a24c0f:row:3052,4ddv|m0|A|2002|-|ZN|-,4ddv,ZN,3,2,2,0.04486740,0.05314182,0.77692742,0.12506336
sha256:4748babd2b6ac0706cd9ed4bcfd4855c8d2c5535f01813fb2e10b68b31a24c0f:row:3054,6et9|m0|E|201|-|ZN|-,6et9,ZN,3,2,2,0.03784496,0.05432779,0.78627974,0.12154750
sha256:4748babd2b6ac0706cd9ed4bcfd4855c8d2c5535f01813fb2e10b68b31a24c0f:row:3065,1f66|m0|G|1128|-|MN|-,1f66,MN,3,0,1,0.11662117,0.51830781,0.26361673,0.10145430
sha256:4748babd2b6ac0706cd9ed4bcfd4855c8d2c5535f01813fb2e10b68b31a24c0f:row:3076,5m8l|m0|A|514|-|ZN|-,5m8l,ZN,3,2,3,0.10210318,0.06685142,0.31995698,0.51108842
sha256:4748babd2b6ac0706cd9ed4bcfd4855c8d2c5535f01813fb2e10b68b31a24c0f:row:3082,2ffv|m0|B|9600|-|MN|-,2ffv,MN,3,0,2,0.38216252,0.06640901,0.40248797,0.14894051
sha256:4748babd2b6ac0706cd9ed4bcfd4855c8d2c5535f01813fb2e10b68b31a24c0f:row:3084,4xb6|m0|D|302|-|ZN|-,4xb6,ZN,3,2,2,0.05504102,0.18498694,0.60272073,0.15725130
sha256:4748babd2b6ac0706cd9ed4bcfd4855c8d2c5535f01813fb2e10b68b31a24c0f:row:3094,1hx3|m0|A|201|-|MN|-,1hx3,MN,3,0,0,0.72669979,0.04363508,0.07821616,0.15144896
sha256:4748babd2b6ac0706cd9ed4bcfd4855c8d2c5535f01813fb2e10b68b31a24c0f:row:3100,6c8z|m0|A|504|-|NI|-,6c8z,NI,3,3,2,0.13236132,0.05251586,0.54939129,0.26573153
sha256:4748babd2b6ac0706cd9ed4bcfd4855c8d2c5535f01813fb2e10b68b31a24c0f:row:3101,6dpe|m0|A|202|-|MN|-,6dpe,MN,3,0,0,0.67021325,0.03554738,0.15526062,0.13897875
sha256:4748babd2b6ac0706cd9ed4bcfd4855c8d2c5535f01813fb2e10b68b31a24c0f:row:3106,1t0r|m0|A|500|-|FE|-,1t0r,FE,3,3,3,0.39650091,0.04323623,0.10595572,0.45430715
sha256:4748babd2b6ac0706cd9ed4bcfd4855c8d2c5535f01813fb2e10b68b31a24c0f:row:3109,8k9p|m0|A|201|-|CU|-,8k9p,CU,3,1,1,0.03515060,0.46741899,0.21037653,0.28705388
sha256:4748babd2b6ac0706cd9ed4bcfd4855c8d2c5535f01813fb2e10b68b31a24c0f:row:3116,1nx8|m0|B|300|-|FE|-,1nx8,FE,3,3,3,0.33291494,0.04659130,0.06594636,0.55454740
sha256:4748babd2b6ac0706cd9ed4bcfd4855c8d2c5535f01813fb2e10b68b31a24c0f:row:3119,4hm8|m0|A|1005|-|FE|-,4hm8,FE,3,3,3,0.12117815,0.06734949,0.11646275,0.69500961
sha256:4748babd2b6ac0706cd9ed4bcfd4855c8d2c5535f01813fb2e10b68b31a24c0f:row:3124,8c9g|m0|A|1001|-|ZN|-,8c9g,ZN,3,2,2,0.04163431,0.05230536,0.79052656,0.11553377
sha256:4748babd2b6ac0706cd9ed4bcfd4855c8d2c5535f01813fb2e10b68b31a24c0f:row:3136,4b5u|m0|A|1000|-|CO|A,4b5u,CO,3,3,0,0.44729578,0.05458978,0.12237348,0.37574096
sha256:4748babd2b6ac0706cd9ed4bcfd4855c8d2c5535f01813fb2e10b68b31a24c0f:row:3140,7yxk|m0|A|501|-|MN|-,7yxk,MN,3,0,0,0.45170735,0.06960507,0.15592660,0.32276097
sha256:4748babd2b6ac0706cd9ed4bcfd4855c8d2c5535f01813fb2e10b68b31a24c0f:row:3145,4unm|m0|A|700|-|CU|-,4unm,CU,3,1,3,0.12469192,0.17375634,0.08785202,0.61369972
sha256:4748babd2b6ac0706cd9ed4bcfd4855c8d2c5535f01813fb2e10b68b31a24c0f:row:3147,6g3x|m0|A|401|-|NI|-,6g3x,NI,3,3,3,0.32092682,0.07166160,0.08917635,0.51823523
sha256:4748babd2b6ac0706cd9ed4bcfd4855c8d2c5535f01813fb2e10b68b31a24c0f:row:3148,7o0d|m0|A|802|-|NI|-,7o0d,NI,3,3,2,0.05508524,0.09769338,0.64658574,0.20063565
sha256:4748babd2b6ac0706cd9ed4bcfd4855c8d2c5535f01813fb2e10b68b31a24c0f:row:3166,2ehz|m0|A|399|-|FE|-,2ehz,FE,3,3,3,0.24861604,0.05811401,0.12259021,0.57067974
sha256:4748babd2b6ac0706cd9ed4bcfd4855c8d2c5535f01813fb2e10b68b31a24c0f:row:3169,1w7c|m0|A|801|-|CU|-,1w7c,CU,3,1,2,0.03426852,0.35386764,0.42738099,0.18448285
sha256:4748babd2b6ac0706cd9ed4bcfd4855c8d2c5535f01813fb2e10b68b31a24c0f:row:3170,2cb8|m0|A|1089|-|ZN|-,2cb8,ZN,3,2,2,0.10136724,0.06940269,0.49550959,0.33372047
sha256:4748babd2b6ac0706cd9ed4bcfd4855c8d2c5535f01813fb2e10b68b31a24c0f:row:3171,3hxs|m0|A|143|-|ZN|-,3hxs,ZN,3,2,0,0.40575261,0.06163891,0.29770914,0.23489934
sha256:4748babd2b6ac0706cd9ed4bcfd4855c8d2c5535f01813fb2e10b68b31a24c0f:row:3181,1aor|m0|A|606|-|FE|-,1aor,FE,3,3,2,0.36033466,0.05969483,0.38696397,0.19300653
sha256:4748babd2b6ac0706cd9ed4bcfd4855c8d2c5535f01813fb2e10b68b31a24c0f:row:3187,3rms|m0|A|114|-|ZN|-,3rms,ZN,3,2,2,0.03826564,0.07130336,0.79541434,0.09501666
sha256:4748babd2b6ac0706cd9ed4bcfd4855c8d2c5535f01813fb2e10b68b31a24c0f:row:3189,2jdz|m0|A|240|-|MN|-,2jdz,MN,3,0,0,0.74468763,0.03929501,0.06329747,0.15271989
sha256:4748babd2b6ac0706cd9ed4bcfd4855c8d2c5535f01813fb2e10b68b31a24c0f:row:3193,4h2k|m0|A|1001|-|ZN|-,4h2k,ZN,3,2,2,0.20736909,0.05339417,0.49528023,0.24395651
sha256:4748babd2b6ac0706cd9ed4bcfd4855c8d2c5535f01813fb2e10b68b31a24c0f:row:3196,4jto|m0|A|501|-|FE|-,4jto,FE,3,3,3,0.05277366,0.12407623,0.12694178,0.69620833
sha256:4748babd2b6ac0706cd9ed4bcfd4855c8d2c5535f01813fb2e10b68b31a24c0f:row:3203,8ajk|m0|A|605|-|NI|-,8ajk,NI,3,3,1,0.04311860,0.42821973,0.30217338,0.22648830
sha256:4748babd2b6ac0706cd9ed4bcfd4855c8d2c5535f01813fb2e10b68b31a24c0f:row:3217,1acm|m0|B|154|-|ZN|-,1acm,ZN,3,2,2,0.03818522,0.06663755,0.78234996,0.11282727
sha256:4748babd2b6ac0706cd9ed4bcfd4855c8d2c5535f01813fb2e10b68b31a24c0f:row:3218,5ivv|m0|A|602|-|MN|-,5ivv,MN,3,0,0,0.65335116,0.03922819,0.07369578,0.23372486
sha256:4748babd2b6ac0706cd9ed4bcfd4855c8d2c5535f01813fb2e10b68b31a24c0f:row:3222,4icq|m0|A|501|-|ZN|-,4icq,ZN,3,2,0,0.50157767,0.05754448,0.11203827,0.32883958
sha256:4748babd2b6ac0706cd9ed4bcfd4855c8d2c5535f01813fb2e10b68b31a24c0f:row:3228,6bvr|m0|A|203|-|FE|-,6bvr,FE,3,3,2,0.05779849,0.05890755,0.51439334,0.36890062
sha256:4748babd2b6ac0706cd9ed4bcfd4855c8d2c5535f01813fb2e10b68b31a24c0f:row:3237,6cgy|m0|A|302|-|CO|-,6cgy,CO,3,3,0,0.46594372,0.05108720,0.12973098,0.35323811
sha256:4748babd2b6ac0706cd9ed4bcfd4855c8d2c5535f01813fb2e10b68b31a24c0f:row:3240,5cvo|m0|B|900|-|ZN|-,5cvo,ZN,3,2,2,0.04368327,0.05037553,0.77933752,0.12660369
sha256:4748babd2b6ac0706cd9ed4bcfd4855c8d2c5535f01813fb2e10b68b31a24c0f:row:3243,3uk3|m0|C|967|-|ZN|-,3uk3,ZN,3,2,2,0.13778629,0.09415388,0.53483063,0.23322920
sha256:4748babd2b6ac0706cd9ed4bcfd4855c8d2c5535f01813fb2e10b68b31a24c0f:row:3244,3kwc|m0|A|300|-|ZN|-,3kwc,ZN,3,2,3,0.24823756,0.13002050,0.13835347,0.48338846
sha256:4748babd2b6ac0706cd9ed4bcfd4855c8d2c5535f01813fb2e10b68b31a24c0f:row:3247,3tfc|m0|B|362|-|MN|-,3tfc,MN,3,0,0,0.53490838,0.12120380,0.21604797,0.12783985
sha256:4748babd2b6ac0706cd9ed4bcfd4855c8d2c5535f01813fb2e10b68b31a24c0f:row:3249,3v91|m0|A|303|-|MN|-,3v91,MN,3,0,0,0.57098290,0.05649524,0.07700441,0.29551746
sha256:4748babd2b6ac0706cd9ed4bcfd4855c8d2c5535f01813fb2e10b68b31a24c0f:row:3265,5kg6|m0|A|501|-|MN|-,5kg6,MN,3,0,0,0.80159949,0.03260590,0.06347513,0.10231948
sha256:4748babd2b6ac0706cd9ed4bcfd4855c8d2c5535f01813fb2e10b68b31a24c0f:row:3270,1qgl|m0|B|239|-|MN|-,1qgl,MN,3,0,0,0.82234915,0.03460951,0.06117721,0.08186413
sha256:4748babd2b6ac0706cd9ed4bcfd4855c8d2c5535f01813fb2e10b68b31a24c0f:row:3273,1vrb|m0|D|555|-|FE|-,1vrb,FE,3,3,0,0.48829943,0.05281481,0.08714761,0.37173815
sha256:4748babd2b6ac0706cd9ed4bcfd4855c8d2c5535f01813fb2e10b68b31a24c0f:row:3274,1w3x|m0|A|1332|-|FE|-,1w3x,FE,3,3,3,0.36448690,0.05567310,0.06361231,0.51622768
sha256:4748babd2b6ac0706cd9ed4bcfd4855c8d2c5535f01813fb2e10b68b31a24c0f:row:3279,1dxg|m0|B|37|-|FE|-,1dxg,FE,3,3,2,0.05369387,0.04913113,0.56754025,0.32963475
sha256:4748babd2b6ac0706cd9ed4bcfd4855c8d2c5535f01813fb2e10b68b31a24c0f:row:3280,7u81|m0|A|501|-|MN|-,7u81,MN,3,0,0,0.75688209,0.03791666,0.06641906,0.13878219
sha256:4748babd2b6ac0706cd9ed4bcfd4855c8d2c5535f01813fb2e10b68b31a24c0f:row:3283,1hnx|m0|N|190|-|ZN|-,1hnx,ZN,3,2,2,0.05381960,0.05087426,0.74181658,0.15348955
sha256:4748babd2b6ac0706cd9ed4bcfd4855c8d2c5535f01813fb2e10b68b31a24c0f:row:3291,5lsq|m0|A|401|-|MN|-,5lsq,MN,3,0,0,0.51632102,0.04370703,0.08036590,0.35960605
sha256:4748babd2b6ac0706cd9ed4bcfd4855c8d2c5535f01813fb2e10b68b31a24c0f:row:3296,7qh7|m0|0|200|-|ZN|-,7qh7,ZN,3,2,2,0.03028898,0.11721505,0.72523632,0.12725966
sha256:4748babd2b6ac0706cd9ed4bcfd4855c8d2c5535f01813fb2e10b68b31a24c0f:row:3310,4hcx|m0|A|501|-|MN|-,4hcx,MN,3,0,0,0.48524860,0.05123117,0.31378443,0.14973579
sha256:4748babd2b6ac0706cd9ed4bcfd4855c8d2c5535f01813fb2e10b68b31a24c0f:row:3320,6s22|m0|A|717|-|MN|-,6s22,MN,3,0,0,0.59598556,0.05807898,0.08049110,0.26544436
sha256:4748babd2b6ac0706cd9ed4bcfd4855c8d2c5535f01813fb2e10b68b31a24c0f:row:3333,1w04|m0|A|1333|-|FE|-,1w04,FE,3,3,3,0.24731482,0.03927575,0.06796040,0.64544903
sha256:4748babd2b6ac0706cd9ed4bcfd4855c8d2c5535f01813fb2e10b68b31a24c0f:row:3346,2zwi|m0|A|410|-|ZN|-,2zwi,ZN,3,2,0,0.37807323,0.05514290,0.24826818,0.31851569
sha256:4748babd2b6ac0706cd9ed4bcfd4855c8d2c5535f01813fb2e10b68b31a24c0f:row:3372,7dz9|m0|A|402|-|FE|-,7dz9,FE,3,3,0,0.52884038,0.05435440,0.11597562,0.30082960
sha256:4748babd2b6ac0706cd9ed4bcfd4855c8d2c5535f01813fb2e10b68b31a24c0f:row:3373,1onw|m0|A|800|-|ZN|-,1onw,ZN,3,2,3,0.25485618,0.08672688,0.15684795,0.50156899
sha256:4748babd2b6ac0706cd9ed4bcfd4855c8d2c5535f01813fb2e10b68b31a24c0f:row:3375,7zqy|m0|A|801|-|ZN|-,7zqy,ZN,3,2,2,0.11973501,0.05195039,0.68939247,0.13892213
sha256:4748babd2b6ac0706cd9ed4bcfd4855c8d2c5535f01813fb2e10b68b31a24c0f:row:3377,3set|m0|A|373|-|NI|-,3set,NI,3,3,3,0.24552984,0.09555335,0.32364207,0.33527474
sha256:4748babd2b6ac0706cd9ed4bcfd4855c8d2c5535f01813fb2e10b68b31a24c0f:row:3382,3gzy|m0|A|701|-|FE|-,3gzy,FE,3,3,3,0.21544825,0.06539895,0.12394244,0.59521036
sha256:4748babd2b6ac0706cd9ed4bcfd4855c8d2c5535f01813fb2e10b68b31a24c0f:row:3386,5vxa|m0|A|201|-|ZN|-,5vxa,ZN,3,2,3,0.27052584,0.06476410,0.18479825,0.47991181
sha256:4748babd2b6ac0706cd9ed4bcfd4855c8d2c5535f01813fb2e10b68b31a24c0f:row:3388,4zb0|m0|A|401|-|MN|-,4zb0,MN,3,0,0,0.71089743,0.03514725,0.08608538,0.16786994
sha256:4748babd2b6ac0706cd9ed4bcfd4855c8d2c5535f01813fb2e10b68b31a24c0f:row:3400,8pjn|m0|i|401|-|ZN|-,8pjn,ZN,3,2,2,0.04329532,0.06711719,0.78354567,0.10604182
sha256:4748babd2b6ac0706cd9ed4bcfd4855c8d2c5535f01813fb2e10b68b31a24c0f:row:3401,4n0l|m0|B|401|-|ZN|-,4n0l,ZN,3,2,2,0.04061693,0.07657854,0.78874565,0.09405888
sha256:4748babd2b6ac0706cd9ed4bcfd4855c8d2c5535f01813fb2e10b68b31a24c0f:row:3413,2f0a|m0|B|349|-|CO|-,2f0a,CO,3,3,1,0.03853123,0.55356108,0.25464557,0.15326212
sha256:4748babd2b6ac0706cd9ed4bcfd4855c8d2c5535f01813fb2e10b68b31a24c0f:row:3414,2dfy|m0|C|604|-|ZN|-,2dfy,ZN,3,2,2,0.03334167,0.07200650,0.79693428,0.09771755
sha256:4748babd2b6ac0706cd9ed4bcfd4855c8d2c5535f01813fb2e10b68b31a24c0f:row:3418,7poy|m0|A|401|-|FE|-,7poy,FE,3,3,3,0.34183702,0.05801275,0.11257410,0.48757613
sha256:4748babd2b6ac0706cd9ed4bcfd4855c8d2c5535f01813fb2e10b68b31a24c0f:row:3419,5edv|m0|A|2006|-|ZN|-,5edv,ZN,3,2,2,0.03642600,0.07775631,0.77975256,0.10606513
sha256:4748babd2b6ac0706cd9ed4bcfd4855c8d2c5535f01813fb2e10b68b31a24c0f:row:3422,8clj|m0|B|901|-|ZN|-,8clj,ZN,3,2,2,0.08220154,0.06336143,0.63199184,0.22244519
sha256:4748babd2b6ac0706cd9ed4bcfd4855c8d2c5535f01813fb2e10b68b31a24c0f:row:3424,4z8b|m0|A|302|-|MN|-,4z8b,MN,3,0,0,0.77347006,0.03505780,0.05826569,0.13320644
sha256:4748babd2b6ac0706cd9ed4bcfd4855c8d2c5535f01813fb2e10b68b31a24c0f:row:3425,2y6f|m0|A|1333|-|FE|-,2y6f,FE,3,3,3,0.42014634,0.05445410,0.07935872,0.44604084
sha256:4748babd2b6ac0706cd9ed4bcfd4855c8d2c5535f01813fb2e10b68b31a24c0f:row:3427,6s2v|m0|A|401|-|MN|-,6s2v,MN,3,0,0,0.56438788,0.06249989,0.07394953,0.29916270
sha256:4748babd2b6ac0706cd9ed4bcfd4855c8d2c5535f01813fb2e10b68b31a24c0f:row:3428,1ge7|m0|A|200|-|ZN|-,1ge7,ZN,3,2,3,0.26435138,0.07861729,0.22304577,0.43398556
sha256:4748babd2b6ac0706cd9ed4bcfd4855c8d2c5535f01813fb2e10b68b31a24c0f:row:3430,6jmt|m0|A|401|-|ZN|-,6jmt,ZN,3,2,2,0.05257797,0.04577250,0.58842773,0.31322180
sha256:4748babd2b6ac0706cd9ed4bcfd4855c8d2c5535f01813fb2e10b68b31a24c0f:row:3433,6yyw|m0|A|801|-|MN|-,6yyw,MN,3,0,0,0.50283443,0.05664136,0.10298163,0.33754258
sha256:4748babd2b6ac0706cd9ed4bcfd4855c8d2c5535f01813fb2e10b68b31a24c0f:row:3444,1q0c|m0|A|500|-|FE|-,1q0c,FE,3,3,3,0.22883927,0.06544709,0.08432727,0.62138638
sha256:4748babd2b6ac0706cd9ed4bcfd4855c8d2c5535f01813fb2e10b68b31a24c0f:row:3447,1paz|m0|A|124|-|CU|-,1paz,CU,3,1,1,0.03377849,0.69509248,0.18101959,0.09010944
sha256:4748babd2b6ac0706cd9ed4bcfd4855c8d2c5535f01813fb2e10b68b31a24c0f:row:3459,6kol|m0|A|201|-|CU|-,6kol,CU,3,1,2,0.05869206,0.33871062,0.50618841,0.09640891
sha256:4748babd2b6ac0706cd9ed4bcfd4855c8d2c5535f01813fb2e10b68b31a24c0f:row:3465,6vdc|m0|A|1001|-|MN|-,6vdc,MN,3,0,0,0.57485100,0.03669207,0.15381410,0.23464284
sha256:4748babd2b6ac0706cd9ed4bcfd4855c8d2c5535f01813fb2e10b68b31a24c0f:row:3473,2a8s|m0|A|301|-|MN|-,2a8s,MN,3,0,0,0.74957631,0.03744759,0.08207404,0.13090207
sha256:4748babd2b6ac0706cd9ed4bcfd4855c8d2c5535f01813fb2e10b68b31a24c0f:row:3478,7cpk|m0|A|406|-|NI|-,7cpk,NI,3,3,0,0.39098089,0.06543891,0.29284031,0.25073988
sha256:4748babd2b6ac0706cd9ed4bcfd4855c8d2c5535f01813fb2e10b68b31a24c0f:row:3481,4gsm|m0|A|402|-|NI|-,4gsm,NI,3,3,0,0.43591253,0.05509019,0.11034585,0.39865143
sha256:4748babd2b6ac0706cd9ed4bcfd4855c8d2c5535f01813fb2e10b68b31a24c0f:row:3482,2d74|m0|B|1002|-|ZN|-,2d74,ZN,3,2,2,0.04842118,0.06105285,0.73172129,0.15880468
sha256:4748babd2b6ac0706cd9ed4bcfd4855c8d2c5535f01813fb2e10b68b31a24c0f:row:3495,8fny|m0|A|803|-|ZN|-,8fny,ZN,3,2,2,0.03996407,0.24468986,0.64496309,0.07038299
sha256:4748babd2b6ac0706cd9ed4bcfd4855c8d2c5535f01813fb2e10b68b31a24c0f:row:3496,2fdf|m0|A|300|-|CO|-,2fdf,CO,3,3,3,0.11479797,0.09975534,0.14486159,0.64058510
sha256:4748babd2b6ac0706cd9ed4bcfd4855c8d2c5535f01813fb2e10b68b31a24c0f:row:3503,5ygm|m0|A|301|-|MN|-,5ygm,MN,3,0,0,0.80378087,0.03470431,0.05691222,0.10460259
sha256:4748babd2b6ac0706cd9ed4bcfd4855c8d2c5535f01813fb2e10b68b31a24c0f:row:3509,8ttb|m0|C|401|-|FE|-,8ttb,FE,3,3,3,0.09171336,0.13332297,0.19971467,0.57524899
sha256:4748babd2b6ac0706cd9ed4bcfd4855c8d2c5535f01813fb2e10b68b31a24c0f:row:3513,7nz8|m0|B|400|-|ZN|-,7nz8,ZN,3,2,2,0.05008139,0.09706683,0.64524991,0.20760186
sha256:4748babd2b6ac0706cd9ed4bcfd4855c8d2c5535f01813fb2e10b68b31a24c0f:row:3517,2wbt|m0|A|1130|-|ZN|-,2wbt,ZN,3,2,2,0.09331479,0.08993537,0.62370945,0.19304038
sha256:4748babd2b6ac0706cd9ed4bcfd4855c8d2c5535f01813fb2e10b68b31a24c0f:row:3519,4rdy|m0|A|401|-|CO|-,4rdy,CO,3,3,3,0.39214298,0.05583369,0.08044562,0.47157771
sha256:4748babd2b6ac0706cd9ed4bcfd4855c8d2c5535f01813fb2e10b68b31a24c0f:row:3520,3ky9|m0|A|902|-|ZN|-,3ky9,ZN,3,2,2,0.03171254,0.32471323,0.54358092,0.09999331
sha256:4748babd2b6ac0706cd9ed4bcfd4855c8d2c5535f01813fb2e10b68b31a24c0f:row:3530,7vb3|m0|A|502|-|ZN|-,7vb3,ZN,3,2,2,0.05977524,0.05167325,0.76910916,0.11944235
sha256:4748babd2b6ac0706cd9ed4bcfd4855c8d2c5535f01813fb2e10b68b31a24c0f:row:3532,2y43|m0|A|1098|-|ZN|-,2y43,ZN,3,2,2,0.03822763,0.05738166,0.77883155,0.12555916
sha256:4748babd2b6ac0706cd9ed4bcfd4855c8d2c5535f01813fb2e10b68b31a24c0f:row:3541,6ff4|m0|P|502|-|ZN|-,6ff4,ZN,3,2,2,0.04293522,0.11131251,0.72997626,0.11577601
sha256:4748babd2b6ac0706cd9ed4bcfd4855c8d2c5535f01813fb2e10b68b31a24c0f:row:3553,1d0q|m0|A|151|-|ZN|-,1d0q,ZN,3,2,2,0.03297441,0.08302484,0.78007138,0.10392938
sha256:4748babd2b6ac0706cd9ed4bcfd4855c8d2c5535f01813fb2e10b68b31a24c0f:row:3562,4k1c|m0|A|511|-|MN|-,4k1c,MN,3,0,2,0.35733214,0.04565851,0.44322756,0.15378179
sha256:4748babd2b6ac0706cd9ed4bcfd4855c8d2c5535f01813fb2e10b68b31a24c0f:row:3569,3fjw|m0|B|353|-|MN|-,3fjw,MN,3,0,0,0.71194270,0.04464137,0.08520770,0.15820823
sha256:4748babd2b6ac0706cd9ed4bcfd4855c8d2c5535f01813fb2e10b68b31a24c0f:row:3571,6dpc|m0|A|202|-|MN|-,6dpc,MN,3,0,0,0.65857235,0.03750088,0.17154792,0.13237885
sha256:4748babd2b6ac0706cd9ed4bcfd4855c8d2c5535f01813fb2e10b68b31a24c0f:row:3583,4mxr|m0|A|401|-|MN|-,4mxr,MN,3,0,0,0.68363242,0.04552380,0.08975835,0.18108543
sha256:4748babd2b6ac0706cd9ed4bcfd4855c8d2c5535f01813fb2e10b68b31a24c0f:row:3588,5kg1|m0|A|501|-|MN|-,5kg1,MN,3,0,0,0.79753459,0.03183878,0.07224487,0.09838176
sha256:4748babd2b6ac0706cd9ed4bcfd4855c8d2c5535f01813fb2e10b68b31a24c0f:row:3592,3u79|m0|A|115|-|ZN|-,3u79,ZN,3,2,0,0.44130841,0.04689999,0.20916585,0.30262575
sha256:4748babd2b6ac0706cd9ed4bcfd4855c8d2c5535f01813fb2e10b68b31a24c0f:row:3596,7yxh|m0|A|501|-|MN|-,7yxh,MN,3,0,0,0.59576015,0.04644435,0.06970774,0.28808776
sha256:4748babd2b6ac0706cd9ed4bcfd4855c8d2c5535f01813fb2e10b68b31a24c0f:row:3611,1wrn|m0|A|4002|-|MN|-,1wrn,MN,3,0,0,0.51081739,0.06214424,0.07520714,0.35183123
sha256:4748babd2b6ac0706cd9ed4bcfd4855c8d2c5535f01813fb2e10b68b31a24c0f:row:3612,3pvn|m0|T|6005|-|ZN|-,3pvn,ZN,3,2,2,0.10078311,0.07925603,0.57863473,0.24132613
sha256:4748babd2b6ac0706cd9ed4bcfd4855c8d2c5535f01813fb2e10b68b31a24c0f:row:3614,3ua7|m0|C|1|-|ZN|-,3ua7,ZN,3,2,2,0.05761700,0.10323908,0.54494395,0.29419997
sha256:4748babd2b6ac0706cd9ed4bcfd4855c8d2c5535f01813fb2e10b68b31a24c0f:row:3617,1n8q|m0|A|858|-|FE|-,1n8q,FE,3,3,3,0.15390163,0.18039039,0.08575551,0.57995247
sha256:4748babd2b6ac0706cd9ed4bcfd4855c8d2c5535f01813fb2e10b68b31a24c0f:row:3619,6yxe|m0|A|201|-|ZN|-,6yxe,ZN,3,2,2,0.04228933,0.05504911,0.77645142,0.12621014
sha256:4748babd2b6ac0706cd9ed4bcfd4855c8d2c5535f01813fb2e10b68b31a24c0f:row:3620,5hrh|m0|A|203|-|MN|-,5hrh,MN,3,0,0,0.72749476,0.04503739,0.06966923,0.15779862
sha256:4748babd2b6ac0706cd9ed4bcfd4855c8d2c5535f01813fb2e10b68b31a24c0f:row:3628,5z0x|m0|B|201|-|CU|-,5z0x,CU,3,1,1,0.03399121,0.65457467,0.23245700,0.07897712
sha256:4748babd2b6ac0706cd9ed4bcfd4855c8d2c5535f01813fb2e10b68b31a24c0f:row:3635,4wnh|m0|A|401|-|MN|-,4wnh,MN,3,0,0,0.61138845,0.04221131,0.09063077,0.25576947
sha256:4748babd2b6ac0706cd9ed4bcfd4855c8d2c5535f01813fb2e10b68b31a24c0f:row:3644,8dcd|m0|A|514|-|ZN|-,8dcd,ZN,3,2,2,0.06812679,0.35631655,0.40729712,0.16825954
sha256:4748babd2b6ac0706cd9ed4bcfd4855c8d2c5535f01813fb2e10b68b31a24c0f:row:3662,3gfz|m0|A|503|-|MN|-,3gfz,MN,3,0,0,0.68887231,0.04998320,0.14852976,0.11261472
sha256:4748babd2b6ac0706cd9ed4bcfd4855c8d2c5535f01813fb2e10b68b31a24c0f:row:3663,3gze|m0|A|5|-|ZN|-,3gze,ZN,3,2,2,0.07982243,0.11765297,0.60230080,0.20022380
sha256:4748babd2b6ac0706cd9ed4bcfd4855c8d2c5535f01813fb2e10b68b31a24c0f:row:3664,5zru|m0|A|604|-|ZN|-,5zru,ZN,3,2,3,0.18707214,0.07443185,0.35404761,0.38444840
sha256:4748babd2b6ac0706cd9ed4bcfd4855c8d2c5535f01813fb2e10b68b31a24c0f:row:3667,1m2v|m0|B|950|-|ZN|-,1m2v,ZN,3,2,2,0.03425086,0.06364531,0.77938360,0.12272023
sha256:4748babd2b6ac0706cd9ed4bcfd4855c8d2c5535f01813fb2e10b68b31a24c0f:row:3674,4ez1|m0|C|301|-|MN|-,4ez1,MN,3,0,2,0.32710080,0.04822410,0.37129998,0.25337511
sha256:4748babd2b6ac0706cd9ed4bcfd4855c8d2c5535f01813fb2e10b68b31a24c0f:row:3682,5ul5|m0|B|601|-|FE|-,5ul5,FE,3,3,3,0.19236436,0.07236869,0.06687171,0.66839524
sha256:4748babd2b6ac0706cd9ed4bcfd4855c8d2c5535f01813fb2e10b68b31a24c0f:row:3683,3pzt|m0|A|1|-|MN|-,3pzt,MN,3,0,0,0.56940803,0.13084425,0.15655563,0.14319209
sha256:4748babd2b6ac0706cd9ed4bcfd4855c8d2c5535f01813fb2e10b68b31a24c0f:row:3686,4mg3|m0|A|201|-|ZN|-,4mg3,ZN,3,2,2,0.03996543,0.05854987,0.78020338,0.12128133
sha256:4748babd2b6ac0706cd9ed4bcfd4855c8d2c5535f01813fb2e10b68b31a24c0f:row:3687,2j2f|m0|A|371|-|FE|-,2j2f,FE,3,3,3,0.22299571,0.04619052,0.14483555,0.58597822
sha256:4748babd2b6ac0706cd9ed4bcfd4855c8d2c5535f01813fb2e10b68b31a24c0f:row:3690,2zcu|m0|A|1001|-|CU|-,2zcu,CU,3,1,2,0.26162710,0.19021163,0.39159613,0.15656514
sha256:4748babd2b6ac0706cd9ed4bcfd4855c8d2c5535f01813fb2e10b68b31a24c0f:row:3692,1j1l|m0|A|1001|-|FE|-,1j1l,FE,3,3,3,0.33357648,0.05983200,0.07469735,0.53189416
sha256:4748babd2b6ac0706cd9ed4bcfd4855c8d2c5535f01813fb2e10b68b31a24c0f:row:3714,7zkv|m0|B|803|-|NI|-,7zkv,NI,3,3,2,0.03586329,0.07675238,0.61536516,0.27201917
sha256:4748babd2b6ac0706cd9ed4bcfd4855c8d2c5535f01813fb2e10b68b31a24c0f:row:3726,3vja|m0|A|401|-|NI|-,3vja,NI,3,3,3,0.20478085,0.08227464,0.18843327,0.52451124
sha256:4748babd2b6ac0706cd9ed4bcfd4855c8d2c5535f01813fb2e10b68b31a24c0f:row:3727,3bu0|m0|A|302|-|MN|-,3bu0,MN,3,0,0,0.58086659,0.06326142,0.07651070,0.27936128
sha256:4748babd2b6ac0706cd9ed4bcfd4855c8d2c5535f01813fb2e10b68b31a24c0f:row:3728,1mkd|m0|B|2003|-|ZN|-,1mkd,ZN,3,2,0,0.50579786,0.06522522,0.08200779,0.34696913
sha256:4748babd2b6ac0706cd9ed4bcfd4855c8d2c5535f01813fb2e10b68b31a24c0f:row:3730,4jlz|m0|A|501|-|ZN|-,4jlz,ZN,3,2,2,0.04617312,0.07632053,0.57223172,0.30527462
sha256:4748babd2b6ac0706cd9ed4bcfd4855c8d2c5535f01813fb2e10b68b31a24c0f:row:3732,4a03|m0|B|401|-|MN|-,4a03,MN,3,0,0,0.73021526,0.04150980,0.11619903,0.11207591
sha256:4748babd2b6ac0706cd9ed4bcfd4855c8d2c5535f01813fb2e10b68b31a24c0f:row:3733,4yci|m0|A|305|-|ZN|-,4yci,ZN,3,2,2,0.05361142,0.35390930,0.45229205,0.14018722
sha256:4748babd2b6ac0706cd9ed4bcfd4855c8d2c5535f01813fb2e10b68b31a24c0f:row:3734,6yn7|m0|B|504|-|NI|-,6yn7,NI,3,3,3,0.15848726,0.08081659,0.24202562,0.51867052
sha256:4748babd2b6ac0706cd9ed4bcfd4855c8d2c5535f01813fb2e10b68b31a24c0f:row:3735,4nhk|m0|A|701|-|MN|-,4nhk,MN,3,0,3,0.29996665,0.04060762,0.05772821,0.60169751
sha256:4748babd2b6ac0706cd9ed4bcfd4855c8d2c5535f01813fb2e10b68b31a24c0f:row:3737,4ccg|m0|X|1375|-|ZN|-,4ccg,ZN,3,2,2,0.04218473,0.04681555,0.76258723,0.14841249
sha256:4748babd2b6ac0706cd9ed4bcfd4855c8d2c5535f01813fb2e10b68b31a24c0f:row:3739,6zah|m0|A|403|-|FE|-,6zah,FE,3,3,3,0.34327866,0.07028796,0.09402702,0.49240636
sha256:4748babd2b6ac0706cd9ed4bcfd4855c8d2c5535f01813fb2e10b68b31a24c0f:row:3746,1x83|m0|B|201|-|MN|-,1x83,MN,3,0,0,0.57679356,0.04372598,0.09923969,0.28024077
sha256:4748babd2b6ac0706cd9ed4bcfd4855c8d2c5535f01813fb2e10b68b31a24c0f:row:3764,5w1s|m0|M|101|-|ZN|-,5w1s,ZN,3,2,2,0.04198241,0.06044201,0.80246505,0.09511053
sha256:4748babd2b6ac0706cd9ed4bcfd4855c8d2c5535f01813fb2e10b68b31a24c0f:row:3766,3mhh|m0|C|100|-|ZN|-,3mhh,ZN,3,2,2,0.03396486,0.08765873,0.79544871,0.08292771
sha256:4748babd2b6ac0706cd9ed4bcfd4855c8d2c5535f01813fb2e10b68b31a24c0f:row:3776,3fcm|m0|A|201|-|MN|-,3fcm,MN,3,0,0,0.54066647,0.13631512,0.20248977,0.12052863
sha256:4748babd2b6ac0706cd9ed4bcfd4855c8d2c5535f01813fb2e10b68b31a24c0f:row:3783,7s4h|m0|A|501|-|CU|-,7s4h,CU,3,1,1,0.04479426,0.61027429,0.21730765,0.12762379
sha256:4748babd2b6ac0706cd9ed4bcfd4855c8d2c5535f01813fb2e10b68b31a24c0f:row:3794,1q0c|m0|C|500|-|FE|-,1q0c,FE,3,3,3,0.10146199,0.07058486,0.07463547,0.75331769
sha256:4748babd2b6ac0706cd9ed4bcfd4855c8d2c5535f01813fb2e10b68b31a24c0f:row:3798,1bsz|m0|A|2001|-|FE|-,1bsz,FE,3,3,3,0.12995037,0.12297061,0.21042069,0.53665833
sha256:4748babd2b6ac0706cd9ed4bcfd4855c8d2c5535f01813fb2e10b68b31a24c0f:row:3803,3e2d|m0|A|602|-|ZN|-,3e2d,ZN,3,2,3,0.09522240,0.07529733,0.35886830,0.47061198
sha256:4748babd2b6ac0706cd9ed4bcfd4855c8d2c5535f01813fb2e10b68b31a24c0f:row:3811,1j54|m0|A|3000|-|MN|-,1j54,MN,3,0,0,0.74588927,0.03858971,0.10946889,0.10605212
sha256:4748babd2b6ac0706cd9ed4bcfd4855c8d2c5535f01813fb2e10b68b31a24c0f:row:3814,5tfz|m0|A|201|-|NI|-,5tfz,NI,3,3,3,0.30793670,0.14557073,0.11661363,0.42987894
sha256:4748babd2b6ac0706cd9ed4bcfd4855c8d2c5535f01813fb2e10b68b31a24c0f:row:3817,4av1|m0|B|1600|-|ZN|-,4av1,ZN,3,2,2,0.03992033,0.06556322,0.75986097,0.13465548
sha256:4748babd2b6ac0706cd9ed4bcfd4855c8d2c5535f01813fb2e10b68b31a24c0f:row:3818,1ll2|m0|A|333|-|MN|-,1ll2,MN,3,0,0,0.63299219,0.03650088,0.08479834,0.24570859
sha256:4748babd2b6ac0706cd9ed4bcfd4855c8d2c5535f01813fb2e10b68b31a24c0f:row:3824,4jka|m0|B|2002|-|CO|-,4jka,CO,3,3,0,0.42549432,0.05508135,0.12076338,0.39866095
sha256:4748babd2b6ac0706cd9ed4bcfd4855c8d2c5535f01813fb2e10b68b31a24c0f:row:3825,6xt1|m0|A|1001|-|ZN|-,6xt1,ZN,3,2,0,0.51531443,0.09188337,0.18813773,0.20466447
sha256:4748babd2b6ac0706cd9ed4bcfd4855c8d2c5535f01813fb2e10b68b31a24c0f:row:3848,1f66|m0|C|1014|-|MN|-,1f66,MN,3,0,2,0.19464839,0.28541234,0.40970781,0.11023147
sha256:4748babd2b6ac0706cd9ed4bcfd4855c8d2c5535f01813fb2e10b68b31a24c0f:row:3851,2bwv|m0|A|1441|-|MN|-,2bwv,MN,3,0,0,0.78504727,0.03487102,0.06930172,0.11077999
sha256:4748babd2b6ac0706cd9ed4bcfd4855c8d2c5535f01813fb2e10b68b31a24c0f:row:3854,3gc8|m0|B|602|-|NI|-,3gc8,NI,3,3,2,0.24962927,0.06528520,0.48659291,0.19849263
sha256:4748babd2b6ac0706cd9ed4bcfd4855c8d2c5535f01813fb2e10b68b31a24c0f:row:3858,5eya|m0|F|101|-|ZN|-,5eya,ZN,3,2,2,0.06023754,0.08286740,0.70792492,0.14897015
sha256:4748babd2b6ac0706cd9ed4bcfd4855c8d2c5535f01813fb2e10b68b31a24c0f:row:3859,6p1z|m0|D|101|-|ZN|-,6p1z,ZN,3,2,2,0.04645618,0.35037762,0.49706258,0.10610362
sha256:4748babd2b6ac0706cd9ed4bcfd4855c8d2c5535f01813fb2e10b68b31a24c0f:row:3875,7z5r|m0|A|402|-|NI|-,7z5r,NI,3,3,0,0.45444567,0.08470482,0.10161718,0.35923233
sha256:4748babd2b6ac0706cd9ed4bcfd4855c8d2c5535f01813fb2e10b68b31a24c0f:row:3883,7k89|m0|B|601|-|FE|-,7k89,FE,3,3,3,0.09578752,0.09206855,0.08450295,0.72764098
sha256:4748babd2b6ac0706cd9ed4bcfd4855c8d2c5535f01813fb2e10b68b31a24c0f:row:3888,1gyt|m0|A|601|-|ZN|-,1gyt,ZN,3,2,0,0.46156617,0.04384858,0.22614991,0.26843534
sha256:4748babd2b6ac0706cd9ed4bcfd4855c8d2c5535f01813fb2e10b68b31a24c0f:row:3889,4on1|m0|A|400|-|ZN|-,4on1,ZN,3,2,3,0.11432073,0.09235494,0.30655830,0.48676604
sha256:4748babd2b6ac0706cd9ed4bcfd4855c8d2c5535f01813fb2e10b68b31a24c0f:row:3893,4hcc|m0|A|504|-|ZN|-,4hcc,ZN,3,2,0,0.47435140,0.05658360,0.31046002,0.15860498
sha256:4748babd2b6ac0706cd9ed4bcfd4855c8d2c5535f01813fb2e10b68b31a24c0f:row:3902,4oko|m0|A|401|-|ZN|-,4oko,ZN,3,2,0,0.35473640,0.17673153,0.19954690,0.26898517
sha256:4748babd2b6ac0706cd9ed4bcfd4855c8d2c5535f01813fb2e10b68b31a24c0f:row:3916,2hy1|m0|A|555|-|MN|-,2hy1,MN,3,0,0,0.38941251,0.04583159,0.27342127,0.29133462
sha256:4748babd2b6ac0706cd9ed4bcfd4855c8d2c5535f01813fb2e10b68b31a24c0f:row:3917,4wzc|m0|A|201|-|FE|-,4wzc,FE,3,3,0,0.38196595,0.06823709,0.25264874,0.29714821
sha256:4748babd2b6ac0706cd9ed4bcfd4855c8d2c5535f01813fb2e10b68b31a24c0f:row:3918,6igs|m0|A|203|-|ZN|-,6igs,ZN,3,2,2,0.21720581,0.04660119,0.53226493,0.20392807
sha256:4748babd2b6ac0706cd9ed4bcfd4855c8d2c5535f01813fb2e10b68b31a24c0f:row:3920,5xnh|m0|A|401|-|FE|-,5xnh,FE,3,3,2,0.04261111,0.05729706,0.76605432,0.13403751
sha256:4748babd2b6ac0706cd9ed4bcfd4855c8d2c5535f01813fb2e10b68b31a24c0f:row:3932,6iw6|m0|A|1002|-|ZN|-,6iw6,ZN,3,2,3,0.07803182,0.24952892,0.28011499,0.39232428
sha256:4748babd2b6ac0706cd9ed4bcfd4855c8d2c5535f01813fb2e10b68b31a24c0f:row:3936,1rqe|m0|A|530|-|CO|-,1rqe,CO,3,3,2,0.09036534,0.06962351,0.56101242,0.27899874
sha256:4748babd2b6ac0706cd9ed4bcfd4855c8d2c5535f01813fb2e10b68b31a24c0f:row:3937,2dv6|m0|A|501|-|CU|-,2dv6,CU,3,1,3,0.04505723,0.17245396,0.18470064,0.59778817
sha256:4748babd2b6ac0706cd9ed4bcfd4855c8d2c5535f01813fb2e10b68b31a24c0f:row:3956,4kjm|m0|B|206|-|ZN|-,4kjm,ZN,3,2,2,0.03904884,0.18776543,0.56720138,0.20598435
sha256:4748babd2b6ac0706cd9ed4bcfd4855c8d2c5535f01813fb2e10b68b31a24c0f:row:3959,1wql|m0|A|502|-|FE|-,1wql,FE,3,3,3,0.08617982,0.06256831,0.26559606,0.58565582
sha256:4748babd2b6ac0706cd9ed4bcfd4855c8d2c5535f01813fb2e10b68b31a24c0f:row:3961,4luk|m0|A|201|-|MN|-,4luk,MN,3,0,0,0.67069513,0.04082942,0.06471734,0.22375811
sha256:4748babd2b6ac0706cd9ed4bcfd4855c8d2c5535f01813fb2e10b68b31a24c0f:row:3971,6w9a|m0|B|701|-|ZN|-,6w9a,ZN,3,2,2,0.05153863,0.07977845,0.75670594,0.11197699
sha256:4748babd2b6ac0706cd9ed4bcfd4855c8d2c5535f01813fb2e10b68b31a24c0f:row:3980,8cjo|m0|A|501|-|FE|-,8cjo,FE,3,3,3,0.08896311,0.05160902,0.07926065,0.78016722
sha256:4748babd2b6ac0706cd9ed4bcfd4855c8d2c5535f01813fb2e10b68b31a24c0f:row:3988,4esm|m0|A|301|-|CO|-,4esm,CO,3,3,3,0.06742018,0.07806146,0.36203164,0.49248672
sha256:4748babd2b6ac0706cd9ed4bcfd4855c8d2c5535f01813fb2e10b68b31a24c0f:row:4001,4a48|m0|A|71|-|ZN|-,4a48,ZN,3,2,2,0.03880014,0.30908195,0.54766158,0.10445634
sha256:4748babd2b6ac0706cd9ed4bcfd4855c8d2c5535f01813fb2e10b68b31a24c0f:row:4007,1sum|m0|B|237|-|FE|-,1sum,FE,3,3,0,0.76153055,0.03550769,0.06598722,0.13697455
sha256:4748babd2b6ac0706cd9ed4bcfd4855c8d2c5535f01813fb2e10b68b31a24c0f:row:4010,4hkv|m0|A|1005|-|FE|-,4hkv,FE,3,3,3,0.11337070,0.06196168,0.14464132,0.68002629
sha256:4748babd2b6ac0706cd9ed4bcfd4855c8d2c5535f01813fb2e10b68b31a24c0f:row:4011,3h5f|m0|A|33|-|ZN|-,3h5f,ZN,3,2,2,0.16058848,0.04597164,0.58600481,0.20743508
sha256:4748babd2b6ac0706cd9ed4bcfd4855c8d2c5535f01813fb2e10b68b31a24c0f:row:4013,6paz|m0|A|124|-|CU|-,6paz,CU,3,1,1,0.03468307,0.59801963,0.29936586,0.06793144
sha256:4748babd2b6ac0706cd9ed4bcfd4855c8d2c5535f01813fb2e10b68b31a24c0f:row:4016,2w5r|m0|A|1643|-|MN|-,2w5r,MN,3,0,3,0.34446498,0.03999614,0.18225967,0.43327921
sha256:4748babd2b6ac0706cd9ed4bcfd4855c8d2c5535f01813fb2e10b68b31a24c0f:row:4019,5dnl|m0|C|201|-|MN|-,5dnl,MN,3,0,0,0.75255315,0.04226116,0.09870674,0.10647895
sha256:4748babd2b6ac0706cd9ed4bcfd4855c8d2c5535f01813fb2e10b68b31a24c0f:row:4032,7b0h|m0|E|801|-|MN|-,7b0h,MN,3,0,0,0.58556053,0.11111799,0.20440845,0.09891303
sha256:4748babd2b6ac0706cd9ed4bcfd4855c8d2c5535f01813fb2e10b68b31a24c0f:row:4040,2b5j|m0|A|561|-|MN|-,2b5j,MN,3,0,0,0.65557799,0.04548015,0.12808156,0.17086030
sha256:4748babd2b6ac0706cd9ed4bcfd4855c8d2c5535f01813fb2e10b68b31a24c0f:row:4048,2v1x|m0|A|1595|-|ZN|-,2v1x,ZN,3,2,2,0.04349391,0.05342646,0.80778891,0.09529072
sha256:4748babd2b6ac0706cd9ed4bcfd4855c8d2c5535f01813fb2e10b68b31a24c0f:row:4050,7exk|m0|F|302|-|CU|-,7exk,CU,3,1,3,0.23796592,0.17975194,0.24452798,0.33775416
sha256:4748babd2b6ac0706cd9ed4bcfd4855c8d2c5535f01813fb2e10b68b31a24c0f:row:4053,3h5y|m0|A|514|-|MN|-,3h5y,MN,3,0,0,0.52787232,0.06840140,0.26810631,0.13561997
sha256:4748babd2b6ac0706cd9ed4bcfd4855c8d2c5535f01813fb2e10b68b31a24c0f:row:4076,2jft|m0|A|302|-|MN|-,2jft,MN,3,0,0,0.72040069,0.03742356,0.07349894,0.16867681
sha256:4748babd2b6ac0706cd9ed4bcfd4855c8d2c5535f01813fb2e10b68b31a24c0f:row:4079,6z6o|m0|A|801|-|ZN|-,6z6o,ZN,3,2,0,0.34700499,0.16414843,0.32080202,0.16804456
sha256:4748babd2b6ac0706cd9ed4bcfd4855c8d2c5535f01813fb2e10b68b31a24c0f:row:4089,1v4p|m0|A|1001|-|ZN|-,1v4p,ZN,3,2,2,0.06865946,0.17524000,0.49886066,0.25723988
sha256:4748babd2b6ac0706cd9ed4bcfd4855c8d2c5535f01813fb2e10b68b31a24c0f:row:4092,5yp7|m0|A|201|-|ZN|-,5yp7,ZN,3,2,2,0.04382489,0.06640757,0.76932118,0.12044636
sha256:4748babd2b6ac0706cd9ed4bcfd4855c8d2c5535f01813fb2e10b68b31a24c0f:row:4093,5b5y|m0|A|500|-|ZN|-,5b5y,ZN,3,2,2,0.03387233,0.31892438,0.54409780,0.10310549
sha256:4748babd2b6ac0706cd9ed4bcfd4855c8d2c5535f01813fb2e10b68b31a24c0f:row:4096,1ei6|m0|A|408|-|ZN|-,1ei6,ZN,3,2,2,0.10379629,0.07566364,0.43586711,0.38467296
sha256:4748babd2b6ac0706cd9ed4bcfd4855c8d2c5535f01813fb2e10b68b31a24c0f:row:4097,4ba9|m0|A|2244|-|NI|-,4ba9,NI,3,3,2,0.04941013,0.16137304,0.39842952,0.39078731
sha256:4748babd2b6ac0706cd9ed4bcfd4855c8d2c5535f01813fb2e10b68b31a24c0f:row:4111,7mga|m0|A|301|-|MN|-,7mga,MN,3,0,0,0.81158729,0.03219994,0.06112568,0.09508708
sha256:4748babd2b6ac0706cd9ed4bcfd4855c8d2c5535f01813fb2e10b68b31a24c0f:row:4119,1gx1|m0|A|1157|-|ZN|-,1gx1,ZN,3,2,2,0.08038970,0.10954412,0.59184388,0.21822230
sha256:4748babd2b6ac0706cd9ed4bcfd4855c8d2c5535f01813fb2e10b68b31a24c0f:row:4135,2hmj|m0|A|450|-|FE|-,2hmj,FE,3,3,3,0.27773342,0.07977282,0.15136948,0.49112428
sha256:4748babd2b6ac0706cd9ed4bcfd4855c8d2c5535f01813fb2e10b68b31a24c0f:row:4145,4gae|m0|A|504|-|MN|-,4gae,MN,3,0,0,0.79118190,0.04302870,0.06844741,0.09734199
sha256:4748babd2b6ac0706cd9ed4bcfd4855c8d2c5535f01813fb2e10b68b31a24c0f:row:4151,3vpb|m0|E|100|-|ZN|-,3vpb,ZN,3,2,2,0.04716385,0.08209957,0.75526641,0.11547017
sha256:4748babd2b6ac0706cd9ed4bcfd4855c8d2c5535f01813fb2e10b68b31a24c0f:row:4157,6btg|m0|A|301|-|MN|-,6btg,MN,3,0,0,0.53526252,0.06012717,0.09973081,0.30487950
sha256:4748babd2b6ac0706cd9ed4bcfd4855c8d2c5535f01813fb2e10b68b31a24c0f:row:4165,4xq1|m0|A|201|-|FE|-,4xq1,FE,3,3,3,0.33782606,0.06393340,0.07530635,0.52293420
sha256:4748babd2b6ac0706cd9ed4bcfd4855c8d2c5535f01813fb2e10b68b31a24c0f:row:4173,2jlp|m0|A|226|-|ZN|-,2jlp,ZN,3,2,2,0.03628254,0.27890533,0.58592343,0.09888870
sha256:4748babd2b6ac0706cd9ed4bcfd4855c8d2c5535f01813fb2e10b68b31a24c0f:row:4180,3hq2|m0|B|507|-|ZN|-,3hq2,ZN,3,2,2,0.06970049,0.15870467,0.52547481,0.24612003
sha256:4748babd2b6ac0706cd9ed4bcfd4855c8d2c5535f01813fb2e10b68b31a24c0f:row:4183,4zhn|m0|A|301|-|CO|-,4zhn,CO,3,3,3,0.18217641,0.05543400,0.08780427,0.67458532
sha256:4748babd2b6ac0706cd9ed4bcfd4855c8d2c5535f01813fb2e10b68b31a24c0f:row:4186,2gwg|m0|A|401|-|ZN|-,2gwg,ZN,3,2,0,0.48214423,0.08966036,0.12494547,0.30324995
sha256:4748babd2b6ac0706cd9ed4bcfd4855c8d2c5535f01813fb2e10b68b31a24c0f:row:4195,6z5y|m0|A|201|-|CU|-,6z5y,CU,3,1,2,0.04811489,0.36328058,0.41949711,0.16910742
sha256:4748babd2b6ac0706cd9ed4bcfd4855c8d2c5535f01813fb2e10b68b31a24c0f:row:4201,6o7q|m0|D|602|-|FE|-,6o7q,FE,3,3,3,0.24152821,0.04498033,0.13613602,0.57735545
sha256:4748babd2b6ac0706cd9ed4bcfd4855c8d2c5535f01813fb2e10b68b31a24c0f:row:4212,1cob|m0|A|153|-|CO|-,1cob,CO,3,3,1,0.03690983,0.63513126,0.23410316,0.09385574
sha256:4748babd2b6ac0706cd9ed4bcfd4855c8d2c5535f01813fb2e10b68b31a24c0f:row:4220,4cn9|m0|A|1449|-|ZN|-,4cn9,ZN,3,2,2,0.10555308,0.06031863,0.58163273,0.25249557
sha256:4748babd2b6ac0706cd9ed4bcfd4855c8d2c5535f01813fb2e10b68b31a24c0f:row:4225,4cck|m0|D|901|-|MN|-,4cck,MN,3,0,0,0.63943425,0.04926632,0.07932729,0.23197214
sha256:4748babd2b6ac0706cd9ed4bcfd4855c8d2c5535f01813fb2e10b68b31a24c0f:row:4226,5wcx|m0|B|901|-|MN|-,5wcx,MN,3,0,0,0.46787813,0.03434102,0.09343507,0.40434577
sha256:4748babd2b6ac0706cd9ed4bcfd4855c8d2c5535f01813fb2e10b68b31a24c0f:row:4245,5ld9|m0|A|201|-|ZN|-,5ld9,ZN,3,2,3,0.08890545,0.08284406,0.24463863,0.58361186
sha256:4748babd2b6ac0706cd9ed4bcfd4855c8d2c5535f01813fb2e10b68b31a24c0f:row:4246,1j5y|m0|A|201|-|NI|-,1j5y,NI,3,3,0,0.42084426,0.07834537,0.10504180,0.39576857
sha256:4748babd2b6ac0706cd9ed4bcfd4855c8d2c5535f01813fb2e10b68b31a24c0f:row:4251,1k7h|m0|A|478|-|ZN|-,1k7h,ZN,3,2,2,0.20123359,0.06920794,0.54470391,0.18485456
sha256:4748babd2b6ac0706cd9ed4bcfd4855c8d2c5535f01813fb2e10b68b31a24c0f:row:4253,7lps|m0|C|201|-|ZN|-,7lps,ZN,3,2,2,0.07015830,0.11212456,0.68599010,0.13172705
sha256:4748babd2b6ac0706cd9ed4bcfd4855c8d2c5535f01813fb2e10b68b31a24c0f:row:4255,5v0a|m0|Z|401|-|MN|-,5v0a,MN,3,0,0,0.71183620,0.03957071,0.07631353,0.17227957
sha256:4748babd2b6ac0706cd9ed4bcfd4855c8d2c5535f01813fb2e10b68b31a24c0f:row:4261,8fgw|m0|C|1401|-|ZN|-,8fgw,ZN,3,2,2,0.03868833,0.05433234,0.74554527,0.16143405
sha256:4748babd2b6ac0706cd9ed4bcfd4855c8d2c5535f01813fb2e10b68b31a24c0f:row:4262,1ddz|m0|A|1|-|ZN|-,1ddz,ZN,3,2,2,0.08948547,0.09959889,0.64750624,0.16340940
sha256:4748babd2b6ac0706cd9ed4bcfd4855c8d2c5535f01813fb2e10b68b31a24c0f:row:4280,8qfm|m0|A|305|-|MN|-,8qfm,MN,3,0,3,0.29508280,0.10453078,0.16490999,0.43547643
sha256:4748babd2b6ac0706cd9ed4bcfd4855c8d2c5535f01813fb2e10b68b31a24c0f:row:4282,6r44|m0|A|401|-|NI|-,6r44,NI,3,3,3,0.27884899,0.07428716,0.09849706,0.54836679
sha256:4748babd2b6ac0706cd9ed4bcfd4855c8d2c5535f01813fb2e10b68b31a24c0f:row:4283,5w1f|m0|C|101|-|NI|-,5w1f,NI,3,3,3,0.08519169,0.13181189,0.19467673,0.58831969
sha256:4748babd2b6ac0706cd9ed4bcfd4855c8d2c5535f01813fb2e10b68b31a24c0f:row:4285,8dge|m0|A|802|-|MN|-,8dge,MN,3,0,0,0.72345415,0.04437221,0.07689037,0.15528328
sha256:4748babd2b6ac0706cd9ed4bcfd4855c8d2c5535f01813fb2e10b68b31a24c0f:row:4288,7ov2|m0|A|664|-|FE|-,7ov2,FE,3,3,0,0.44628165,0.07368815,0.08889528,0.39113492
sha256:4748babd2b6ac0706cd9ed4bcfd4855c8d2c5535f01813fb2e10b68b31a24c0f:row:4291,4z7r|m0|A|301|-|ZN|-,4z7r,ZN,3,2,2,0.03836561,0.07564630,0.75738603,0.12860206
sha256:4748babd2b6ac0706cd9ed4bcfd4855c8d2c5535f01813fb2e10b68b31a24c0f:row:4299,4a25|m0|A|1169|-|MN|-,4a25,MN,3,0,0,0.61234876,0.04112986,0.09068472,0.25583665
sha256:4748babd2b6ac0706cd9ed4bcfd4855c8d2c5535f01813fb2e10b68b31a24c0f:row:4303,6rim|m0|A|501|-|ZN|-,6rim,ZN,3,2,2,0.09225889,0.11409475,0.55675580,0.23689056
sha256:4748babd2b6ac0706cd9ed4bcfd4855c8d2c5535f01813fb2e10b68b31a24c0f:row:4309,4m6o|m0|H|303|-|NI|-,4m6o,NI,3,3,2,0.04422800,0.16832320,0.58968296,0.19776584
sha256:4748babd2b6ac0706cd9ed4bcfd4855c8d2c5535f01813fb2e10b68b31a24c0f:row:4314,3u6w|m0|B|426|-|MN|-,3u6w,MN,3,0,0,0.55947054,0.05245538,0.06780988,0.32026421
sha256:4748babd2b6ac0706cd9ed4bcfd4855c8d2c5535f01813fb2e10b68b31a24c0f:row:4315,4hm6|m0|A|502|-|FE|-,4hm6,FE,3,3,3,0.11976526,0.07620087,0.12286753,0.68116634
sha256:4748babd2b6ac0706cd9ed4bcfd4855c8d2c5535f01813fb2e10b68b31a24c0f:row:4318,5f13|m0|A|501|-|MN|-,5f13,MN,3,0,0,0.61332366,0.05308089,0.15107364,0.18252182
sha256:4748babd2b6ac0706cd9ed4bcfd4855c8d2c5535f01813fb2e10b68b31a24c0f:row:4320,6tto|m0|A|413|-|NI|-,6tto,NI,3,3,3,0.33012215,0.08230449,0.13709555,0.45047782
sha256:4748babd2b6ac0706cd9ed4bcfd4855c8d2c5535f01813fb2e10b68b31a24c0f:row:4321,4wmk|m0|A|401|-|MN|-,4wmk,MN,3,0,0,0.55614026,0.04122063,0.11575829,0.28688082
sha256:4748babd2b6ac0706cd9ed4bcfd4855c8d2c5535f01813fb2e10b68b31a24c0f:row:4330,6dk9|m0|A|301|-|ZN|-,6dk9,ZN,3,2,3,0.18359285,0.08700780,0.18475665,0.54464271
sha256:4748babd2b6ac0706cd9ed4bcfd4855c8d2c5535f01813fb2e10b68b31a24c0f:row:4332,3qlh|m0|A|557|-|MN|-,3qlh,MN,3,0,0,0.72270531,0.04348552,0.15243697,0.08137220
sha256:4748babd2b6ac0706cd9ed4bcfd4855c8d2c5535f01813fb2e10b68b31a24c0f:row:4333,2f4f|m0|A|1501|-|MN|-,2f4f,MN,3,0,0,0.52060425,0.08278477,0.21987483,0.17673615
sha256:4748babd2b6ac0706cd9ed4bcfd4855c8d2c5535f01813fb2e10b68b31a24c0f:row:4339,3a6v|m0|B|1001|-|MN|-,3a6v,MN,3,0,0,0.69961047,0.03901024,0.07895832,0.18242097
sha256:4748babd2b6ac0706cd9ed4bcfd4855c8d2c5535f01813fb2e10b68b31a24c0f:row:4340,5paz|m0|A|124|-|CU|-,5paz,CU,3,1,1,0.02919830,0.49515234,0.40766517,0.06798418
sha256:4748babd2b6ac0706cd9ed4bcfd4855c8d2c5535f01813fb2e10b68b31a24c0f:row:4350,1sdw|m0|A|357|-|CU|-,1sdw,CU,3,1,1,0.02347734,0.78470184,0.12936702,0.06245380
sha256:4748babd2b6ac0706cd9ed4bcfd4855c8d2c5535f01813fb2e10b68b31a24c0f:row:4354,5z8n|m0|A|302|-|ZN|-,5z8n,ZN,3,2,2,0.03833680,0.07325809,0.70793524,0.18046987
sha256:4748babd2b6ac0706cd9ed4bcfd4855c8d2c5535f01813fb2e10b68b31a24c0f:row:4357,2gru|m0|A|601|-|CO|-,2gru,CO,3,3,3,0.29088147,0.06589404,0.09796484,0.54525965
sha256:4748babd2b6ac0706cd9ed4bcfd4855c8d2c5535f01813fb2e10b68b31a24c0f:row:4362,6l56|m0|A|202|-|FE|-,6l56,FE,3,3,0,0.54366675,0.05698875,0.11628053,0.28306397
sha256:4748babd2b6ac0706cd9ed4bcfd4855c8d2c5535f01813fb2e10b68b31a24c0f:row:4376,1wpp|m0|A|601|-|ZN|-,1wpp,ZN,3,2,0,0.38398955,0.05190347,0.25427564,0.30983134
sha256:4748babd2b6ac0706cd9ed4bcfd4855c8d2c5535f01813fb2e10b68b31a24c0f:row:4378,6q09|m0|A|301|-|FE|-,6q09,FE,3,3,0,0.47939727,0.05217127,0.11755040,0.35088105
sha256:4748babd2b6ac0706cd9ed4bcfd4855c8d2c5535f01813fb2e10b68b31a24c0f:row:4380,8dpn|m0|B|602|-|FE|-,8dpn,FE,3,3,3,0.15768745,0.04481888,0.36838218,0.42911149
sha256:4748babd2b6ac0706cd9ed4bcfd4855c8d2c5535f01813fb2e10b68b31a24c0f:row:4386,5hlo|m0|A|103|-|ZN|-,5hlo,ZN,3,2,2,0.04177527,0.20058979,0.60006536,0.15756958
sha256:4748babd2b6ac0706cd9ed4bcfd4855c8d2c5535f01813fb2e10b68b31a24c0f:row:4388,3ovr|m0|A|229|-|FE|-,3ovr,FE,3,3,0,0.53421691,0.04486563,0.06570309,0.35521437
sha256:4748babd2b6ac0706cd9ed4bcfd4855c8d2c5535f01813fb2e10b68b31a24c0f:row:4391,4ilv|m0|A|301|-|FE|-,4ilv,FE,3,3,3,0.13974951,0.17737704,0.11942253,0.56345093
sha256:4748babd2b6ac0706cd9ed4bcfd4855c8d2c5535f01813fb2e10b68b31a24c0f:row:4395,2xue|m0|A|3000|-|FE|-,2xue,FE,3,3,3,0.08597908,0.05003151,0.09681497,0.76717444
sha256:4748babd2b6ac0706cd9ed4bcfd4855c8d2c5535f01813fb2e10b68b31a24c0f:row:4404,5f55|m0|A|808|-|MN|-,5f55,MN,3,0,0,0.69208398,0.04215906,0.15737522,0.10838173
sha256:4748babd2b6ac0706cd9ed4bcfd4855c8d2c5535f01813fb2e10b68b31a24c0f:row:4408,2h6l|m0|A|401|-|ZN|-,2h6l,ZN,3,2,3,0.07491732,0.26858144,0.20690041,0.44960083
sha256:4748babd2b6ac0706cd9ed4bcfd4855c8d2c5535f01813fb2e10b68b31a24c0f:row:4413,7ov8|m0|A|714|-|FE|-,7ov8,FE,3,3,0,0.44858535,0.08093242,0.08303048,0.38745175
sha256:4748babd2b6ac0706cd9ed4bcfd4855c8d2c5535f01813fb2e10b68b31a24c0f:row:4417,5i8t|m0|A|201|-|NI|-,5i8t,NI,3,3,3,0.24907318,0.06588441,0.10569150,0.57935090
sha256:4748babd2b6ac0706cd9ed4bcfd4855c8d2c5535f01813fb2e10b68b31a24c0f:row:4422,7yzk|m0|A|502|-|MN|-,7yzk,MN,3,0,0,0.75352002,0.02960610,0.10566947,0.11120441
sha256:4748babd2b6ac0706cd9ed4bcfd4855c8d2c5535f01813fb2e10b68b31a24c0f:row:4426,2faq|m0|A|501|-|MN|-,2faq,MN,3,0,0,0.59111742,0.05141923,0.20381581,0.15364754
sha256:4748babd2b6ac0706cd9ed4bcfd4855c8d2c5535f01813fb2e10b68b31a24c0f:row:4440,7l3l|m0|A|203|-|ZN|-,7l3l,ZN,3,2,2,0.04444737,0.05210135,0.75794288,0.14550839
sha256:4748babd2b6ac0706cd9ed4bcfd4855c8d2c5535f01813fb2e10b68b31a24c0f:row:4441,1tw5|m0|A|403|-|MN|-,1tw5,MN,3,0,0,0.69066683,0.04041453,0.06398106,0.20493758
sha256:4748babd2b6ac0706cd9ed4bcfd4855c8d2c5535f01813fb2e10b68b31a24c0f:row:4443,1lrm|m0|A|428|-|FE|-,1lrm,FE,3,3,3,0.21973036,0.06006783,0.08540538,0.63479643
sha256:4748babd2b6ac0706cd9ed4bcfd4855c8d2c5535f01813fb2e10b68b31a24c0f:row:4444,4qi8|m0|B|301|-|CU|-,4qi8,CU,3,1,3,0.21129625,0.19074896,0.28907300,0.30888178
sha256:4748babd2b6ac0706cd9ed4bcfd4855c8d2c5535f01813fb2e10b68b31a24c0f:row:4452,4zo2|m0|A|402|-|ZN|-,4zo2,ZN,3,2,3,0.33877883,0.05263855,0.11470434,0.49387828
sha256:4748babd2b6ac0706cd9ed4bcfd4855c8d2c5535f01813fb2e10b68b31a24c0f:row:4461,7mg3|m0|A|301|-|MN|-,7mg3,MN,3,0,0,0.82532415,0.03155535,0.05978367,0.08333683
sha256:4748babd2b6ac0706cd9ed4bcfd4855c8d2c5535f01813fb2e10b68b31a24c0f:row:4463,2yx1|m0|A|503|-|ZN|-,2yx1,ZN,3,2,2,0.04175577,0.16197909,0.67232656,0.12393858
sha256:4748babd2b6ac0706cd9ed4bcfd4855c8d2c5535f01813fb2e10b68b31a24c0f:row:4471,2bb0|m0|A|1601|-|ZN|-,2bb0,ZN,3,2,0,0.42441270,0.07821287,0.11559687,0.38177756
sha256:4748babd2b6ac0706cd9ed4bcfd4855c8d2c5535f01813fb2e10b68b31a24c0f:row:4473,3h5y|m0|A|511|-|MN|-,3h5y,MN,3,0,0,0.72446902,0.03296563,0.08079374,0.16177160
sha256:4748babd2b6ac0706cd9ed4bcfd4855c8d2c5535f01813fb2e10b68b31a24c0f:row:4476,1lnl|m0|B|5004|-|CU|-,1lnl,CU,3,1,3,0.04162299,0.27150247,0.11767740,0.56919714
sha256:4748babd2b6ac0706cd9ed4bcfd4855c8d2c5535f01813fb2e10b68b31a24c0f:row:4483,4mcw|m0|A|402|-|FE|-,4mcw,FE,3,3,0,0.47254452,0.04817920,0.14866876,0.33060753
sha256:4748babd2b6ac0706cd9ed4bcfd4855c8d2c5535f01813fb2e10b68b31a24c0f:row:4485,7fip|m0|A|402|-|ZN|-,7fip,ZN,3,2,2,0.07239017,0.14978156,0.61233782,0.16549045
sha256:4748babd2b6ac0706cd9ed4bcfd4855c8d2c5535f01813fb2e10b68b31a24c0f:row:4502,6asr|m0|B|1101|-|NI|-,6asr,NI,3,3,0,0.46281152,0.04288522,0.22191635,0.27238692
sha256:4748babd2b6ac0706cd9ed4bcfd4855c8d2c5535f01813fb2e10b68b31a24c0f:row:4513,5eyx|m0|B|302|-|MN|-,5eyx,MN,3,0,0,0.75304452,0.04562766,0.05771234,0.14361548
sha256:4748babd2b6ac0706cd9ed4bcfd4855c8d2c5535f01813fb2e10b68b31a24c0f:row:4514,6icn|m0|A|401|-|CO|-,6icn,CO,3,3,3,0.10228118,0.06657853,0.22519811,0.60594218
sha256:4748babd2b6ac0706cd9ed4bcfd4855c8d2c5535f01813fb2e10b68b31a24c0f:row:4515,7w7g|m0|B|4000|-|ZN|-,7w7g,ZN,3,2,2,0.04360618,0.09252545,0.56239213,0.30147624
sha256:4748babd2b6ac0706cd9ed4bcfd4855c8d2c5535f01813fb2e10b68b31a24c0f:row:4536,5o3n|m0|A|501|-|MN|-,5o3n,MN,3,0,0,0.61981747,0.04567869,0.08949785,0.24500599
sha256:4748babd2b6ac0706cd9ed4bcfd4855c8d2c5535f01813fb2e10b68b31a24c0f:row:4539,4jix|m0|A|201|-|ZN|-,4jix,ZN,3,2,3,0.06728952,0.09751883,0.13147707,0.70371458
sha256:4748babd2b6ac0706cd9ed4bcfd4855c8d2c5535f01813fb2e10b68b31a24c0f:row:4541,6vi7|m0|A|203|-|FE|-,6vi7,FE,3,3,2,0.05155267,0.04321337,0.76183825,0.14339571
sha256:4748babd2b6ac0706cd9ed4bcfd4855c8d2c5535f01813fb2e10b68b31a24c0f:row:4549,6y0q|m0|A|302|-|FE|-,6y0q,FE,3,3,3,0.33797486,0.07887342,0.10379251,0.47935921
sha256:4748babd2b6ac0706cd9ed4bcfd4855c8d2c5535f01813fb2e10b68b31a24c0f:row:4552,7nro|m0|A|302|-|MN|-,7nro,MN,3,0,0,0.58065085,0.04979685,0.07721726,0.29233504
sha256:4748babd2b6ac0706cd9ed4bcfd4855c8d2c5535f01813fb2e10b68b31a24c0f:row:4563,3nxz|m0|A|200|-|CU|-,3nxz,CU,3,1,2,0.21484654,0.10855263,0.33941320,0.33718763
sha256:4748babd2b6ac0706cd9ed4bcfd4855c8d2c5535f01813fb2e10b68b31a24c0f:row:4564,1w5c|m0|A|1347|-|MN|-,1w5c,MN,3,0,0,0.46061148,0.09845050,0.30716066,0.13377736
sha256:4748babd2b6ac0706cd9ed4bcfd4855c8d2c5535f01813fb2e10b68b31a24c0f:row:4567,5trx|m0|A|401|-|FE|-,5trx,FE,3,3,3,0.41570069,0.05186383,0.07556157,0.45687391
sha256:4748babd2b6ac0706cd9ed4bcfd4855c8d2c5535f01813fb2e10b68b31a24c0f:row:4588,6k5p|m0|C|605|-|CO|-,6k5p,CO,3,3,3,0.07869904,0.14219473,0.30070574,0.47840049
sha256:4748babd2b6ac0706cd9ed4bcfd4855c8d2c5535f01813fb2e10b68b31a24c0f:row:4595,1hxq|m0|B|351|-|FE|-,1hxq,FE,3,3,3,0.17807698,0.07288492,0.13921651,0.60982160
sha256:4748babd2b6ac0706cd9ed4bcfd4855c8d2c5535f01813fb2e10b68b31a24c0f:row:4598,1fro|m0|A|201|-|ZN|-,1fro,ZN,3,2,3,0.18437267,0.05441199,0.18051996,0.58069538
sha256:4748babd2b6ac0706cd9ed4bcfd4855c8d2c5535f01813fb2e10b68b31a24c0f:row:4609,4gvl|m0|A|601|-|ZN|-,4gvl,ZN,3,2,2,0.03995339,0.15973557,0.70705181,0.09325923
sha256:4748babd2b6ac0706cd9ed4bcfd4855c8d2c5535f01813fb2e10b68b31a24c0f:row:4613,3aam|m0|A|271|-|MN|-,3aam,MN,3,0,0,0.56746550,0.05689488,0.12647111,0.24916851
sha256:4748babd2b6ac0706cd9ed4bcfd4855c8d2c5535f01813fb2e10b68b31a24c0f:row:4614,3ilm|m0|A|204|-|MN|-,3ilm,MN,3,0,2,0.27202975,0.10773849,0.47228828,0.14794348
sha256:4748babd2b6ac0706cd9ed4bcfd4855c8d2c5535f01813fb2e10b68b31a24c0f:row:4616,4z11|m0|A|700|-|CU|-,4z11,CU,3,1,3,0.07122244,0.24541095,0.12237372,0.56099289
sha256:4748babd2b6ac0706cd9ed4bcfd4855c8d2c5535f01813fb2e10b68b31a24c0f:row:4628,1fi2|m0|A|202|-|MN|-,1fi2,MN,3,0,0,0.54636091,0.04720093,0.06758331,0.33885486
sha256:4748babd2b6ac0706cd9ed4bcfd4855c8d2c5535f01813fb2e10b68b31a24c0f:row:4629,5zru|m0|A|605|-|ZN|-,5zru,ZN,3,2,2,0.08053748,0.09203497,0.63101001,0.19641754
sha256:4748babd2b6ac0706cd9ed4bcfd4855c8d2c5535f01813fb2e10b68b31a24c0f:row:4645,6srf|m0|B|501|-|MN|-,6srf,MN,3,0,0,0.68311457,0.04260178,0.06747002,0.20681363
sha256:4748babd2b6ac0706cd9ed4bcfd4855c8d2c5535f01813fb2e10b68b31a24c0f:row:4649,7c7l|m0|A|601|-|ZN|-,7c7l,ZN,3,2,2,0.04146603,0.06547264,0.80564376,0.08741758
sha256:4748babd2b6ac0706cd9ed4bcfd4855c8d2c5535f01813fb2e10b68b31a24c0f:row:4658,7bmi|m0|A|801|-|MN|-,7bmi,MN,3,0,0,0.41365941,0.06739682,0.16163109,0.35731268
sha256:4748babd2b6ac0706cd9ed4bcfd4855c8d2c5535f01813fb2e10b68b31a24c0f:row:4671,4iw3|m0|A|401|-|MN|-,4iw3,MN,3,0,3,0.28976953,0.03933358,0.05714618,0.61375070
sha256:4748babd2b6ac0706cd9ed4bcfd4855c8d2c5535f01813fb2e10b68b31a24c0f:row:4673,2fc0|m0|A|237|-|MN|-,2fc0,MN,3,0,0,0.61882055,0.04166627,0.08506928,0.25444389
sha256:4748babd2b6ac0706cd9ed4bcfd4855c8d2c5535f01813fb2e10b68b31a24c0f:row:4675,1hb4|m0|A|1334|-|FE|-,1hb4,FE,3,3,3,0.31494224,0.04685402,0.07055953,0.56764421
sha256:4748babd2b6ac0706cd9ed4bcfd4855c8d2c5535f01813fb2e10b68b31a24c0f:row:4682,6k1a|m0|A|301|-|MN|-,6k1a,MN,3,0,0,0.63414409,0.03827569,0.09203573,0.23554449
sha256:4748babd2b6ac0706cd9ed4bcfd4855c8d2c5535f01813fb2e10b68b31a24c0f:row:4698,5c5u|m0|A|301|-|MN|-,5c5u,MN,3,0,0,0.54849822,0.05403593,0.10068632,0.29677953
sha256:4748babd2b6ac0706cd9ed4bcfd4855c8d2c5535f01813fb2e10b68b31a24c0f:row:4703,7s4l|m0|I|301|-|CU|-,7s4l,CU,3,1,0,0.30657131,0.25959375,0.28033022,0.15350472
sha256:4748babd2b6ac0706cd9ed4bcfd4855c8d2c5535f01813fb2e10b68b31a24c0f:row:4712,6xma|m0|A|502|-|FE|-,6xma,FE,3,3,3,0.05483393,0.16239644,0.16187228,0.62089734
sha256:4748babd2b6ac0706cd9ed4bcfd4855c8d2c5535f01813fb2e10b68b31a24c0f:row:4715,8cja|m0|B|803|-|NI|-,8cja,NI,3,3,3,0.04033546,0.07906408,0.43943638,0.44116409
sha256:4748babd2b6ac0706cd9ed4bcfd4855c8d2c5535f01813fb2e10b68b31a24c0f:row:4717,5f55|m0|A|809|-|MN|-,5f55,MN,3,0,0,0.65498275,0.04889130,0.10204829,0.19407767
sha256:4748babd2b6ac0706cd9ed4bcfd4855c8d2c5535f01813fb2e10b68b31a24c0f:row:4721,3de8|m0|A|107|-|CU|-,3de8,CU,3,1,2,0.03678735,0.23931644,0.46493446,0.25896176
sha256:4748babd2b6ac0706cd9ed4bcfd4855c8d2c5535f01813fb2e10b68b31a24c0f:row:4724,4rcv|m0|A|401|-|MN|-,4rcv,MN,3,0,0,0.77050042,0.03679338,0.06314677,0.12955942
sha256:4748babd2b6ac0706cd9ed4bcfd4855c8d2c5535f01813fb2e10b68b31a24c0f:row:4727,8kht|m0|B|401|-|FE|-,8kht,FE,3,3,0,0.49658828,0.05210317,0.08345517,0.36785337
sha256:4748babd2b6ac0706cd9ed4bcfd4855c8d2c5535f01813fb2e10b68b31a24c0f:row:4729,2aa4|m0|A|1001|-|ZN|-,2aa4,ZN,3,2,2,0.03720885,0.10624029,0.77122540,0.08532547
sha256:4748babd2b6ac0706cd9ed4bcfd4855c8d2c5535f01813fb2e10b68b31a24c0f:row:4737,5ncj|m0|B|301|-|MN|-,5ncj,MN,3,0,0,0.70040437,0.04978074,0.06580676,0.18400813
sha256:4748babd2b6ac0706cd9ed4bcfd4855c8d2c5535f01813fb2e10b68b31a24c0f:row:4740,7p3l|m0|A|401|-|FE|-,7p3l,FE,3,3,3,0.35094059,0.06041301,0.14589292,0.44275348
sha256:4748babd2b6ac0706cd9ed4bcfd4855c8d2c5535f01813fb2e10b68b31a24c0f:row:4749,1kol|m0|A|1002|-|ZN|-,1kol,ZN,3,2,2,0.05955338,0.04653551,0.79447392,0.09943720
sha256:4748babd2b6ac0706cd9ed4bcfd4855c8d2c5535f01813fb2e10b68b31a24c0f:row:4751,4hvr|m0|A|201|-|FE|-,4hvr,FE,3,3,2,0.27510546,0.16201244,0.41291623,0.14996586
sha256:4748babd2b6ac0706cd9ed4bcfd4855c8d2c5535f01813fb2e10b68b31a24c0f:row:4754,6wxk|m0|B|402|-|ZN|-,6wxk,ZN,3,2,2,0.06015183,0.05413746,0.64888748,0.23682324
sha256:4748babd2b6ac0706cd9ed4bcfd4855c8d2c5535f01813fb2e10b68b31a24c0f:row:4761,3bsn|m0|A|511|-|MN|-,3bsn,MN,3,0,0,0.71994920,0.03603802,0.11718886,0.12682392
sha256:4748babd2b6ac0706cd9ed4bcfd4855c8d2c5535f01813fb2e10b68b31a24c0f:row:4763,6tbr|m0|A|302|-|ZN|-,6tbr,ZN,3,2,2,0.08838835,0.04891891,0.60385417,0.25883858
sha256:4748babd2b6ac0706cd9ed4bcfd4855c8d2c5535f01813fb2e10b68b31a24c0f:row:4764,2g73|m0|B|184|-|MN|-,2g73,MN,3,0,0,0.60444880,0.04099638,0.11969462,0.23486021
sha256:4748babd2b6ac0706cd9ed4bcfd4855c8d2c5535f01813fb2e10b68b31a24c0f:row:4767,2f6k|m0|B|401|-|MN|-,2f6k,MN,3,0,0,0.60228451,0.05288237,0.06556920,0.27926392
sha256:4748babd2b6ac0706cd9ed4bcfd4855c8d2c5535f01813fb2e10b68b31a24c0f:row:4772,1m38|m0|A|404|-|CO|-,1m38,CO,3,3,0,0.51685042,0.06264042,0.18584854,0.23466062
sha256:4748babd2b6ac0706cd9ed4bcfd4855c8d2c5535f01813fb2e10b68b31a24c0f:row:4780,4lmg|m0|A|201|-|ZN|-,4lmg,ZN,3,2,2,0.04474812,0.12483204,0.74134861,0.08907123
sha256:4748babd2b6ac0706cd9ed4bcfd4855c8d2c5535f01813fb2e10b68b31a24c0f:row:4785,6a9v|m0|A|601|-|MN|-,6a9v,MN,3,0,0,0.71261803,0.03886279,0.09147174,0.15704744
sha256:4748babd2b6ac0706cd9ed4bcfd4855c8d2c5535f01813fb2e10b68b31a24c0f:row:4786,2y1e|m0|A|1390|-|MN|-,2y1e,MN,3,0,0,0.78480263,0.03477270,0.06624343,0.11418125
sha256:4748babd2b6ac0706cd9ed4bcfd4855c8d2c5535f01813fb2e10b68b31a24c0f:row:4787,4qn9|m0|A|502|-|ZN|-,4qn9,ZN,3,2,0,0.52705534,0.05387495,0.10262439,0.31644532
sha256:4748babd2b6ac0706cd9ed4bcfd4855c8d2c5535f01813fb2e10b68b31a24c0f:row:4805,3bww|m0|A|307|-|FE|-,3bww,FE,3,3,2,0.20039335,0.06105233,0.39329675,0.34525757
sha256:4748babd2b6ac0706cd9ed4bcfd4855c8d2c5535f01813fb2e10b68b31a24c0f:row:4809,6bh2|m0|A|601|-|MN|-,6bh2,MN,3,0,0,0.55260567,0.04116907,0.06458085,0.34164441
sha256:4748babd2b6ac0706cd9ed4bcfd4855c8d2c5535f01813fb2e10b68b31a24c0f:row:4810,5m1n|m0|A|502|-|MN|-,5m1n,MN,3,0,0,0.67127283,0.04951721,0.12167763,0.15753233
sha256:4748babd2b6ac0706cd9ed4bcfd4855c8d2c5535f01813fb2e10b68b31a24c0f:row:4825,2qjc|m0|A|400|-|MN|-,2qjc,MN,3,0,0,0.72315078,0.04373252,0.08845554,0.14466115
sha256:4748babd2b6ac0706cd9ed4bcfd4855c8d2c5535f01813fb2e10b68b31a24c0f:row:4827,5kfg|m0|A|501|-|MN|-,5kfg,MN,3,0,0,0.78427778,0.03428094,0.07956105,0.10188023
sha256:4748babd2b6ac0706cd9ed4bcfd4855c8d2c5535f01813fb2e10b68b31a24c0f:row:4830,3c0s|m0|A|281|-|MN|-,3c0s,MN,3,0,0,0.80012277,0.03327617,0.06154817,0.10505288
sha256:4748babd2b6ac0706cd9ed4bcfd4855c8d2c5535f01813fb2e10b68b31a24c0f:row:4831,8cr7|m0|A|401|-|ZN|-,8cr7,ZN,3,2,2,0.19159011,0.08627067,0.45668831,0.26545091
sha256:4748babd2b6ac0706cd9ed4bcfd4855c8d2c5535f01813fb2e10b68b31a24c0f:row:4836,4lac|m0|C|502|-|MN|-,4lac,MN,3,0,0,0.59987410,0.06143656,0.13821756,0.20047178
sha256:4748babd2b6ac0706cd9ed4bcfd4855c8d2c5535f01813fb2e10b68b31a24c0f:row:4844,3guc|m0|A|401|-|ZN|-,3guc,ZN,3,2,2,0.04016764,0.06147551,0.57187297,0.32648389
sha256:4748babd2b6ac0706cd9ed4bcfd4855c8d2c5535f01813fb2e10b68b31a24c0f:row:4851,3ccg|m0|A|190|-|FE|-,3ccg,FE,3,3,3,0.38929019,0.04724088,0.11626755,0.44720137
sha256:4748babd2b6ac0706cd9ed4bcfd4855c8d2c5535f01813fb2e10b68b31a24c0f:row:4853,4wzc|m0|A|202|-|FE|-,4wzc,FE,3,3,2,0.05880160,0.04979071,0.50111177,0.39029592
sha256:4748babd2b6ac0706cd9ed4bcfd4855c8d2c5535f01813fb2e10b68b31a24c0f:row:4856,2j2f|m0|A|370|-|FE|-,2j2f,FE,3,3,0,0.61342696,0.04347461,0.14522979,0.19786865
sha256:4748babd2b6ac0706cd9ed4bcfd4855c8d2c5535f01813fb2e10b68b31a24c0f:row:4862,7u73|m0|A|501|-|MN|-,7u73,MN,3,0,0,0.78364901,0.03470851,0.06820129,0.11344119
sha256:4748babd2b6ac0706cd9ed4bcfd4855c8d2c5535f01813fb2e10b68b31a24c0f:row:4863,5a0m|m0|A|1529|-|MN|-,5a0m,MN,3,0,2,0.26739740,0.08806952,0.44202219,0.20251089
sha256:4748babd2b6ac0706cd9ed4bcfd4855c8d2c5535f01813fb2e10b68b31a24c0f:row:4866,2ohj|m0|A|511|-|FE|-,2ohj,FE,3,3,2,0.09186515,0.09252356,0.61867800,0.19693329
sha256:4748babd2b6ac0706cd9ed4bcfd4855c8d2c5535f01813fb2e10b68b31a24c0f:row:4873,3jue|m0|A|999|-|ZN|-,3jue,ZN,3,2,2,0.03864421,0.05817001,0.79613908,0.10704670
sha256:4748babd2b6ac0706cd9ed4bcfd4855c8d2c5535f01813fb2e10b68b31a24c0f:row:4879,1of8|m0|A|1369|-|CO|-,1of8,CO,3,3,0,0.35603369,0.07140662,0.32030094,0.25225874
sha256:4748babd2b6ac0706cd9ed4bcfd4855c8d2c5535f01813fb2e10b68b31a24c0f:row:4882,4zxc|m0|W|500|-|FE|-,4zxc,FE,3,3,2,0.09929689,0.10790142,0.41300812,0.37979357
sha256:4748babd2b6ac0706cd9ed4bcfd4855c8d2c5535f01813fb2e10b68b31a24c0f:row:4890,2ffl|m0|A|5002|-|MN|-,2ffl,MN,3,0,0,0.54776638,0.10846469,0.25692682,0.08684211
sha256:4748babd2b6ac0706cd9ed4bcfd4855c8d2c5535f01813fb2e10b68b31a24c0f:row:4894,8r57|m0|f|100|-|ZN|-,8r57,ZN,3,2,2,0.03817058,0.08968912,0.73920998,0.13293031
sha256:4748babd2b6ac0706cd9ed4bcfd4855c8d2c5535f01813fb2e10b68b31a24c0f:row:4896,2bl4|m0|A|1384|-|FE|-,2bl4,FE,3,3,3,0.24633373,0.10619399,0.30090060,0.34657167
sha256:4748babd2b6ac0706cd9ed4bcfd4855c8d2c5535f01813fb2e10b68b31a24c0f:row:4898,6pcz|m0|A|601|-|ZN|-,6pcz,ZN,3,2,2,0.05324757,0.18962351,0.61897465,0.13815427
sha256:4748babd2b6ac0706cd9ed4bcfd4855c8d2c5535f01813fb2e10b68b31a24c0f:row:4904,1fgr|m0|A|840|-|FE|-,1fgr,FE,3,3,3,0.11565121,0.20316956,0.24801069,0.43316854
sha256:4748babd2b6ac0706cd9ed4bcfd4855c8d2c5535f01813fb2e10b68b31a24c0f:row:4925,4hno|m0|A|302|-|MN|A,4hno,MN,3,0,0,0.53165097,0.09780796,0.22821577,0.14232529
sha256:4748babd2b6ac0706cd9ed4bcfd4855c8d2c5535f01813fb2e10b68b31a24c0f:row:4930,2ps9|m0|A|402|-|CO|-,2ps9,CO,3,3,3,0.08742837,0.14277755,0.19011992,0.57967417
sha256:4748babd2b6ac0706cd9ed4bcfd4855c8d2c5535f01813fb2e10b68b31a24c0f:row:4938,1xvx|m0|A|313|-|FE|-,1xvx,FE,3,3,0,0.43397281,0.05345688,0.08292025,0.42965006
sha256:4748babd2b6ac0706cd9ed4bcfd4855c8d2c5535f01813fb2e10b68b31a24c0f:row:4941,3ju9|m0|A|241|-|MN|-,3ju9,MN,3,0,0,0.78486105,0.03685723,0.05729574,0.12098598
sha256:4748babd2b6ac0706cd9ed4bcfd4855c8d2c5535f01813fb2e10b68b31a24c0f:row:4965,4rou|m0|A|601|-|ZN|-,4rou,ZN,3,2,2,0.03627321,0.07411784,0.81141618,0.07819276
sha256:4748babd2b6ac0706cd9ed4bcfd4855c8d2c5535f01813fb2e10b68b31a24c0f:row:4977,3c7j|m0|A|301|-|NI|-,3c7j,NI,3,3,3,0.34067927,0.09327522,0.09660451,0.46944101
sha256:4748babd2b6ac0706cd9ed4bcfd4855c8d2c5535f01813fb2e10b68b31a24c0f:row:4995,4ccg|m0|X|1374|-|ZN|-,4ccg,ZN,3,2,2,0.04102247,0.06049413,0.79477727,0.10370613
sha256:4748babd2b6ac0706cd9ed4bcfd4855c8d2c5535f01813fb2e10b68b31a24c0f:row:5001,4nrq|m0|A|302|-|MN|-,4nrq,MN,3,0,0,0.58050390,0.05510482,0.09071910,0.27367217
sha256:4748babd2b6ac0706cd9ed4bcfd4855c8d2c5535f01813fb2e10b68b31a24c0f:row:5010,7zij|m0|A|502|-|FE|-,7zij,FE,3,3,3,0.06881413,0.06495448,0.28876550,0.57746589
sha256:4748babd2b6ac0706cd9ed4bcfd4855c8d2c5535f01813fb2e10b68b31a24c0f:row:5018,4h7l|m0|A|201|-|CU|-,4h7l,CU,3,1,0,0.46168548,0.10523992,0.15117930,0.28189530
sha256:4748babd2b6ac0706cd9ed4bcfd4855c8d2c5535f01813fb2e10b68b31a24c0f:row:5024,5w1f|m0|B|201|-|NI|-,5w1f,NI,3,3,3,0.28830686,0.09721531,0.08971886,0.52475898
sha256:4748babd2b6ac0706cd9ed4bcfd4855c8d2c5535f01813fb2e10b68b31a24c0f:row:5032,5kfl|m0|A|501|-|MN|-,5kfl,MN,3,0,0,0.78152340,0.03292923,0.07610059,0.10944678
sha256:4748babd2b6ac0706cd9ed4bcfd4855c8d2c5535f01813fb2e10b68b31a24c0f:row:5033,4rkn|m0|A|910|-|CU|-,4rkn,CU,3,1,2,0.04132424,0.21395832,0.51937979,0.22533766
sha256:4748babd2b6ac0706cd9ed4bcfd4855c8d2c5535f01813fb2e10b68b31a24c0f:row:5051,2ffu|m0|A|600|-|MN|-,2ffu,MN,3,0,0,0.68321780,0.04918126,0.07929218,0.18830877
sha256:4748babd2b6ac0706cd9ed4bcfd4855c8d2c5535f01813fb2e10b68b31a24c0f:row:5055,7ov8|m0|A|713|-|FE|-,7ov8,FE,3,3,0,0.49443271,0.06629325,0.10700379,0.33227025
sha256:4748babd2b6ac0706cd9ed4bcfd4855c8d2c5535f01813fb2e10b68b31a24c0f:row:5087,5kg3|m0|A|501|-|MN|-,5kg3,MN,3,0,0,0.80150083,0.03324311,0.06872388,0.09653218
sha256:4748babd2b6ac0706cd9ed4bcfd4855c8d2c5535f01813fb2e10b68b31a24c0f:row:5092,3wei|m0|A|402|-|MN|-,3wei,MN,3,0,0,0.70625893,0.03836227,0.07682806,0.17855074
sha256:4748babd2b6ac0706cd9ed4bcfd4855c8d2c5535f01813fb2e10b68b31a24c0f:row:5101,3qqc|m0|A|2002|-|ZN|-,3qqc,ZN,3,2,2,0.04435432,0.05199468,0.76188140,0.14176960
sha256:4748babd2b6ac0706cd9ed4bcfd4855c8d2c5535f01813fb2e10b68b31a24c0f:row:5104,2yvr|m0|A|1001|-|ZN|-,2yvr,ZN,3,2,2,0.04091387,0.05162743,0.61767944,0.28977926
sha256:4748babd2b6ac0706cd9ed4bcfd4855c8d2c5535f01813fb2e10b68b31a24c0f:row:5107,5fxv|m0|A|2346|-|MN|-,5fxv,MN,3,0,0,0.56893874,0.04249075,0.06670595,0.32186455
sha256:4748babd2b6ac0706cd9ed4bcfd4855c8d2c5535f01813fb2e10b68b31a24c0f:row:5109,1u0a|m0|A|5005|-|ZN|-,1u0a,ZN,3,2,2,0.19583140,0.10829354,0.44176630,0.25410876
sha256:4748babd2b6ac0706cd9ed4bcfd4855c8d2c5535f01813fb2e10b68b31a24c0f:row:5110,7szf|m0|A|807|-|FE|-,7szf,FE,3,3,3,0.10415177,0.06136812,0.09943045,0.73504966
sha256:4748babd2b6ac0706cd9ed4bcfd4855c8d2c5535f01813fb2e10b68b31a24c0f:row:5118,4lt5|m0|A|401|-|MN|-,4lt5,MN,3,0,0,0.56525799,0.05253567,0.07996228,0.30224405
sha256:4748babd2b6ac0706cd9ed4bcfd4855c8d2c5535f01813fb2e10b68b31a24c0f:row:5126,1kw9|m0|B|301|-|FE|-,1kw9,FE,3,3,3,0.22736843,0.04590163,0.07137688,0.65535306
sha256:4748babd2b6ac0706cd9ed4bcfd4855c8d2c5535f01813fb2e10b68b31a24c0f:row:5129,2b1x|m0|A|502|-|FE|-,2b1x,FE,3,3,3,0.07746350,0.05101218,0.13857770,0.73294663
sha256:4748babd2b6ac0706cd9ed4bcfd4855c8d2c5535f01813fb2e10b68b31a24c0f:row:5134,3i5j|m0|A|502|-|FE|-,3i5j,FE,3,3,0,0.49071459,0.03673677,0.08418109,0.38836755
sha256:4748babd2b6ac0706cd9ed4bcfd4855c8d2c5535f01813fb2e10b68b31a24c0f:row:5138,4n00|m0|A|501|-|NI|-,4n00,NI,3,3,2,0.06130297,0.33607846,0.33643095,0.26618762
sha256:4748babd2b6ac0706cd9ed4bcfd4855c8d2c5535f01813fb2e10b68b31a24c0f:row:5144,7m6u|m0|A|501|-|ZN|-,7m6u,ZN,3,2,2,0.11198133,0.05270935,0.60183801,0.23347131
sha256:4748babd2b6ac0706cd9ed4bcfd4855c8d2c5535f01813fb2e10b68b31a24c0f:row:5145,6we1|m0|D|201|-|MN|-,6we1,MN,3,0,3,0.31254749,0.06902669,0.23825391,0.38017190
sha256:4748babd2b6ac0706cd9ed4bcfd4855c8d2c5535f01813fb2e10b68b31a24c0f:row:5151,5yec|m0|A|701|-|ZN|-,5yec,ZN,3,2,2,0.04603624,0.05513756,0.76270173,0.13612446
sha256:4748babd2b6ac0706cd9ed4bcfd4855c8d2c5535f01813fb2e10b68b31a24c0f:row:5157,1j2u|m0|A|302|-|ZN|-,1j2u,ZN,3,2,2,0.10513438,0.05455615,0.47033316,0.36997631
sha256:4748babd2b6ac0706cd9ed4bcfd4855c8d2c5535f01813fb2e10b68b31a24c0f:row:5169,5lwz|m0|A|402|-|FE|-,5lwz,FE,3,3,0,0.51192485,0.06131308,0.23383369,0.19292838
sha256:4748babd2b6ac0706cd9ed4bcfd4855c8d2c5535f01813fb2e10b68b31a24c0f:row:5179,1f1v|m0|B|500|-|MN|-,1f1v,MN,3,0,3,0.26583502,0.04323795,0.06823714,0.62268989
sha256:4748babd2b6ac0706cd9ed4bcfd4855c8d2c5535f01813fb2e10b68b31a24c0f:row:5180,7l5f|m0|A|303|-|CO|-,7l5f,CO,3,3,3,0.32042771,0.09247959,0.10814074,0.47895196
sha256:4748babd2b6ac0706cd9ed4bcfd4855c8d2c5535f01813fb2e10b68b31a24c0f:row:5183,5u3e|m0|A|302|-|MN|-,5u3e,MN,3,0,0,0.82516141,0.03214923,0.05652563,0.08616374
sha256:4748babd2b6ac0706cd9ed4bcfd4855c8d2c5535f01813fb2e10b68b31a24c0f:row:5187,2d74|m0|A|1001|-|ZN|-,2d74,ZN,3,2,2,0.05044171,0.05895624,0.69230864,0.19829341
sha256:4748babd2b6ac0706cd9ed4bcfd4855c8d2c5535f01813fb2e10b68b31a24c0f:row:5190,3po3|m0|S|999|-|ZN|-,3po3,ZN,3,2,2,0.04999384,0.05186845,0.76260558,0.13553213
sha256:4748babd2b6ac0706cd9ed4bcfd4855c8d2c5535f01813fb2e10b68b31a24c0f:row:5193,1i9a|m0|B|2001|-|MN|-,1i9a,MN,3,0,0,0.69333115,0.03812841,0.08695640,0.18158404
sha256:4748babd2b6ac0706cd9ed4bcfd4855c8d2c5535f01813fb2e10b68b31a24c0f:row:5202,5f2s|m0|A|402|-|ZN|-,5f2s,ZN,3,2,2,0.04097081,0.06520431,0.80220228,0.09162261
sha256:4748babd2b6ac0706cd9ed4bcfd4855c8d2c5535f01813fb2e10b68b31a24c0f:row:5206,5meg|m0|B|1001|-|MN|-,5meg,MN,3,0,0,0.56080504,0.06480555,0.06427512,0.31011429
sha256:4748babd2b6ac0706cd9ed4bcfd4855c8d2c5535f01813fb2e10b68b31a24c0f:row:5207,4oic|m0|B|501|-|MN|-,4oic,MN,3,0,0,0.73922083,0.04127936,0.08728010,0.13221972
sha256:4748babd2b6ac0706cd9ed4bcfd4855c8d2c5535f01813fb2e10b68b31a24c0f:row:5209,3o47|m0|A|501|-|ZN|-,3o47,ZN,3,2,2,0.05896061,0.05035227,0.74163820,0.14904891
sha256:4748babd2b6ac0706cd9ed4bcfd4855c8d2c5535f01813fb2e10b68b31a24c0f:row:5210,2glz|m0|A|200|-|ZN|A,2glz,ZN,3,2,2,0.03640386,0.15265140,0.68515399,0.12579075
sha256:4748babd2b6ac0706cd9ed4bcfd4855c8d2c5535f01813fb2e10b68b31a24c0f:row:5215,2fea|m0|A|1302|-|ZN|-,2fea,ZN,3,2,2,0.04541768,0.07742844,0.75413985,0.12301403
sha256:4748babd2b6ac0706cd9ed4bcfd4855c8d2c5535f01813fb2e10b68b31a24c0f:row:5222,4ryy|m0|A|601|-|FE|-,4ryy,FE,3,3,3,0.24123824,0.08915030,0.07766621,0.59194525
sha256:4748babd2b6ac0706cd9ed4bcfd4855c8d2c5535f01813fb2e10b68b31a24c0f:row:5232,1fyz|m0|A|5001|-|FE|-,1fyz,FE,3,3,0,0.65501829,0.03769368,0.07908892,0.22819912
sha256:4748babd2b6ac0706cd9ed4bcfd4855c8d2c5535f01813fb2e10b68b31a24c0f:row:5238,5hio|m0|A|401|-|FE|-,5hio,FE,3,3,3,0.26281590,0.12885410,0.13697934,0.47135066
sha256:4748babd2b6ac0706cd9ed4bcfd4855c8d2c5535f01813fb2e10b68b31a24c0f:row:5240,8a28|m0|A|501|-|ZN|-,8a28,ZN,3,2,0,0.38195599,0.08272549,0.16342161,0.37189691
sha256:4748babd2b6ac0706cd9ed4bcfd4855c8d2c5535f01813fb2e10b68b31a24c0f:row:5244,3ww3|m0|A|401|-|MN|-,3ww3,MN,3,0,0,0.60077820,0.04710681,0.22341619,0.12869881
sha256:4748babd2b6ac0706cd9ed4bcfd4855c8d2c5535f01813fb2e10b68b31a24c0f:row:5246,7s7b|m0|B|900|-|ZN|-,7s7b,ZN,3,2,2,0.04802838,0.05911719,0.73061524,0.16223919
sha256:4748babd2b6ac0706cd9ed4bcfd4855c8d2c5535f01813fb2e10b68b31a24c0f:row:5249,3rl4|m0|A|555|-|MN|-,3rl4,MN,3,0,0,0.62521739,0.04491106,0.06905072,0.26082083
sha256:4748babd2b6ac0706cd9ed4bcfd4855c8d2c5535f01813fb2e10b68b31a24c0f:row:5252,4gsm|m0|A|401|-|NI|-,4gsm,NI,3,3,0,0.46064220,0.05452167,0.17218213,0.31265400
sha256:4748babd2b6ac0706cd9ed4bcfd4855c8d2c5535f01813fb2e10b68b31a24c0f:row:5256,4xiy|m0|B|402|-|FE|-,4xiy,FE,3,3,0,0.54899575,0.07932326,0.19271457,0.17896642
sha256:4748babd2b6ac0706cd9ed4bcfd4855c8d2c5535f01813fb2e10b68b31a24c0f:row:5264,1kb2|m0|A|151|-|ZN|-,1kb2,ZN,3,2,2,0.06121713,0.05027990,0.72520834,0.16329463
sha256:4748babd2b6ac0706cd9ed4bcfd4855c8d2c5535f01813fb2e10b68b31a24c0f:row:5265,4not|m0|A|301|-|MN|-,4not,MN,3,0,0,0.80025754,0.03623674,0.06740452,0.09610121
sha256:4748babd2b6ac0706cd9ed4bcfd4855c8d2c5535f01813fb2e10b68b31a24c0f:row:5267,3bvq|m0|A|901|-|FE|-,3bvq,FE,3,3,2,0.05962963,0.05025055,0.76141364,0.12870618
sha256:4748babd2b6ac0706cd9ed4bcfd4855c8d2c5535f01813fb2e10b68b31a24c0f:row:5273,5e84|m0|A|806|-|ZN|-,5e84,ZN,3,2,2,0.12058958,0.06288428,0.60688431,0.20964182
sha256:4748babd2b6ac0706cd9ed4bcfd4855c8d2c5535f01813fb2e10b68b31a24c0f:row:5277,2hy1|m0|A|444|-|FE|-,2hy1,FE,3,3,0,0.46738334,0.05374804,0.11425798,0.36461063
sha256:4748babd2b6ac0706cd9ed4bcfd4855c8d2c5535f01813fb2e10b68b31a24c0f:row:5279,3t4v|m0|A|300|-|FE|-,3t4v,FE,3,3,3,0.29420069,0.09229990,0.10311004,0.51038938
sha256:4748babd2b6ac0706cd9ed4bcfd4855c8d2c5535f01813fb2e10b68b31a24c0f:row:5280,3ven|m0|A|604|-|FE|-,3ven,FE,3,3,3,0.39026477,0.05733917,0.09537673,0.45701933
sha256:4748babd2b6ac0706cd9ed4bcfd4855c8d2c5535f01813fb2e10b68b31a24c0f:row:5289,3ntn|m0|A|5|-|NI|-,3ntn,NI,3,3,3,0.28764910,0.09008636,0.14273060,0.47953394
sha256:4748babd2b6ac0706cd9ed4bcfd4855c8d2c5535f01813fb2e10b68b31a24c0f:row:5293,5hio|m0|A|402|-|FE|-,5hio,FE,3,3,3,0.42122729,0.06142713,0.08286732,0.43447826
sha256:4748babd2b6ac0706cd9ed4bcfd4855c8d2c5535f01813fb2e10b68b31a24c0f:row:5306,1j2u|m0|A|301|-|ZN|-,1j2u,ZN,3,2,0,0.51674544,0.07127692,0.14235399,0.26962365
sha256:4748babd2b6ac0706cd9ed4bcfd4855c8d2c5535f01813fb2e10b68b31a24c0f:row:5307,5fx8|m0|B|1000|-|MN|-,5fx8,MN,3,0,0,0.47671853,0.08311784,0.10351969,0.33664395
sha256:4748babd2b6ac0706cd9ed4bcfd4855c8d2c5535f01813fb2e10b68b31a24c0f:row:5308,2y1e|m0|B|1390|-|MN|-,2y1e,MN,3,0,0,0.80277121,0.03495058,0.07276674,0.08951147
sha256:4748babd2b6ac0706cd9ed4bcfd4855c8d2c5535f01813fb2e10b68b31a24c0f:row:5309,1odn|m0|A|1326|-|FE|-,1odn,FE,3,3,3,0.12921686,0.10802994,0.18333581,0.57941739
sha256:4748babd2b6ac0706cd9ed4bcfd4855c8d2c5535f01813fb2e10b68b31a24c0f:row:5314,1y1o|m0|C|322|-|NI|-,1y1o,NI,3,3,0,0.33577106,0.19602126,0.22330865,0.24489903
sha256:4748babd2b6ac0706cd9ed4bcfd4855c8d2c5535f01813fb2e10b68b31a24c0f:row:5320,5m1o|m0|A|501|-|CO|-,5m1o,CO,3,3,0,0.41028921,0.05378897,0.19406574,0.34185608
sha256:4748babd2b6ac0706cd9ed4bcfd4855c8d2c5535f01813fb2e10b68b31a24c0f:row:5322,3wqo|m0|A|1002|-|MN|-,3wqo,MN,3,0,0,0.37480676,0.10992191,0.15189190,0.36337943
sha256:4748babd2b6ac0706cd9ed4bcfd4855c8d2c5535f01813fb2e10b68b31a24c0f:row:5327,8pfc|m0|A|201|-|ZN|-,8pfc,ZN,3,2,2,0.27111543,0.06289046,0.50357450,0.16241961
sha256:4748babd2b6ac0706cd9ed4bcfd4855c8d2c5535f01813fb2e10b68b31a24c0f:row:5332,6wxa|m0|B|406|-|NI|-,6wxa,NI,3,3,3,0.31420510,0.08739946,0.11630004,0.48209540
sha256:4748babd2b6ac0706cd9ed4bcfd4855c8d2c5535f01813fb2e10b68b31a24c0f:row:5333,5zfs|m0|A|301|-|MN|-,5zfs,MN,3,0,0,0.79758749,0.03925787,0.06310159,0.10005305
sha256:4748babd2b6ac0706cd9ed4bcfd4855c8d2c5535f01813fb2e10b68b31a24c0f:row:5338,6a55|m0|B|201|-|MN|-,6a55,MN,3,0,0,0.55872274,0.04813944,0.06707057,0.32606725
sha256:4748babd2b6ac0706cd9ed4bcfd4855c8d2c5535f01813fb2e10b68b31a24c0f:row:5344,2f7n|m0|A|210|-|CO|-,2f7n,CO,3,3,0,0.38605491,0.07263710,0.22558957,0.31571842
sha256:4748babd2b6ac0706cd9ed4bcfd4855c8d2c5535f01813fb2e10b68b31a24c0f:row:5352,3ig1|m0|A|556|-|MN|-,3ig1,MN,3,0,0,0.70294490,0.04286645,0.15981122,0.09437743
sha256:4748babd2b6ac0706cd9ed4bcfd4855c8d2c5535f01813fb2e10b68b31a24c0f:row:5355,1su1|m0|A|302|-|ZN|-,1su1,ZN,3,2,0,0.32829114,0.12223064,0.30812091,0.24135731
sha256:4748babd2b6ac0706cd9ed4bcfd4855c8d2c5535f01813fb2e10b68b31a24c0f:row:5361,7vyj|m0|A|701|-|FE|-,7vyj,FE,3,3,0,0.65625124,0.04446989,0.07253374,0.22674513
sha256:4748babd2b6ac0706cd9ed4bcfd4855c8d2c5535f01813fb2e10b68b31a24c0f:row:5362,5kg7|m0|A|501|-|MN|-,5kg7,MN,3,0,0,0.80485471,0.03264042,0.06495675,0.09754812
sha256:4748babd2b6ac0706cd9ed4bcfd4855c8d2c5535f01813fb2e10b68b31a24c0f:row:5370,7u76|m0|A|501|-|MN|-,7u76,MN,3,0,0,0.70030911,0.03572489,0.08938205,0.17458396
sha256:4748babd2b6ac0706cd9ed4bcfd4855c8d2c5535f01813fb2e10b68b31a24c0f:row:5373,3rn9|m0|A|499|-|FE|-,3rn9,FE,3,3,0,0.55003782,0.05675321,0.06358928,0.32961970
sha256:4748babd2b6ac0706cd9ed4bcfd4855c8d2c5535f01813fb2e10b68b31a24c0f:row:5374,3tp2|m0|A|229|-|ZN|-,3tp2,ZN,3,2,2,0.04397163,0.07409134,0.78614995,0.09578709
sha256:4748babd2b6ac0706cd9ed4bcfd4855c8d2c5535f01813fb2e10b68b31a24c0f:row:5379,6dy8|m0|C|201|-|MN|-,6dy8,MN,3,0,0,0.67235036,0.04717577,0.08661004,0.19386384
sha256:4748babd2b6ac0706cd9ed4bcfd4855c8d2c5535f01813fb2e10b68b31a24c0f:row:5380,4tzh|m0|A|301|-|ZN|-,4tzh,ZN,3,2,2,0.10433027,0.08263860,0.67184692,0.14118420
sha256:4748babd2b6ac0706cd9ed4bcfd4855c8d2c5535f01813fb2e10b68b31a24c0f:row:5381,6ggo|m0|A|301|-|ZN|-,6ggo,ZN,3,2,3,0.35420428,0.07682593,0.20742932,0.36154047
sha256:4748babd2b6ac0706cd9ed4bcfd4855c8d2c5535f01813fb2e10b68b31a24c0f:row:5387,5w3x|m0|B|1301|-|ZN|-,5w3x,ZN,3,2,2,0.05448947,0.09602531,0.66571803,0.18376719
sha256:4748babd2b6ac0706cd9ed4bcfd4855c8d2c5535f01813fb2e10b68b31a24c0f:row:5391,1rjp|m0|A|602|-|CU|-,1rjp,CU,3,1,2,0.04637897,0.24120285,0.54101958,0.17139860
sha256:4748babd2b6ac0706cd9ed4bcfd4855c8d2c5535f01813fb2e10b68b31a24c0f:row:5394,4egu|m0|A|202|-|ZN|-,4egu,ZN,3,2,2,0.03687999,0.18718829,0.67926071,0.09667101
sha256:4748babd2b6ac0706cd9ed4bcfd4855c8d2c5535f01813fb2e10b68b31a24c0f:row:5397,4a37|m0|A|376|-|ZN|-,4a37,ZN,3,2,1,0.09591358,0.47618477,0.30514810,0.12275354
sha256:4748babd2b6ac0706cd9ed4bcfd4855c8d2c5535f01813fb2e10b68b31a24c0f:row:5398,3pkx|m0|A|230|-|MN|-,3pkx,MN,3,0,0,0.54767802,0.05282802,0.08121982,0.31827414
sha256:4748babd2b6ac0706cd9ed4bcfd4855c8d2c5535f01813fb2e10b68b31a24c0f:row:5400,4ccm|m0|B|901|-|MN|-,4ccm,MN,3,0,0,0.59740940,0.04912545,0.08352263,0.26994251
sha256:4748babd2b6ac0706cd9ed4bcfd4855c8d2c5535f01813fb2e10b68b31a24c0f:row:5402,4qxb|m0|A|601|-|NI|-,4qxb,NI,3,3,3,0.07081099,0.07333458,0.09845105,0.75740338
sha256:4748babd2b6ac0706cd9ed4bcfd4855c8d2c5535f01813fb2e10b68b31a24c0f:row:5404,3kv5|m0|A|490|-|ZN|-,3kv5,ZN,3,2,2,0.05248802,0.11726589,0.70616775,0.12407834
sha256:4748babd2b6ac0706cd9ed4bcfd4855c8d2c5535f01813fb2e10b68b31a24c0f:row:5409,6gem|m0|A|301|-|FE|-,6gem,FE,3,3,0,0.27544451,0.21002543,0.26188684,0.25264322
sha256:4748babd2b6ac0706cd9ed4bcfd4855c8d2c5535f01813fb2e10b68b31a24c0f:row:5410,1ozb|m0|I|50|-|ZN|-,1ozb,ZN,3,2,2,0.03850309,0.06201967,0.81495592,0.08452132
sha256:4748babd2b6ac0706cd9ed4bcfd4855c8d2c5535f01813fb2e10b68b31a24c0f:row:5416,5g6t|m0|A|1333|-|ZN|-,5g6t,ZN,3,2,3,0.07615339,0.06732094,0.29373230,0.56279336
sha256:4748babd2b6ac0706cd9ed4bcfd4855c8d2c5535f01813fb2e10b68b31a24c0f:row:5419,4hcf|m0|A|201|-|CU|-,4hcf,CU,3,1,2,0.03423498,0.32628209,0.51862502,0.12085791
sha256:4748babd2b6ac0706cd9ed4bcfd4855c8d2c5535f01813fb2e10b68b31a24c0f:row:5421,6o3p|m0|A|505|-|ZN|-,6o3p,ZN,3,2,2,0.04421131,0.05641164,0.78897287,0.11040419
sha256:4748babd2b6ac0706cd9ed4bcfd4855c8d2c5535f01813fb2e10b68b31a24c0f:row:5424,6big|m0|A|501|-|CO|-,6big,CO,3,3,3,0.09602701,0.09537556,0.10540149,0.70319595
sha256:4748babd2b6ac0706cd9ed4bcfd4855c8d2c5535f01813fb2e10b68b31a24c0f:row:5426,5svc|m0|A|801|-|MN|-,5svc,MN,3,0,0,0.38645634,0.07266603,0.30059289,0.24028474
sha256:4748babd2b6ac0706cd9ed4bcfd4855c8d2c5535f01813fb2e10b68b31a24c0f:row:5427,2vnp|m0|A|1180|-|MN|-,2vnp,MN,3,0,0,0.66648880,0.04668395,0.09566927,0.19115798
sha256:4748babd2b6ac0706cd9ed4bcfd4855c8d2c5535f01813fb2e10b68b31a24c0f:row:5431,5ncj|m0|A|301|-|MN|-,5ncj,MN,3,0,0,0.66380046,0.05859211,0.07370248,0.20390495
sha256:4748babd2b6ac0706cd9ed4bcfd4855c8d2c5535f01813fb2e10b68b31a24c0f:row:5432,3hy6|m0|A|204|-|NI|-,3hy6,NI,3,3,0,0.40479331,0.07477861,0.24683184,0.27359623
sha256:4748babd2b6ac0706cd9ed4bcfd4855c8d2c5535f01813fb2e10b68b31a24c0f:row:5433,4eyu|m0|A|1701|-|NI|-,4eyu,NI,3,3,3,0.08475797,0.05526147,0.15692520,0.70305536
sha256:4748babd2b6ac0706cd9ed4bcfd4855c8d2c5535f01813fb2e10b68b31a24c0f:row:5436,4gaa|m0|A|701|-|ZN|-,4gaa,ZN,3,2,3,0.29476146,0.07185629,0.16136290,0.47201935
sha256:4748babd2b6ac0706cd9ed4bcfd4855c8d2c5535f01813fb2e10b68b31a24c0f:row:5446,7yxh|m0|B|501|-|MN|-,7yxh,MN,3,0,0,0.65163852,0.04094904,0.06601683,0.24139561
sha256:4748babd2b6ac0706cd9ed4bcfd4855c8d2c5535f01813fb2e10b68b31a24c0f:row:5450,7mxx|m0|Z|401|-|MN|-,7mxx,MN,3,0,0,0.75817856,0.03238247,0.07748857,0.13195039
sha256:4748babd2b6ac0706cd9ed4bcfd4855c8d2c5535f01813fb2e10b68b31a24c0f:row:5451,6ff4|m0|P|503|-|ZN|-,6ff4,ZN,3,2,2,0.04766232,0.05602069,0.55141901,0.34489798
sha256:4748babd2b6ac0706cd9ed4bcfd4855c8d2c5535f01813fb2e10b68b31a24c0f:row:5454,7u7j|m0|A|501|-|MN|-,7u7j,MN,3,0,0,0.80470734,0.03382812,0.06329143,0.09817311
sha256:4748babd2b6ac0706cd9ed4bcfd4855c8d2c5535f01813fb2e10b68b31a24c0f:row:5455,7p37|m0|A|203|-|ZN|-,7p37,ZN,3,2,2,0.03842226,0.05472948,0.77962680,0.12722147
sha256:4748babd2b6ac0706cd9ed4bcfd4855c8d2c5535f01813fb2e10b68b31a24c0f:row:5460,8etf|m0|B|402|-|NI|-,8etf,NI,3,3,2,0.04929325,0.28571259,0.39213543,0.27285873
sha256:4748babd2b6ac0706cd9ed4bcfd4855c8d2c5535f01813fb2e10b68b31a24c0f:row:5463,2axt|m0|A|557|-|FE|-,2axt,FE,3,3,3,0.10279126,0.13091269,0.08561923,0.68067682
sha256:4748babd2b6ac0706cd9ed4bcfd4855c8d2c5535f01813fb2e10b68b31a24c0f:row:5473,1hi9|m0|A|300|-|ZN|-,1hi9,ZN,3,2,2,0.17068184,0.07775884,0.47110928,0.28045004
sha256:4748babd2b6ac0706cd9ed4bcfd4855c8d2c5535f01813fb2e10b68b31a24c0f:row:5476,2afb|m0|A|342|-|NI|-,2afb,NI,3,3,2,0.08628601,0.18562482,0.63395650,0.09413267
sha256:4748babd2b6ac0706cd9ed4bcfd4855c8d2c5535f01813fb2e10b68b31a24c0f:row:5478,3nyk|m0|A|124|-|CO|-,3nyk,CO,3,3,1,0.03375465,0.51114318,0.37242788,0.08267430
sha256:4748babd2b6ac0706cd9ed4bcfd4855c8d2c5535f01813fb2e10b68b31a24c0f:row:5480,4xww|m0|A|601|-|ZN|-,4xww,ZN,3,2,1,0.04968678,0.58386121,0.24026749,0.12618452
sha256:4748babd2b6ac0706cd9ed4bcfd4855c8d2c5535f01813fb2e10b68b31a24c0f:row:5481,3mdj|m0|A|1000|-|ZN|-,3mdj,ZN,3,2,2,0.12675180,0.10932091,0.57253466,0.19139263
sha256:4748babd2b6ac0706cd9ed4bcfd4855c8d2c5535f01813fb2e10b68b31a24c0f:row:5483,3dkx|m0|C|301|-|MN|-,3dkx,MN,3,0,0,0.74457776,0.05050061,0.07579248,0.12912915
sha256:4748babd2b6ac0706cd9ed4bcfd4855c8d2c5535f01813fb2e10b68b31a24c0f:row:5490,1hb1|m0|A|1334|-|FE|-,1hb1,FE,3,3,3,0.32722343,0.05906409,0.08873147,0.52498101
sha256:4748babd2b6ac0706cd9ed4bcfd4855c8d2c5535f01813fb2e10b68b31a24c0f:row:5495,5e6h|m0|A|601|-|MN|-,5e6h,MN,3,0,0,0.61987795,0.04351546,0.06154749,0.27505910
sha256:4748babd2b6ac0706cd9ed4bcfd4855c8d2c5535f01813fb2e10b68b31a24c0f:row:5503,4u7t|m0|A|1002|-|ZN|-,4u7t,ZN,3,2,2,0.05087583,0.05095319,0.79541227,0.10275871
sha256:4748babd2b6ac0706cd9ed4bcfd4855c8d2c5535f01813fb2e10b68b31a24c0f:row:5505,5k53|m0|A|501|-|FE|-,5k53,FE,3,3,0,0.47751271,0.04933596,0.09061152,0.38253981
sha256:4748babd2b6ac0706cd9ed4bcfd4855c8d2c5535f01813fb2e10b68b31a24c0f:row:5511,7jzv|m0|B|201|-|ZN|-,7jzv,ZN,3,2,2,0.05244898,0.06935342,0.78810503,0.09009257
sha256:4748babd2b6ac0706cd9ed4bcfd4855c8d2c5535f01813fb2e10b68b31a24c0f:row:5521,4qkn|m0|A|603|-|MN|-,4qkn,MN,3,0,0,0.61003035,0.05383673,0.11028297,0.22584994
sha256:4748babd2b6ac0706cd9ed4bcfd4855c8d2c5535f01813fb2e10b68b31a24c0f:row:5538,1nx4|m0|A|300|-|FE|-,1nx4,FE,3,3,3,0.37209244,0.06044319,0.09277136,0.47469300
sha256:4748babd2b6ac0706cd9ed4bcfd4855c8d2c5535f01813fb2e10b68b31a24c0f:row:5542,6qq2|m0|A|501|-|CU|-,6qq2,CU,3,1,2,0.03299395,0.42841151,0.46391249,0.07468205
sha256:4748babd2b6ac0706cd9ed4bcfd4855c8d2c5535f01813fb2e10b68b31a24c0f:row:5549,7mo2|m0|B|801|-|ZN|-,7mo2,ZN,3,2,2,0.04909381,0.05006837,0.76105695,0.13978087
sha256:4748babd2b6ac0706cd9ed4bcfd4855c8d2c5535f01813fb2e10b68b31a24c0f:row:5550,5icu|m0|A|201|-|CU|-,5icu,CU,3,1,2,0.04128193,0.25242979,0.52959449,0.17669379
sha256:4748babd2b6ac0706cd9ed4bcfd4855c8d2c5535f01813fb2e10b68b31a24c0f:row:5557,1odm|m0|A|1336|-|FE|-,1odm,FE,3,3,3,0.31280690,0.04982158,0.08242923,0.55494228
sha256:4748babd2b6ac0706cd9ed4bcfd4855c8d2c5535f01813fb2e10b68b31a24c0f:row:5561,1war|m0|A|401|-|FE|-,1war,FE,3,3,0,0.42526353,0.06842841,0.10533960,0.40096846
sha256:4748babd2b6ac0706cd9ed4bcfd4855c8d2c5535f01813fb2e10b68b31a24c0f:row:5563,4rnz|m0|A|503|-|NI|-,4rnz,NI,3,3,2,0.03224155,0.18232578,0.52932578,0.25610689
sha256:4748babd2b6ac0706cd9ed4bcfd4855c8d2c5535f01813fb2e10b68b31a24c0f:row:5565,4yyo|m0|A|301|-|FE|-,4yyo,FE,3,3,3,0.04820604,0.13328144,0.24820671,0.57030581
sha256:4748babd2b6ac0706cd9ed4bcfd4855c8d2c5535f01813fb2e10b68b31a24c0f:row:5567,1zdg|m0|A|400|-|MN|-,1zdg,MN,3,0,0,0.65951770,0.03587085,0.08417657,0.22043489
sha256:4748babd2b6ac0706cd9ed4bcfd4855c8d2c5535f01813fb2e10b68b31a24c0f:row:5568,7kov|m0|B|301|-|FE|-,7kov,FE,3,3,3,0.09206629,0.10242022,0.08483086,0.72068263
sha256:4748babd2b6ac0706cd9ed4bcfd4855c8d2c5535f01813fb2e10b68b31a24c0f:row:5586,2drq|m0|A|1400|-|NI|-,2drq,NI,3,3,2,0.06913047,0.07448305,0.66525336,0.19113313
sha256:4748babd2b6ac0706cd9ed4bcfd4855c8d2c5535f01813fb2e10b68b31a24c0f:row:5591,6fp5|m0|A|201|-|ZN|-,6fp5,ZN,3,2,2,0.04777341,0.05328953,0.78110294,0.11783413
sha256:4748babd2b6ac0706cd9ed4bcfd4855c8d2c5535f01813fb2e10b68b31a24c0f:row:5592,8dmu|m0|A|602|-|NI|-,8dmu,NI,3,3,2,0.04974900,0.09033656,0.57431482,0.28559962
sha256:4748babd2b6ac0706cd9ed4bcfd4855c8d2c5535f01813fb2e10b68b31a24c0f:row:5600,3wro|m0|A|301|-|MN|-,3wro,MN,3,0,0,0.71800028,0.04273997,0.08344685,0.15581290
sha256:4748babd2b6ac0706cd9ed4bcfd4855c8d2c5535f01813fb2e10b68b31a24c0f:row:5603,3gkq|m0|A|501|-|FE|-,3gkq,FE,3,3,3,0.23300154,0.05633688,0.15518767,0.55547390
sha256:4748babd2b6ac0706cd9ed4bcfd4855c8d2c5535f01813fb2e10b68b31a24c0f:row:5610,3ww2|m0|A|401|-|MN|-,3ww2,MN,3,0,0,0.63261025,0.04961956,0.06957614,0.24819406
sha256:4748babd2b6ac0706cd9ed4bcfd4855c8d2c5535f01813fb2e10b68b31a24c0f:row:5620,4ggf|m0|L|201|-|MN|-,4ggf,MN,3,0,0,0.57637649,0.05074130,0.10278587,0.27009633
sha256:4748babd2b6ac0706cd9ed4bcfd4855c8d2c5535f01813fb2e10b68b31a24c0f:row:5622,6m4u|m0|A|203|-|ZN|-,6m4u,ZN,3,2,2,0.10394636,0.15342150,0.61406817,0.12856398
sha256:4748babd2b6ac0706cd9ed4bcfd4855c8d2c5535f01813fb2e10b68b31a24c0f:row:5624,5iwf|m0|A|602|-|MN|-,5iwf,MN,3,0,0,0.73471792,0.04813761,0.07326401,0.14388046
sha256:4748babd2b6ac0706cd9ed4bcfd4855c8d2c5535f01813fb2e10b68b31a24c0f:row:5640,5tfz|m0|B|204|-|NI|-,5tfz,NI,3,3,3,0.07204637,0.11636643,0.12046121,0.69112600
sha256:4748babd2b6ac0706cd9ed4bcfd4855c8d2c5535f01813fb2e10b68b31a24c0f:row:5643,1rin|m0|A|240|-|MN|-,1rin,MN,3,0,0,0.78429266,0.03978424,0.05442998,0.12149312
sha256:4748babd2b6ac0706cd9ed4bcfd4855c8d2c5535f01813fb2e10b68b31a24c0f:row:5645,4iw3|m0|J|401|-|MN|-,4iw3,MN,3,0,0,0.51914132,0.04951971,0.07028843,0.36105054
sha256:4748babd2b6ac0706cd9ed4bcfd4855c8d2c5535f01813fb2e10b68b31a24c0f:row:5648,6qq1|m0|A|501|-|CU|-,6qq1,CU,3,1,1,0.05115178,0.65927175,0.20357762,0.08599885
sha256:4748babd2b6ac0706cd9ed4bcfd4855c8d2c5535f01813fb2e10b68b31a24c0f:row:5651,4am8|m0|F|401|-|NI|-,4am8,NI,3,3,2,0.09388284,0.10989181,0.40550870,0.39071665
sha256:4748babd2b6ac0706cd9ed4bcfd4855c8d2c5535f01813fb2e10b68b31a24c0f:row:5655,2az4|m0|A|602|-|ZN|-,2az4,ZN,3,2,0,0.49505561,0.04241053,0.10843304,0.35410083
sha256:4748babd2b6ac0706cd9ed4bcfd4855c8d2c5535f01813fb2e10b68b31a24c0f:row:5658,2aan|m0|A|140|-|CU|-,2aan,CU,3,1,2,0.03870546,0.42308723,0.46229030,0.07591701
sha256:4748babd2b6ac0706cd9ed4bcfd4855c8d2c5535f01813fb2e10b68b31a24c0f:row:5661,3h5f|m0|A|32|-|ZN|-,3h5f,ZN,3,2,3,0.28921485,0.10053570,0.25990222,0.35034723
sha256:4748babd2b6ac0706cd9ed4bcfd4855c8d2c5535f01813fb2e10b68b31a24c0f:row:5666,1ww9|m0|A|501|-|FE|-,1ww9,FE,3,3,2,0.06650914,0.06058060,0.46238357,0.41052669
sha256:4748babd2b6ac0706cd9ed4bcfd4855c8d2c5535f01813fb2e10b68b31a24c0f:row:5667,6esl|m0|A|402|-|ZN|-,6esl,ZN,3,2,0,0.36056332,0.06004577,0.32711633,0.25227458
sha256:4748babd2b6ac0706cd9ed4bcfd4855c8d2c5535f01813fb2e10b68b31a24c0f:row:5681,7zkj|m0|B|803|-|NI|-,7zkj,NI,3,3,2,0.03878411,0.07368415,0.61848883,0.26904291
sha256:4748babd2b6ac0706cd9ed4bcfd4855c8d2c5535f01813fb2e10b68b31a24c0f:row:5682,6vi9|m0|A|301|-|FE|-,6vi9,FE,3,3,2,0.04367411,0.07191859,0.76476616,0.11964114
sha256:4748babd2b6ac0706cd9ed4bcfd4855c8d2c5535f01813fb2e10b68b31a24c0f:row:5691,4cck|m0|C|901|-|MN|-,4cck,MN,3,0,0,0.58773685,0.05165310,0.08402302,0.27658702
sha256:4748babd2b6ac0706cd9ed4bcfd4855c8d2c5535f01813fb2e10b68b31a24c0f:row:5695,5jso|m0|A|301|-|FE|-,5jso,FE,3,3,3,0.18547176,0.07135250,0.12646935,0.61670640
sha256:4748babd2b6ac0706cd9ed4bcfd4855c8d2c5535f01813fb2e10b68b31a24c0f:row:5697,1els|m0|A|438|-|MN|-,1els,MN,3,0,0,0.72283002,0.03908770,0.09185771,0.14622457
sha256:4748babd2b6ac0706cd9ed4bcfd4855c8d2c5535f01813fb2e10b68b31a24c0f:row:5698,4d8f|m0|A|402|-|MN|-,4d8f,MN,3,0,0,0.56126028,0.04738167,0.11612482,0.27523322
sha256:4748babd2b6ac0706cd9ed4bcfd4855c8d2c5535f01813fb2e10b68b31a24c0f:row:5707,6dpg|m0|A|212|-|MN|-,6dpg,MN,3,0,0,0.77593328,0.03423108,0.07634505,0.11349059
sha256:4748babd2b6ac0706cd9ed4bcfd4855c8d2c5535f01813fb2e10b68b31a24c0f:row:5709,6zag|m0|A|404|-|FE|-,6zag,FE,3,3,3,0.24397633,0.07292206,0.11747664,0.56562497
sha256:4748babd2b6ac0706cd9ed4bcfd4855c8d2c5535f01813fb2e10b68b31a24c0f:row:5733,4pcr|m0|D|302|-|MN|-,4pcr,MN,3,0,0,0.78395434,0.04122742,0.06194363,0.11287461
sha256:4748babd2b6ac0706cd9ed4bcfd4855c8d2c5535f01813fb2e10b68b31a24c0f:row:5735,6dq8|m0|A|603|-|MN|-,6dq8,MN,3,0,0,0.64099766,0.04118638,0.06971990,0.24809606
sha256:4748babd2b6ac0706cd9ed4bcfd4855c8d2c5535f01813fb2e10b68b31a24c0f:row:5738,6zam|m0|A|402|-|FE|-,6zam,FE,3,3,3,0.19595412,0.06990848,0.11550339,0.61863401
sha256:4748babd2b6ac0706cd9ed4bcfd4855c8d2c5535f01813fb2e10b68b31a24c0f:row:5748,3zku|m0|A|1328|-|FE|-,3zku,FE,3,3,3,0.39322856,0.05495311,0.08071692,0.47110142
sha256:4748babd2b6ac0706cd9ed4bcfd4855c8d2c5535f01813fb2e10b68b31a24c0f:row:5749,5f7p|m0|A|501|-|ZN|-,5f7p,ZN,3,2,2,0.06182420,0.06782520,0.72898940,0.14136120
sha256:4748babd2b6ac0706cd9ed4bcfd4855c8d2c5535f01813fb2e10b68b31a24c0f:row:5750,5xsv|m0|A|1002|-|CO|-,5xsv,CO,3,3,2,0.06308099,0.11094048,0.55071847,0.27526006
sha256:4748babd2b6ac0706cd9ed4bcfd4855c8d2c5535f01813fb2e10b68b31a24c0f:row:5770,6l6x|m0|A|402|-|FE|-,6l6x,FE,3,3,0,0.48120344,0.04704445,0.08472922,0.38702288
sha256:4748babd2b6ac0706cd9ed4bcfd4855c8d2c5535f01813fb2e10b68b31a24c0f:row:5773,6r7u|m0|A|403|-|ZN|-,6r7u,ZN,3,2,2,0.06936306,0.32621821,0.45191593,0.15250280
sha256:4748babd2b6ac0706cd9ed4bcfd4855c8d2c5535f01813fb2e10b68b31a24c0f:row:5775,3vth|m0|A|802|-|ZN|-,3vth,ZN,3,2,2,0.06602467,0.05070933,0.75540010,0.12786590
sha256:4748babd2b6ac0706cd9ed4bcfd4855c8d2c5535f01813fb2e10b68b31a24c0f:row:5779,2ou4|m0|A|1001|-|MN|-,2ou4,MN,3,0,0,0.79056055,0.03552338,0.06818189,0.10573418
sha256:4748babd2b6ac0706cd9ed4bcfd4855c8d2c5535f01813fb2e10b68b31a24c0f:row:5780,4pcr|m0|A|302|-|MN|-,4pcr,MN,3,0,0,0.79264171,0.03375466,0.06059718,0.11300644
sha256:4748babd2b6ac0706cd9ed4bcfd4855c8d2c5535f01813fb2e10b68b31a24c0f:row:5789,5efu|m0|A|301|-|FE|-,5efu,FE,3,3,3,0.06161637,0.20528594,0.21166326,0.52143442
sha256:4748babd2b6ac0706cd9ed4bcfd4855c8d2c5535f01813fb2e10b68b31a24c0f:row:5790,1keb|m0|B|109|-|CU|-,1keb,CU,3,1,2,0.06415356,0.11920207,0.52898594,0.28765843
sha256:4748babd2b6ac0706cd9ed4bcfd4855c8d2c5535f01813fb2e10b68b31a24c0f:row:5797,8cjb|m0|B|805|-|NI|A,8cjb,NI,3,3,3,0.03738194,0.07829604,0.40250949,0.48181253
sha256:4748babd2b6ac0706cd9ed4bcfd4855c8d2c5535f01813fb2e10b68b31a24c0f:row:5808,1rxf|m0|A|312|-|FE|-,1rxf,FE,3,3,3,0.15491911,0.06378775,0.06599612,0.71529702
sha256:4748babd2b6ac0706cd9ed4bcfd4855c8d2c5535f01813fb2e10b68b31a24c0f:row:5810,1g5b|m0|A|1006|-|MN|-,1g5b,MN,3,0,0,0.73514059,0.04761564,0.08746619,0.12977757
sha256:4748babd2b6ac0706cd9ed4bcfd4855c8d2c5535f01813fb2e10b68b31a24c0f:row:5812,1y1o|m0|A|321|-|NI|-,1y1o,NI,3,3,2,0.21152128,0.20837008,0.31901911,0.26108952
sha256:4748babd2b6ac0706cd9ed4bcfd4855c8d2c5535f01813fb2e10b68b31a24c0f:row:5817,3obz|m0|A|482|-|FE|-,3obz,FE,3,3,3,0.34152368,0.05937469,0.09043823,0.50866340
sha256:4748babd2b6ac0706cd9ed4bcfd4855c8d2c5535f01813fb2e10b68b31a24c0f:row:5820,5py4|m0|A|901|-|ZN|-,5py4,ZN,3,2,2,0.04283864,0.06133468,0.79886927,0.09695741
sha256:4748babd2b6ac0706cd9ed4bcfd4855c8d2c5535f01813fb2e10b68b31a24c0f:row:5824,3rza|m0|A|401|-|ZN|-,3rza,ZN,3,2,0,0.44187367,0.05706153,0.26701466,0.23405014
sha256:4748babd2b6ac0706cd9ed4bcfd4855c8d2c5535f01813fb2e10b68b31a24c0f:row:5825,4b5q|m0|A|221|-|CU|-,4b5q,CU,3,1,1,0.05770576,0.35043990,0.34521885,0.24663548
sha256:4748babd2b6ac0706cd9ed4bcfd4855c8d2c5535f01813fb2e10b68b31a24c0f:row:5829,1wl9|m0|A|1001|-|MN|-,1wl9,MN,3,0,0,0.77258559,0.03561658,0.07934416,0.11245366
sha256:4748babd2b6ac0706cd9ed4bcfd4855c8d2c5535f01813fb2e10b68b31a24c0f:row:5830,7duf|m0|A|401|-|ZN|-,7duf,ZN,3,2,2,0.03994371,0.05246752,0.79339996,0.11418880
sha256:4748babd2b6ac0706cd9ed4bcfd4855c8d2c5535f01813fb2e10b68b31a24c0f:row:5831,4kwl|m0|A|301|-|FE|-,4kwl,FE,3,3,3,0.04781577,0.17824501,0.23485140,0.53908783
sha256:4748babd2b6ac0706cd9ed4bcfd4855c8d2c5535f01813fb2e10b68b31a24c0f:row:5842,2uu8|m0|A|239|-|NI|-,2uu8,NI,3,3,0,0.55358790,0.04503715,0.12068598,0.28068897
sha256:4748babd2b6ac0706cd9ed4bcfd4855c8d2c5535f01813fb2e10b68b31a24c0f:row:5845,1nfs|m0|A|201|-|MN|-,1nfs,MN,3,0,0,0.65793563,0.05026694,0.08429370,0.20750372
sha256:4748babd2b6ac0706cd9ed4bcfd4855c8d2c5535f01813fb2e10b68b31a24c0f:row:5846,6j5x|m0|A|305|-|MN|-,6j5x,MN,3,0,0,0.72386548,0.04806380,0.10420050,0.12387022
sha256:4748babd2b6ac0706cd9ed4bcfd4855c8d2c5535f01813fb2e10b68b31a24c0f:row:5850,2zxc|m0|A|647|-|ZN|-,2zxc,ZN,3,2,3,0.13072557,0.07875886,0.10702659,0.68348898
sha256:4748babd2b6ac0706cd9ed4bcfd4855c8d2c5535f01813fb2e10b68b31a24c0f:row:5856,4lef|m0|A|302|-|ZN|-,4lef,ZN,3,2,3,0.05798326,0.24071221,0.28118978,0.42011475
sha256:4748babd2b6ac0706cd9ed4bcfd4855c8d2c5535f01813fb2e10b68b31a24c0f:row:5860,1wlj|m0|A|200|-|MN|-,1wlj,MN,3,0,0,0.76684713,0.03682050,0.09102120,0.10531118
sha256:4748babd2b6ac0706cd9ed4bcfd4855c8d2c5535f01813fb2e10b68b31a24c0f:row:5861,6k02|m0|A|301|-|ZN|-,6k02,ZN,3,2,2,0.07109219,0.34156993,0.42951639,0.15782149
sha256:4748babd2b6ac0706cd9ed4bcfd4855c8d2c5535f01813fb2e10b68b31a24c0f:row:5867,7kgx|m0|A|502|-|FE|-,7kgx,FE,3,3,3,0.35074395,0.05316186,0.08735429,0.50873990
sha256:4748babd2b6ac0706cd9ed4bcfd4855c8d2c5535f01813fb2e10b68b31a24c0f:row:5869,5k5w|m0|A|500|-|ZN|-,5k5w,ZN,3,2,2,0.03500180,0.09795570,0.74475465,0.12228785
sha256:4748babd2b6ac0706cd9ed4bcfd4855c8d2c5535f01813fb2e10b68b31a24c0f:row:5875,4fc5|m0|B|307|-|ZN|-,4fc5,ZN,3,2,2,0.28250832,0.13216782,0.48312263,0.10220124
sha256:4748babd2b6ac0706cd9ed4bcfd4855c8d2c5535f01813fb2e10b68b31a24c0f:row:5885,7onb|m0|M|501|-|ZN|-,7onb,ZN,3,2,2,0.05608798,0.08252512,0.75800790,0.10337899
sha256:4748babd2b6ac0706cd9ed4bcfd4855c8d2c5535f01813fb2e10b68b31a24c0f:row:5893,3rn9|m0|A|500|-|FE|-,3rn9,FE,3,3,0,0.46566870,0.03901777,0.10089555,0.39441797
sha256:4748babd2b6ac0706cd9ed4bcfd4855c8d2c5535f01813fb2e10b68b31a24c0f:row:5904,3ome|m0|A|300|-|ZN|-,3ome,ZN,3,2,3,0.41305391,0.05166934,0.10197719,0.43329957
sha256:4748babd2b6ac0706cd9ed4bcfd4855c8d2c5535f01813fb2e10b68b31a24c0f:row:5910,3rmv|m0|A|263|-|MN|-,3rmv,MN,3,0,0,0.68697188,0.03509982,0.09035729,0.18757101
sha256:4748babd2b6ac0706cd9ed4bcfd4855c8d2c5535f01813fb2e10b68b31a24c0f:row:5914,1oyn|m0|A|501|-|ZN|-,1oyn,ZN,3,2,3,0.35811604,0.06207888,0.09638683,0.48341826
sha256:4748babd2b6ac0706cd9ed4bcfd4855c8d2c5535f01813fb2e10b68b31a24c0f:row:5918,5wg8|m0|A|502|-|MN|-,5wg8,MN,3,0,0,0.66603050,0.04715328,0.09059476,0.19622146
sha256:4748babd2b6ac0706cd9ed4bcfd4855c8d2c5535f01813fb2e10b68b31a24c0f:row:5923,4fca|m0|A|602|-|NI|-,4fca,NI,3,3,0,0.40009752,0.06873213,0.14213518,0.38903518
sha256:4748babd2b6ac0706cd9ed4bcfd4855c8d2c5535f01813fb2e10b68b31a24c0f:row:5926,4k6m|m0|A|1013|-|ZN|-,4k6m,ZN,3,2,2,0.08334131,0.14979331,0.65413638,0.11272900
sha256:4748babd2b6ac0706cd9ed4bcfd4855c8d2c5535f01813fb2e10b68b31a24c0f:row:5936,1jfz|m0|A|761|-|MN|-,1jfz,MN,3,0,0,0.76181328,0.04170700,0.09290731,0.10357241
sha256:4748babd2b6ac0706cd9ed4bcfd4855c8d2c5535f01813fb2e10b68b31a24c0f:row:5945,6adq|m0|E|401|-|CU|-,6adq,CU,3,1,2,0.03966095,0.26299024,0.59761853,0.09973028
sha256:4748babd2b6ac0706cd9ed4bcfd4855c8d2c5535f01813fb2e10b68b31a24c0f:row:5954,6dhm|m0|C|605|-|ZN|-,6dhm,ZN,3,2,2,0.05623903,0.22664083,0.36010911,0.35701104
sha256:4748babd2b6ac0706cd9ed4bcfd4855c8d2c5535f01813fb2e10b68b31a24c0f:row:5958,8dsj|m0|K|401|-|CU|-,8dsj,CU,3,1,1,0.02725417,0.68852001,0.21386796,0.07035786
sha256:4748babd2b6ac0706cd9ed4bcfd4855c8d2c5535f01813fb2e10b68b31a24c0f:row:5960,3sxk|m0|A|4|-|ZN|-,3sxk,ZN,3,2,3,0.30852457,0.12335160,0.16722963,0.40089420
sha256:4748babd2b6ac0706cd9ed4bcfd4855c8d2c5535f01813fb2e10b68b31a24c0f:row:5981,5g5y|m0|A|1542|-|ZN|-,5g5y,ZN,3,2,2,0.26733116,0.05042904,0.39905553,0.28318426
sha256:4748babd2b6ac0706cd9ed4bcfd4855c8d2c5535f01813fb2e10b68b31a24c0f:row:5995,5uej|m0|A|402|-|ZN|-,5uej,ZN,3,2,3,0.32326050,0.06188400,0.18949534,0.42536016
sha256:4748babd2b6ac0706cd9ed4bcfd4855c8d2c5535f01813fb2e10b68b31a24c0f:row:6002,3hq1|m0|B|702|-|MN|-,3hq1,MN,3,0,0,0.65661226,0.03962295,0.06565073,0.23811405
sha256:4748babd2b6ac0706cd9ed4bcfd4855c8d2c5535f01813fb2e10b68b31a24c0f:row:6003,2xaa|m0|A|1347|-|ZN|-,2xaa,ZN,3,2,2,0.04647398,0.04872022,0.77890322,0.12590257
sha256:4748babd2b6ac0706cd9ed4bcfd4855c8d2c5535f01813fb2e10b68b31a24c0f:row:6008,6n43|m0|A|302|-|FE|-,6n43,FE,3,3,3,0.08481386,0.07112528,0.12472318,0.71933768
sha256:4748babd2b6ac0706cd9ed4bcfd4855c8d2c5535f01813fb2e10b68b31a24c0f:row:6012,6qqm|m0|A|401|-|ZN|-,6qqm,ZN,3,2,3,0.06344964,0.14090647,0.19812268,0.59752121
sha256:4748babd2b6ac0706cd9ed4bcfd4855c8d2c5535f01813fb2e10b68b31a24c0f:row:6014,5v32|m0|A|401|-|MN|-,5v32,MN,3,0,0,0.63935054,0.04199253,0.07176873,0.24688819
sha256:4748babd2b6ac0706cd9ed4bcfd4855c8d2c5535f01813fb2e10b68b31a24c0f:row:6015,2a5h|m0|B|421|-|ZN|-,2a5h,ZN,3,2,2,0.04575936,0.05348833,0.80324836,0.09750395
sha256:4748babd2b6ac0706cd9ed4bcfd4855c8d2c5535f01813fb2e10b68b31a24c0f:row:6020,4nhl|m0|A|701|-|MN|-,4nhl,MN,3,0,0,0.48773926,0.03871751,0.06675388,0.40678934
sha256:4748babd2b6ac0706cd9ed4bcfd4855c8d2c5535f01813fb2e10b68b31a24c0f:row:6025,7l3l|m0|A|202|-|ZN|-,7l3l,ZN,3,2,2,0.05534971,0.10319746,0.71300152,0.12845131
sha256:4748babd2b6ac0706cd9ed4bcfd4855c8d2c5535f01813fb2e10b68b31a24c0f:row:6026,4ddl|m0|A|1001|-|ZN|-,4ddl,ZN,3,2,3,0.35248945,0.06776713,0.08986495,0.48987847
sha256:4748babd2b6ac0706cd9ed4bcfd4855c8d2c5535f01813fb2e10b68b31a24c0f:row:6027,3t3y|m0|A|300|-|FE|-,3t3y,FE,3,3,0,0.44185298,0.05237918,0.07762115,0.42814669
sha256:4748babd2b6ac0706cd9ed4bcfd4855c8d2c5535f01813fb2e10b68b31a24c0f:row:6045,2ux7|m0|A|1123|-|CU|-,2ux7,CU,3,1,1,0.04615947,0.42528412,0.41019237,0.11836405
sha256:4748babd2b6ac0706cd9ed4bcfd4855c8d2c5535f01813fb2e10b68b31a24c0f:row:6052,1xdj|m0|A|1051|-|ZN|-,1xdj,ZN,3,2,2,0.07762473,0.13076845,0.66363766,0.12796916
sha256:4748babd2b6ac0706cd9ed4bcfd4855c8d2c5535f01813fb2e10b68b31a24c0f:row:6060,1kw8|m0|B|301|-|FE|-,1kw8,FE,3,3,3,0.16265866,0.05276212,0.09805452,0.68652469
sha256:4748babd2b6ac0706cd9ed4bcfd4855c8d2c5535f01813fb2e10b68b31a24c0f:row:6064,4xry|m0|A|606|-|ZN|-,4xry,ZN,3,2,1,0.04704621,0.40676633,0.33428572,0.21190174
sha256:4748babd2b6ac0706cd9ed4bcfd4855c8d2c5535f01813fb2e10b68b31a24c0f:row:6066,8gj0|m0|B|704|-|ZN|-,8gj0,ZN,3,2,2,0.05107960,0.04868708,0.78091753,0.11931579
sha256:4748babd2b6ac0706cd9ed4bcfd4855c8d2c5535f01813fb2e10b68b31a24c0f:row:6071,1uo9|m0|A|312|-|FE|-,1uo9,FE,3,3,3,0.13753862,0.05747272,0.08171479,0.72327387
sha256:4748babd2b6ac0706cd9ed4bcfd4855c8d2c5535f01813fb2e10b68b31a24c0f:row:6076,5wai|m0|B|1001|-|ZN|-,5wai,ZN,3,2,2,0.05042362,0.15405245,0.63379751,0.16172642
sha256:4748babd2b6ac0706cd9ed4bcfd4855c8d2c5535f01813fb2e10b68b31a24c0f:row:6079,8u1x|m0|C|401|-|MN|-,8u1x,MN,3,0,0,0.48117105,0.08211866,0.09906872,0.33764157
sha256:4748babd2b6ac0706cd9ed4bcfd4855c8d2c5535f01813fb2e10b68b31a24c0f:row:6080,7z6e|m0|A|1601|-|ZN|-,7z6e,ZN,3,2,2,0.03814283,0.09308716,0.79405986,0.07471015
sha256:4748babd2b6ac0706cd9ed4bcfd4855c8d2c5535f01813fb2e10b68b31a24c0f:row:6081,5meg|m0|A|1001|-|MN|-,5meg,MN,3,0,0,0.56165617,0.05209162,0.08071973,0.30553248
sha256:4748babd2b6ac0706cd9ed4bcfd4855c8d2c5535f01813fb2e10b68b31a24c0f:row:6082,4pzw|m0|A|501|-|NI|-,4pzw,NI,3,3,1,0.05604449,0.37887865,0.37554636,0.18953050
sha256:4748babd2b6ac0706cd9ed4bcfd4855c8d2c5535f01813fb2e10b68b31a24c0f:row:6084,4jtn|m0|A|501|-|FE|-,4jtn,FE,3,3,3,0.04632055,0.16176703,0.24236968,0.54954273
sha256:4748babd2b6ac0706cd9ed4bcfd4855c8d2c5535f01813fb2e10b68b31a24c0f:row:6090,2lal|m0|C|183|-|MN|-,2lal,MN,3,0,0,0.78199376,0.04225515,0.06471406,0.11103703
sha256:4748babd2b6ac0706cd9ed4bcfd4855c8d2c5535f01813fb2e10b68b31a24c0f:row:6092,3pgb|m0|A|901|-|CU|-,3pgb,CU,3,1,2,0.04089242,0.33279373,0.35284257,0.27347128
sha256:4748babd2b6ac0706cd9ed4bcfd4855c8d2c5535f01813fb2e10b68b31a24c0f:row:6112,1nzr|m0|A|129|-|NI|-,1nzr,NI,3,3,2,0.03659793,0.33943710,0.52426661,0.09969836
sha256:4748babd2b6ac0706cd9ed4bcfd4855c8d2c5535f01813fb2e10b68b31a24c0f:row:6115,3q2a|m0|A|518|-|FE|-,3q2a,FE,3,3,0,0.59335167,0.04288726,0.07762471,0.28613635
sha256:4748babd2b6ac0706cd9ed4bcfd4855c8d2c5535f01813fb2e10b68b31a24c0f:row:6117,3s8p|m0|A|400|-|ZN|-,3s8p,ZN,3,2,2,0.04892810,0.05042833,0.78956631,0.11107726
sha256:4748babd2b6ac0706cd9ed4bcfd4855c8d2c5535f01813fb2e10b68b31a24c0f:row:6136,4guj|m0|B|302|-|ZN|-,4guj,ZN,3,2,3,0.11441925,0.12387566,0.29838162,0.46332347
sha256:4748babd2b6ac0706cd9ed4bcfd4855c8d2c5535f01813fb2e10b68b31a24c0f:row:6146,5th6|m0|A|502|-|ZN|-,5th6,ZN,3,2,3,0.06849050,0.18885820,0.19044771,0.55220360
sha256:4748babd2b6ac0706cd9ed4bcfd4855c8d2c5535f01813fb2e10b68b31a24c0f:row:6153,7xps|m0|A|402|-|MN|-,7xps,MN,3,0,0,0.37714389,0.05918764,0.20959372,0.35407475
sha256:4748babd2b6ac0706cd9ed4bcfd4855c8d2c5535f01813fb2e10b68b31a24c0f:row:6169,6xpe|m0|A|404|-|ZN|-,6xpe,ZN,3,2,2,0.02645817,0.22112858,0.61696880,0.13544444
sha256:4748babd2b6ac0706cd9ed4bcfd4855c8d2c5535f01813fb2e10b68b31a24c0f:row:6177,6dpb|m0|A|202|-|MN|-,6dpb,MN,3,0,0,0.64654625,0.03776807,0.17440159,0.14128410
sha256:4748babd2b6ac0706cd9ed4bcfd4855c8d2c5535f01813fb2e10b68b31a24c0f:row:6182,7r7j|m0|A|604|-|ZN|-,7r7j,ZN,3,2,2,0.04601394,0.05537171,0.79599259,0.10262176
sha256:4748babd2b6ac0706cd9ed4bcfd4855c8d2c5535f01813fb2e10b68b31a24c0f:row:6186,4ieu|m0|A|501|-|FE|-,4ieu,FE,3,3,3,0.16072072,0.06501833,0.09142345,0.68283750
sha256:4748babd2b6ac0706cd9ed4bcfd4855c8d2c5535f01813fb2e10b68b31a24c0f:row:6190,4zp1|m0|A|602|-|NI|-,4zp1,NI,3,3,2,0.04461535,0.23052829,0.43725369,0.28760267
sha256:4748babd2b6ac0706cd9ed4bcfd4855c8d2c5535f01813fb2e10b68b31a24c0f:row:6204,7zag|m0|R|201|-|ZN|-,7zag,ZN,3,2,2,0.06448306,0.12960775,0.70852373,0.09738546
sha256:4748babd2b6ac0706cd9ed4bcfd4855c8d2c5535f01813fb2e10b68b31a24c0f:row:6212,4cob|m0|A|401|-|ZN|-,4cob,ZN,3,2,3,0.33942014,0.05428128,0.24186999,0.36442859
sha256:4748babd2b6ac0706cd9ed4bcfd4855c8d2c5535f01813fb2e10b68b31a24c0f:row:6219,2vxi|m0|A|201|-|ZN|-,2vxi,ZN,3,2,3,0.27953472,0.07588929,0.24203972,0.40253628
sha256:4748babd2b6ac0706cd9ed4bcfd4855c8d2c5535f01813fb2e10b68b31a24c0f:row:6223,4bmj|m0|A|101|-|ZN|-,4bmj,ZN,3,2,2,0.04949675,0.09606490,0.65621158,0.19822677
sha256:4748babd2b6ac0706cd9ed4bcfd4855c8d2c5535f01813fb2e10b68b31a24c0f:row:6225,1ptm|m0|A|330|-|ZN|-,1ptm,ZN,3,2,3,0.36971636,0.09034184,0.16980760,0.37013420
sha256:4748babd2b6ac0706cd9ed4bcfd4855c8d2c5535f01813fb2e10b68b31a24c0f:row:6231,1uup|m0|C|4222|-|ZN|-,1uup,ZN,3,2,2,0.09192094,0.24839681,0.52594830,0.13373396
sha256:4748babd2b6ac0706cd9ed4bcfd4855c8d2c5535f01813fb2e10b68b31a24c0f:row:6244,7po9|m0|A|101|-|ZN|-,7po9,ZN,3,2,2,0.04300201,0.04930054,0.77710177,0.13059567
sha256:4748babd2b6ac0706cd9ed4bcfd4855c8d2c5535f01813fb2e10b68b31a24c0f:row:6259,1yix|m0|A|601|-|ZN|-,1yix,ZN,3,2,0,0.46405350,0.06926787,0.16957357,0.29710506
sha256:4748babd2b6ac0706cd9ed4bcfd4855c8d2c5535f01813fb2e10b68b31a24c0f:row:6280,7tom|m0|A|601|-|FE|-,7tom,FE,3,3,2,0.04158009,0.05916353,0.81827227,0.08098412
sha256:4748babd2b6ac0706cd9ed4bcfd4855c8d2c5535f01813fb2e10b68b31a24c0f:row:6287,1hnx|m0|D|300|-|ZN|-,1hnx,ZN,3,2,3,0.05690116,0.07405608,0.40324540,0.46579735
sha256:4748babd2b6ac0706cd9ed4bcfd4855c8d2c5535f01813fb2e10b68b31a24c0f:row:6297,1hwt|m0|C|136|-|ZN|-,1hwt,ZN,3,2,2,0.05494373,0.06628308,0.77853130,0.10024188
sha256:4748babd2b6ac0706cd9ed4bcfd4855c8d2c5535f01813fb2e10b68b31a24c0f:row:6301,4hno|m0|A|304|-|MN|C,4hno,MN,3,0,0,0.70679720,0.03872940,0.05816093,0.19631247
sha256:4748babd2b6ac0706cd9ed4bcfd4855c8d2c5535f01813fb2e10b68b31a24c0f:row:6303,6ozp|m0|A|302|-|MN|-,6ozp,MN,3,0,0,0.58981606,0.03807976,0.28649609,0.08560809
sha256:4748babd2b6ac0706cd9ed4bcfd4855c8d2c5535f01813fb2e10b68b31a24c0f:row:6304,6dpj|m0|A|202|-|MN|-,6dpj,MN,3,0,0,0.68181951,0.03411765,0.14219960,0.14186324
sha256:4748babd2b6ac0706cd9ed4bcfd4855c8d2c5535f01813fb2e10b68b31a24c0f:row:6307,2vhl|m0|A|1397|-|FE|-,2vhl,FE,3,3,3,0.41648521,0.05298094,0.09213734,0.43839651
sha256:4748babd2b6ac0706cd9ed4bcfd4855c8d2c5535f01813fb2e10b68b31a24c0f:row:6310,2iwf|m0|A|1599|-|CU|-,2iwf,CU,3,1,2,0.07344551,0.11346809,0.67260549,0.14048091
sha256:4748babd2b6ac0706cd9ed4bcfd4855c8d2c5535f01813fb2e10b68b31a24c0f:row:6311,1zxc|m0|A|201|-|ZN|-,1zxc,ZN,3,2,3,0.23864516,0.10686246,0.12447473,0.53001765
sha256:4748babd2b6ac0706cd9ed4bcfd4855c8d2c5535f01813fb2e10b68b31a24c0f:row:6318,4hv5|m0|A|201|-|FE|-,4hv5,FE,3,3,0,0.44147223,0.06754180,0.25403740,0.23694857
sha256:4748babd2b6ac0706cd9ed4bcfd4855c8d2c5535f01813fb2e10b68b31a24c0f:row:6320,3rnb|m0|A|500|-|FE|-,3rnb,FE,3,3,0,0.47907418,0.05162245,0.10869748,0.36060590
sha256:4748babd2b6ac0706cd9ed4bcfd4855c8d2c5535f01813fb2e10b68b31a24c0f:row:6324,3mpb|m0|B|1002|-|MN|-,3mpb,MN,3,0,0,0.58042001,0.04546318,0.06607567,0.30804115
sha256:4748babd2b6ac0706cd9ed4bcfd4855c8d2c5535f01813fb2e10b68b31a24c0f:row:6330,2vnp|m0|B|1184|-|MN|-,2vnp,MN,3,0,0,0.65930107,0.04403795,0.08783858,0.20882240
sha256:4748babd2b6ac0706cd9ed4bcfd4855c8d2c5535f01813fb2e10b68b31a24c0f:row:6335,1u5j|m0|A|529|-|CO|-,1u5j,CO,3,3,3,0.14577397,0.07412908,0.35570730,0.42438965
sha256:4748babd2b6ac0706cd9ed4bcfd4855c8d2c5535f01813fb2e10b68b31a24c0f:row:6339,3a6v|m0|A|1003|-|MN|-,3a6v,MN,3,0,0,0.71426369,0.03966058,0.08040840,0.16566733
sha256:4748babd2b6ac0706cd9ed4bcfd4855c8d2c5535f01813fb2e10b68b31a24c0f:row:6342,3tmd|m0|A|902|-|FE|-,3tmd,FE,3,3,0,0.45320224,0.04316634,0.06386598,0.43976545
sha256:4748babd2b6ac0706cd9ed4bcfd4855c8d2c5535f01813fb2e10b68b31a24c0f:row:6347,1a6q|m0|A|383|-|MN|-,1a6q,MN,3,0,0,0.73932493,0.02968731,0.10321524,0.12777252
sha256:4748babd2b6ac0706cd9ed4bcfd4855c8d2c5535f01813fb2e10b68b31a24c0f:row:6348,3n6l|m0|A|463|-|NI|-,3n6l,NI,3,3,2,0.05177381,0.15691878,0.52064901,0.27065840
sha256:4748babd2b6ac0706cd9ed4bcfd4855c8d2c5535f01813fb2e10b68b31a24c0f:row:6350,5yvm|m0|A|501|-|MN|-,5yvm,MN,3,0,0,0.59182048,0.05671115,0.08400084,0.26746753
sha256:4748babd2b6ac0706cd9ed4bcfd4855c8d2c5535f01813fb2e10b68b31a24c0f:row:6351,5hzs|m0|A|301|-|CO|-,5hzs,CO,3,3,0,0.34975751,0.14015135,0.26678188,0.24330926
sha256:4748babd2b6ac0706cd9ed4bcfd4855c8d2c5535f01813fb2e10b68b31a24c0f:row:6358,5v2t|m0|A|401|-|MN|-,5v2t,MN,3,0,0,0.65582918,0.04258311,0.06738671,0.23420101
sha256:4748babd2b6ac0706cd9ed4bcfd4855c8d2c5535f01813fb2e10b68b31a24c0f:row:6362,2y1c|m0|B|1390|-|MN|-,2y1c,MN,3,0,0,0.76781423,0.03949431,0.11027827,0.08241320
sha256:4748babd2b6ac0706cd9ed4bcfd4855c8d2c5535f01813fb2e10b68b31a24c0f:row:6364,4q0p|m0|A|501|-|CO|-,4q0p,CO,3,3,3,0.37799031,0.08307663,0.09845369,0.44047937
sha256:4748babd2b6ac0706cd9ed4bcfd4855c8d2c5535f01813fb2e10b68b31a24c0f:row:6370,6tqh|m0|A|903|-|FE|-,6tqh,FE,3,3,2,0.08842790,0.08122117,0.60793436,0.22241658
sha256:4748babd2b6ac0706cd9ed4bcfd4855c8d2c5535f01813fb2e10b68b31a24c0f:row:6371,5h0u|m0|A|314|-|ZN|-,5h0u,ZN,3,2,3,0.10188440,0.11538485,0.34927864,0.43345210
sha256:4748babd2b6ac0706cd9ed4bcfd4855c8d2c5535f01813fb2e10b68b31a24c0f:row:6377,8k9n|m0|A|201|-|CU|-,8k9n,CU,3,1,1,0.03514811,0.61278769,0.19073436,0.16132984
sha256:4748babd2b6ac0706cd9ed4bcfd4855c8d2c5535f01813fb2e10b68b31a24c0f:row:6380,3hy3|m0|A|205|-|NI|-,3hy3,NI,3,3,0,0.34930341,0.07593252,0.34466560,0.23009847
sha256:4748babd2b6ac0706cd9ed4bcfd4855c8d2c5535f01813fb2e10b68b31a24c0f:row:6387,2qt3|m0|A|501|-|ZN|-,2qt3,ZN,3,2,3,0.33405558,0.10920555,0.14933052,0.40740834
sha256:4748babd2b6ac0706cd9ed4bcfd4855c8d2c5535f01813fb2e10b68b31a24c0f:row:6389,1qzy|m0|A|479|-|CO|-,1qzy,CO,3,3,0,0.46785061,0.04875699,0.17774132,0.30565107
sha256:4748babd2b6ac0706cd9ed4bcfd4855c8d2c5535f01813fb2e10b68b31a24c0f:row:6390,1ku0|m0|B|702|-|ZN|-,1ku0,ZN,3,2,0,0.35391812,0.07217820,0.24679194,0.32711174
sha256:4748babd2b6ac0706cd9ed4bcfd4855c8d2c5535f01813fb2e10b68b31a24c0f:row:6401,4ieo|m0|A|501|-|FE|-,4ieo,FE,3,3,3,0.05267686,0.17568657,0.21937414,0.55226243
sha256:4748babd2b6ac0706cd9ed4bcfd4855c8d2c5535f01813fb2e10b68b31a24c0f:row:6412,4lac|m0|C|501|-|MN|-,4lac,MN,3,0,0,0.63877273,0.06563547,0.10576297,0.18982882
sha256:4748babd2b6ac0706cd9ed4bcfd4855c8d2c5535f01813fb2e10b68b31a24c0f:row:6413,1w03|m0|A|1333|-|FE|-,1w03,FE,3,3,3,0.43801592,0.04384866,0.07711557,0.44101985
sha256:4748babd2b6ac0706cd9ed4bcfd4855c8d2c5535f01813fb2e10b68b31a24c0f:row:6438,2g73|m0|A|184|-|MN|-,2g73,MN,3,0,0,0.61256204,0.04488776,0.08372016,0.25883004
sha256:4748babd2b6ac0706cd9ed4bcfd4855c8d2c5535f01813fb2e10b68b31a24c0f:row:6452,4ieq|m0|A|501|-|FE|-,4ieq,FE,3,3,3,0.04626164,0.12399773,0.13655889,0.69318174
sha256:4748babd2b6ac0706cd9ed4bcfd4855c8d2c5535f01813fb2e10b68b31a24c0f:row:6453,3rl4|m0|A|444|-|MN|-,3rl4,MN,3,0,0,0.65384101,0.05189545,0.09520229,0.19906125
sha256:4748babd2b6ac0706cd9ed4bcfd4855c8d2c5535f01813fb2e10b68b31a24c0f:row:6455,3o1r|m0|A|301|-|MN|-,3o1r,MN,3,0,0,0.49615431,0.04912841,0.07084901,0.38386827
sha256:4748babd2b6ac0706cd9ed4bcfd4855c8d2c5535f01813fb2e10b68b31a24c0f:row:6457,3hdp|m0|A|129|-|NI|-,3hdp,NI,3,3,0,0.49394618,0.04929901,0.09078383,0.36597098
sha256:4748babd2b6ac0706cd9ed4bcfd4855c8d2c5535f01813fb2e10b68b31a24c0f:row:6465,3adr|m0|A|262|-|ZN|-,3adr,ZN,3,2,0,0.44160432,0.06529193,0.11701371,0.37609003
sha256:4748babd2b6ac0706cd9ed4bcfd4855c8d2c5535f01813fb2e10b68b31a24c0f:row:6480,2xqo|m0|A|301|-|NI|-,2xqo,NI,3,3,3,0.12014917,0.06123206,0.20313730,0.61548147
sha256:4748babd2b6ac0706cd9ed4bcfd4855c8d2c5535f01813fb2e10b68b31a24c0f:row:6482,2b1x|m0|E|502|-|FE|-,2b1x,FE,3,3,3,0.08339616,0.05799928,0.10231060,0.75629396
sha256:4748babd2b6ac0706cd9ed4bcfd4855c8d2c5535f01813fb2e10b68b31a24c0f:row:6496,6zjk|m0|A|403|-|FE|-,6zjk,FE,3,3,0,0.53601093,0.06483350,0.10923130,0.28992427
sha256:4748babd2b6ac0706cd9ed4bcfd4855c8d2c5535f01813fb2e10b68b31a24c0f:row:6498,2fdi|m0|A|300|-|FE|-,2fdi,FE,3,3,3,0.40055875,0.04962071,0.06857518,0.48124536
sha256:4748babd2b6ac0706cd9ed4bcfd4855c8d2c5535f01813fb2e10b68b31a24c0f:row:6500,3tx0|m0|A|395|-|MN|-,3tx0,MN,3,0,0,0.55580901,0.04505154,0.14057980,0.25855965
sha256:4748babd2b6ac0706cd9ed4bcfd4855c8d2c5535f01813fb2e10b68b31a24c0f:row:6514,5aj3|m0|c|500|-|ZN|-,5aj3,ZN,3,2,2,0.04808593,0.05437460,0.76929048,0.12824898
sha256:4748babd2b6ac0706cd9ed4bcfd4855c8d2c5535f01813fb2e10b68b31a24c0f:row:6516,5i8y|m0|A|201|-|CO|-,5i8y,CO,3,3,3,0.30107263,0.06901643,0.08317923,0.54673171
sha256:4748babd2b6ac0706cd9ed4bcfd4855c8d2c5535f01813fb2e10b68b31a24c0f:row:6521,2dds|m0|A|1121|-|CO|-,2dds,CO,3,3,0,0.43131976,0.04716163,0.13318437,0.38833425
sha256:4748babd2b6ac0706cd9ed4bcfd4855c8d2c5535f01813fb2e10b68b31a24c0f:row:6523,2f6k|m0|A|402|-|MN|-,2f6k,MN,3,0,0,0.44697921,0.05990083,0.08336200,0.40975796
sha256:4748babd2b6ac0706cd9ed4bcfd4855c8d2c5535f01813fb2e10b68b31a24c0f:row:6524,4qhf|m0|A|201|-|NI|-,4qhf,NI,3,3,3,0.04792440,0.17121241,0.27880442,0.50205877
sha256:4748babd2b6ac0706cd9ed4bcfd4855c8d2c5535f01813fb2e10b68b31a24c0f:row:6530,7pfk|m0|A|201|-|FE|-,7pfk,FE,3,3,3,0.20303948,0.05063362,0.11591448,0.63041242
sha256:4748babd2b6ac0706cd9ed4bcfd4855c8d2c5535f01813fb2e10b68b31a24c0f:row:6537,6wxk|m0|B|401|-|ZN|-,6wxk,ZN,3,2,2,0.03722103,0.10889278,0.53301683,0.32086935
sha256:4748babd2b6ac0706cd9ed4bcfd4855c8d2c5535f01813fb2e10b68b31a24c0f:row:6543,1gp5|m0|A|390|-|FE|-,1gp5,FE,3,3,0,0.58903123,0.04354955,0.07305352,0.29436569
sha256:4748babd2b6ac0706cd9ed4bcfd4855c8d2c5535f01813fb2e10b68b31a24c0f:row:6544,3fxl|m0|A|391|-|MN|-,3fxl,MN,3,0,0,0.75620702,0.03867153,0.09823561,0.10688583
sha256:4748babd2b6ac0706cd9ed4bcfd4855c8d2c5535f01813fb2e10b68b31a24c0f:row:6548,6cdn|m0|A|302|-|FE|-,6cdn,FE,3,3,3,0.24299563,0.06643851,0.16837413,0.52219173
sha256:4748babd2b6ac0706cd9ed4bcfd4855c8d2c5535f01813fb2e10b68b31a24c0f:row:6549,7wi4|m0|D|702|-|ZN|-,7wi4,ZN,3,2,3,0.23339090,0.22608625,0.16520618,0.37531667
sha256:4748babd2b6ac0706cd9ed4bcfd4855c8d2c5535f01813fb2e10b68b31a24c0f:row:6557,3fjw|m0|A|353|-|MN|-,3fjw,MN,3,0,0,0.66557518,0.03775616,0.06678462,0.22988404
sha256:4748babd2b6ac0706cd9ed4bcfd4855c8d2c5535f01813fb2e10b68b31a24c0f:row:6558,8f5v|m0|A|202|-|ZN|-,8f5v,ZN,3,2,3,0.19269366,0.06041840,0.09766549,0.64922245
sha256:4748babd2b6ac0706cd9ed4bcfd4855c8d2c5535f01813fb2e10b68b31a24c0f:row:6564,6c36|m0|A|402|-|MN|-,6c36,MN,3,0,0,0.76808264,0.03812582,0.06989956,0.12389198
sha256:4748babd2b6ac0706cd9ed4bcfd4855c8d2c5535f01813fb2e10b68b31a24c0f:row:6566,7m5b|m0|B|201|-|CU|-,7m5b,CU,3,1,3,0.28603222,0.15564085,0.20984470,0.34848222
sha256:4748babd2b6ac0706cd9ed4bcfd4855c8d2c5535f01813fb2e10b68b31a24c0f:row:6567,3rzj|m0|A|1|-|MN|-,3rzj,MN,3,0,0,0.55133127,0.05608199,0.10136527,0.29122147
sha256:4748babd2b6ac0706cd9ed4bcfd4855c8d2c5535f01813fb2e10b68b31a24c0f:row:6575,1pmy|m0|A|124|-|CU|-,1pmy,CU,3,1,1,0.02964529,0.69356920,0.20450117,0.07228434
sha256:4748babd2b6ac0706cd9ed4bcfd4855c8d2c5535f01813fb2e10b68b31a24c0f:row:6576,4rfr|m0|B|302|-|MN|-,4rfr,MN,3,0,0,0.57207143,0.04652325,0.06471946,0.31668586
sha256:4748babd2b6ac0706cd9ed4bcfd4855c8d2c5535f01813fb2e10b68b31a24c0f:row:6582,5ihe|m0|A|703|-|ZN|-,5ihe,ZN,3,2,0,0.49044595,0.11505598,0.11296704,0.28153104
sha256:4748babd2b6ac0706cd9ed4bcfd4855c8d2c5535f01813fb2e10b68b31a24c0f:row:6584,5mef|m0|B|1001|-|FE|-,5mef,FE,3,3,0,0.46214600,0.05379042,0.07699110,0.40707248
sha256:4748babd2b6ac0706cd9ed4bcfd4855c8d2c5535f01813fb2e10b68b31a24c0f:row:6587,8sbm|m0|A|601|-|ZN|-,8sbm,ZN,3,2,2,0.14554917,0.04994423,0.49849958,0.30600702
sha256:4748babd2b6ac0706cd9ed4bcfd4855c8d2c5535f01813fb2e10b68b31a24c0f:row:6588,6zjk|m0|B|402|-|FE|-,6zjk,FE,3,3,0,0.61666554,0.04002735,0.12555754,0.21774957
sha256:4748babd2b6ac0706cd9ed4bcfd4855c8d2c5535f01813fb2e10b68b31a24c0f:row:6589,3trz|m0|A|1|-|ZN|-,3trz,ZN,3,2,2,0.04378936,0.06370919,0.76644717,0.12605428
sha256:4748babd2b6ac0706cd9ed4bcfd4855c8d2c5535f01813fb2e10b68b31a24c0f:row:6591,1o7n|m0|A|509|-|FE|-,1o7n,FE,3,3,3,0.14434232,0.05325617,0.06852439,0.73387713
sha256:4748babd2b6ac0706cd9ed4bcfd4855c8d2c5535f01813fb2e10b68b31a24c0f:row:6594,6p40|m0|A|702|-|ZN|-,6p40,ZN,3,2,2,0.04604123,0.33399915,0.50491988,0.11503974
sha256:4748babd2b6ac0706cd9ed4bcfd4855c8d2c5535f01813fb2e10b68b31a24c0f:row:6600,3ovq|m0|B|229|-|FE|-,3ovq,FE,3,3,0,0.50864013,0.04511112,0.07208485,0.37416391
sha256:4748babd2b6ac0706cd9ed4bcfd4855c8d2c5535f01813fb2e10b68b31a24c0f:row:6610,6bgx|m0|A|602|-|MN|-,6bgx,MN,3,0,0,0.67981950,0.03740553,0.06688538,0.21588960
sha256:4748babd2b6ac0706cd9ed4bcfd4855c8d2c5535f01813fb2e10b68b31a24c0f:row:6613,3khb|m0|B|1002|-|CO|-,3khb,CO,3,3,3,0.09919928,0.08468933,0.40525922,0.41085218
sha256:4748babd2b6ac0706cd9ed4bcfd4855c8d2c5535f01813fb2e10b68b31a24c0f:row:6617,6qxr|m0|A|302|-|MN|-,6qxr,MN,3,0,0,0.67614976,0.03684663,0.07926308,0.20774053
sha256:4748babd2b6ac0706cd9ed4bcfd4855c8d2c5535f01813fb2e10b68b31a24c0f:row:6626,2b3z|m0|A|1360|-|ZN|-,2b3z,ZN,3,2,2,0.03972094,0.09639608,0.78107663,0.08280635
sha256:4748babd2b6ac0706cd9ed4bcfd4855c8d2c5535f01813fb2e10b68b31a24c0f:row:6627,7pfh|m0|A|201|-|FE|-,7pfh,FE,3,3,3,0.32788861,0.05143048,0.12799437,0.49268653
sha256:4748babd2b6ac0706cd9ed4bcfd4855c8d2c5535f01813fb2e10b68b31a24c0f:row:6629,8cmw|m0|B|806|-|NI|A,8cmw,NI,3,3,2,0.05780058,0.06423019,0.61294028,0.26502895
sha256:4748babd2b6ac0706cd9ed4bcfd4855c8d2c5535f01813fb2e10b68b31a24c0f:row:6635,3bvo|m0|A|301|-|ZN|-,3bvo,ZN,3,2,2,0.04539791,0.04997901,0.74994635,0.15467673
sha256:4748babd2b6ac0706cd9ed4bcfd4855c8d2c5535f01813fb2e10b68b31a24c0f:row:6636,5xsi|m0|B|700|-|MN|-,5xsi,MN,3,0,0,0.74629092,0.03474597,0.08825340,0.13070970
sha256:4748babd2b6ac0706cd9ed4bcfd4855c8d2c5535f01813fb2e10b68b31a24c0f:row:6638,3ax4|m0|A|238|-|MN|-,3ax4,MN,3,0,0,0.70545172,0.05692660,0.06649932,0.17112236
sha256:4748babd2b6ac0706cd9ed4bcfd4855c8d2c5535f01813fb2e10b68b31a24c0f:row:6642,1f1v|m0|A|500|-|MN|-,1f1v,MN,3,0,3,0.29637206,0.04010008,0.05528761,0.60824024
sha256:4748babd2b6ac0706cd9ed4bcfd4855c8d2c5535f01813fb2e10b68b31a24c0f:row:6644,4rbm|m0|A|705|-|NI|-,4rbm,NI,3,3,2,0.04576965,0.09543658,0.68660094,0.17219282
sha256:4748babd2b6ac0706cd9ed4bcfd4855c8d2c5535f01813fb2e10b68b31a24c0f:row:6645,2sbl|m0|A|840|-|FE|-,2sbl,FE,3,3,3,0.32796917,0.15287212,0.08651938,0.43263933
sha256:4748babd2b6ac0706cd9ed4bcfd4855c8d2c5535f01813fb2e10b68b31a24c0f:row:6647,6ow7|m0|P|301|-|NI|-,6ow7,NI,3,3,0,0.41308451,0.12234955,0.13081048,0.33375546
sha256:4748babd2b6ac0706cd9ed4bcfd4855c8d2c5535f01813fb2e10b68b31a24c0f:row:6652,3i5j|m0|A|501|-|FE|-,3i5j,FE,3,3,0,0.48038593,0.03962520,0.10119690,0.37879197
sha256:4748babd2b6ac0706cd9ed4bcfd4855c8d2c5535f01813fb2e10b68b31a24c0f:row:6661,1j36|m0|A|701|-|ZN|-,1j36,ZN,3,2,2,0.12751452,0.09701367,0.47646342,0.29900838
sha256:4748babd2b6ac0706cd9ed4bcfd4855c8d2c5535f01813fb2e10b68b31a24c0f:row:6663,3q4q|m0|A|201|-|MN|-,3q4q,MN,3,0,0,0.37684192,0.04451504,0.31084435,0.26779869
sha256:4748babd2b6ac0706cd9ed4bcfd4855c8d2c5535f01813fb2e10b68b31a24c0f:row:6665,2qyi|m0|B|992|-|NI|-,2qyi,NI,3,3,2,0.07011503,0.16054583,0.41140814,0.35793099
sha256:4748babd2b6ac0706cd9ed4bcfd4855c8d2c5535f01813fb2e10b68b31a24c0f:row:6667,8e8f|m0|A|502|-|MN|-,8e8f,MN,3,0,0,0.77405073,0.03247658,0.09652343,0.09694927
sha256:4748babd2b6ac0706cd9ed4bcfd4855c8d2c5535f01813fb2e10b68b31a24c0f:row:6668,6g5i|m0|f|201|-|ZN|-,6g5i,ZN,3,2,2,0.04174212,0.09359572,0.49555813,0.36910403
sha256:4748babd2b6ac0706cd9ed4bcfd4855c8d2c5535f01813fb2e10b68b31a24c0f:row:6682,2yx1|m0|A|501|-|ZN|-,2yx1,ZN,3,2,2,0.06454690,0.14606036,0.61185616,0.17753658
sha256:4748babd2b6ac0706cd9ed4bcfd4855c8d2c5535f01813fb2e10b68b31a24c0f:row:6687,5ir5|m0|A|701|-|FE|-,5ir5,FE,3,3,3,0.35669463,0.06038517,0.09930968,0.48361053
sha256:4748babd2b6ac0706cd9ed4bcfd4855c8d2c5535f01813fb2e10b68b31a24c0f:row:6690,3ihp|m0|A|836|-|ZN|-,3ihp,ZN,3,2,2,0.04029277,0.06944178,0.77822396,0.11204149
sha256:4748babd2b6ac0706cd9ed4bcfd4855c8d2c5535f01813fb2e10b68b31a24c0f:row:6704,8acv|m0|A|303|-|ZN|-,8acv,ZN,3,2,2,0.05431864,0.12725743,0.46438649,0.35403743
sha256:4748babd2b6ac0706cd9ed4bcfd4855c8d2c5535f01813fb2e10b68b31a24c0f:row:6706,5a0m|m0|A|1527|-|MN|-,5a0m,MN,3,0,0,0.56500090,0.04737777,0.17389200,0.21372933
sha256:4748babd2b6ac0706cd9ed4bcfd4855c8d2c5535f01813fb2e10b68b31a24c0f:row:6710,5ir4|m0|A|701|-|FE|-,5ir4,FE,3,3,3,0.35159381,0.06701710,0.07632456,0.50506453
sha256:4748babd2b6ac0706cd9ed4bcfd4855c8d2c5535f01813fb2e10b68b31a24c0f:row:6723,4gri|m0|A|501|-|ZN|-,4gri,ZN,3,2,2,0.03946166,0.11867960,0.70127363,0.14058511
sha256:4748babd2b6ac0706cd9ed4bcfd4855c8d2c5535f01813fb2e10b68b31a24c0f:row:6725,1o7p|m0|A|1453|-|FE|-,1o7p,FE,3,3,3,0.22617858,0.07473063,0.11862424,0.58046655
sha256:4748babd2b6ac0706cd9ed4bcfd4855c8d2c5535f01813fb2e10b68b31a24c0f:row:6730,1toh|m0|A|501|-|FE|-,1toh,FE,3,3,3,0.38450492,0.05251043,0.13057381,0.43241084
sha256:4748babd2b6ac0706cd9ed4bcfd4855c8d2c5535f01813fb2e10b68b31a24c0f:row:6736,1zct|m0|B|401|-|MN|-,1zct,MN,3,0,0,0.68048453,0.05138785,0.11395717,0.15417045
sha256:4748babd2b6ac0706cd9ed4bcfd4855c8d2c5535f01813fb2e10b68b31a24c0f:row:6739,4pjy|m0|A|501|-|FE|-,4pjy,FE,3,3,3,0.04839072,0.12427030,0.11999111,0.70734787
sha256:4748babd2b6ac0706cd9ed4bcfd4855c8d2c5535f01813fb2e10b68b31a24c0f:row:6744,3hq2|m0|A|502|-|ZN|-,3hq2,ZN,3,2,3,0.39559998,0.05355783,0.13344086,0.41740134
sha256:4748babd2b6ac0706cd9ed4bcfd4855c8d2c5535f01813fb2e10b68b31a24c0f:row:6750,2zwr|m0|A|209|-|ZN|-,2zwr,ZN,3,2,0,0.37895531,0.13831421,0.19547323,0.28725725
sha256:4748babd2b6ac0706cd9ed4bcfd4855c8d2c5535f01813fb2e10b68b31a24c0f:row:6760,1nfz|m0|B|201|-|MN|-,1nfz,MN,3,0,0,0.62387873,0.04747401,0.08315574,0.24549151
sha256:4748babd2b6ac0706cd9ed4bcfd4855c8d2c5535f01813fb2e10b68b31a24c0f:row:6762,4g33|m0|A|701|-|FE|-,4g33,FE,3,3,3,0.30409202,0.09577613,0.08619143,0.51394042
sha256:4748babd2b6ac0706cd9ed4bcfd4855c8d2c5535f01813fb2e10b68b31a24c0f:row:6763,2hmk|m0|A|451|-|FE|-,2hmk,FE,3,3,3,0.13360421,0.06270364,0.18156831,0.62212383
sha256:4748babd2b6ac0706cd9ed4bcfd4855c8d2c5535f01813fb2e10b68b31a24c0f:row:6769,3jca|m0|A|500|-|ZN|-,3jca,ZN,3,2,2,0.03686043,0.15939817,0.71343831,0.09030309
sha256:4748babd2b6ac0706cd9ed4bcfd4855c8d2c5535f01813fb2e10b68b31a24c0f:row:6778,2qf2|m0|A|626|-|MN|-,2qf2,MN,3,0,0,0.64098967,0.05118965,0.11277042,0.19505026
sha256:4748babd2b6ac0706cd9ed4bcfd4855c8d2c5535f01813fb2e10b68b31a24c0f:row:6783,4lef|m0|A|301|-|ZN|-,4lef,ZN,3,2,0,0.41361102,0.05352392,0.14952591,0.38333916
sha256:4748babd2b6ac0706cd9ed4bcfd4855c8d2c5535f01813fb2e10b68b31a24c0f:row:6784,7vzq|m0|A|702|-|FE|-,7vzq,FE,3,3,0,0.59074046,0.04367903,0.06512492,0.30045560
sha256:4748babd2b6ac0706cd9ed4bcfd4855c8d2c5535f01813fb2e10b68b31a24c0f:row:6789,6g3y|m0|A|402|-|NI|-,6g3y,NI,3,3,3,0.35712354,0.07766872,0.09581944,0.46938829
sha256:4748babd2b6ac0706cd9ed4bcfd4855c8d2c5535f01813fb2e10b68b31a24c0f:row:6803,6g5m|m0|A|601|-|CU|-,6g5m,CU,3,1,2,0.07480139,0.12123647,0.42645617,0.37750597
sha256:4748babd2b6ac0706cd9ed4bcfd4855c8d2c5535f01813fb2e10b68b31a24c0f:row:6804,4xbv|m0|A|401|-|FE|-,4xbv,FE,3,3,0,0.51357205,0.04082280,0.07780116,0.36780398
sha256:4748babd2b6ac0706cd9ed4bcfd4855c8d2c5535f01813fb2e10b68b31a24c0f:row:6807,6xbr|m0|A|201|-|CO|-,6xbr,CO,3,3,3,0.42451467,0.04948172,0.08867266,0.43733095
sha256:4748babd2b6ac0706cd9ed4bcfd4855c8d2c5535f01813fb2e10b68b31a24c0f:row:6814,7u7y|m0|A|501|-|MN|-,7u7y,MN,3,0,0,0.77704888,0.03688942,0.07864684,0.10741485
sha256:4748babd2b6ac0706cd9ed4bcfd4855c8d2c5535f01813fb2e10b68b31a24c0f:row:6815,1eil|m0|A|500|-|FE|-,1eil,FE,3,3,3,0.42837225,0.05855225,0.07517556,0.43789994
sha256:4748babd2b6ac0706cd9ed4bcfd4855c8d2c5535f01813fb2e10b68b31a24c0f:row:6826,4fuk|m0|A|401|-|ZN|-,4fuk,ZN,3,2,0,0.45699693,0.07082731,0.21733953,0.25483623
sha256:4748babd2b6ac0706cd9ed4bcfd4855c8d2c5535f01813fb2e10b68b31a24c0f:row:6827,8ji4|m0|B|303|-|NI|-,8ji4,NI,3,3,0,0.37793535,0.05296068,0.20667600,0.36242796
sha256:4748babd2b6ac0706cd9ed4bcfd4855c8d2c5535f01813fb2e10b68b31a24c0f:row:6832,5wlm|m0|A|201|-|ZN|-,5wlm,ZN,3,2,3,0.22843985,0.18040799,0.27732463,0.31382754
sha256:4748babd2b6ac0706cd9ed4bcfd4855c8d2c5535f01813fb2e10b68b31a24c0f:row:6833,6bnx|m0|A|301|-|CO|-,6bnx,CO,3,3,3,0.25298602,0.04765232,0.11107669,0.58828498
sha256:4748babd2b6ac0706cd9ed4bcfd4855c8d2c5535f01813fb2e10b68b31a24c0f:row:6834,3l2v|m0|A|395|-|MN|-,3l2v,MN,3,0,0,0.58750927,0.04162223,0.19050433,0.18036418
sha256:4748babd2b6ac0706cd9ed4bcfd4855c8d2c5535f01813fb2e10b68b31a24c0f:row:6841,3tc3|m0|B|290|-|MN|-,3tc3,MN,3,0,0,0.74000072,0.06088009,0.09803698,0.10108221
sha256:4748babd2b6ac0706cd9ed4bcfd4855c8d2c5535f01813fb2e10b68b31a24c0f:row:6850,2wjv|m0|A|3|-|ZN|-,2wjv,ZN,3,2,2,0.05440577,0.04910814,0.69428656,0.20219953
sha256:4748babd2b6ac0706cd9ed4bcfd4855c8d2c5535f01813fb2e10b68b31a24c0f:row:6860,6ait|m0|A|501|-|ZN|-,6ait,ZN,3,2,2,0.06786747,0.13103649,0.55614396,0.24495209
sha256:4748babd2b6ac0706cd9ed4bcfd4855c8d2c5535f01813fb2e10b68b31a24c0f:row:6864,7uy5|m0|I|900|-|ZN|-,7uy5,ZN,3,2,2,0.04379483,0.05008729,0.79030449,0.11581339
sha256:4748babd2b6ac0706cd9ed4bcfd4855c8d2c5535f01813fb2e10b68b31a24c0f:row:6868,3khb|m0|A|1001|-|CO|-,3khb,CO,3,3,3,0.14418380,0.09800149,0.14054142,0.61727329
sha256:4748babd2b6ac0706cd9ed4bcfd4855c8d2c5535f01813fb2e10b68b31a24c0f:row:6877,6nnc|m0|A|202|-|CO|-,6nnc,CO,3,3,3,0.12125468,0.08485184,0.14514893,0.64874454
sha256:4748babd2b6ac0706cd9ed4bcfd4855c8d2c5535f01813fb2e10b68b31a24c0f:row:6881,5g5y|m0|A|1543|-|ZN|-,5g5y,ZN,3,2,2,0.06559026,0.13666387,0.61531553,0.18243033
sha256:4748babd2b6ac0706cd9ed4bcfd4855c8d2c5535f01813fb2e10b68b31a24c0f:row:6886,3s57|m0|A|1|-|MN|-,3s57,MN,3,0,0,0.54502960,0.05060699,0.06456359,0.33979982
sha256:4748babd2b6ac0706cd9ed4bcfd4855c8d2c5535f01813fb2e10b68b31a24c0f:row:6888,6qpx|m0|I|501|-|CU|-,6qpx,CU,3,1,1,0.03486747,0.71352744,0.18712043,0.06448465
sha256:4748babd2b6ac0706cd9ed4bcfd4855c8d2c5535f01813fb2e10b68b31a24c0f:row:6891,6g40|m0|A|403|-|NI|-,6g40,NI,3,3,3,0.29949851,0.08129833,0.09568042,0.52352275
sha256:4748babd2b6ac0706cd9ed4bcfd4855c8d2c5535f01813fb2e10b68b31a24c0f:row:6895,1hwt|m0|D|138|-|ZN|-,1hwt,ZN,3,2,1,0.04478357,0.71340564,0.14493137,0.09687942
sha256:4748babd2b6ac0706cd9ed4bcfd4855c8d2c5535f01813fb2e10b68b31a24c0f:row:6902,1f35|m0|A|306|-|ZN|-,1f35,ZN,3,2,2,0.13721900,0.06261871,0.59965222,0.20051007
sha256:4748babd2b6ac0706cd9ed4bcfd4855c8d2c5535f01813fb2e10b68b31a24c0f:row:6908,5tsh|m0|A|601|-|ZN|-,5tsh,ZN,3,2,2,0.04150965,0.05058413,0.77106800,0.13683822
sha256:4748babd2b6ac0706cd9ed4bcfd4855c8d2c5535f01813fb2e10b68b31a24c0f:row:6911,3ht1|m0|A|151|-|NI|-,3ht1,NI,3,3,3,0.08795927,0.06680086,0.06900352,0.77623635
sha256:4748babd2b6ac0706cd9ed4bcfd4855c8d2c5535f01813fb2e10b68b31a24c0f:row:6913,2xig|m0|A|1151|-|ZN|-,2xig,ZN,3,2,2,0.04737175,0.05140833,0.72566945,0.17555047
sha256:4748babd2b6ac0706cd9ed4bcfd4855c8d2c5535f01813fb2e10b68b31a24c0f:row:6917,1jd4|m0|A|501|-|ZN|-,1jd4,ZN,3,2,2,0.04323710,0.08995300,0.72738640,0.13942350
sha256:4748babd2b6ac0706cd9ed4bcfd4855c8d2c5535f01813fb2e10b68b31a24c0f:row:6927,4qpx|m0|A|602|-|MN|-,4qpx,MN,3,0,0,0.57961134,0.03277954,0.20975865,0.17785046
sha256:4748babd2b6ac0706cd9ed4bcfd4855c8d2c5535f01813fb2e10b68b31a24c0f:row:6933,3ver|m0|A|601|-|FE|-,3ver,FE,3,3,3,0.37495207,0.04881479,0.09398541,0.48224773
sha256:4748babd2b6ac0706cd9ed4bcfd4855c8d2c5535f01813fb2e10b68b31a24c0f:row:6935,4g7e|m0|A|902|-|NI|-,4g7e,NI,3,3,3,0.39055474,0.07181545,0.09597291,0.44165689
sha256:4748babd2b6ac0706cd9ed4bcfd4855c8d2c5535f01813fb2e10b68b31a24c0f:row:6943,6iz2|m0|A|204|-|ZN|-,6iz2,ZN,3,2,2,0.15573626,0.07629880,0.60262700,0.16533794
sha256:4748babd2b6ac0706cd9ed4bcfd4855c8d2c5535f01813fb2e10b68b31a24c0f:row:6944,3fcm|m0|B|202|-|MN|-,3fcm,MN,3,0,3,0.29870849,0.11587918,0.18802887,0.39738346
sha256:4748babd2b6ac0706cd9ed4bcfd4855c8d2c5535f01813fb2e10b68b31a24c0f:row:6945,5kg4|m0|A|501|-|MN|-,5kg4,MN,3,0,0,0.79646718,0.03236729,0.06850567,0.10265986
sha256:4748babd2b6ac0706cd9ed4bcfd4855c8d2c5535f01813fb2e10b68b31a24c0f:row:6948,1sum|m0|B|240|-|FE|-,1sum,FE,3,3,0,0.62102673,0.04801582,0.10692359,0.22403385
sha256:4748babd2b6ac0706cd9ed4bcfd4855c8d2c5535f01813fb2e10b68b31a24c0f:row:6954,8ey3|m0|A|101|-|FE|-,8ey3,FE,3,3,2,0.06721590,0.05550689,0.75660824,0.12066896
sha256:4748babd2b6ac0706cd9ed4bcfd4855c8d2c5535f01813fb2e10b68b31a24c0f:row:6969,4hcf|m0|B|201|-|CU|-,4hcf,CU,3,1,2,0.03262274,0.31321075,0.55879039,0.09537611
sha256:4748babd2b6ac0706cd9ed4bcfd4855c8d2c5535f01813fb2e10b68b31a24c0f:row:6970,2bkb|m0|B|1393|-|FE|-,2bkb,FE,3,3,3,0.24704219,0.07419293,0.11098712,0.56777776
sha256:4748babd2b6ac0706cd9ed4bcfd4855c8d2c5535f01813fb2e10b68b31a24c0f:row:6995,4iet|m0|A|501|-|FE|-,4iet,FE,3,3,3,0.08695645,0.09700726,0.16413672,0.65189957
sha256:4748babd2b6ac0706cd9ed4bcfd4855c8d2c5535f01813fb2e10b68b31a24c0f:row:6996,6bpx|m0|A|301|-|FE|-,6bpx,FE,3,3,3,0.21997179,0.07645733,0.20124487,0.50232601
sha256:4748babd2b6ac0706cd9ed4bcfd4855c8d2c5535f01813fb2e10b68b31a24c0f:row:6998,3mz3|m0|A|400|-|CO|-,3mz3,CO,3,3,3,0.24925444,0.07226290,0.20588826,0.47259440
sha256:4748babd2b6ac0706cd9ed4bcfd4855c8d2c5535f01813fb2e10b68b31a24c0f:row:7006,6qpz|m0|A|501|-|CU|-,6qpz,CU,3,1,1,0.03580570,0.70013672,0.19304726,0.07101032
sha256:4748babd2b6ac0706cd9ed4bcfd4855c8d2c5535f01813fb2e10b68b31a24c0f:row:7007,6we1|m0|A|201|-|MN|-,6we1,MN,3,0,2,0.26974585,0.06870262,0.41634195,0.24520958
sha256:4748babd2b6ac0706cd9ed4bcfd4855c8d2c5535f01813fb2e10b68b31a24c0f:row:7013,2h1j|m0|A|601|-|ZN|-,2h1j,ZN,3,2,3,0.34464789,0.09694693,0.15322128,0.40518390
sha256:4748babd2b6ac0706cd9ed4bcfd4855c8d2c5535f01813fb2e10b68b31a24c0f:row:7017,3tal|m0|A|452|-|MN|-,3tal,MN,3,0,0,0.63808717,0.04915124,0.21043334,0.10232825
sha256:4748babd2b6ac0706cd9ed4bcfd4855c8d2c5535f01813fb2e10b68b31a24c0f:row:7023,3nnq|m0|A|201|-|ZN|-,3nnq,ZN,3,2,2,0.04009526,0.13211980,0.73709517,0.09068977
sha256:4748babd2b6ac0706cd9ed4bcfd4855c8d2c5535f01813fb2e10b68b31a24c0f:row:7026,3e38|m0|A|1|-|ZN|-,3e38,ZN,3,2,3,0.36746557,0.07067126,0.11197099,0.44989218
sha256:4748babd2b6ac0706cd9ed4bcfd4855c8d2c5535f01813fb2e10b68b31a24c0f:row:7032,6m29|m0|A|201|-|CO|-,6m29,CO,3,3,2,0.04233476,0.38463524,0.43397052,0.13905947
sha256:4748babd2b6ac0706cd9ed4bcfd4855c8d2c5535f01813fb2e10b68b31a24c0f:row:7033,6guu|m0|A|702|-|ZN|-,6guu,ZN,3,2,2,0.04029180,0.10028624,0.76041513,0.09900683
sha256:4748babd2b6ac0706cd9ed4bcfd4855c8d2c5535f01813fb2e10b68b31a24c0f:row:7035,5z0x|m0|A|201|-|CU|-,5z0x,CU,3,1,1,0.03207241,0.57750880,0.16147563,0.22894315
sha256:4748babd2b6ac0706cd9ed4bcfd4855c8d2c5535f01813fb2e10b68b31a24c0f:row:7036,1s5l|m0|A|345|-|FE|-,1s5l,FE,3,3,3,0.09777898,0.06043684,0.07781514,0.76396903
sha256:4748babd2b6ac0706cd9ed4bcfd4855c8d2c5535f01813fb2e10b68b31a24c0f:row:7050,5fqd|m0|B|1437|-|ZN|-,5fqd,ZN,3,2,2,0.04304608,0.05737167,0.75935026,0.14023199
sha256:4748babd2b6ac0706cd9ed4bcfd4855c8d2c5535f01813fb2e10b68b31a24c0f:row:7058,2ffv|m0|A|5600|-|MN|-,2ffv,MN,3,0,0,0.54163302,0.07610093,0.13450251,0.24776354
sha256:4748babd2b6ac0706cd9ed4bcfd4855c8d2c5535f01813fb2e10b68b31a24c0f:row:7062,4zx2|m0|A|501|-|MN|-,4zx2,MN,3,0,0,0.70773779,0.06009365,0.09695579,0.13521277
sha256:4748babd2b6ac0706cd9ed4bcfd4855c8d2c5535f01813fb2e10b68b31a24c0f:row:7063,5iy6|m0|U|401|-|ZN|-,5iy6,ZN,3,2,2,0.04988883,0.05391290,0.55815982,0.33803845
sha256:4748babd2b6ac0706cd9ed4bcfd4855c8d2c5535f01813fb2e10b68b31a24c0f:row:7064,2p46|m0|A|202|-|ZN|-,2p46,ZN,3,2,2,0.05576872,0.08183280,0.57425115,0.28814732
sha256:4748babd2b6ac0706cd9ed4bcfd4855c8d2c5535f01813fb2e10b68b31a24c0f:row:7065,2ux1|m0|A|1174|-|ZN|-,2ux1,ZN,3,2,3,0.31992365,0.07490304,0.24656070,0.35861262
sha256:4748babd2b6ac0706cd9ed4bcfd4855c8d2c5535f01813fb2e10b68b31a24c0f:row:7069,8dsj|m0|A|401|-|CU|-,8dsj,CU,3,1,1,0.02872622,0.55662541,0.33813704,0.07651133
sha256:4748babd2b6ac0706cd9ed4bcfd4855c8d2c5535f01813fb2e10b68b31a24c0f:row:7077,1id2|m0|A|107|-|CU|-,1id2,CU,3,1,1,0.03749851,0.58177390,0.29864125,0.08208634
sha256:4748babd2b6ac0706cd9ed4bcfd4855c8d2c5535f01813fb2e10b68b31a24c0f:row:7085,2jjz|m0|B|1128|-|ZN|-,2jjz,ZN,3,2,2,0.16248868,0.07664745,0.67515615,0.08570771
sha256:4748babd2b6ac0706cd9ed4bcfd4855c8d2c5535f01813fb2e10b68b31a24c0f:row:7094,2ppt|m0|A|300|-|ZN|-,2ppt,ZN,3,2,2,0.03605801,0.05668547,0.74765694,0.15959959
sha256:4748babd2b6ac0706cd9ed4bcfd4855c8d2c5535f01813fb2e10b68b31a24c0f:row:7095,1wpp|m0|A|602|-|ZN|-,1wpp,ZN,3,2,0,0.39377577,0.05603129,0.28255150,0.26764144
sha256:4748babd2b6ac0706cd9ed4bcfd4855c8d2c5535f01813fb2e10b68b31a24c0f:row:7107,3mig|m0|A|357|-|CU|-,3mig,CU,3,1,1,0.02656388,0.77552011,0.13784106,0.06007495
sha256:4748babd2b6ac0706cd9ed4bcfd4855c8d2c5535f01813fb2e10b68b31a24c0f:row:7108,7b0h|m0|E|802|-|MN|-,7b0h,MN,3,0,2,0.38242373,0.04343572,0.44387040,0.13027016
sha256:4748babd2b6ac0706cd9ed4bcfd4855c8d2c5535f01813fb2e10b68b31a24c0f:row:7120,4gji|m0|A|1004|-|MN|-,4gji,MN,3,0,0,0.68545064,0.03993055,0.08888741,0.18573140
sha256:4748babd2b6ac0706cd9ed4bcfd4855c8d2c5535f01813fb2e10b68b31a24c0f:row:7121,6bvr|m0|A|202|-|FE|-,6bvr,FE,3,3,0,0.45298363,0.05169906,0.12359270,0.37172461
sha256:4748babd2b6ac0706cd9ed4bcfd4855c8d2c5535f01813fb2e10b68b31a24c0f:row:7126,7jtz|m0|A|201|-|ZN|-,7jtz,ZN,3,2,2,0.04738255,0.05975735,0.78340651,0.10945359
sha256:4748babd2b6ac0706cd9ed4bcfd4855c8d2c5535f01813fb2e10b68b31a24c0f:row:7128,4hvr|m0|A|202|-|FE|-,4hvr,FE,3,3,2,0.04073862,0.05467321,0.81858206,0.08600611
sha256:4748babd2b6ac0706cd9ed4bcfd4855c8d2c5535f01813fb2e10b68b31a24c0f:row:7139,2au7|m0|A|201|-|MN|-,2au7,MN,3,0,0,0.76520940,0.03273033,0.06511299,0.13694728
sha256:4748babd2b6ac0706cd9ed4bcfd4855c8d2c5535f01813fb2e10b68b31a24c0f:row:7140,2zwr|m0|A|208|-|ZN|-,2zwr,ZN,3,2,3,0.36501599,0.06230396,0.17515385,0.39752620
sha256:4748babd2b6ac0706cd9ed4bcfd4855c8d2c5535f01813fb2e10b68b31a24c0f:row:7144,1qzy|m0|A|480|-|CO|-,1qzy,CO,3,3,0,0.54876911,0.04400207,0.08207287,0.32515594
sha256:4748babd2b6ac0706cd9ed4bcfd4855c8d2c5535f01813fb2e10b68b31a24c0f:row:7150,3gqa|m0|A|2|-|CO|-,3gqa,CO,3,3,3,0.17178636,0.04614444,0.37681979,0.40524941
sha256:4748babd2b6ac0706cd9ed4bcfd4855c8d2c5535f01813fb2e10b68b31a24c0f:row:7151,6nc6|m0|A|505|-|ZN|-,6nc6,ZN,3,2,1,0.05017747,0.54359787,0.26769874,0.13852592
sha256:4748babd2b6ac0706cd9ed4bcfd4855c8d2c5535f01813fb2e10b68b31a24c0f:row:7154,4k1c|m0|B|506|-|MN|-,4k1c,MN,3,0,0,0.40352923,0.05008902,0.38263103,0.16375072
sha256:4748babd2b6ac0706cd9ed4bcfd4855c8d2c5535f01813fb2e10b68b31a24c0f:row:7159,3vf4|m0|A|601|-|FE|-,3vf4,FE,3,3,3,0.37963526,0.05076571,0.07759321,0.49200582
sha256:4748babd2b6ac0706cd9ed4bcfd4855c8d2c5535f01813fb2e10b68b31a24c0f:row:7162,2a8t|m0|A|301|-|MN|-,2a8t,MN,3,0,0,0.76519628,0.03807856,0.08091017,0.11581499
sha256:4748babd2b6ac0706cd9ed4bcfd4855c8d2c5535f01813fb2e10b68b31a24c0f:row:7169,3ki9|m0|A|470|-|MN|-,3ki9,MN,3,0,0,0.69517500,0.04426898,0.11040705,0.15014897
sha256:4748babd2b6ac0706cd9ed4bcfd4855c8d2c5535f01813fb2e10b68b31a24c0f:row:7170,3t81|m0|A|606|-|FE|-,3t81,FE,3,3,0,0.46626083,0.06659661,0.27930783,0.18783473
sha256:4748babd2b6ac0706cd9ed4bcfd4855c8d2c5535f01813fb2e10b68b31a24c0f:row:7175,2ztk|m0|A|384|-|CU|-,2ztk,CU,3,1,3,0.10225395,0.09661291,0.10455952,0.69657361
sha256:4748babd2b6ac0706cd9ed4bcfd4855c8d2c5535f01813fb2e10b68b31a24c0f:row:7179,2ush|m0|A|601|-|ZN|-,2ush,ZN,3,2,2,0.13083420,0.10514545,0.48638330,0.27763705
sha256:4748babd2b6ac0706cd9ed4bcfd4855c8d2c5535f01813fb2e10b68b31a24c0f:row:7193,5a66|m0|A|1001|-|MN|-,5a66,MN,3,0,0,0.60480057,0.04262176,0.23828594,0.11429173
sha256:4748babd2b6ac0706cd9ed4bcfd4855c8d2c5535f01813fb2e10b68b31a24c0f:row:7200,5lwz|m0|A|401|-|FE|-,5lwz,FE,3,3,0,0.61078255,0.05568233,0.09614305,0.23739208
sha256:4748babd2b6ac0706cd9ed4bcfd4855c8d2c5535f01813fb2e10b68b31a24c0f:row:7202,1dfx|m0|A|132|-|FE|-,1dfx,FE,3,3,3,0.25855771,0.11460563,0.14943083,0.47740584
sha256:4748babd2b6ac0706cd9ed4bcfd4855c8d2c5535f01813fb2e10b68b31a24c0f:row:7211,3wia|m0|A|401|-|CU|-,3wia,CU,3,1,1,0.03863982,0.66365626,0.21444349,0.08326043
sha256:4748babd2b6ac0706cd9ed4bcfd4855c8d2c5535f01813fb2e10b68b31a24c0f:row:7219,4idz|m0|A|603|-|NI|-,4idz,NI,3,3,3,0.23268826,0.07910771,0.21698708,0.47121695
sha256:4748babd2b6ac0706cd9ed4bcfd4855c8d2c5535f01813fb2e10b68b31a24c0f:row:7220,6x34|m0|B|5101|-|ZN|-,6x34,ZN,3,2,1,0.05770578,0.51336814,0.33504257,0.09388351
sha256:4748babd2b6ac0706cd9ed4bcfd4855c8d2c5535f01813fb2e10b68b31a24c0f:row:7233,4xww|m0|A|602|-|ZN|-,4xww,ZN,3,2,2,0.16042827,0.09833373,0.43289319,0.30834482
sha256:4748babd2b6ac0706cd9ed4bcfd4855c8d2c5535f01813fb2e10b68b31a24c0f:row:7237,5zrt|m0|A|206|-|ZN|-,5zrt,ZN,3,2,2,0.03959794,0.05108218,0.74995599,0.15936389
sha256:4748babd2b6ac0706cd9ed4bcfd4855c8d2c5535f01813fb2e10b68b31a24c0f:row:7238,3tr3|m0|A|80|-|CO|-,3tr3,CO,3,3,3,0.06707694,0.09392242,0.26318127,0.57581937
sha256:4748babd2b6ac0706cd9ed4bcfd4855c8d2c5535f01813fb2e10b68b31a24c0f:row:7253,2inn|m0|A|514|-|ZN|-,2inn,ZN,3,2,2,0.05467166,0.05213718,0.70161895,0.19157222
sha256:4748babd2b6ac0706cd9ed4bcfd4855c8d2c5535f01813fb2e10b68b31a24c0f:row:7257,1pvf|m0|B|201|-|MN|-,1pvf,MN,3,0,0,0.58887851,0.04875088,0.08144531,0.28092530
sha256:4748babd2b6ac0706cd9ed4bcfd4855c8d2c5535f01813fb2e10b68b31a24c0f:row:7259,7dz9|m0|A|401|-|FE|-,7dz9,FE,3,3,0,0.61696321,0.04005126,0.08354198,0.25944355
sha256:4748babd2b6ac0706cd9ed4bcfd4855c8d2c5535f01813fb2e10b68b31a24c0f:row:7262,2bww|m0|A|1441|-|MN|-,2bww,MN,3,0,0,0.75576949,0.03385932,0.08029908,0.13007210
sha256:4748babd2b6ac0706cd9ed4bcfd4855c8d2c5535f01813fb2e10b68b31a24c0f:row:7264,6qpx|m0|A|501|-|CU|-,6qpx,CU,3,1,1,0.03657862,0.61764701,0.26932983,0.07644454
sha256:4748babd2b6ac0706cd9ed4bcfd4855c8d2c5535f01813fb2e10b68b31a24c0f:row:7265,6fon|m0|A|501|-|ZN|-,6fon,ZN,3,2,1,0.03246485,0.38869094,0.25678487,0.32205934
sha256:4748babd2b6ac0706cd9ed4bcfd4855c8d2c5535f01813fb2e10b68b31a24c0f:row:7267,6adq|m0|E|402|-|CU|-,6adq,CU,3,1,2,0.02721080,0.19540143,0.47899411,0.29839366
sha256:4748babd2b6ac0706cd9ed4bcfd4855c8d2c5535f01813fb2e10b68b31a24c0f:row:7276,6nsi|m0|A|401|-|FE|-,6nsi,FE,3,3,3,0.31045852,0.09757531,0.16006007,0.43190611
sha256:4748babd2b6ac0706cd9ed4bcfd4855c8d2c5535f01813fb2e10b68b31a24c0f:row:7278,8cji|m0|A|501|-|FE|-,8cji,FE,3,3,3,0.08461629,0.06016954,0.09294958,0.76226458
sha256:4748babd2b6ac0706cd9ed4bcfd4855c8d2c5535f01813fb2e10b68b31a24c0f:row:7281,6fet|m0|D|527|-|NI|-,6fet,NI,3,3,2,0.19590991,0.12368746,0.49346597,0.18693666
sha256:4748babd2b6ac0706cd9ed4bcfd4855c8d2c5535f01813fb2e10b68b31a24c0f:row:7287,7eut|m0|B|401|-|CU|-,7eut,CU,3,1,3,0.34867947,0.10870898,0.17027089,0.37234066
sha256:4748babd2b6ac0706cd9ed4bcfd4855c8d2c5535f01813fb2e10b68b31a24c0f:row:7290,1kb2|m0|B|350|-|ZN|-,1kb2,ZN,3,2,2,0.26633046,0.05482440,0.59359084,0.08525430
sha256:4748babd2b6ac0706cd9ed4bcfd4855c8d2c5535f01813fb2e10b68b31a24c0f:row:7291,1a1r|m0|A|901|-|ZN|-,1a1r,ZN,3,2,2,0.04841534,0.06740976,0.62174566,0.26242924
sha256:4748babd2b6ac0706cd9ed4bcfd4855c8d2c5535f01813fb2e10b68b31a24c0f:row:7296,1sx5|m0|B|405|-|MN|-,1sx5,MN,3,0,0,0.70174115,0.04380786,0.11024173,0.14420927
sha256:4748babd2b6ac0706cd9ed4bcfd4855c8d2c5535f01813fb2e10b68b31a24c0f:row:7298,5zrd|m0|A|606|-|CU|-,5zrd,CU,3,1,3,0.06276883,0.28122710,0.17317092,0.48283315
sha256:4748babd2b6ac0706cd9ed4bcfd4855c8d2c5535f01813fb2e10b68b31a24c0f:row:7299,5rl6|m0|A|701|-|ZN|-,5rl6,ZN,3,2,2,0.04059875,0.07174848,0.79839078,0.08926200
sha256:4748babd2b6ac0706cd9ed4bcfd4855c8d2c5535f01813fb2e10b68b31a24c0f:row:7306,4rnz|m0|A|502|-|NI|-,4rnz,NI,3,3,1,0.04453189,0.42644940,0.26073032,0.26828839
sha256:4748babd2b6ac0706cd9ed4bcfd4855c8d2c5535f01813fb2e10b68b31a24c0f:row:7307,7d62|m0|A|401|-|MN|-,7d62,MN,3,0,3,0.35025624,0.07774518,0.10203143,0.46996715
sha256:4748babd2b6ac0706cd9ed4bcfd4855c8d2c5535f01813fb2e10b68b31a24c0f:row:7309,4zp1|m0|B|602|-|NI|-,4zp1,NI,3,3,2,0.15632006,0.26919779,0.35647979,0.21800236
sha256:4748babd2b6ac0706cd9ed4bcfd4855c8d2c5535f01813fb2e10b68b31a24c0f:row:7323,6yyx|m0|A|801|-|MN|-,6yyx,MN,3,0,0,0.65369489,0.05228554,0.10155706,0.19246251
sha256:4748babd2b6ac0706cd9ed4bcfd4855c8d2c5535f01813fb2e10b68b31a24c0f:row:7325,2yhn|m0|B|1002|-|ZN|-,2yhn,ZN,3,2,2,0.04376018,0.07077262,0.77123152,0.11423568
sha256:4748babd2b6ac0706cd9ed4bcfd4855c8d2c5535f01813fb2e10b68b31a24c0f:row:7327,4cug|m0|B|1389|-|MN|-,4cug,MN,3,0,0,0.67395253,0.04657797,0.08948152,0.18998798
sha256:4748babd2b6ac0706cd9ed4bcfd4855c8d2c5535f01813fb2e10b68b31a24c0f:row:7335,5f5q|m0|B|302|-|MN|-,5f5q,MN,3,0,0,0.78635224,0.04028817,0.06810587,0.10525372
sha256:4748babd2b6ac0706cd9ed4bcfd4855c8d2c5535f01813fb2e10b68b31a24c0f:row:7336,6npa|m0|A|202|-|FE|-,6npa,FE,3,3,0,0.47666651,0.05062138,0.09127515,0.38143697
sha256:4748babd2b6ac0706cd9ed4bcfd4855c8d2c5535f01813fb2e10b68b31a24c0f:row:7345,1x84|m0|B|201|-|MN|-,1x84,MN,3,0,0,0.65607472,0.05504081,0.09704315,0.19184132
sha256:4748babd2b6ac0706cd9ed4bcfd4855c8d2c5535f01813fb2e10b68b31a24c0f:row:7349,2ojw|m0|A|403|-|MN|-,2ojw,MN,3,0,0,0.55173701,0.05088940,0.23106789,0.16630570
sha256:4748babd2b6ac0706cd9ed4bcfd4855c8d2c5535f01813fb2e10b68b31a24c0f:row:7359,5dnl|m0|C|202|-|MN|-,5dnl,MN,3,0,0,0.69283217,0.04111849,0.06237388,0.20367547
sha256:4748babd2b6ac0706cd9ed4bcfd4855c8d2c5535f01813fb2e10b68b31a24c0f:row:7361,6gka|m0|A|201|-|FE|-,6gka,FE,3,3,3,0.36181410,0.05368273,0.09894566,0.48555751
sha256:4748babd2b6ac0706cd9ed4bcfd4855c8d2c5535f01813fb2e10b68b31a24c0f:row:7362,5udw|m0|A|303|-|NI|-,5udw,NI,3,3,3,0.28284198,0.04718771,0.32112639,0.34884393
sha256:4748babd2b6ac0706cd9ed4bcfd4855c8d2c5535f01813fb2e10b68b31a24c0f:row:7363,3iso|m0|A|220|-|ZN|-,3iso,ZN,3,2,2,0.05561252,0.11888974,0.67018499,0.15531275
sha256:4748babd2b6ac0706cd9ed4bcfd4855c8d2c5535f01813fb2e10b68b31a24c0f:row:7367,6dqd|m0|A|602|-|MN|-,6dqd,MN,3,0,0,0.66738227,0.04713719,0.06752389,0.21795665
sha256:4748babd2b6ac0706cd9ed4bcfd4855c8d2c5535f01813fb2e10b68b31a24c0f:row:7371,2lal|m0|A|183|-|MN|-,2lal,MN,3,0,0,0.77866163,0.03845450,0.06172506,0.12115881
sha256:4748babd2b6ac0706cd9ed4bcfd4855c8d2c5535f01813fb2e10b68b31a24c0f:row:7372,4nii|m0|A|301|-|MN|-,4nii,MN,3,0,0,0.59125022,0.04461278,0.06229145,0.30184555
sha256:4748babd2b6ac0706cd9ed4bcfd4855c8d2c5535f01813fb2e10b68b31a24c0f:row:7373,1ddz|m0|A|2|-|ZN|-,1ddz,ZN,3,2,2,0.05711832,0.09545730,0.60475736,0.24266701
sha256:4748babd2b6ac0706cd9ed4bcfd4855c8d2c5535f01813fb2e10b68b31a24c0f:row:7375,5yka|m0|A|401|-|CO|-,5yka,CO,3,3,3,0.35331329,0.07897174,0.08601548,0.48169948
sha256:4748babd2b6ac0706cd9ed4bcfd4855c8d2c5535f01813fb2e10b68b31a24c0f:row:7398,7yxk|m0|B|501|-|MN|-,7yxk,MN,3,0,0,0.50230847,0.07138304,0.12030157,0.30600693
sha256:4748babd2b6ac0706cd9ed4bcfd4855c8d2c5535f01813fb2e10b68b31a24c0f:row:7401,2r8d|m0|A|92|-|MN|-,2r8d,MN,3,0,0,0.68818224,0.03823751,0.07910424,0.19447601
sha256:4748babd2b6ac0706cd9ed4bcfd4855c8d2c5535f01813fb2e10b68b31a24c0f:row:7402,1ztc|m0|A|302|-|NI|-,1ztc,NI,3,3,3,0.23168184,0.08478456,0.19303346,0.49050015
sha256:4748babd2b6ac0706cd9ed4bcfd4855c8d2c5535f01813fb2e10b68b31a24c0f:row:7405,4oev|m0|A|501|-|NI|-,4oev,NI,3,3,3,0.11816913,0.09659751,0.19116983,0.59406353
sha256:4748babd2b6ac0706cd9ed4bcfd4855c8d2c5535f01813fb2e10b68b31a24c0f:row:7406,5imt|m0|A|607|-|ZN|-,5imt,ZN,3,2,2,0.13141927,0.13230155,0.59333371,0.14294547
sha256:4748babd2b6ac0706cd9ed4bcfd4855c8d2c5535f01813fb2e10b68b31a24c0f:row:7410,3ccg|m0|A|191|-|FE|-,3ccg,FE,3,3,0,0.59048680,0.03990263,0.06945562,0.30015496
sha256:4748babd2b6ac0706cd9ed4bcfd4855c8d2c5535f01813fb2e10b68b31a24c0f:row:7412,5m8l|m0|A|512|-|ZN|-,5m8l,ZN,3,2,3,0.07631616,0.30701686,0.12373681,0.49293017
sha256:4748babd2b6ac0706cd9ed4bcfd4855c8d2c5535f01813fb2e10b68b31a24c0f:row:7416,6iu6|m0|A|203|-|NI|-,6iu6,NI,3,3,0,0.41357958,0.07082410,0.21957256,0.29602376
sha256:4748babd2b6ac0706cd9ed4bcfd4855c8d2c5535f01813fb2e10b68b31a24c0f:row:7417,3nqb|m0|A|608|-|MN|-,3nqb,MN,3,0,0,0.54734406,0.05722359,0.10320674,0.29222560
sha256:4748babd2b6ac0706cd9ed4bcfd4855c8d2c5535f01813fb2e10b68b31a24c0f:row:7426,5o9w|m0|A|401|-|NI|-,5o9w,NI,3,3,3,0.23196963,0.06470451,0.08373022,0.61959564
sha256:4748babd2b6ac0706cd9ed4bcfd4855c8d2c5535f01813fb2e10b68b31a24c0f:row:7427,8e8e|m0|A|502|-|MN|-,8e8e,MN,3,0,0,0.75725723,0.03698660,0.07857716,0.12717901
sha256:4748babd2b6ac0706cd9ed4bcfd4855c8d2c5535f01813fb2e10b68b31a24c0f:row:7430,8hmo|m0|A|302|-|MN|-,8hmo,MN,3,0,0,0.59865306,0.06232931,0.13002436,0.20899327
sha256:4748babd2b6ac0706cd9ed4bcfd4855c8d2c5535f01813fb2e10b68b31a24c0f:row:7433,3o14|m0|A|250|-|ZN|-,3o14,ZN,3,2,3,0.39544815,0.05876858,0.12535288,0.42043039
sha256:4748babd2b6ac0706cd9ed4bcfd4855c8d2c5535f01813fb2e10b68b31a24c0f:row:7437,3f4c|m0|A|501|-|CO|-,3f4c,CO,3,3,3,0.20812845,0.09144949,0.11365506,0.58676700
sha256:4748babd2b6ac0706cd9ed4bcfd4855c8d2c5535f01813fb2e10b68b31a24c0f:row:7441,7fip|m0|B|401|-|ZN|-,7fip,ZN,3,2,3,0.20757840,0.07776385,0.27558350,0.43907425
sha256:4748babd2b6ac0706cd9ed4bcfd4855c8d2c5535f01813fb2e10b68b31a24c0f:row:7442,5zoy|m0|A|701|-|CU|-,5zoy,CU,3,1,1,0.04483231,0.52677947,0.19620633,0.23218189
sha256:4748babd2b6ac0706cd9ed4bcfd4855c8d2c5535f01813fb2e10b68b31a24c0f:row:7450,5ram|m0|A|1806|-|MN|-,5ram,MN,3,0,0,0.53059460,0.04995778,0.07162974,0.34781788
sha256:4748babd2b6ac0706cd9ed4bcfd4855c8d2c5535f01813fb2e10b68b31a24c0f:row:7451,8jul|m0|A|901|-|ZN|-,8jul,ZN,3,2,2,0.04904806,0.14831881,0.51614573,0.28648740
sha256:4748babd2b6ac0706cd9ed4bcfd4855c8d2c5535f01813fb2e10b68b31a24c0f:row:7453,6dhm|m0|E|604|-|ZN|-,6dhm,ZN,3,2,2,0.07832683,0.08765602,0.62850743,0.20550972
sha256:4748babd2b6ac0706cd9ed4bcfd4855c8d2c5535f01813fb2e10b68b31a24c0f:row:7456,2jla|m0|C|1562|-|MN|-,2jla,MN,3,0,0,0.46486718,0.12821936,0.21599463,0.19091883
sha256:4748babd2b6ac0706cd9ed4bcfd4855c8d2c5535f01813fb2e10b68b31a24c0f:row:7460,2y8u|m0|A|1239|-|CO|-,2y8u,CO,3,3,3,0.24716193,0.09690887,0.25449962,0.40142959
sha256:4748babd2b6ac0706cd9ed4bcfd4855c8d2c5535f01813fb2e10b68b31a24c0f:row:7462,5hip|m0|A|401|-|FE|-,5hip,FE,3,3,3,0.39885151,0.07937819,0.10235952,0.41941078
sha256:4748babd2b6ac0706cd9ed4bcfd4855c8d2c5535f01813fb2e10b68b31a24c0f:row:7466,5v06|m0|Z|401|-|MN|-,5v06,MN,3,0,0,0.72885466,0.04113821,0.06780776,0.16219938
sha256:4748babd2b6ac0706cd9ed4bcfd4855c8d2c5535f01813fb2e10b68b31a24c0f:row:7473,6bvs|m0|A|403|-|FE|-,6bvs,FE,3,3,2,0.08732912,0.05877197,0.49159231,0.36230660
sha256:4748babd2b6ac0706cd9ed4bcfd4855c8d2c5535f01813fb2e10b68b31a24c0f:row:7477,3wrr|m0|A|301|-|CU|-,3wrr,CU,3,1,2,0.09119145,0.13670093,0.45813369,0.31397393
sha256:4748babd2b6ac0706cd9ed4bcfd4855c8d2c5535f01813fb2e10b68b31a24c0f:row:7483,4wtz|m0|A|201|-|NI|-,4wtz,NI,3,3,3,0.07266757,0.10606961,0.37676535,0.44449747
sha256:4748babd2b6ac0706cd9ed4bcfd4855c8d2c5535f01813fb2e10b68b31a24c0f:row:7486,3o1p|m0|A|301|-|MN|-,3o1p,MN,3,0,0,0.52777260,0.04633243,0.06623772,0.35965725
sha256:4748babd2b6ac0706cd9ed4bcfd4855c8d2c5535f01813fb2e10b68b31a24c0f:row:7491,4xds|m0|A|601|-|NI|-,4xds,NI,3,3,3,0.31922272,0.04867341,0.15218691,0.47991696
sha256:4748babd2b6ac0706cd9ed4bcfd4855c8d2c5535f01813fb2e10b68b31a24c0f:row:7492,6w5x|m0|A|503|-|MN|-,6w5x,MN,3,0,0,0.74958370,0.03426780,0.09959012,0.11655839
sha256:4748babd2b6ac0706cd9ed4bcfd4855c8d2c5535f01813fb2e10b68b31a24c0f:row:7502,3bnb|m0|A|840|-|FE|-,3bnb,FE,3,3,0,0.42498136,0.11719553,0.08983135,0.36799176
sha256:4748babd2b6ac0706cd9ed4bcfd4855c8d2c5535f01813fb2e10b68b31a24c0f:row:7509,7mga|m0|B|301|-|MN|-,7mga,MN,3,0,0,0.72197656,0.03356038,0.07204419,0.17241887
sha256:4748babd2b6ac0706cd9ed4bcfd4855c8d2c5535f01813fb2e10b68b31a24c0f:row:7510,5jk6|m0|A|502|-|FE|-,5jk6,FE,3,3,3,0.10885881,0.05412421,0.13577351,0.70124348
sha256:4748babd2b6ac0706cd9ed4bcfd4855c8d2c5535f01813fb2e10b68b31a24c0f:row:7516,4r8z|m0|A|402|-|NI|-,4r8z,NI,3,3,3,0.28180187,0.06898410,0.13770045,0.51151359
sha256:4748babd2b6ac0706cd9ed4bcfd4855c8d2c5535f01813fb2e10b68b31a24c0f:row:7536,3dx5|m0|A|287|-|MN|-,3dx5,MN,3,0,0,0.70837126,0.03658770,0.09657528,0.15846576
sha256:4748babd2b6ac0706cd9ed4bcfd4855c8d2c5535f01813fb2e10b68b31a24c0f:row:7545,3ef7|m0|B|489|-|ZN|-,3ef7,ZN,3,2,1,0.05189396,0.41847747,0.26121721,0.26841136
sha256:4748babd2b6ac0706cd9ed4bcfd4855c8d2c5535f01813fb2e10b68b31a24c0f:row:7548,2vxx|m0|D|201|-|ZN|-,2vxx,ZN,3,2,3,0.11605273,0.11495238,0.19703431,0.57196059
sha256:4748babd2b6ac0706cd9ed4bcfd4855c8d2c5535f01813fb2e10b68b31a24c0f:row:7556,3dh8|m0|A|999|-|FE|-,3dh8,FE,3,3,3,0.36277584,0.04553250,0.09992164,0.49177002
sha256:4748babd2b6ac0706cd9ed4bcfd4855c8d2c5535f01813fb2e10b68b31a24c0f:row:7561,8jws|m0|A|502|-|ZN|L,8jws,ZN,3,2,2,0.03614320,0.06642987,0.79792037,0.09950656
sha256:4748babd2b6ac0706cd9ed4bcfd4855c8d2c5535f01813fb2e10b68b31a24c0f:row:7563,5grq|m0|A|207|-|ZN|-,5grq,ZN,3,2,2,0.08383008,0.06710716,0.59225729,0.25680547
sha256:4748babd2b6ac0706cd9ed4bcfd4855c8d2c5535f01813fb2e10b68b31a24c0f:row:7571,1sx5|m0|A|401|-|MN|-,1sx5,MN,3,0,0,0.52899097,0.05381049,0.22511574,0.19208280
sha256:4748babd2b6ac0706cd9ed4bcfd4855c8d2c5535f01813fb2e10b68b31a24c0f:row:7572,6g5m|m0|A|604|-|CU|-,6g5m,CU,3,1,2,0.02847162,0.36685719,0.51881916,0.08585202
sha256:4748babd2b6ac0706cd9ed4bcfd4855c8d2c5535f01813fb2e10b68b31a24c0f:row:7575,4p2y|m0|A|1002|-|ZN|-,4p2y,ZN,3,2,2,0.06585445,0.07858812,0.71614454,0.13941288
sha256:4748babd2b6ac0706cd9ed4bcfd4855c8d2c5535f01813fb2e10b68b31a24c0f:row:7591,2h1i|m0|A|300|-|ZN|-,2h1i,ZN,3,2,2,0.12254225,0.22227750,0.48329321,0.17188704
sha256:4748babd2b6ac0706cd9ed4bcfd4855c8d2c5535f01813fb2e10b68b31a24c0f:row:7593,5wcx|m0|A|901|-|MN|-,5wcx,MN,3,0,0,0.63610660,0.03462048,0.08046610,0.24880682
sha256:4748babd2b6ac0706cd9ed4bcfd4855c8d2c5535f01813fb2e10b68b31a24c0f:row:7594,7tz9|m0|A|502|-|FE|-,7tz9,FE,3,3,3,0.39442136,0.05778115,0.12172136,0.42607614
sha256:4748babd2b6ac0706cd9ed4bcfd4855c8d2c5535f01813fb2e10b68b31a24c0f:row:7600,3d82|m0|C|500|-|NI|-,3d82,NI,3,3,0,0.44490840,0.05829254,0.07299895,0.42380011
sha256:4748babd2b6ac0706cd9ed4bcfd4855c8d2c5535f01813fb2e10b68b31a24c0f:row:7601,2bww|m0|A|1442|-|MN|-,2bww,MN,3,0,0,0.70705858,0.04489611,0.12892560,0.11911970
sha256:4748babd2b6ac0706cd9ed4bcfd4855c8d2c5535f01813fb2e10b68b31a24c0f:row:7605,4ysl|m0|B|301|-|FE|F,4ysl,FE,3,3,3,0.40394615,0.04636689,0.09121060,0.45847636
sha256:4748babd2b6ac0706cd9ed4bcfd4855c8d2c5535f01813fb2e10b68b31a24c0f:row:7611,6dpd|m0|A|202|-|MN|-,6dpd,MN,3,0,0,0.72857447,0.03415693,0.11918421,0.11808440
sha256:4748babd2b6ac0706cd9ed4bcfd4855c8d2c5535f01813fb2e10b68b31a24c0f:row:7621,3u6w|m0|A|426|-|MN|-,3u6w,MN,3,0,0,0.54500619,0.07765292,0.11455936,0.26278153
sha256:4748babd2b6ac0706cd9ed4bcfd4855c8d2c5535f01813fb2e10b68b31a24c0f:row:7623,3sub|m0|A|161|-|ZN|-,3sub,ZN,3,2,2,0.04757580,0.04716276,0.77995182,0.12530962
sha256:4748babd2b6ac0706cd9ed4bcfd4855c8d2c5535f01813fb2e10b68b31a24c0f:row:7628,6ww3|m0|A|2802|-|ZN|-,6ww3,ZN,3,2,2,0.07908980,0.13102506,0.44485473,0.34503041
sha256:4748babd2b6ac0706cd9ed4bcfd4855c8d2c5535f01813fb2e10b68b31a24c0f:row:7629,6md3|m0|A|303|-|ZN|-,6md3,ZN,3,2,2,0.06664576,0.05940223,0.76427310,0.10967891
sha256:4748babd2b6ac0706cd9ed4bcfd4855c8d2c5535f01813fb2e10b68b31a24c0f:row:7634,6cdd|m0|A|701|-|ZN|-,6cdd,ZN,3,2,2,0.03711079,0.06520045,0.79366631,0.10402245
sha256:4748babd2b6ac0706cd9ed4bcfd4855c8d2c5535f01813fb2e10b68b31a24c0f:row:7635,5vcm|m0|A|501|-|MN|-,5vcm,MN,3,0,0,0.55148849,0.04912044,0.15626992,0.24312115
sha256:4748babd2b6ac0706cd9ed4bcfd4855c8d2c5535f01813fb2e10b68b31a24c0f:row:7636,5wg8|m0|A|501|-|MN|-,5wg8,MN,3,0,0,0.71055480,0.06528204,0.09371208,0.13045107
sha256:4748babd2b6ac0706cd9ed4bcfd4855c8d2c5535f01813fb2e10b68b31a24c0f:row:7640,5j72|m0|A|707|-|ZN|-,5j72,ZN,3,2,0,0.45498081,0.04851487,0.10976106,0.38674326
sha256:4748babd2b6ac0706cd9ed4bcfd4855c8d2c5535f01813fb2e10b68b31a24c0f:row:7650,8ji3|m0|A|301|-|FE|-,8ji3,FE,3,3,3,0.13994601,0.07824304,0.15523083,0.62658012
sha256:4748babd2b6ac0706cd9ed4bcfd4855c8d2c5535f01813fb2e10b68b31a24c0f:row:7657,1l9h|m0|A|957|-|ZN|-,1l9h,ZN,3,2,2,0.09097409,0.06249296,0.60700951,0.23952344
sha256:4748babd2b6ac0706cd9ed4bcfd4855c8d2c5535f01813fb2e10b68b31a24c0f:row:7662,5mef|m0|A|1001|-|FE|-,5mef,FE,3,3,0,0.42573459,0.08495333,0.09818328,0.39112880
sha256:4748babd2b6ac0706cd9ed4bcfd4855c8d2c5535f01813fb2e10b68b31a24c0f:row:7666,1s6m|m0|A|500|-|NI|-,1s6m,NI,3,3,3,0.09485184,0.31205681,0.22833125,0.36476011
sha256:4748babd2b6ac0706cd9ed4bcfd4855c8d2c5535f01813fb2e10b68b31a24c0f:row:7668,8bvk|m0|A|301|-|MN|-,8bvk,MN,3,0,0,0.50512951,0.09554303,0.12863033,0.27069713
sha256:4748babd2b6ac0706cd9ed4bcfd4855c8d2c5535f01813fb2e10b68b31a24c0f:row:7678,4hm0|m0|A|504|-|FE|-,4hm0,FE,3,3,3,0.37924911,0.04966538,0.08888129,0.48220423
sha256:4748babd2b6ac0706cd9ed4bcfd4855c8d2c5535f01813fb2e10b68b31a24c0f:row:7688,1ji4|m0|C|803|-|FE|-,1ji4,FE,3,3,0,0.42057410,0.07450376,0.27105098,0.23387117
sha256:4748babd2b6ac0706cd9ed4bcfd4855c8d2c5535f01813fb2e10b68b31a24c0f:row:7692,3ive|m0|A|601|-|MN|-,3ive,MN,3,0,0,0.67591924,0.04831371,0.08847752,0.18728952
sha256:4748babd2b6ac0706cd9ed4bcfd4855c8d2c5535f01813fb2e10b68b31a24c0f:row:7703,5gq1|m0|A|401|-|ZN|-,5gq1,ZN,3,2,2,0.05013600,0.08322646,0.71096506,0.15567248
sha256:4748babd2b6ac0706cd9ed4bcfd4855c8d2c5535f01813fb2e10b68b31a24c0f:row:7722,4nub|m0|A|401|-|FE|-,4nub,FE,3,3,3,0.35225079,0.07280056,0.10663238,0.46831626
sha256:4748babd2b6ac0706cd9ed4bcfd4855c8d2c5535f01813fb2e10b68b31a24c0f:row:7724,3nnl|m0|A|600|-|FE|-,3nnl,FE,3,3,3,0.07562227,0.07801257,0.32644239,0.51992276
sha256:4748babd2b6ac0706cd9ed4bcfd4855c8d2c5535f01813fb2e10b68b31a24c0f:row:7727,1zct|m0|A|400|-|MN|-,1zct,MN,3,0,0,0.67334345,0.04194402,0.11048156,0.17423097
sha256:4748babd2b6ac0706cd9ed4bcfd4855c8d2c5535f01813fb2e10b68b31a24c0f:row:7728,4hv5|m0|A|202|-|FE|-,4hv5,FE,3,3,3,0.12642379,0.14389740,0.27145081,0.45822800
sha256:4748babd2b6ac0706cd9ed4bcfd4855c8d2c5535f01813fb2e10b68b31a24c0f:row:7732,2oci|m0|A|301|-|MN|-,2oci,MN,3,0,0,0.57085939,0.05478554,0.07874902,0.29560605
sha256:4748babd2b6ac0706cd9ed4bcfd4855c8d2c5535f01813fb2e10b68b31a24c0f:row:7734,3s5a|m0|A|1|-|MN|-,3s5a,MN,3,0,0,0.58688672,0.05846645,0.07166289,0.28298395
sha256:4748babd2b6ac0706cd9ed4bcfd4855c8d2c5535f01813fb2e10b68b31a24c0f:row:7756,1dfx|m0|A|131|-|FE|-,1dfx,FE,3,3,2,0.06249013,0.04542108,0.74742474,0.14466405
sha256:4748babd2b6ac0706cd9ed4bcfd4855c8d2c5535f01813fb2e10b68b31a24c0f:row:7758,4mlm|m0|A|202|-|FE|-,4mlm,FE,3,3,3,0.31348137,0.05164344,0.08639911,0.54847607
sha256:4748babd2b6ac0706cd9ed4bcfd4855c8d2c5535f01813fb2e10b68b31a24c0f:row:7768,3bv6|m0|A|401|-|FE|-,3bv6,FE,3,3,3,0.18798281,0.06153604,0.19044813,0.56003302
sha256:4748babd2b6ac0706cd9ed4bcfd4855c8d2c5535f01813fb2e10b68b31a24c0f:row:7773,7p5h|m0|B|704|-|ZN|-,7p5h,ZN,3,2,2,0.03828573,0.07283831,0.75259349,0.13628247
sha256:4748babd2b6ac0706cd9ed4bcfd4855c8d2c5535f01813fb2e10b68b31a24c0f:row:7774,2ux6|m0|A|1123|-|CU|-,2ux6,CU,3,1,1,0.03256680,0.54501914,0.34786097,0.07455309
sha256:4748babd2b6ac0706cd9ed4bcfd4855c8d2c5535f01813fb2e10b68b31a24c0f:row:7777,6h9h|m0|B|302|-|MN|-,6h9h,MN,3,0,2,0.29971511,0.05751545,0.48231518,0.16045427
sha256:4748babd2b6ac0706cd9ed4bcfd4855c8d2c5535f01813fb2e10b68b31a24c0f:row:7790,8sbm|m0|A|606|-|ZN|-,8sbm,ZN,3,2,2,0.11790355,0.05689359,0.62080459,0.20439827
sha256:4748babd2b6ac0706cd9ed4bcfd4855c8d2c5535f01813fb2e10b68b31a24c0f:row:7791,5flm|m0|L|1059|-|ZN|-,5flm,ZN,3,2,2,0.06014744,0.12144152,0.71696809,0.10144295
sha256:4748babd2b6ac0706cd9ed4bcfd4855c8d2c5535f01813fb2e10b68b31a24c0f:row:7793,6swc|m0|F|301|-|ZN|-,6swc,ZN,3,2,2,0.05726475,0.07287269,0.71943733,0.15042523
sha256:4748babd2b6ac0706cd9ed4bcfd4855c8d2c5535f01813fb2e10b68b31a24c0f:row:7794,4n0l|m0|A|401|-|ZN|-,4n0l,ZN,3,2,2,0.03626319,0.09003276,0.77875145,0.09495260
sha256:4748babd2b6ac0706cd9ed4bcfd4855c8d2c5535f01813fb2e10b68b31a24c0f:row:7795,2glf|m0|D|5008|-|MN|-,2glf,MN,3,0,0,0.72483767,0.04854694,0.09908601,0.12752938
sha256:4748babd2b6ac0706cd9ed4bcfd4855c8d2c5535f01813fb2e10b68b31a24c0f:row:7797,2g4i|m0|A|241|-|MN|-,2g4i,MN,3,0,0,0.70954506,0.04284754,0.06321255,0.18439485
sha256:4748babd2b6ac0706cd9ed4bcfd4855c8d2c5535f01813fb2e10b68b31a24c0f:row:7801,2au9|m0|A|201|-|MN|-,2au9,MN,3,0,0,0.78419020,0.03419472,0.07338638,0.10822871
sha256:4748babd2b6ac0706cd9ed4bcfd4855c8d2c5535f01813fb2e10b68b31a24c0f:row:7806,2htn|m0|A|301|-|FE|-,2htn,FE,3,3,0,0.43969250,0.05755615,0.18382749,0.31892386
sha256:4748babd2b6ac0706cd9ed4bcfd4855c8d2c5535f01813fb2e10b68b31a24c0f:row:7810,6zai|m0|A|405|-|FE|-,6zai,FE,3,3,3,0.34804515,0.04966371,0.07665941,0.52563174
sha256:4748babd2b6ac0706cd9ed4bcfd4855c8d2c5535f01813fb2e10b68b31a24c0f:row:7812,1dxg|m0|A|37|-|FE|-,1dxg,FE,3,3,2,0.05372699,0.04502711,0.76086571,0.14038019
sha256:4748babd2b6ac0706cd9ed4bcfd4855c8d2c5535f01813fb2e10b68b31a24c0f:row:7818,3trz|m0|A|2|-|ZN|-,3trz,ZN,3,2,2,0.03797344,0.07021070,0.78418385,0.10763201
sha256:4748babd2b6ac0706cd9ed4bcfd4855c8d2c5535f01813fb2e10b68b31a24c0f:row:7821,4bxf|m0|A|601|-|MN|-,4bxf,MN,3,0,0,0.57245346,0.04543858,0.07224298,0.30986498
sha256:4748babd2b6ac0706cd9ed4bcfd4855c8d2c5535f01813fb2e10b68b31a24c0f:row:7826,4o1j|m0|A|301|-|ZN|-,4o1j,ZN,3,2,2,0.04136354,0.12283046,0.70596652,0.12983948
sha256:4748babd2b6ac0706cd9ed4bcfd4855c8d2c5535f01813fb2e10b68b31a24c0f:row:7830,7qq2|m0|A|501|-|CU|-,7qq2,CU,3,1,1,0.03329503,0.64636479,0.23708164,0.08325855
sha256:4748babd2b6ac0706cd9ed4bcfd4855c8d2c5535f01813fb2e10b68b31a24c0f:row:7833,1vzh|m0|B|1128|-|FE|-,1vzh,FE,3,3,3,0.12780636,0.10709836,0.14719501,0.61790027
sha256:4748babd2b6ac0706cd9ed4bcfd4855c8d2c5535f01813fb2e10b68b31a24c0f:row:7835,3a3v|m0|A|1400|-|NI|-,3a3v,NI,3,3,2,0.06435689,0.05665130,0.68900262,0.18998919
sha256:4748babd2b6ac0706cd9ed4bcfd4855c8d2c5535f01813fb2e10b68b31a24c0f:row:7841,3ef7|m0|B|488|-|ZN|-,3ef7,ZN,3,2,3,0.09496514,0.16400590,0.27212921,0.46889975
sha256:4748babd2b6ac0706cd9ed4bcfd4855c8d2c5535f01813fb2e10b68b31a24c0f:row:7849,3vja|m0|B|401|-|NI|-,3vja,NI,3,3,2,0.04478371,0.22113373,0.60576402,0.12831855
sha256:4748babd2b6ac0706cd9ed4bcfd4855c8d2c5535f01813fb2e10b68b31a24c0f:row:7857,3rpc|m0|A|301|-|ZN|-,3rpc,ZN,3,2,0,0.39183012,0.08263111,0.15736061,0.36817816
sha256:4748babd2b6ac0706cd9ed4bcfd4855c8d2c5535f01813fb2e10b68b31a24c0f:row:7860,3kol|m0|A|302|-|CO|-,3kol,CO,3,3,3,0.11169667,0.06841724,0.39878921,0.42109688
sha256:4748babd2b6ac0706cd9ed4bcfd4855c8d2c5535f01813fb2e10b68b31a24c0f:row:7869,7e1x|m0|E|401|-|CU|-,7e1x,CU,3,1,2,0.03179953,0.25300132,0.54674892,0.16845023
sha256:4748babd2b6ac0706cd9ed4bcfd4855c8d2c5535f01813fb2e10b68b31a24c0f:row:7882,2jd1|m0|B|1390|-|MN|-,2jd1,MN,3,0,0,0.79782189,0.03649150,0.07293242,0.09275419
sha256:4748babd2b6ac0706cd9ed4bcfd4855c8d2c5535f01813fb2e10b68b31a24c0f:row:7902,5xm5|m0|A|203|-|ZN|-,5xm5,ZN,3,2,3,0.07771790,0.16776641,0.22647277,0.52804291
sha256:4748babd2b6ac0706cd9ed4bcfd4855c8d2c5535f01813fb2e10b68b31a24c0f:row:7908,4joo|m0|A|501|-|NI|-,4joo,NI,3,3,3,0.05111534,0.17343921,0.37319999,0.40224545
sha256:4748babd2b6ac0706cd9ed4bcfd4855c8d2c5535f01813fb2e10b68b31a24c0f:row:7909,5i0r|m0|A|501|-|FE|-,5i0r,FE,3,3,3,0.08988290,0.08766677,0.14962187,0.67282845
sha256:4748babd2b6ac0706cd9ed4bcfd4855c8d2c5535f01813fb2e10b68b31a24c0f:row:7915,1pvf|m0|A|201|-|MN|-,1pvf,MN,3,0,0,0.65732245,0.04975436,0.08216584,0.21075735
