source_uid,physical_ion_id,group_id,native_element,fold,y_common4,pred_common4,p_common4_Mn,p_common4_Cu,p_common4_Zn,p_common4_Class_VIII
sha256:4748babd2b6ac0706cd9ed4bcfd4855c8d2c5535f01813fb2e10b68b31a24c0f:row:4,2hk1|m0|C|1003|-|MN|-,2hk1,MN,1,0,0,0.74151314,0.04323033,0.06960415,0.14565238
sha256:4748babd2b6ac0706cd9ed4bcfd4855c8d2c5535f01813fb2e10b68b31a24c0f:row:9,2y7i|m0|A|1248|-|ZN|-,2y7i,ZN,1,2,2,0.14195259,0.05266751,0.55790490,0.24747500
sha256:4748babd2b6ac0706cd9ed4bcfd4855c8d2c5535f01813fb2e10b68b31a24c0f:row:11,1b57|m0|A|362|-|ZN|-,1b57,ZN,1,2,2,0.04777104,0.19134520,0.56173206,0.19915169
sha256:4748babd2b6ac0706cd9ed4bcfd4855c8d2c5535f01813fb2e10b68b31a24c0f:row:13,3g4z|m0|B|202|-|NI|-,3g4z,NI,1,3,1,0.04344242,0.34882276,0.32980616,0.27792866
sha256:4748babd2b6ac0706cd9ed4bcfd4855c8d2c5535f01813fb2e10b68b31a24c0f:row:27,2p37|m0|D|238|-|MN|-,2p37,MN,1,0,0,0.79285774,0.03836114,0.06962489,0.09915622
sha256:4748babd2b6ac0706cd9ed4bcfd4855c8d2c5535f01813fb2e10b68b31a24c0f:row:31,2aec|m0|C|404|-|MN|-,2aec,MN,1,0,0,0.70039031,0.04635142,0.08126533,0.17199294
sha256:4748babd2b6ac0706cd9ed4bcfd4855c8d2c5535f01813fb2e10b68b31a24c0f:row:33,5u90|m0|B|601|-|CO|-,5u90,CO,1,3,3,0.04053144,0.13160425,0.17410177,0.65376254
sha256:4748babd2b6ac0706cd9ed4bcfd4855c8d2c5535f01813fb2e10b68b31a24c0f:row:34,4nb8|m0|B|501|-|FE|-,4nb8,FE,1,3,3,0.14604852,0.05857042,0.33162091,0.46376015
sha256:4748babd2b6ac0706cd9ed4bcfd4855c8d2c5535f01813fb2e10b68b31a24c0f:row:41,1ues|m0|C|592|-|MN|-,1ues,MN,1,0,3,0.40124982,0.07709503,0.10134001,0.42031514
sha256:4748babd2b6ac0706cd9ed4bcfd4855c8d2c5535f01813fb2e10b68b31a24c0f:row:47,6qkm|m0|F|401|-|FE|-,6qkm,FE,1,3,3,0.23108218,0.06825035,0.25250118,0.44816630
sha256:4748babd2b6ac0706cd9ed4bcfd4855c8d2c5535f01813fb2e10b68b31a24c0f:row:58,3vni|m0|D|301|-|MN|-,3vni,MN,1,0,0,0.70570577,0.05159771,0.09451790,0.14817862
sha256:4748babd2b6ac0706cd9ed4bcfd4855c8d2c5535f01813fb2e10b68b31a24c0f:row:59,1piy|m0|B|377|-|FE|-,1piy,FE,1,3,3,0.23646921,0.08128584,0.17407959,0.50816536
sha256:4748babd2b6ac0706cd9ed4bcfd4855c8d2c5535f01813fb2e10b68b31a24c0f:row:61,7eun|m0|B|402|-|MN|-,7eun,MN,1,0,0,0.62872618,0.03559589,0.07136188,0.26431605
sha256:4748babd2b6ac0706cd9ed4bcfd4855c8d2c5535f01813fb2e10b68b31a24c0f:row:72,5c3s|m0|B|401|-|NI|-,5c3s,NI,1,3,3,0.18259847,0.05165709,0.09553482,0.67020962
sha256:4748babd2b6ac0706cd9ed4bcfd4855c8d2c5535f01813fb2e10b68b31a24c0f:row:73,4ytt|m0|B|401|-|MN|-,4ytt,MN,1,0,0,0.74245929,0.03851043,0.07776178,0.14126849
sha256:4748babd2b6ac0706cd9ed4bcfd4855c8d2c5535f01813fb2e10b68b31a24c0f:row:91,4kbl|m0|A|602|-|ZN|-,4kbl,ZN,1,2,2,0.04799970,0.05997292,0.76274227,0.12928511
sha256:4748babd2b6ac0706cd9ed4bcfd4855c8d2c5535f01813fb2e10b68b31a24c0f:row:92,3d4k|m0|C|238|-|MN|-,3d4k,MN,1,0,0,0.82654283,0.03615507,0.06066758,0.07663451
sha256:4748babd2b6ac0706cd9ed4bcfd4855c8d2c5535f01813fb2e10b68b31a24c0f:row:93,6imc|m0|A|501|-|MN|-,6imc,MN,1,0,0,0.53981853,0.06141240,0.08763403,0.31113504
sha256:4748babd2b6ac0706cd9ed4bcfd4855c8d2c5535f01813fb2e10b68b31a24c0f:row:97,4q7i|m0|B|601|-|MN|-,4q7i,MN,1,0,0,0.73532360,0.03994749,0.06936325,0.15536567
sha256:4748babd2b6ac0706cd9ed4bcfd4855c8d2c5535f01813fb2e10b68b31a24c0f:row:99,4bzc|m0|D|750|-|MN|-,4bzc,MN,1,0,0,0.36066226,0.04152199,0.33164142,0.26617433
sha256:4748babd2b6ac0706cd9ed4bcfd4855c8d2c5535f01813fb2e10b68b31a24c0f:row:110,3p2u|m0|A|260|-|MN|-,3p2u,MN,1,0,3,0.38382959,0.06500900,0.12578148,0.42537994
sha256:4748babd2b6ac0706cd9ed4bcfd4855c8d2c5535f01813fb2e10b68b31a24c0f:row:111,6imc|m0|B|501|-|MN|-,6imc,MN,1,0,0,0.58948484,0.06110578,0.07783774,0.27157164
sha256:4748babd2b6ac0706cd9ed4bcfd4855c8d2c5535f01813fb2e10b68b31a24c0f:row:122,5w8t|m0|A|405|-|ZN|-,5w8t,ZN,1,2,2,0.18859793,0.07099027,0.50644850,0.23396330
sha256:4748babd2b6ac0706cd9ed4bcfd4855c8d2c5535f01813fb2e10b68b31a24c0f:row:129,3uct|m0|B|102|-|ZN|-,3uct,ZN,1,2,2,0.15709218,0.06170613,0.60269112,0.17851057
sha256:4748babd2b6ac0706cd9ed4bcfd4855c8d2c5535f01813fb2e10b68b31a24c0f:row:132,2jih|m0|A|1553|-|ZN|-,2jih,ZN,1,2,3,0.11859058,0.10185156,0.15433138,0.62522648
sha256:4748babd2b6ac0706cd9ed4bcfd4855c8d2c5535f01813fb2e10b68b31a24c0f:row:133,5u90|m0|C|601|-|CO|-,5u90,CO,1,3,3,0.03581576,0.17649820,0.26830837,0.51937767
sha256:4748babd2b6ac0706cd9ed4bcfd4855c8d2c5535f01813fb2e10b68b31a24c0f:row:134,3b4n|m0|A|711|-|ZN|-,3b4n,ZN,1,2,2,0.12526188,0.05383732,0.71168543,0.10921537
sha256:4748babd2b6ac0706cd9ed4bcfd4855c8d2c5535f01813fb2e10b68b31a24c0f:row:135,6sf5|m0|B|502|-|MN|-,6sf5,MN,1,0,0,0.63795522,0.04870751,0.17582827,0.13750901
sha256:4748babd2b6ac0706cd9ed4bcfd4855c8d2c5535f01813fb2e10b68b31a24c0f:row:142,7xrf|m0|C|401|-|MN|-,7xrf,MN,1,0,0,0.65146431,0.03925698,0.07732038,0.23195833
sha256:4748babd2b6ac0706cd9ed4bcfd4855c8d2c5535f01813fb2e10b68b31a24c0f:row:144,4xsl|m0|B|401|-|MN|-,4xsl,MN,1,0,0,0.70373445,0.04166790,0.09902524,0.15557241
sha256:4748babd2b6ac0706cd9ed4bcfd4855c8d2c5535f01813fb2e10b68b31a24c0f:row:151,4z6r|m0|B|401|-|FE|-,4z6r,FE,1,3,3,0.20206547,0.04544419,0.08146466,0.67102568
sha256:4748babd2b6ac0706cd9ed4bcfd4855c8d2c5535f01813fb2e10b68b31a24c0f:row:153,4ghg|m0|D|401|-|FE|-,4ghg,FE,1,3,3,0.09999935,0.04869199,0.07381065,0.77749801
sha256:4748babd2b6ac0706cd9ed4bcfd4855c8d2c5535f01813fb2e10b68b31a24c0f:row:158,6ibi|m0|D|201|-|CU|-,6ibi,CU,1,1,2,0.08896987,0.26432904,0.38860136,0.25809973
sha256:4748babd2b6ac0706cd9ed4bcfd4855c8d2c5535f01813fb2e10b68b31a24c0f:row:161,3nwk|m0|B|239|-|MN|-,3nwk,MN,1,0,0,0.76018698,0.03368369,0.07319498,0.13293435
sha256:4748babd2b6ac0706cd9ed4bcfd4855c8d2c5535f01813fb2e10b68b31a24c0f:row:171,1i3q|m0|J|2001|-|ZN|-,1i3q,ZN,1,2,2,0.04302395,0.06550879,0.79152788,0.09993939
sha256:4748babd2b6ac0706cd9ed4bcfd4855c8d2c5535f01813fb2e10b68b31a24c0f:row:174,3vek|m0|D|101|-|ZN|-,3vek,ZN,1,2,2,0.16507057,0.13254994,0.42611335,0.27626614
sha256:4748babd2b6ac0706cd9ed4bcfd4855c8d2c5535f01813fb2e10b68b31a24c0f:row:178,2amx|m0|A|1000|-|CO|-,2amx,CO,1,3,2,0.15293363,0.12019021,0.46432070,0.26255545
sha256:4748babd2b6ac0706cd9ed4bcfd4855c8d2c5535f01813fb2e10b68b31a24c0f:row:187,6qaj|m0|A|503|-|ZN|-,6qaj,ZN,1,2,2,0.04772001,0.14152569,0.48601439,0.32473991
sha256:4748babd2b6ac0706cd9ed4bcfd4855c8d2c5535f01813fb2e10b68b31a24c0f:row:198,1t16|m0|B|429|-|CU|-,1t16,CU,1,1,2,0.29987943,0.15975422,0.33174554,0.20862081
sha256:4748babd2b6ac0706cd9ed4bcfd4855c8d2c5535f01813fb2e10b68b31a24c0f:row:205,6n1y|m0|C|601|-|FE|-,6n1y,FE,1,3,3,0.06099139,0.14218141,0.19791428,0.59891292
sha256:4748babd2b6ac0706cd9ed4bcfd4855c8d2c5535f01813fb2e10b68b31a24c0f:row:206,2yye|m0|A|801|-|CO|-,2yye,CO,1,3,3,0.21303114,0.06594864,0.20790821,0.51311201
sha256:4748babd2b6ac0706cd9ed4bcfd4855c8d2c5535f01813fb2e10b68b31a24c0f:row:215,3uct|m0|A|102|-|MN|-,3uct,MN,1,0,0,0.64780319,0.04205934,0.14265080,0.16748667
sha256:4748babd2b6ac0706cd9ed4bcfd4855c8d2c5535f01813fb2e10b68b31a24c0f:row:226,5u97|m0|B|601|-|CO|-,5u97,CO,1,3,3,0.04295084,0.14527502,0.32944387,0.48233028
sha256:4748babd2b6ac0706cd9ed4bcfd4855c8d2c5535f01813fb2e10b68b31a24c0f:row:227,3pt6|m0|A|2|-|ZN|-,3pt6,ZN,1,2,2,0.04490790,0.05396447,0.56864289,0.33248473
sha256:4748babd2b6ac0706cd9ed4bcfd4855c8d2c5535f01813fb2e10b68b31a24c0f:row:229,4zng|m0|A|401|-|MN|-,4zng,MN,1,0,0,0.69275877,0.04870718,0.10149162,0.15704243
sha256:4748babd2b6ac0706cd9ed4bcfd4855c8d2c5535f01813fb2e10b68b31a24c0f:row:234,6cwq|m0|B|401|-|MN|-,6cwq,MN,1,0,0,0.68642437,0.04188319,0.10410565,0.16758680
sha256:4748babd2b6ac0706cd9ed4bcfd4855c8d2c5535f01813fb2e10b68b31a24c0f:row:236,5v2d|m0|B|500|-|FE|-,5v2d,FE,1,3,3,0.06079675,0.10560677,0.14618073,0.68741575
sha256:4748babd2b6ac0706cd9ed4bcfd4855c8d2c5535f01813fb2e10b68b31a24c0f:row:240,4ooe|m0|D|501|-|MN|-,4ooe,MN,1,0,0,0.51815462,0.03837424,0.31952058,0.12395056
sha256:4748babd2b6ac0706cd9ed4bcfd4855c8d2c5535f01813fb2e10b68b31a24c0f:row:241,6cwq|m0|B|402|-|MN|-,6cwq,MN,1,0,0,0.64075791,0.05244548,0.13236745,0.17442916
sha256:4748babd2b6ac0706cd9ed4bcfd4855c8d2c5535f01813fb2e10b68b31a24c0f:row:261,4ghd|m0|C|401|-|FE|-,4ghd,FE,1,3,3,0.13076272,0.05811272,0.10297861,0.70814595
sha256:4748babd2b6ac0706cd9ed4bcfd4855c8d2c5535f01813fb2e10b68b31a24c0f:row:262,4ghf|m0|B|401|-|FE|-,4ghf,FE,1,3,3,0.10593306,0.04840671,0.07124873,0.77441151
sha256:4748babd2b6ac0706cd9ed4bcfd4855c8d2c5535f01813fb2e10b68b31a24c0f:row:263,4nbb|m0|B|501|-|FE|-,4nbb,FE,1,3,3,0.27883854,0.05368886,0.12302215,0.54445044
sha256:4748babd2b6ac0706cd9ed4bcfd4855c8d2c5535f01813fb2e10b68b31a24c0f:row:265,4bzc|m0|C|750|-|MN|-,4bzc,MN,1,0,3,0.35672787,0.04930516,0.11377097,0.48019599
sha256:4748babd2b6ac0706cd9ed4bcfd4855c8d2c5535f01813fb2e10b68b31a24c0f:row:279,1s8e|m0|A|402|-|MN|-,1s8e,MN,1,0,0,0.62237601,0.05748157,0.10837453,0.21176789
sha256:4748babd2b6ac0706cd9ed4bcfd4855c8d2c5535f01813fb2e10b68b31a24c0f:row:281,5ao2|m0|A|1001|-|FE|-,5ao2,FE,1,3,3,0.10374004,0.07208955,0.39035792,0.43381249
sha256:4748babd2b6ac0706cd9ed4bcfd4855c8d2c5535f01813fb2e10b68b31a24c0f:row:300,4d0y|m0|A|1241|-|ZN|-,4d0y,ZN,1,2,2,0.19291872,0.05212825,0.45824041,0.29671261
sha256:4748babd2b6ac0706cd9ed4bcfd4855c8d2c5535f01813fb2e10b68b31a24c0f:row:308,7bug|m0|C|402|-|FE|-,7bug,FE,1,3,3,0.16206436,0.06050820,0.07751038,0.69991706
sha256:4748babd2b6ac0706cd9ed4bcfd4855c8d2c5535f01813fb2e10b68b31a24c0f:row:309,3qhc|m0|A|183|-|FE|-,3qhc,FE,1,3,0,0.36020333,0.04341023,0.31301699,0.28336945
sha256:4748babd2b6ac0706cd9ed4bcfd4855c8d2c5535f01813fb2e10b68b31a24c0f:row:311,3phd|m0|A|1000|-|ZN|-,3phd,ZN,1,2,2,0.04838803,0.17191584,0.70307513,0.07662099
sha256:4748babd2b6ac0706cd9ed4bcfd4855c8d2c5535f01813fb2e10b68b31a24c0f:row:313,6cwq|m0|A|401|-|MN|-,6cwq,MN,1,0,0,0.42726131,0.04310910,0.32686479,0.20276480
sha256:4748babd2b6ac0706cd9ed4bcfd4855c8d2c5535f01813fb2e10b68b31a24c0f:row:319,2p2k|m0|A|301|-|MN|-,2p2k,MN,1,0,0,0.75994944,0.04192927,0.07210610,0.12601520
sha256:4748babd2b6ac0706cd9ed4bcfd4855c8d2c5535f01813fb2e10b68b31a24c0f:row:320,3mhs|m0|A|477|-|ZN|-,3mhs,ZN,1,2,2,0.19485124,0.05010349,0.56503371,0.19001156
sha256:4748babd2b6ac0706cd9ed4bcfd4855c8d2c5535f01813fb2e10b68b31a24c0f:row:330,1piu|m0|B|403|-|FE|-,1piu,FE,1,3,3,0.25502607,0.04820593,0.34329433,0.35347368
sha256:4748babd2b6ac0706cd9ed4bcfd4855c8d2c5535f01813fb2e10b68b31a24c0f:row:332,1jyc|m0|A|401|-|MN|-,1jyc,MN,1,0,0,0.79595396,0.03845385,0.06288406,0.10270813
sha256:4748babd2b6ac0706cd9ed4bcfd4855c8d2c5535f01813fb2e10b68b31a24c0f:row:336,1rsr|m0|B|1001|-|FE|-,1rsr,FE,1,3,0,0.36499315,0.06409528,0.28329624,0.28761533
sha256:4748babd2b6ac0706cd9ed4bcfd4855c8d2c5535f01813fb2e10b68b31a24c0f:row:343,6dps|m0|A|203|-|ZN|-,6dps,ZN,1,2,2,0.06102802,0.14457123,0.63168399,0.16271677
sha256:4748babd2b6ac0706cd9ed4bcfd4855c8d2c5535f01813fb2e10b68b31a24c0f:row:346,4ruh|m0|A|502|-|MN|-,4ruh,MN,1,0,0,0.34719979,0.03904765,0.33297981,0.28077275
sha256:4748babd2b6ac0706cd9ed4bcfd4855c8d2c5535f01813fb2e10b68b31a24c0f:row:355,4nbh|m0|B|501|-|FE|-,4nbh,FE,1,3,2,0.13358127,0.05123346,0.43000519,0.38518008
sha256:4748babd2b6ac0706cd9ed4bcfd4855c8d2c5535f01813fb2e10b68b31a24c0f:row:388,6sh9|m0|B|1703|-|MN|-,6sh9,MN,1,0,0,0.66907389,0.06348490,0.09679035,0.17065086
sha256:4748babd2b6ac0706cd9ed4bcfd4855c8d2c5535f01813fb2e10b68b31a24c0f:row:396,2zc2|m0|A|505|-|ZN|-,2zc2,ZN,1,2,2,0.34381019,0.09508976,0.41388100,0.14721905
sha256:4748babd2b6ac0706cd9ed4bcfd4855c8d2c5535f01813fb2e10b68b31a24c0f:row:398,1jpr|m0|A|404|-|MN|-,1jpr,MN,1,0,0,0.57711048,0.04141075,0.11109098,0.27038779
sha256:4748babd2b6ac0706cd9ed4bcfd4855c8d2c5535f01813fb2e10b68b31a24c0f:row:400,4wxx|m0|A|1705|-|ZN|-,4wxx,ZN,1,2,2,0.04305219,0.11139838,0.73648893,0.10906049
sha256:4748babd2b6ac0706cd9ed4bcfd4855c8d2c5535f01813fb2e10b68b31a24c0f:row:405,8f1b|m0|A|302|-|ZN|-,8f1b,ZN,1,2,2,0.06710325,0.27404168,0.44858458,0.21027049
sha256:4748babd2b6ac0706cd9ed4bcfd4855c8d2c5535f01813fb2e10b68b31a24c0f:row:411,2qra|m0|D|3100|-|ZN|-,2qra,ZN,1,2,2,0.06656955,0.06816451,0.70456354,0.16070240
sha256:4748babd2b6ac0706cd9ed4bcfd4855c8d2c5535f01813fb2e10b68b31a24c0f:row:414,3icf|m0|A|602|-|FE|-,3icf,FE,1,3,3,0.19337895,0.08723687,0.27183713,0.44754705
sha256:4748babd2b6ac0706cd9ed4bcfd4855c8d2c5535f01813fb2e10b68b31a24c0f:row:433,6h2p|m0|B|501|-|MN|-,6h2p,MN,1,0,0,0.72969565,0.03860664,0.09424488,0.13745283
sha256:4748babd2b6ac0706cd9ed4bcfd4855c8d2c5535f01813fb2e10b68b31a24c0f:row:438,1sw4|m0|B|405|-|ZN|-,1sw4,ZN,1,2,2,0.12151634,0.07235618,0.63714066,0.16898682
sha256:4748babd2b6ac0706cd9ed4bcfd4855c8d2c5535f01813fb2e10b68b31a24c0f:row:440,2zc6|m0|B|802|-|ZN|-,2zc6,ZN,1,2,2,0.16552718,0.06999450,0.59111851,0.17335982
sha256:4748babd2b6ac0706cd9ed4bcfd4855c8d2c5535f01813fb2e10b68b31a24c0f:row:446,2d3r|m0|B|242|-|MN|-,2d3r,MN,1,0,0,0.65307626,0.04612685,0.10182754,0.19896935
sha256:4748babd2b6ac0706cd9ed4bcfd4855c8d2c5535f01813fb2e10b68b31a24c0f:row:460,3gor|m0|C|200|-|NI|-,3gor,NI,1,3,3,0.13660795,0.12043640,0.27586076,0.46709490
sha256:4748babd2b6ac0706cd9ed4bcfd4855c8d2c5535f01813fb2e10b68b31a24c0f:row:476,3g4x|m0|A|201|N|NI|-,3g4x,NI,1,3,3,0.04936699,0.07986966,0.25389504,0.61686830
sha256:4748babd2b6ac0706cd9ed4bcfd4855c8d2c5535f01813fb2e10b68b31a24c0f:row:480,5ysg|m0|D|201|-|CU|-,5ysg,CU,1,1,1,0.03914109,0.64812690,0.21480545,0.09792656
sha256:4748babd2b6ac0706cd9ed4bcfd4855c8d2c5535f01813fb2e10b68b31a24c0f:row:481,5ffo|m0|B|2003|-|MN|-,5ffo,MN,1,0,0,0.68349487,0.03776688,0.10059652,0.17814173
sha256:4748babd2b6ac0706cd9ed4bcfd4855c8d2c5535f01813fb2e10b68b31a24c0f:row:483,1ues|m0|D|792|-|MN|-,1ues,MN,1,0,3,0.36008289,0.06035696,0.12968007,0.44988009
sha256:4748babd2b6ac0706cd9ed4bcfd4855c8d2c5535f01813fb2e10b68b31a24c0f:row:488,7euk|m0|B|402|-|MN|-,7euk,MN,1,0,0,0.62133493,0.03661672,0.08697808,0.25507027
sha256:4748babd2b6ac0706cd9ed4bcfd4855c8d2c5535f01813fb2e10b68b31a24c0f:row:491,3dhg|m0|A|501|-|FE|-,3dhg,FE,1,3,3,0.42510536,0.04287274,0.10090154,0.43112036
sha256:4748babd2b6ac0706cd9ed4bcfd4855c8d2c5535f01813fb2e10b68b31a24c0f:row:501,7t8q|m0|A|601|-|FE|-,7t8q,FE,1,3,3,0.08954892,0.13742504,0.11835736,0.65466867
sha256:4748babd2b6ac0706cd9ed4bcfd4855c8d2c5535f01813fb2e10b68b31a24c0f:row:502,6omr|m0|B|404|-|MN|-,6omr,MN,1,0,0,0.43791378,0.04891358,0.25838247,0.25479017
sha256:4748babd2b6ac0706cd9ed4bcfd4855c8d2c5535f01813fb2e10b68b31a24c0f:row:515,7t8q|m0|D|601|-|FE|-,7t8q,FE,1,3,3,0.10516114,0.10571337,0.13161109,0.65751440
sha256:4748babd2b6ac0706cd9ed4bcfd4855c8d2c5535f01813fb2e10b68b31a24c0f:row:516,7yxj|m0|A|501|-|MN|-,7yxj,MN,1,0,0,0.68946586,0.04211030,0.07420936,0.19421448
sha256:4748babd2b6ac0706cd9ed4bcfd4855c8d2c5535f01813fb2e10b68b31a24c0f:row:526,7t8p|m0|D|601|-|FE|-,7t8p,FE,1,3,3,0.06323644,0.11527984,0.11598040,0.70550333
sha256:4748babd2b6ac0706cd9ed4bcfd4855c8d2c5535f01813fb2e10b68b31a24c0f:row:533,1ues|m0|A|192|-|MN|-,1ues,MN,1,0,3,0.34786526,0.07086123,0.09928700,0.48198651
sha256:4748babd2b6ac0706cd9ed4bcfd4855c8d2c5535f01813fb2e10b68b31a24c0f:row:535,4ou9|m0|B|501|-|FE|-,4ou9,FE,1,3,3,0.06253714,0.12849342,0.15631630,0.65265313
sha256:4748babd2b6ac0706cd9ed4bcfd4855c8d2c5535f01813fb2e10b68b31a24c0f:row:538,3ll8|m0|A|505|-|ZN|-,3ll8,ZN,1,2,0,0.49530310,0.08617853,0.10031064,0.31820773
sha256:4748babd2b6ac0706cd9ed4bcfd4855c8d2c5535f01813fb2e10b68b31a24c0f:row:543,6qaj|m0|A|500|-|ZN|-,6qaj,ZN,1,2,2,0.09257406,0.06836808,0.69906701,0.13999084
sha256:4748babd2b6ac0706cd9ed4bcfd4855c8d2c5535f01813fb2e10b68b31a24c0f:row:549,7nqf|m0|A|401|-|CO|-,7nqf,CO,1,3,0,0.42767086,0.07844920,0.30387584,0.19000411
sha256:4748babd2b6ac0706cd9ed4bcfd4855c8d2c5535f01813fb2e10b68b31a24c0f:row:550,4yke|m0|A|602|-|MN|-,4yke,MN,1,0,0,0.36806777,0.06887235,0.25410667,0.30895321
sha256:4748babd2b6ac0706cd9ed4bcfd4855c8d2c5535f01813fb2e10b68b31a24c0f:row:551,7wkv|m0|E|301|-|MN|-,7wkv,MN,1,0,0,0.68210128,0.04555496,0.07628341,0.19606035
sha256:4748babd2b6ac0706cd9ed4bcfd4855c8d2c5535f01813fb2e10b68b31a24c0f:row:555,3od2|m0|A|138|-|NI|-,3od2,NI,1,3,3,0.20652863,0.12381712,0.29254150,0.37711274
sha256:4748babd2b6ac0706cd9ed4bcfd4855c8d2c5535f01813fb2e10b68b31a24c0f:row:556,3mo0|m0|B|9|-|ZN|-,3mo0,ZN,1,2,2,0.09471183,0.14235533,0.52683491,0.23609793
sha256:4748babd2b6ac0706cd9ed4bcfd4855c8d2c5535f01813fb2e10b68b31a24c0f:row:568,2zof|m0|A|2001|-|MN|-,2zof,MN,1,0,0,0.53687090,0.04079912,0.30194163,0.12038835
sha256:4748babd2b6ac0706cd9ed4bcfd4855c8d2c5535f01813fb2e10b68b31a24c0f:row:570,5xnc|m0|A|406|-|FE|-,5xnc,FE,1,3,2,0.05336071,0.04492163,0.75450844,0.14720922
sha256:4748babd2b6ac0706cd9ed4bcfd4855c8d2c5535f01813fb2e10b68b31a24c0f:row:573,5c3s|m0|A|401|-|NI|-,5c3s,NI,1,3,3,0.31302814,0.05457555,0.09913931,0.53325700
sha256:4748babd2b6ac0706cd9ed4bcfd4855c8d2c5535f01813fb2e10b68b31a24c0f:row:576,4z6u|m0|A|401|-|FE|-,4z6u,FE,1,3,3,0.13401264,0.04904059,0.08177111,0.73517566
sha256:4748babd2b6ac0706cd9ed4bcfd4855c8d2c5535f01813fb2e10b68b31a24c0f:row:581,6imc|m0|D|501|-|MN|-,6imc,MN,1,0,3,0.42663424,0.05570618,0.08625419,0.43140539
sha256:4748babd2b6ac0706cd9ed4bcfd4855c8d2c5535f01813fb2e10b68b31a24c0f:row:582,2vje|m0|A|1493|-|ZN|-,2vje,ZN,1,2,2,0.05218658,0.13105388,0.68296995,0.13378959
sha256:4748babd2b6ac0706cd9ed4bcfd4855c8d2c5535f01813fb2e10b68b31a24c0f:row:591,4z6r|m0|D|401|-|FE|-,4z6r,FE,1,3,3,0.13763130,0.05103665,0.07292000,0.73841205
sha256:4748babd2b6ac0706cd9ed4bcfd4855c8d2c5535f01813fb2e10b68b31a24c0f:row:593,4ghe|m0|B|401|-|FE|-,4ghe,FE,1,3,3,0.08905696,0.05515402,0.07775148,0.77803754
sha256:4748babd2b6ac0706cd9ed4bcfd4855c8d2c5535f01813fb2e10b68b31a24c0f:row:599,2zc6|m0|D|807|-|ZN|-,2zc6,ZN,1,2,2,0.05970379,0.21671456,0.48054365,0.24303800
sha256:4748babd2b6ac0706cd9ed4bcfd4855c8d2c5535f01813fb2e10b68b31a24c0f:row:600,3nik|m0|A|1|-|ZN|-,3nik,ZN,1,2,2,0.03767386,0.06050298,0.76769471,0.13412845
sha256:4748babd2b6ac0706cd9ed4bcfd4855c8d2c5535f01813fb2e10b68b31a24c0f:row:615,5c3p|m0|C|401|-|NI|-,5c3p,NI,1,3,3,0.37055459,0.05671073,0.08954992,0.48318477
sha256:4748babd2b6ac0706cd9ed4bcfd4855c8d2c5535f01813fb2e10b68b31a24c0f:row:617,6rrq|m0|B|602|-|CU|-,6rrq,CU,1,1,2,0.04864201,0.35436689,0.41493791,0.18205319
sha256:4748babd2b6ac0706cd9ed4bcfd4855c8d2c5535f01813fb2e10b68b31a24c0f:row:620,1jn1|m0|B|202|-|CO|-,1jn1,CO,1,3,2,0.05122681,0.20049748,0.48165301,0.26662270
sha256:4748babd2b6ac0706cd9ed4bcfd4855c8d2c5535f01813fb2e10b68b31a24c0f:row:629,5tdv|m0|A|602|-|FE|-,5tdv,FE,1,3,0,0.52239893,0.03899364,0.09661552,0.34199191
sha256:4748babd2b6ac0706cd9ed4bcfd4855c8d2c5535f01813fb2e10b68b31a24c0f:row:640,3uu0|m0|D|419|-|MN|-,3uu0,MN,1,0,0,0.72141192,0.04532354,0.08128629,0.15197825
sha256:4748babd2b6ac0706cd9ed4bcfd4855c8d2c5535f01813fb2e10b68b31a24c0f:row:642,3dhg|m0|D|507|-|FE|-,3dhg,FE,1,3,0,0.44531064,0.04058060,0.09605088,0.41805788
sha256:4748babd2b6ac0706cd9ed4bcfd4855c8d2c5535f01813fb2e10b68b31a24c0f:row:643,2ef6|m0|B|239|-|MN|-,2ef6,MN,1,0,0,0.79672531,0.03998594,0.06445552,0.09883323
sha256:4748babd2b6ac0706cd9ed4bcfd4855c8d2c5535f01813fb2e10b68b31a24c0f:row:653,4z6q|m0|C|401|-|FE|-,4z6q,FE,1,3,3,0.16248208,0.05252891,0.07348988,0.71149913
sha256:4748babd2b6ac0706cd9ed4bcfd4855c8d2c5535f01813fb2e10b68b31a24c0f:row:658,5mby|m0|B|500|-|MN|-,5mby,MN,1,0,0,0.74897358,0.03476476,0.10559771,0.11066395
sha256:4748babd2b6ac0706cd9ed4bcfd4855c8d2c5535f01813fb2e10b68b31a24c0f:row:677,8pp7|m0|K|401|-|ZN|-,8pp7,ZN,1,2,2,0.03887604,0.05405479,0.78495534,0.12211384
sha256:4748babd2b6ac0706cd9ed4bcfd4855c8d2c5535f01813fb2e10b68b31a24c0f:row:679,3vnk|m0|D|302|-|MN|-,3vnk,MN,1,0,0,0.78801755,0.03733051,0.06104175,0.11361019
sha256:4748babd2b6ac0706cd9ed4bcfd4855c8d2c5535f01813fb2e10b68b31a24c0f:row:683,3pt6|m0|A|1|-|ZN|-,3pt6,ZN,1,2,2,0.03544974,0.08904496,0.78686525,0.08864006
sha256:4748babd2b6ac0706cd9ed4bcfd4855c8d2c5535f01813fb2e10b68b31a24c0f:row:687,4hd0|m0|A|402|-|MN|-,4hd0,MN,1,0,0,0.34668646,0.22175333,0.23599382,0.19556639
sha256:4748babd2b6ac0706cd9ed4bcfd4855c8d2c5535f01813fb2e10b68b31a24c0f:row:704,5c3r|m0|D|401|-|NI|-,5c3r,NI,1,3,3,0.12742546,0.06147971,0.12276042,0.68833442
sha256:4748babd2b6ac0706cd9ed4bcfd4855c8d2c5535f01813fb2e10b68b31a24c0f:row:705,3t6r|m0|B|7|-|ZN|-,3t6r,ZN,1,2,2,0.14998961,0.08357816,0.45138119,0.31505104
sha256:4748babd2b6ac0706cd9ed4bcfd4855c8d2c5535f01813fb2e10b68b31a24c0f:row:710,1ofq|m0|D|4000|-|MN|-,1ofq,MN,1,0,0,0.41431113,0.04658727,0.39859567,0.14050593
sha256:4748babd2b6ac0706cd9ed4bcfd4855c8d2c5535f01813fb2e10b68b31a24c0f:row:715,2d3p|m0|C|242|-|MN|-,2d3p,MN,1,0,0,0.72667817,0.04067359,0.09814286,0.13450538
sha256:4748babd2b6ac0706cd9ed4bcfd4855c8d2c5535f01813fb2e10b68b31a24c0f:row:726,4ghc|m0|D|401|-|FE|-,4ghc,FE,1,3,3,0.09791758,0.04696456,0.07677631,0.77834155
sha256:4748babd2b6ac0706cd9ed4bcfd4855c8d2c5535f01813fb2e10b68b31a24c0f:row:728,7t8q|m0|B|601|-|FE|-,7t8q,FE,1,3,3,0.08233137,0.13031071,0.11475898,0.67259894
sha256:4748babd2b6ac0706cd9ed4bcfd4855c8d2c5535f01813fb2e10b68b31a24c0f:row:729,1lob|m0|E|689|-|MN|-,1lob,MN,1,0,0,0.76552494,0.03557050,0.07452828,0.12437627
sha256:4748babd2b6ac0706cd9ed4bcfd4855c8d2c5535f01813fb2e10b68b31a24c0f:row:736,1e6a|m0|A|2001|-|MN|-,1e6a,MN,1,0,0,0.70376633,0.04417809,0.09926154,0.15279404
sha256:4748babd2b6ac0706cd9ed4bcfd4855c8d2c5535f01813fb2e10b68b31a24c0f:row:751,7l27|m0|C|1101|-|MN|-,7l27,MN,1,0,0,0.47464222,0.05267818,0.12699938,0.34568022
sha256:4748babd2b6ac0706cd9ed4bcfd4855c8d2c5535f01813fb2e10b68b31a24c0f:row:766,6qep|m0|A|1705|-|MN|-,6qep,MN,1,0,0,0.65697907,0.04389908,0.11454782,0.18457404
sha256:4748babd2b6ac0706cd9ed4bcfd4855c8d2c5535f01813fb2e10b68b31a24c0f:row:774,7n02|m0|A|402|-|MN|-,7n02,MN,1,0,0,0.72976596,0.04197019,0.07692174,0.15134212
sha256:4748babd2b6ac0706cd9ed4bcfd4855c8d2c5535f01813fb2e10b68b31a24c0f:row:777,2de7|m0|A|501|-|FE|-,2de7,FE,1,3,2,0.10177484,0.06501352,0.46011630,0.37309534
sha256:4748babd2b6ac0706cd9ed4bcfd4855c8d2c5535f01813fb2e10b68b31a24c0f:row:780,6k5z|m0|A|1002|-|ZN|-,6k5z,ZN,1,2,1,0.03251201,0.49120417,0.40291740,0.07336642
sha256:4748babd2b6ac0706cd9ed4bcfd4855c8d2c5535f01813fb2e10b68b31a24c0f:row:790,1w8q|m0|B|514|-|CO|-,1w8q,CO,1,3,2,0.07413520,0.12360846,0.57839035,0.22386599
sha256:4748babd2b6ac0706cd9ed4bcfd4855c8d2c5535f01813fb2e10b68b31a24c0f:row:794,8jq5|m0|A|501|-|MN|-,8jq5,MN,1,0,0,0.79327739,0.03822944,0.07688306,0.09161010
sha256:4748babd2b6ac0706cd9ed4bcfd4855c8d2c5535f01813fb2e10b68b31a24c0f:row:797,2p37|m0|C|238|-|MN|-,2p37,MN,1,0,0,0.73037920,0.04083248,0.08587015,0.14291817
sha256:4748babd2b6ac0706cd9ed4bcfd4855c8d2c5535f01813fb2e10b68b31a24c0f:row:801,2iga|m0|A|500|-|FE|-,2iga,FE,1,3,3,0.12905546,0.05392293,0.08206243,0.73495919
sha256:4748babd2b6ac0706cd9ed4bcfd4855c8d2c5535f01813fb2e10b68b31a24c0f:row:802,8a19|m0|A|1704|-|MN|-,8a19,MN,1,0,0,0.66895555,0.05415026,0.10197319,0.17492100
sha256:4748babd2b6ac0706cd9ed4bcfd4855c8d2c5535f01813fb2e10b68b31a24c0f:row:804,2o4m|m0|A|3003|-|ZN|-,2o4m,ZN,1,2,2,0.04774356,0.24263987,0.51713645,0.19248012
sha256:4748babd2b6ac0706cd9ed4bcfd4855c8d2c5535f01813fb2e10b68b31a24c0f:row:808,4mfg|m0|A|202|-|NI|-,4mfg,NI,1,3,2,0.08291131,0.11775452,0.45732315,0.34201102
sha256:4748babd2b6ac0706cd9ed4bcfd4855c8d2c5535f01813fb2e10b68b31a24c0f:row:809,4bzc|m0|A|750|-|MN|-,4bzc,MN,1,0,2,0.31017219,0.05838541,0.36148857,0.26995383
sha256:4748babd2b6ac0706cd9ed4bcfd4855c8d2c5535f01813fb2e10b68b31a24c0f:row:814,5m4q|m0|A|500|-|MN|-,5m4q,MN,1,0,0,0.69904069,0.04084799,0.10189947,0.15821185
sha256:4748babd2b6ac0706cd9ed4bcfd4855c8d2c5535f01813fb2e10b68b31a24c0f:row:817,6llh|m0|A|501|-|FE|-,6llh,FE,1,3,3,0.11461145,0.05127957,0.32861195,0.50549703
sha256:4748babd2b6ac0706cd9ed4bcfd4855c8d2c5535f01813fb2e10b68b31a24c0f:row:824,8f1b|m0|A|303|-|ZN|-,8f1b,ZN,1,2,3,0.14851567,0.07148132,0.26516055,0.51484247
sha256:4748babd2b6ac0706cd9ed4bcfd4855c8d2c5535f01813fb2e10b68b31a24c0f:row:827,6wje|m0|A|205|-|ZN|-,6wje,ZN,1,2,2,0.29698142,0.11997640,0.45293763,0.13010455
sha256:4748babd2b6ac0706cd9ed4bcfd4855c8d2c5535f01813fb2e10b68b31a24c0f:row:829,1w8q|m0|A|510|-|CO|-,1w8q,CO,1,3,3,0.31103842,0.05635302,0.24695437,0.38565418
sha256:4748babd2b6ac0706cd9ed4bcfd4855c8d2c5535f01813fb2e10b68b31a24c0f:row:830,1vzi|m0|A|1132|-|FE|-,1vzi,FE,1,3,3,0.19783516,0.08428998,0.11837814,0.59949672
sha256:4748babd2b6ac0706cd9ed4bcfd4855c8d2c5535f01813fb2e10b68b31a24c0f:row:831,7eun|m0|A|401|-|MN|-,7eun,MN,1,0,0,0.41230283,0.04381110,0.31132691,0.23255915
sha256:4748babd2b6ac0706cd9ed4bcfd4855c8d2c5535f01813fb2e10b68b31a24c0f:row:840,1pj1|m0|B|409|-|FE|-,1pj1,FE,1,3,3,0.11528749,0.06314333,0.33707075,0.48449843
sha256:4748babd2b6ac0706cd9ed4bcfd4855c8d2c5535f01813fb2e10b68b31a24c0f:row:842,3re7|m0|G|185|-|CU|-,3re7,CU,1,1,0,0.45692813,0.12132248,0.22531841,0.19643097
sha256:4748babd2b6ac0706cd9ed4bcfd4855c8d2c5535f01813fb2e10b68b31a24c0f:row:855,4czs|m0|D|302|-|MN|-,4czs,MN,1,0,0,0.76710171,0.03608648,0.08048973,0.11632208
sha256:4748babd2b6ac0706cd9ed4bcfd4855c8d2c5535f01813fb2e10b68b31a24c0f:row:859,4nbc|m0|C|501|-|FE|-,4nbc,FE,1,3,2,0.11765108,0.06682908,0.45286804,0.36265180
sha256:4748babd2b6ac0706cd9ed4bcfd4855c8d2c5535f01813fb2e10b68b31a24c0f:row:861,1moj|m0|B|301|-|FE|-,1moj,FE,1,3,0,0.51611940,0.04704838,0.17590099,0.26093123
sha256:4748babd2b6ac0706cd9ed4bcfd4855c8d2c5535f01813fb2e10b68b31a24c0f:row:864,3ojj|m0|D|500|-|CO|-,3ojj,CO,1,3,3,0.09333193,0.05680808,0.08800095,0.76185904
sha256:4748babd2b6ac0706cd9ed4bcfd4855c8d2c5535f01813fb2e10b68b31a24c0f:row:872,6ibi|m0|C|201|-|CU|-,6ibi,CU,1,1,2,0.07764349,0.21227241,0.41022677,0.29985733
sha256:4748babd2b6ac0706cd9ed4bcfd4855c8d2c5535f01813fb2e10b68b31a24c0f:row:873,7bvr|m0|C|402|-|MN|-,7bvr,MN,1,0,0,0.71142534,0.03744709,0.11317805,0.13794952
sha256:4748babd2b6ac0706cd9ed4bcfd4855c8d2c5535f01813fb2e10b68b31a24c0f:row:874,3vnk|m0|A|302|-|MN|-,3vnk,MN,1,0,0,0.67834548,0.04796521,0.07381404,0.19987527
sha256:4748babd2b6ac0706cd9ed4bcfd4855c8d2c5535f01813fb2e10b68b31a24c0f:row:879,2xjz|m0|A|204|-|ZN|-,2xjz,ZN,1,2,2,0.06687434,0.10018254,0.68337097,0.14957215
sha256:4748babd2b6ac0706cd9ed4bcfd4855c8d2c5535f01813fb2e10b68b31a24c0f:row:883,4oj8|m0|B|301|-|FE|-,4oj8,FE,1,3,3,0.10579023,0.08967008,0.13291318,0.67162652
sha256:4748babd2b6ac0706cd9ed4bcfd4855c8d2c5535f01813fb2e10b68b31a24c0f:row:884,6h2q|m0|A|499|-|MN|-,6h2q,MN,1,0,0,0.66724964,0.04502016,0.10533629,0.18239391
sha256:4748babd2b6ac0706cd9ed4bcfd4855c8d2c5535f01813fb2e10b68b31a24c0f:row:886,3x2z|m0|B|301|-|NI|-,3x2z,NI,1,3,2,0.24516890,0.10389192,0.39431106,0.25662812
sha256:4748babd2b6ac0706cd9ed4bcfd4855c8d2c5535f01813fb2e10b68b31a24c0f:row:894,5lt6|m0|A|1801|-|ZN|-,5lt6,ZN,1,2,2,0.04910484,0.06102782,0.78053161,0.10933573
sha256:4748babd2b6ac0706cd9ed4bcfd4855c8d2c5535f01813fb2e10b68b31a24c0f:row:909,4nqa|m0|A|503|-|ZN|-,4nqa,ZN,1,2,2,0.05191956,0.04857973,0.79746057,0.10204014
sha256:4748babd2b6ac0706cd9ed4bcfd4855c8d2c5535f01813fb2e10b68b31a24c0f:row:910,6rrq|m0|A|602|-|CU|-,6rrq,CU,1,1,2,0.11277120,0.26236608,0.39926743,0.22559529
sha256:4748babd2b6ac0706cd9ed4bcfd4855c8d2c5535f01813fb2e10b68b31a24c0f:row:912,8can|m0|A|805|-|CU|-,8can,CU,1,1,1,0.04502222,0.56536463,0.27684183,0.11277131
sha256:4748babd2b6ac0706cd9ed4bcfd4855c8d2c5535f01813fb2e10b68b31a24c0f:row:916,7l28|m0|B|1102|-|MN|-,7l28,MN,1,0,0,0.62785730,0.04252445,0.08122643,0.24839181
sha256:4748babd2b6ac0706cd9ed4bcfd4855c8d2c5535f01813fb2e10b68b31a24c0f:row:918,7v0c|m0|A|604|-|MN|-,7v0c,MN,1,0,0,0.76300968,0.03462572,0.10419046,0.09817414
sha256:4748babd2b6ac0706cd9ed4bcfd4855c8d2c5535f01813fb2e10b68b31a24c0f:row:921,3ojj|m0|B|500|-|CO|-,3ojj,CO,1,3,3,0.10247196,0.05213759,0.07389997,0.77149049
sha256:4748babd2b6ac0706cd9ed4bcfd4855c8d2c5535f01813fb2e10b68b31a24c0f:row:926,6xj5|m0|A|604|-|ZN|-,6xj5,ZN,1,2,2,0.11665799,0.10899009,0.64057324,0.13377868
sha256:4748babd2b6ac0706cd9ed4bcfd4855c8d2c5535f01813fb2e10b68b31a24c0f:row:927,1bs6|m0|A|2001|-|NI|-,1bs6,NI,1,3,3,0.13078173,0.09839265,0.36629063,0.40453498
sha256:4748babd2b6ac0706cd9ed4bcfd4855c8d2c5535f01813fb2e10b68b31a24c0f:row:928,3vmh|m0|C|501|-|FE|-,3vmh,FE,1,3,2,0.08786271,0.08097275,0.48931340,0.34185115
sha256:4748babd2b6ac0706cd9ed4bcfd4855c8d2c5535f01813fb2e10b68b31a24c0f:row:935,7exz|m0|C|401|-|MN|-,7exz,MN,1,0,0,0.52849682,0.04558514,0.30374764,0.12217040
sha256:4748babd2b6ac0706cd9ed4bcfd4855c8d2c5535f01813fb2e10b68b31a24c0f:row:940,4jk9|m0|A|2001|-|CO|-,4jk9,CO,1,3,3,0.18768669,0.06664504,0.27491941,0.47074885
sha256:4748babd2b6ac0706cd9ed4bcfd4855c8d2c5535f01813fb2e10b68b31a24c0f:row:942,7vsp|m0|A|204|-|ZN|-,7vsp,ZN,1,2,1,0.04011317,0.47577298,0.37415135,0.10996250
sha256:4748babd2b6ac0706cd9ed4bcfd4855c8d2c5535f01813fb2e10b68b31a24c0f:row:954,1ii7|m0|B|406|-|MN|-,1ii7,MN,1,0,0,0.65051505,0.03852230,0.07694659,0.23401607
sha256:4748babd2b6ac0706cd9ed4bcfd4855c8d2c5535f01813fb2e10b68b31a24c0f:row:963,4e4h|m0|C|1001|-|FE|-,4e4h,FE,1,3,3,0.14362795,0.07445320,0.34175084,0.44016801
sha256:4748babd2b6ac0706cd9ed4bcfd4855c8d2c5535f01813fb2e10b68b31a24c0f:row:970,3vmg|m0|A|501|-|FE|-,3vmg,FE,1,3,2,0.10284143,0.06252707,0.45431018,0.38032132
sha256:4748babd2b6ac0706cd9ed4bcfd4855c8d2c5535f01813fb2e10b68b31a24c0f:row:976,4z6w|m0|A|401|-|FE|-,4z6w,FE,1,3,3,0.30202771,0.05251669,0.06480062,0.58065498
sha256:4748babd2b6ac0706cd9ed4bcfd4855c8d2c5535f01813fb2e10b68b31a24c0f:row:977,8r1f|m0|B|201|-|ZN|-,8r1f,ZN,1,2,2,0.05625364,0.05182827,0.74913235,0.14278574
sha256:4748babd2b6ac0706cd9ed4bcfd4855c8d2c5535f01813fb2e10b68b31a24c0f:row:979,6omr|m0|A|405|-|MN|-,6omr,MN,1,0,0,0.67958817,0.04249776,0.08935768,0.18855639
sha256:4748babd2b6ac0706cd9ed4bcfd4855c8d2c5535f01813fb2e10b68b31a24c0f:row:989,1e6a|m0|B|2008|-|MN|-,1e6a,MN,1,0,0,0.60708455,0.04120767,0.19747645,0.15423133
sha256:4748babd2b6ac0706cd9ed4bcfd4855c8d2c5535f01813fb2e10b68b31a24c0f:row:994,4gqt|m0|B|502|-|ZN|-,4gqt,ZN,1,2,2,0.04098365,0.14644975,0.59957156,0.21299504
sha256:4748babd2b6ac0706cd9ed4bcfd4855c8d2c5535f01813fb2e10b68b31a24c0f:row:996,2amx|m0|B|1000|-|CO|-,2amx,CO,1,3,2,0.27039603,0.13540769,0.33313324,0.26106304
sha256:4748babd2b6ac0706cd9ed4bcfd4855c8d2c5535f01813fb2e10b68b31a24c0f:row:998,6ki6|m0|A|903|-|ZN|-,6ki6,ZN,1,2,2,0.04377203,0.09197787,0.68600025,0.17824985
sha256:4748babd2b6ac0706cd9ed4bcfd4855c8d2c5535f01813fb2e10b68b31a24c0f:row:1000,2wjf|m0|A|1245|-|MN|-,2wjf,MN,1,0,0,0.43619521,0.06331220,0.10271442,0.39777817
sha256:4748babd2b6ac0706cd9ed4bcfd4855c8d2c5535f01813fb2e10b68b31a24c0f:row:1006,3b4n|m0|A|714|-|ZN|-,3b4n,ZN,1,2,2,0.07506154,0.06963118,0.62258899,0.23271829
sha256:4748babd2b6ac0706cd9ed4bcfd4855c8d2c5535f01813fb2e10b68b31a24c0f:row:1021,1g2d|m0|C|301|-|ZN|-,1g2d,ZN,1,2,2,0.05339746,0.10008524,0.65501654,0.19150076
sha256:4748babd2b6ac0706cd9ed4bcfd4855c8d2c5535f01813fb2e10b68b31a24c0f:row:1024,4chg|m0|D|1133|-|MN|-,4chg,MN,1,0,0,0.37834380,0.04995255,0.36301214,0.20869151
sha256:4748babd2b6ac0706cd9ed4bcfd4855c8d2c5535f01813fb2e10b68b31a24c0f:row:1031,3h61|m0|A|500|-|MN|-,3h61,MN,1,0,0,0.67533963,0.05901300,0.09040142,0.17524595
sha256:4748babd2b6ac0706cd9ed4bcfd4855c8d2c5535f01813fb2e10b68b31a24c0f:row:1036,4zl5|m0|A|202|-|FE|-,4zl5,FE,1,3,0,0.46888108,0.05289343,0.14116004,0.33706545
sha256:4748babd2b6ac0706cd9ed4bcfd4855c8d2c5535f01813fb2e10b68b31a24c0f:row:1039,1bs6|m0|C|2001|-|NI|-,1bs6,NI,1,3,2,0.09981104,0.14318738,0.42875409,0.32824750
sha256:4748babd2b6ac0706cd9ed4bcfd4855c8d2c5535f01813fb2e10b68b31a24c0f:row:1042,1guq|m0|C|351|-|FE|-,1guq,FE,1,3,3,0.06380433,0.09734769,0.16874155,0.67010643
sha256:4748babd2b6ac0706cd9ed4bcfd4855c8d2c5535f01813fb2e10b68b31a24c0f:row:1043,8kg9|m0|M|3001|-|ZN|-,8kg9,ZN,1,2,2,0.04280336,0.06083768,0.77050549,0.12585347
sha256:4748babd2b6ac0706cd9ed4bcfd4855c8d2c5535f01813fb2e10b68b31a24c0f:row:1044,1xzw|m0|B|929|-|FE|-,1xzw,FE,1,3,0,0.71995094,0.07111037,0.10265275,0.10628595
sha256:4748babd2b6ac0706cd9ed4bcfd4855c8d2c5535f01813fb2e10b68b31a24c0f:row:1046,4ghe|m0|C|401|-|FE|-,4ghe,FE,1,3,3,0.10135957,0.05579413,0.09898618,0.74386012
sha256:4748babd2b6ac0706cd9ed4bcfd4855c8d2c5535f01813fb2e10b68b31a24c0f:row:1050,3pt6|m0|A|4|-|ZN|-,3pt6,ZN,1,2,2,0.05091683,0.05951864,0.78379385,0.10577067
sha256:4748babd2b6ac0706cd9ed4bcfd4855c8d2c5535f01813fb2e10b68b31a24c0f:row:1071,6llh|m0|C|501|-|FE|-,6llh,FE,1,3,3,0.09525998,0.07498732,0.40616094,0.42359175
sha256:4748babd2b6ac0706cd9ed4bcfd4855c8d2c5535f01813fb2e10b68b31a24c0f:row:1081,5xfp|m0|A|403|-|ZN|-,5xfp,ZN,1,2,2,0.03737405,0.08932621,0.56535258,0.30794716
sha256:4748babd2b6ac0706cd9ed4bcfd4855c8d2c5535f01813fb2e10b68b31a24c0f:row:1087,2ig9|m0|A|500|-|FE|-,2ig9,FE,1,3,3,0.20836273,0.05559261,0.07365511,0.66238956
sha256:4748babd2b6ac0706cd9ed4bcfd4855c8d2c5535f01813fb2e10b68b31a24c0f:row:1088,4kbl|m0|A|605|-|ZN|-,4kbl,ZN,1,2,2,0.05340839,0.06848291,0.72069802,0.15741068
sha256:4748babd2b6ac0706cd9ed4bcfd4855c8d2c5535f01813fb2e10b68b31a24c0f:row:1090,6xmr|m0|A|401|-|MN|-,6xmr,MN,1,0,0,0.58900420,0.03948624,0.20667890,0.16483066
sha256:4748babd2b6ac0706cd9ed4bcfd4855c8d2c5535f01813fb2e10b68b31a24c0f:row:1093,7zrp|m0|A|209|-|ZN|-,7zrp,ZN,1,2,2,0.10362996,0.08730393,0.66999356,0.13907256
sha256:4748babd2b6ac0706cd9ed4bcfd4855c8d2c5535f01813fb2e10b68b31a24c0f:row:1097,7eeh|m0|A|402|-|FE|-,7eeh,FE,1,3,3,0.12380655,0.06566998,0.16042669,0.65009678
sha256:4748babd2b6ac0706cd9ed4bcfd4855c8d2c5535f01813fb2e10b68b31a24c0f:row:1100,7qbv|m0|B|502|-|FE|-,7qbv,FE,1,3,2,0.05302139,0.04659298,0.57481768,0.32556796
sha256:4748babd2b6ac0706cd9ed4bcfd4855c8d2c5535f01813fb2e10b68b31a24c0f:row:1102,7yxj|m0|D|501|-|MN|-,7yxj,MN,1,0,0,0.59769145,0.04233938,0.06970755,0.29026161
sha256:4748babd2b6ac0706cd9ed4bcfd4855c8d2c5535f01813fb2e10b68b31a24c0f:row:1119,1pb0|m0|A|1302|-|ZN|-,1pb0,ZN,1,2,2,0.10255224,0.12280311,0.42787810,0.34676656
sha256:4748babd2b6ac0706cd9ed4bcfd4855c8d2c5535f01813fb2e10b68b31a24c0f:row:1121,3ls6|m0|A|308|-|ZN|-,3ls6,ZN,1,2,2,0.09090692,0.11436049,0.55673273,0.23799986
sha256:4748babd2b6ac0706cd9ed4bcfd4855c8d2c5535f01813fb2e10b68b31a24c0f:row:1128,3nwk|m0|C|239|-|MN|-,3nwk,MN,1,0,0,0.74910784,0.03585117,0.07906395,0.13597703
sha256:4748babd2b6ac0706cd9ed4bcfd4855c8d2c5535f01813fb2e10b68b31a24c0f:row:1143,4nbf|m0|A|501|-|FE|-,4nbf,FE,1,3,2,0.07644844,0.07706811,0.47048827,0.37599518
sha256:4748babd2b6ac0706cd9ed4bcfd4855c8d2c5535f01813fb2e10b68b31a24c0f:row:1144,4chg|m0|A|1133|-|MN|-,4chg,MN,1,0,2,0.36183741,0.04144406,0.45135681,0.14536172
sha256:4748babd2b6ac0706cd9ed4bcfd4855c8d2c5535f01813fb2e10b68b31a24c0f:row:1149,3phd|m0|A|1001|-|ZN|-,3phd,ZN,1,2,2,0.04013549,0.26399502,0.61509536,0.08077412
sha256:4748babd2b6ac0706cd9ed4bcfd4855c8d2c5535f01813fb2e10b68b31a24c0f:row:1153,6mlc|m0|A|2004|-|ZN|-,6mlc,ZN,1,2,2,0.03667855,0.06273146,0.56343355,0.33715643
sha256:4748babd2b6ac0706cd9ed4bcfd4855c8d2c5535f01813fb2e10b68b31a24c0f:row:1155,3ojn|m0|B|500|-|MN|-,3ojn,MN,1,0,3,0.33357008,0.05297981,0.07536015,0.53808997
sha256:4748babd2b6ac0706cd9ed4bcfd4855c8d2c5535f01813fb2e10b68b31a24c0f:row:1162,5iqk|m0|A|403|-|ZN|-,5iqk,ZN,1,2,2,0.03598660,0.12131028,0.74709945,0.09560368
sha256:4748babd2b6ac0706cd9ed4bcfd4855c8d2c5535f01813fb2e10b68b31a24c0f:row:1164,6wje|m0|B|205|-|ZN|-,6wje,ZN,1,2,2,0.08189101,0.10220022,0.56984442,0.24606435
sha256:4748babd2b6ac0706cd9ed4bcfd4855c8d2c5535f01813fb2e10b68b31a24c0f:row:1171,2z8d|m0|A|3|-|ZN|-,2z8d,ZN,1,2,2,0.21338359,0.06293221,0.46757663,0.25610757
sha256:4748babd2b6ac0706cd9ed4bcfd4855c8d2c5535f01813fb2e10b68b31a24c0f:row:1174,7mpq|m0|G|301|-|MN|-,7mpq,MN,1,0,0,0.58752663,0.05754337,0.10509071,0.24983930
sha256:4748babd2b6ac0706cd9ed4bcfd4855c8d2c5535f01813fb2e10b68b31a24c0f:row:1175,6k6w|m0|C|601|-|MN|-,6k6w,MN,1,0,0,0.36761775,0.14161018,0.36267030,0.12810177
sha256:4748babd2b6ac0706cd9ed4bcfd4855c8d2c5535f01813fb2e10b68b31a24c0f:row:1176,6h2p|m0|A|502|-|MN|-,6h2p,MN,1,0,0,0.75351183,0.03729878,0.09999308,0.10919631
sha256:4748babd2b6ac0706cd9ed4bcfd4855c8d2c5535f01813fb2e10b68b31a24c0f:row:1185,5bwg|m0|C|401|-|FE|-,5bwg,FE,1,3,3,0.22963836,0.05653557,0.07691427,0.63691180
sha256:4748babd2b6ac0706cd9ed4bcfd4855c8d2c5535f01813fb2e10b68b31a24c0f:row:1191,2zxq|m0|A|4|-|MN|-,2zxq,MN,1,0,0,0.66371304,0.05612108,0.09188777,0.18827811
sha256:4748babd2b6ac0706cd9ed4bcfd4855c8d2c5535f01813fb2e10b68b31a24c0f:row:1193,2dfj|m0|A|1002|-|MN|-,2dfj,MN,1,0,0,0.73706314,0.03962171,0.09397840,0.12933675
sha256:4748babd2b6ac0706cd9ed4bcfd4855c8d2c5535f01813fb2e10b68b31a24c0f:row:1195,4rpa|m0|A|501|-|MN|-,4rpa,MN,1,0,2,0.35875705,0.04298484,0.42062762,0.17763049
sha256:4748babd2b6ac0706cd9ed4bcfd4855c8d2c5535f01813fb2e10b68b31a24c0f:row:1196,6h2p|m0|A|501|-|MN|-,6h2p,MN,1,0,0,0.72812299,0.03903208,0.09885103,0.13399390
sha256:4748babd2b6ac0706cd9ed4bcfd4855c8d2c5535f01813fb2e10b68b31a24c0f:row:1206,1cjp|m0|C|238|-|MN|-,1cjp,MN,1,0,0,0.79029102,0.04015421,0.06165586,0.10789892
sha256:4748babd2b6ac0706cd9ed4bcfd4855c8d2c5535f01813fb2e10b68b31a24c0f:row:1207,6xf9|m0|A|501|-|ZN|-,6xf9,ZN,1,2,2,0.04092670,0.05761894,0.81458812,0.08686624
sha256:4748babd2b6ac0706cd9ed4bcfd4855c8d2c5535f01813fb2e10b68b31a24c0f:row:1209,4z6n|m0|B|401|-|FE|-,4z6n,FE,1,3,3,0.20912373,0.04502106,0.06933872,0.67651649
sha256:4748babd2b6ac0706cd9ed4bcfd4855c8d2c5535f01813fb2e10b68b31a24c0f:row:1212,1oqu|m0|C|1008|-|FE|-,1oqu,FE,1,3,0,0.66316011,0.04070558,0.07839174,0.21774257
sha256:4748babd2b6ac0706cd9ed4bcfd4855c8d2c5535f01813fb2e10b68b31a24c0f:row:1221,1s95|m0|B|602|-|MN|-,1s95,MN,1,0,0,0.64142028,0.04817257,0.07694034,0.23346681
sha256:4748babd2b6ac0706cd9ed4bcfd4855c8d2c5535f01813fb2e10b68b31a24c0f:row:1228,5j8l|m0|B|401|-|MN|-,5j8l,MN,1,0,0,0.60536180,0.05964945,0.16146873,0.17352001
sha256:4748babd2b6ac0706cd9ed4bcfd4855c8d2c5535f01813fb2e10b68b31a24c0f:row:1233,5bwh|m0|A|401|-|FE|-,5bwh,FE,1,3,3,0.18949469,0.04962426,0.07813625,0.68274480
sha256:4748babd2b6ac0706cd9ed4bcfd4855c8d2c5535f01813fb2e10b68b31a24c0f:row:1235,1tjo|m0|A|1302|-|FE|-,1tjo,FE,1,3,3,0.28121861,0.03964288,0.20689726,0.47224125
sha256:4748babd2b6ac0706cd9ed4bcfd4855c8d2c5535f01813fb2e10b68b31a24c0f:row:1239,3ef4|m0|C|401|-|CU|-,3ef4,CU,1,1,1,0.03882250,0.50450259,0.35847942,0.09819549
sha256:4748babd2b6ac0706cd9ed4bcfd4855c8d2c5535f01813fb2e10b68b31a24c0f:row:1250,6ru4|m0|C|401|-|MN|-,6ru4,MN,1,0,0,0.62095230,0.04798870,0.06539786,0.26566113
sha256:4748babd2b6ac0706cd9ed4bcfd4855c8d2c5535f01813fb2e10b68b31a24c0f:row:1252,6lnh|m0|D|302|-|FE|-,6lnh,FE,1,3,3,0.37314351,0.05859360,0.10784536,0.46041753
sha256:4748babd2b6ac0706cd9ed4bcfd4855c8d2c5535f01813fb2e10b68b31a24c0f:row:1256,3ask|m0|A|502|-|ZN|-,3ask,ZN,1,2,2,0.04516514,0.07548951,0.75673120,0.12261415
sha256:4748babd2b6ac0706cd9ed4bcfd4855c8d2c5535f01813fb2e10b68b31a24c0f:row:1260,2je9|m0|D|1241|-|MN|-,2je9,MN,1,0,0,0.71692533,0.03556285,0.06428688,0.18322494
sha256:4748babd2b6ac0706cd9ed4bcfd4855c8d2c5535f01813fb2e10b68b31a24c0f:row:1263,3hhs|m0|B|686|-|CU|-,3hhs,CU,1,1,1,0.04387759,0.35037299,0.34489556,0.26085386
sha256:4748babd2b6ac0706cd9ed4bcfd4855c8d2c5535f01813fb2e10b68b31a24c0f:row:1273,8il8|m0|D|301|-|FE|-,8il8,FE,1,3,3,0.11837809,0.10466214,0.35835892,0.41860085
sha256:4748babd2b6ac0706cd9ed4bcfd4855c8d2c5535f01813fb2e10b68b31a24c0f:row:1281,7kwe|m0|B|1102|-|MN|-,7kwe,MN,1,0,0,0.66274989,0.03949054,0.08601406,0.21174551
sha256:4748babd2b6ac0706cd9ed4bcfd4855c8d2c5535f01813fb2e10b68b31a24c0f:row:1290,6n20|m0|C|601|-|FE|-,6n20,FE,1,3,3,0.12503197,0.09885595,0.12531073,0.65080135
sha256:4748babd2b6ac0706cd9ed4bcfd4855c8d2c5535f01813fb2e10b68b31a24c0f:row:1292,7xrf|m0|G|401|-|MN|-,7xrf,MN,1,0,0,0.47524515,0.04527782,0.32517724,0.15429979
sha256:4748babd2b6ac0706cd9ed4bcfd4855c8d2c5535f01813fb2e10b68b31a24c0f:row:1297,1jyc|m0|D|407|-|MN|-,1jyc,MN,1,0,0,0.72203847,0.04888756,0.06959991,0.15947406
sha256:4748babd2b6ac0706cd9ed4bcfd4855c8d2c5535f01813fb2e10b68b31a24c0f:row:1300,1peg|m0|A|2|-|ZN|-,1peg,ZN,1,2,2,0.04511063,0.05046439,0.72725158,0.17717340
sha256:4748babd2b6ac0706cd9ed4bcfd4855c8d2c5535f01813fb2e10b68b31a24c0f:row:1301,6sf5|m0|A|502|-|MN|-,6sf5,MN,1,0,0,0.70408979,0.04006273,0.09009752,0.16574997
sha256:4748babd2b6ac0706cd9ed4bcfd4855c8d2c5535f01813fb2e10b68b31a24c0f:row:1315,3qla|m0|A|2|-|ZN|-,3qla,ZN,1,2,2,0.04358410,0.05030279,0.57431982,0.33179329
sha256:4748babd2b6ac0706cd9ed4bcfd4855c8d2c5535f01813fb2e10b68b31a24c0f:row:1318,1xzw|m0|A|430|-|MN|-,1xzw,MN,1,0,3,0.39877742,0.04623316,0.09340027,0.46158915
sha256:4748babd2b6ac0706cd9ed4bcfd4855c8d2c5535f01813fb2e10b68b31a24c0f:row:1320,1do8|m0|A|604|-|MN|-,1do8,MN,1,0,0,0.66775599,0.04460824,0.07292073,0.21471504
sha256:4748babd2b6ac0706cd9ed4bcfd4855c8d2c5535f01813fb2e10b68b31a24c0f:row:1325,1mrr|m0|A|402|-|MN|-,1mrr,MN,1,0,2,0.33098724,0.05449118,0.37460624,0.23991535
sha256:4748babd2b6ac0706cd9ed4bcfd4855c8d2c5535f01813fb2e10b68b31a24c0f:row:1337,1tk6|m0|C|1304|-|FE|-,1tk6,FE,1,3,2,0.26612241,0.06193612,0.46041532,0.21152615
sha256:4748babd2b6ac0706cd9ed4bcfd4855c8d2c5535f01813fb2e10b68b31a24c0f:row:1338,8jq4|m0|D|502|-|MN|-,8jq4,MN,1,0,0,0.69134615,0.03793903,0.11973575,0.15097907
sha256:4748babd2b6ac0706cd9ed4bcfd4855c8d2c5535f01813fb2e10b68b31a24c0f:row:1360,2okn|m0|A|495|-|MN|-,2okn,MN,1,0,0,0.72231816,0.03621516,0.08582089,0.15564579
sha256:4748babd2b6ac0706cd9ed4bcfd4855c8d2c5535f01813fb2e10b68b31a24c0f:row:1375,4chg|m0|F|1133|-|MN|-,4chg,MN,1,0,2,0.34960048,0.04903414,0.46910727,0.13225811
sha256:4748babd2b6ac0706cd9ed4bcfd4855c8d2c5535f01813fb2e10b68b31a24c0f:row:1376,2de7|m0|C|501|-|FE|-,2de7,FE,1,3,2,0.21210723,0.07154489,0.37670000,0.33964789
sha256:4748babd2b6ac0706cd9ed4bcfd4855c8d2c5535f01813fb2e10b68b31a24c0f:row:1377,7eeh|m0|C|402|-|FE|-,7eeh,FE,1,3,3,0.12986964,0.08534464,0.29784945,0.48693626
sha256:4748babd2b6ac0706cd9ed4bcfd4855c8d2c5535f01813fb2e10b68b31a24c0f:row:1379,6j2p|m0|A|202|-|ZN|-,6j2p,ZN,1,2,2,0.04324492,0.08559203,0.74240302,0.12876003
sha256:4748babd2b6ac0706cd9ed4bcfd4855c8d2c5535f01813fb2e10b68b31a24c0f:row:1380,7y11|m0|B|403|-|NI|-,7y11,NI,1,3,2,0.07261718,0.10051257,0.55836343,0.26850682
sha256:4748babd2b6ac0706cd9ed4bcfd4855c8d2c5535f01813fb2e10b68b31a24c0f:row:1387,2p1i|m0|A|350|-|FE|-,2p1i,FE,1,3,2,0.13504893,0.06861371,0.59341371,0.20292365
sha256:4748babd2b6ac0706cd9ed4bcfd4855c8d2c5535f01813fb2e10b68b31a24c0f:row:1393,4pgl|m0|C|301|-|MN|-,4pgl,MN,1,0,0,0.74880908,0.03971441,0.06271223,0.14876428
sha256:4748babd2b6ac0706cd9ed4bcfd4855c8d2c5535f01813fb2e10b68b31a24c0f:row:1395,4ooe|m0|C|501|-|MN|-,4ooe,MN,1,0,0,0.73491565,0.04286592,0.14115994,0.08105849
sha256:4748babd2b6ac0706cd9ed4bcfd4855c8d2c5535f01813fb2e10b68b31a24c0f:row:1411,1sq3|m0|E|914|-|FE|-,1sq3,FE,1,3,2,0.25444947,0.04150886,0.37234741,0.33169426
sha256:4748babd2b6ac0706cd9ed4bcfd4855c8d2c5535f01813fb2e10b68b31a24c0f:row:1413,2aec|m0|B|402|-|MN|-,2aec,MN,1,0,0,0.65609323,0.04457516,0.08010666,0.21922495
sha256:4748babd2b6ac0706cd9ed4bcfd4855c8d2c5535f01813fb2e10b68b31a24c0f:row:1420,6llf|m0|C|402|-|FE|-,6llf,FE,1,3,3,0.09965444,0.06069619,0.38995945,0.44968992
sha256:4748babd2b6ac0706cd9ed4bcfd4855c8d2c5535f01813fb2e10b68b31a24c0f:row:1425,6ru4|m0|A|401|-|MN|-,6ru4,MN,1,0,0,0.54343201,0.04988744,0.06774246,0.33893809
sha256:4748babd2b6ac0706cd9ed4bcfd4855c8d2c5535f01813fb2e10b68b31a24c0f:row:1426,5aeu|m0|C|501|-|FE|-,5aeu,FE,1,3,3,0.15243250,0.04638656,0.22578499,0.57539594
sha256:4748babd2b6ac0706cd9ed4bcfd4855c8d2c5535f01813fb2e10b68b31a24c0f:row:1427,6qkm|m0|D|401|-|FE|-,6qkm,FE,1,3,3,0.19856099,0.07004133,0.28511612,0.44628156
sha256:4748babd2b6ac0706cd9ed4bcfd4855c8d2c5535f01813fb2e10b68b31a24c0f:row:1429,5n4l|m0|A|1101|-|CU|-,5n4l,CU,1,1,2,0.09609068,0.27225059,0.44907707,0.18258167
sha256:4748babd2b6ac0706cd9ed4bcfd4855c8d2c5535f01813fb2e10b68b31a24c0f:row:1431,8f5o|m0|B|2001|-|ZN|-,8f5o,ZN,1,2,2,0.04290971,0.05714252,0.79853278,0.10141499
sha256:4748babd2b6ac0706cd9ed4bcfd4855c8d2c5535f01813fb2e10b68b31a24c0f:row:1432,1jyc|m0|C|405|-|MN|-,1jyc,MN,1,0,0,0.74924521,0.05395806,0.08236407,0.11443266
sha256:4748babd2b6ac0706cd9ed4bcfd4855c8d2c5535f01813fb2e10b68b31a24c0f:row:1434,7mgc|m0|D|302|-|MN|-,7mgc,MN,1,0,0,0.53707095,0.04761507,0.27618161,0.13913237
sha256:4748babd2b6ac0706cd9ed4bcfd4855c8d2c5535f01813fb2e10b68b31a24c0f:row:1444,3ls6|m0|B|310|-|ZN|-,3ls6,ZN,1,2,2,0.13266914,0.07828108,0.49594006,0.29310971
sha256:4748babd2b6ac0706cd9ed4bcfd4855c8d2c5535f01813fb2e10b68b31a24c0f:row:1452,7xrf|m0|E|401|-|MN|-,7xrf,MN,1,0,0,0.68117016,0.04910741,0.12187156,0.14785087
sha256:4748babd2b6ac0706cd9ed4bcfd4855c8d2c5535f01813fb2e10b68b31a24c0f:row:1455,5n4l|m0|B|1104|-|CU|-,5n4l,CU,1,1,1,0.05099667,0.49369982,0.36777840,0.08752511
sha256:4748babd2b6ac0706cd9ed4bcfd4855c8d2c5535f01813fb2e10b68b31a24c0f:row:1460,6ll1|m0|B|403|-|FE|-,6ll1,FE,1,3,3,0.12972855,0.04817324,0.33309251,0.48900570
sha256:4748babd2b6ac0706cd9ed4bcfd4855c8d2c5535f01813fb2e10b68b31a24c0f:row:1467,2ae7|m0|A|400|-|MN|-,2ae7,MN,1,0,0,0.63154750,0.05995831,0.07012843,0.23836576
sha256:4748babd2b6ac0706cd9ed4bcfd4855c8d2c5535f01813fb2e10b68b31a24c0f:row:1473,1t16|m0|A|428|-|CU|-,1t16,CU,1,1,3,0.07188800,0.15812206,0.31942458,0.45056536
sha256:4748babd2b6ac0706cd9ed4bcfd4855c8d2c5535f01813fb2e10b68b31a24c0f:row:1475,5bwg|m0|A|401|-|FE|-,5bwg,FE,1,3,3,0.12380507,0.05642086,0.08396672,0.73580735
sha256:4748babd2b6ac0706cd9ed4bcfd4855c8d2c5535f01813fb2e10b68b31a24c0f:row:1479,1s8e|m0|A|401|-|MN|-,1s8e,MN,1,0,0,0.64962788,0.04686622,0.07293449,0.23057142
sha256:4748babd2b6ac0706cd9ed4bcfd4855c8d2c5535f01813fb2e10b68b31a24c0f:row:1489,6n1y|m0|D|601|-|FE|-,6n1y,FE,1,3,3,0.07913872,0.14267911,0.15029966,0.62788251
sha256:4748babd2b6ac0706cd9ed4bcfd4855c8d2c5535f01813fb2e10b68b31a24c0f:row:1492,5x49|m0|B|602|-|MN|-,5x49,MN,1,0,0,0.62384669,0.03686553,0.08655992,0.25272786
sha256:4748babd2b6ac0706cd9ed4bcfd4855c8d2c5535f01813fb2e10b68b31a24c0f:row:1494,2iw4|m0|B|1312|-|FE|-,2iw4,FE,1,3,0,0.73855548,0.03602504,0.07378350,0.15163598
sha256:4748babd2b6ac0706cd9ed4bcfd4855c8d2c5535f01813fb2e10b68b31a24c0f:row:1498,7dd9|m0|A|1601|-|ZN|-,7dd9,ZN,1,2,0,0.43115613,0.06343708,0.13097257,0.37443423
sha256:4748babd2b6ac0706cd9ed4bcfd4855c8d2c5535f01813fb2e10b68b31a24c0f:row:1513,2aes|m0|B|402|-|MN|-,2aes,MN,1,0,0,0.61015231,0.05500019,0.08703433,0.24781317
sha256:4748babd2b6ac0706cd9ed4bcfd4855c8d2c5535f01813fb2e10b68b31a24c0f:row:1519,1qdo|m0|B|242|-|MN|-,1qdo,MN,1,0,0,0.78736697,0.03724474,0.06044183,0.11494646
sha256:4748babd2b6ac0706cd9ed4bcfd4855c8d2c5535f01813fb2e10b68b31a24c0f:row:1522,3icf|m0|B|602|-|FE|-,3icf,FE,1,3,3,0.18253462,0.08198225,0.15796944,0.57751369
sha256:4748babd2b6ac0706cd9ed4bcfd4855c8d2c5535f01813fb2e10b68b31a24c0f:row:1525,4ghc|m0|A|401|-|FE|-,4ghc,FE,1,3,3,0.11155652,0.05124612,0.08745397,0.74974339
sha256:4748babd2b6ac0706cd9ed4bcfd4855c8d2c5535f01813fb2e10b68b31a24c0f:row:1528,6wn3|m0|B|505|-|FE|-,6wn3,FE,1,3,3,0.08889427,0.06195924,0.14164830,0.70749819
sha256:4748babd2b6ac0706cd9ed4bcfd4855c8d2c5535f01813fb2e10b68b31a24c0f:row:1539,6n20|m0|D|601|-|FE|-,6n20,FE,1,3,3,0.10353799,0.09926112,0.11282552,0.68437537
sha256:4748babd2b6ac0706cd9ed4bcfd4855c8d2c5535f01813fb2e10b68b31a24c0f:row:1541,5x49|m0|B|601|-|MN|-,5x49,MN,1,0,0,0.77231684,0.04077431,0.06044911,0.12645974
sha256:4748babd2b6ac0706cd9ed4bcfd4855c8d2c5535f01813fb2e10b68b31a24c0f:row:1543,5ffo|m0|B|2002|-|MN|-,5ffo,MN,1,0,0,0.45759794,0.04260391,0.35914805,0.14065010
sha256:4748babd2b6ac0706cd9ed4bcfd4855c8d2c5535f01813fb2e10b68b31a24c0f:row:1556,4jk9|m0|B|2003|-|CO|-,4jk9,CO,1,3,3,0.29640563,0.05970983,0.16816440,0.47572014
sha256:4748babd2b6ac0706cd9ed4bcfd4855c8d2c5535f01813fb2e10b68b31a24c0f:row:1559,4i5n|m0|C|501|-|MN|-,4i5n,MN,1,0,0,0.33607171,0.05573259,0.31902432,0.28917138
sha256:4748babd2b6ac0706cd9ed4bcfd4855c8d2c5535f01813fb2e10b68b31a24c0f:row:1571,3vni|m0|A|7001|-|MN|-,3vni,MN,1,0,0,0.73193268,0.04732244,0.09265835,0.12808653
sha256:4748babd2b6ac0706cd9ed4bcfd4855c8d2c5535f01813fb2e10b68b31a24c0f:row:1582,2i14|m0|C|1391|-|ZN|-,2i14,ZN,1,2,2,0.04802479,0.15173030,0.66613677,0.13410814
sha256:4748babd2b6ac0706cd9ed4bcfd4855c8d2c5535f01813fb2e10b68b31a24c0f:row:1585,3h61|m0|D|501|-|MN|-,3h61,MN,1,0,0,0.66567304,0.05335455,0.09687851,0.18409390
sha256:4748babd2b6ac0706cd9ed4bcfd4855c8d2c5535f01813fb2e10b68b31a24c0f:row:1590,6n21|m0|D|601|-|FE|-,6n21,FE,1,3,3,0.15337114,0.15667453,0.33777180,0.35218253
sha256:4748babd2b6ac0706cd9ed4bcfd4855c8d2c5535f01813fb2e10b68b31a24c0f:row:1592,8jq4|m0|C|502|-|MN|-,8jq4,MN,1,0,0,0.66824679,0.03554379,0.12883535,0.16737407
sha256:4748babd2b6ac0706cd9ed4bcfd4855c8d2c5535f01813fb2e10b68b31a24c0f:row:1596,1n9e|m0|A|801|-|CU|-,1n9e,CU,1,1,2,0.03754475,0.33725156,0.38960231,0.23560138
sha256:4748babd2b6ac0706cd9ed4bcfd4855c8d2c5535f01813fb2e10b68b31a24c0f:row:1600,5c3r|m0|A|401|-|NI|-,5c3r,NI,1,3,3,0.30666685,0.05256446,0.07971546,0.56105322
sha256:4748babd2b6ac0706cd9ed4bcfd4855c8d2c5535f01813fb2e10b68b31a24c0f:row:1609,6r7d|m0|A|202|-|NI|-,6r7d,NI,1,3,3,0.07655030,0.10054221,0.35585388,0.46705362
sha256:4748babd2b6ac0706cd9ed4bcfd4855c8d2c5535f01813fb2e10b68b31a24c0f:row:1612,5vnz|m0|A|202|-|ZN|-,5vnz,ZN,1,2,2,0.07957569,0.09892723,0.67442745,0.14706962
sha256:4748babd2b6ac0706cd9ed4bcfd4855c8d2c5535f01813fb2e10b68b31a24c0f:row:1614,3g4x|m0|C|203|N|NI|-,3g4x,NI,1,3,3,0.05081334,0.09369136,0.21460459,0.64089071
sha256:4748babd2b6ac0706cd9ed4bcfd4855c8d2c5535f01813fb2e10b68b31a24c0f:row:1615,5o60|m0|c|101|-|ZN|-,5o60,ZN,1,2,2,0.05488769,0.05406646,0.78074109,0.11030477
sha256:4748babd2b6ac0706cd9ed4bcfd4855c8d2c5535f01813fb2e10b68b31a24c0f:row:1620,1tkp|m0|B|303|-|FE|-,1tkp,FE,1,3,0,0.55239006,0.04219928,0.12606867,0.27934199
sha256:4748babd2b6ac0706cd9ed4bcfd4855c8d2c5535f01813fb2e10b68b31a24c0f:row:1622,2jcd|m0|A|1322|-|MN|-,2jcd,MN,1,0,0,0.79213479,0.03915082,0.05440780,0.11430660
sha256:4748babd2b6ac0706cd9ed4bcfd4855c8d2c5535f01813fb2e10b68b31a24c0f:row:1627,1s8e|m0|B|403|-|MN|-,1s8e,MN,1,0,0,0.61409122,0.06462864,0.10607800,0.21520214
sha256:4748babd2b6ac0706cd9ed4bcfd4855c8d2c5535f01813fb2e10b68b31a24c0f:row:1636,3qhc|m0|B|183|-|FE|-,3qhc,FE,1,3,0,0.45240641,0.04767257,0.18873978,0.31118124
sha256:4748babd2b6ac0706cd9ed4bcfd4855c8d2c5535f01813fb2e10b68b31a24c0f:row:1640,6ivo|m0|B|301|-|ZN|-,6ivo,ZN,1,2,2,0.04859587,0.32525371,0.45038687,0.17576354
sha256:4748babd2b6ac0706cd9ed4bcfd4855c8d2c5535f01813fb2e10b68b31a24c0f:row:1645,1tk6|m0|A|1302|-|FE|-,1tk6,FE,1,3,0,0.48929825,0.05260368,0.14000159,0.31809648
sha256:4748babd2b6ac0706cd9ed4bcfd4855c8d2c5535f01813fb2e10b68b31a24c0f:row:1650,7yxj|m0|B|501|-|MN|-,7yxj,MN,1,0,0,0.51104770,0.04795472,0.08762199,0.35337559
sha256:4748babd2b6ac0706cd9ed4bcfd4855c8d2c5535f01813fb2e10b68b31a24c0f:row:1656,2ig9|m0|C|500|-|FE|-,2ig9,FE,1,3,3,0.14730428,0.05095794,0.07621201,0.72552577
sha256:4748babd2b6ac0706cd9ed4bcfd4855c8d2c5535f01813fb2e10b68b31a24c0f:row:1661,2dfj|m0|B|2001|-|MN|-,2dfj,MN,1,0,2,0.33597562,0.11094734,0.35863500,0.19444204
sha256:4748babd2b6ac0706cd9ed4bcfd4855c8d2c5535f01813fb2e10b68b31a24c0f:row:1670,3a0k|m0|E|238|-|MN|-,3a0k,MN,1,0,0,0.76880274,0.03448007,0.06879868,0.12791851
sha256:4748babd2b6ac0706cd9ed4bcfd4855c8d2c5535f01813fb2e10b68b31a24c0f:row:1673,4mfg|m0|D|202|-|NI|-,4mfg,NI,1,3,3,0.04743557,0.15909505,0.36739007,0.42607931
sha256:4748babd2b6ac0706cd9ed4bcfd4855c8d2c5535f01813fb2e10b68b31a24c0f:row:1678,5xwm|m0|A|401|-|ZN|-,5xwm,ZN,1,2,2,0.06181015,0.18217633,0.60663826,0.14937526
sha256:4748babd2b6ac0706cd9ed4bcfd4855c8d2c5535f01813fb2e10b68b31a24c0f:row:1683,8iqa|m0|D|300|-|NI|-,8iqa,NI,1,3,3,0.06243050,0.09230197,0.26039488,0.58487265
sha256:4748babd2b6ac0706cd9ed4bcfd4855c8d2c5535f01813fb2e10b68b31a24c0f:row:1698,1loc|m0|C|202|-|MN|-,1loc,MN,1,0,0,0.80393011,0.03559380,0.06708201,0.09339408
sha256:4748babd2b6ac0706cd9ed4bcfd4855c8d2c5535f01813fb2e10b68b31a24c0f:row:1701,8iqa|m0|B|300|-|NI|-,8iqa,NI,1,3,3,0.04990632,0.10435276,0.33533347,0.51040744
sha256:4748babd2b6ac0706cd9ed4bcfd4855c8d2c5535f01813fb2e10b68b31a24c0f:row:1707,3re7|m0|A|190|-|CU|-,3re7,CU,1,1,2,0.09720946,0.16892755,0.40325589,0.33060710
sha256:4748babd2b6ac0706cd9ed4bcfd4855c8d2c5535f01813fb2e10b68b31a24c0f:row:1722,3vmh|m0|B|501|-|FE|-,3vmh,FE,1,3,2,0.10854808,0.08602042,0.43710316,0.36832834
sha256:4748babd2b6ac0706cd9ed4bcfd4855c8d2c5535f01813fb2e10b68b31a24c0f:row:1733,8jq4|m0|B|502|-|MN|-,8jq4,MN,1,0,0,0.44594494,0.03765290,0.28922474,0.22717741
sha256:4748babd2b6ac0706cd9ed4bcfd4855c8d2c5535f01813fb2e10b68b31a24c0f:row:1735,2d7f|m0|F|239|-|MN|-,2d7f,MN,1,0,0,0.70338108,0.05058477,0.11643244,0.12960171
sha256:4748babd2b6ac0706cd9ed4bcfd4855c8d2c5535f01813fb2e10b68b31a24c0f:row:1736,4i8c|m0|C|603|-|NI|-,4i8c,NI,1,3,3,0.14290899,0.15011869,0.11345585,0.59351647
sha256:4748babd2b6ac0706cd9ed4bcfd4855c8d2c5535f01813fb2e10b68b31a24c0f:row:1742,4xsm|m0|D|401|-|MN|-,4xsm,MN,1,0,0,0.73028808,0.04992935,0.09574067,0.12404190
sha256:4748babd2b6ac0706cd9ed4bcfd4855c8d2c5535f01813fb2e10b68b31a24c0f:row:1745,5ao2|m0|C|1001|-|FE|-,5ao2,FE,1,3,3,0.18952799,0.06343800,0.30100504,0.44602897
sha256:4748babd2b6ac0706cd9ed4bcfd4855c8d2c5535f01813fb2e10b68b31a24c0f:row:1746,6g90|m0|H|1000|-|ZN|-,6g90,ZN,1,2,2,0.04808721,0.14382877,0.68167252,0.12641150
sha256:4748babd2b6ac0706cd9ed4bcfd4855c8d2c5535f01813fb2e10b68b31a24c0f:row:1748,4nbh|m0|C|501|-|FE|-,4nbh,FE,1,3,2,0.15581958,0.06300449,0.45709020,0.32408573
sha256:4748babd2b6ac0706cd9ed4bcfd4855c8d2c5535f01813fb2e10b68b31a24c0f:row:1749,1xik|m0|B|376|-|FE|-,1xik,FE,1,3,3,0.08944146,0.09146955,0.37660758,0.44248141
sha256:4748babd2b6ac0706cd9ed4bcfd4855c8d2c5535f01813fb2e10b68b31a24c0f:row:1760,2okn|m0|B|495|-|MN|-,2okn,MN,1,0,0,0.74659904,0.03951565,0.08761579,0.12626952
sha256:4748babd2b6ac0706cd9ed4bcfd4855c8d2c5535f01813fb2e10b68b31a24c0f:row:1763,2zcc|m0|A|79|-|ZN|-,2zcc,ZN,1,2,2,0.07535951,0.11953974,0.48745735,0.31764340
sha256:4748babd2b6ac0706cd9ed4bcfd4855c8d2c5535f01813fb2e10b68b31a24c0f:row:1767,1uli|m0|E|600|-|FE|-,1uli,FE,1,3,3,0.06713748,0.06058039,0.39434015,0.47794198
sha256:4748babd2b6ac0706cd9ed4bcfd4855c8d2c5535f01813fb2e10b68b31a24c0f:row:1769,2ox8|m0|B|3|-|ZN|-,2ox8,ZN,1,2,2,0.10919491,0.07242205,0.60731732,0.21106572
sha256:4748babd2b6ac0706cd9ed4bcfd4855c8d2c5535f01813fb2e10b68b31a24c0f:row:1776,1waa|m0|A|1090|-|ZN|-,1waa,ZN,1,2,2,0.03232883,0.30666270,0.57689753,0.08411095
sha256:4748babd2b6ac0706cd9ed4bcfd4855c8d2c5535f01813fb2e10b68b31a24c0f:row:1781,7q2a|m0|D|401|-|FE|-,7q2a,FE,1,3,3,0.19863585,0.05380185,0.09719597,0.65036632
sha256:4748babd2b6ac0706cd9ed4bcfd4855c8d2c5535f01813fb2e10b68b31a24c0f:row:1784,6k6s|m0|A|601|-|MN|-,6k6s,MN,1,0,2,0.34373704,0.08286590,0.42477085,0.14862621
sha256:4748babd2b6ac0706cd9ed4bcfd4855c8d2c5535f01813fb2e10b68b31a24c0f:row:1791,1s95|m0|A|502|-|MN|-,1s95,MN,1,0,0,0.63482267,0.06073543,0.08521651,0.21922539
sha256:4748babd2b6ac0706cd9ed4bcfd4855c8d2c5535f01813fb2e10b68b31a24c0f:row:1795,2qul|m0|B|291|-|MN|-,2qul,MN,1,0,0,0.71991517,0.03967499,0.06731033,0.17309951
sha256:4748babd2b6ac0706cd9ed4bcfd4855c8d2c5535f01813fb2e10b68b31a24c0f:row:1801,3vek|m0|C|401|-|ZN|-,3vek,ZN,1,2,2,0.05176383,0.05157654,0.73220897,0.16445065
sha256:4748babd2b6ac0706cd9ed4bcfd4855c8d2c5535f01813fb2e10b68b31a24c0f:row:1813,6b86|m0|B|601|-|CO|-,6b86,CO,1,3,3,0.07189516,0.11338266,0.14608122,0.66864096
sha256:4748babd2b6ac0706cd9ed4bcfd4855c8d2c5535f01813fb2e10b68b31a24c0f:row:1824,3tmb|m0|B|309|-|FE|-,3tmb,FE,1,3,3,0.24596473,0.05012551,0.09074470,0.61316506
sha256:4748babd2b6ac0706cd9ed4bcfd4855c8d2c5535f01813fb2e10b68b31a24c0f:row:1827,2pvx|m0|B|902|-|ZN|-,2pvx,ZN,1,2,2,0.07630292,0.05195767,0.71223946,0.15949996
sha256:4748babd2b6ac0706cd9ed4bcfd4855c8d2c5535f01813fb2e10b68b31a24c0f:row:1830,6srg|m0|A|502|-|MN|-,6srg,MN,1,0,0,0.64979348,0.03921540,0.07181981,0.23917132
sha256:4748babd2b6ac0706cd9ed4bcfd4855c8d2c5535f01813fb2e10b68b31a24c0f:row:1831,3g4z|m0|A|201|-|NI|-,3g4z,NI,1,3,3,0.05758922,0.15524260,0.30908999,0.47807819
sha256:4748babd2b6ac0706cd9ed4bcfd4855c8d2c5535f01813fb2e10b68b31a24c0f:row:1848,4i5n|m0|F|602|-|MN|-,4i5n,MN,1,0,0,0.39219891,0.04137185,0.36760293,0.19882632
sha256:4748babd2b6ac0706cd9ed4bcfd4855c8d2c5535f01813fb2e10b68b31a24c0f:row:1849,3mbg|m0|A|3|-|ZN|-,3mbg,ZN,1,2,2,0.08193600,0.06670087,0.45407954,0.39728359
sha256:4748babd2b6ac0706cd9ed4bcfd4855c8d2c5535f01813fb2e10b68b31a24c0f:row:1852,3tm8|m0|B|903|-|FE|-,3tm8,FE,1,3,3,0.22852050,0.05064751,0.08506733,0.63576466
sha256:4748babd2b6ac0706cd9ed4bcfd4855c8d2c5535f01813fb2e10b68b31a24c0f:row:1853,6uca|m0|A|1004|-|ZN|-,6uca,ZN,1,2,2,0.04122002,0.06115094,0.82744910,0.07017993
sha256:4748babd2b6ac0706cd9ed4bcfd4855c8d2c5535f01813fb2e10b68b31a24c0f:row:1855,1mrr|m0|A|401|-|MN|-,1mrr,MN,1,0,0,0.55997617,0.07573795,0.12054053,0.24374535
sha256:4748babd2b6ac0706cd9ed4bcfd4855c8d2c5535f01813fb2e10b68b31a24c0f:row:1857,5fd3|m0|A|703|-|ZN|-,5fd3,ZN,1,2,2,0.04770520,0.06968587,0.56634699,0.31626194
sha256:4748babd2b6ac0706cd9ed4bcfd4855c8d2c5535f01813fb2e10b68b31a24c0f:row:1859,8jq5|m0|D|501|-|MN|-,8jq5,MN,1,0,0,0.80916278,0.03970969,0.06818337,0.08294416
sha256:4748babd2b6ac0706cd9ed4bcfd4855c8d2c5535f01813fb2e10b68b31a24c0f:row:1861,2qum|m0|D|292|-|MN|-,2qum,MN,1,0,0,0.74112533,0.03908757,0.06487879,0.15490831
sha256:4748babd2b6ac0706cd9ed4bcfd4855c8d2c5535f01813fb2e10b68b31a24c0f:row:1865,7v3e|m0|C|406|-|FE|-,7v3e,FE,1,3,0,0.52448859,0.07350856,0.08455661,0.31744624
sha256:4748babd2b6ac0706cd9ed4bcfd4855c8d2c5535f01813fb2e10b68b31a24c0f:row:1867,1piy|m0|A|377|-|FE|-,1piy,FE,1,3,2,0.17901833,0.05238143,0.41993841,0.34866182
sha256:4748babd2b6ac0706cd9ed4bcfd4855c8d2c5535f01813fb2e10b68b31a24c0f:row:1868,6f2b|m0|A|401|-|FE|-,6f2b,FE,1,3,3,0.39935948,0.06745738,0.09856897,0.43461417
sha256:4748babd2b6ac0706cd9ed4bcfd4855c8d2c5535f01813fb2e10b68b31a24c0f:row:1873,1zvf|m0|B|202|-|NI|-,1zvf,NI,1,3,3,0.29824097,0.06861326,0.21194620,0.42119957
sha256:4748babd2b6ac0706cd9ed4bcfd4855c8d2c5535f01813fb2e10b68b31a24c0f:row:1878,4yts|m0|C|401|-|MN|-,4yts,MN,1,0,0,0.69088608,0.04451263,0.12148357,0.14311771
sha256:4748babd2b6ac0706cd9ed4bcfd4855c8d2c5535f01813fb2e10b68b31a24c0f:row:1886,4z6n|m0|D|401|-|FE|-,4z6n,FE,1,3,3,0.09875650,0.05108940,0.06757262,0.78258148
sha256:4748babd2b6ac0706cd9ed4bcfd4855c8d2c5535f01813fb2e10b68b31a24c0f:row:1890,7dd9|m0|A|1602|-|ZN|-,7dd9,ZN,1,2,2,0.03972636,0.06908251,0.80718230,0.08400883
sha256:4748babd2b6ac0706cd9ed4bcfd4855c8d2c5535f01813fb2e10b68b31a24c0f:row:1891,6sf5|m0|B|501|-|MN|-,6sf5,MN,1,0,0,0.54267923,0.03617038,0.11425416,0.30689622
sha256:4748babd2b6ac0706cd9ed4bcfd4855c8d2c5535f01813fb2e10b68b31a24c0f:row:1901,3hhs|m0|B|1|-|CU|-,3hhs,CU,1,1,1,0.04020348,0.41405437,0.31247535,0.23326680
sha256:4748babd2b6ac0706cd9ed4bcfd4855c8d2c5535f01813fb2e10b68b31a24c0f:row:1902,2q0j|m0|B|998|-|FE|-,2q0j,FE,1,3,3,0.11720619,0.06215102,0.28988633,0.53075646
sha256:4748babd2b6ac0706cd9ed4bcfd4855c8d2c5535f01813fb2e10b68b31a24c0f:row:1907,1qdo|m0|A|240|-|MN|-,1qdo,MN,1,0,0,0.72343511,0.04158259,0.09974478,0.13523752
sha256:4748babd2b6ac0706cd9ed4bcfd4855c8d2c5535f01813fb2e10b68b31a24c0f:row:1909,2ef6|m0|C|239|-|MN|-,2ef6,MN,1,0,0,0.78314669,0.03981660,0.07439314,0.10264357
sha256:4748babd2b6ac0706cd9ed4bcfd4855c8d2c5535f01813fb2e10b68b31a24c0f:row:1913,1aso|m0|A|554|-|CU|-,1aso,CU,1,1,2,0.03857083,0.38668017,0.44479616,0.12995285
sha256:4748babd2b6ac0706cd9ed4bcfd4855c8d2c5535f01813fb2e10b68b31a24c0f:row:1917,5m4q|m0|A|499|-|MN|-,5m4q,MN,1,0,0,0.72370644,0.03883532,0.09545055,0.14200769
sha256:4748babd2b6ac0706cd9ed4bcfd4855c8d2c5535f01813fb2e10b68b31a24c0f:row:1918,7jsd|m0|B|403|-|FE|-,7jsd,FE,1,3,3,0.09092409,0.11236444,0.26041798,0.53629349
sha256:4748babd2b6ac0706cd9ed4bcfd4855c8d2c5535f01813fb2e10b68b31a24c0f:row:1922,1ips|m0|A|351|-|MN|-,1ips,MN,1,0,0,0.50931660,0.08243745,0.24047682,0.16776913
sha256:4748babd2b6ac0706cd9ed4bcfd4855c8d2c5535f01813fb2e10b68b31a24c0f:row:1941,3rgt|m0|B|406|-|CO|-,3rgt,CO,1,3,0,0.50895165,0.05150640,0.18189692,0.25764502
sha256:4748babd2b6ac0706cd9ed4bcfd4855c8d2c5535f01813fb2e10b68b31a24c0f:row:1947,4k1y|m0|C|301|-|MN|-,4k1y,MN,1,0,0,0.72942231,0.04862141,0.09524182,0.12671445
sha256:4748babd2b6ac0706cd9ed4bcfd4855c8d2c5535f01813fb2e10b68b31a24c0f:row:1956,4z6n|m0|C|401|-|FE|-,4z6n,FE,1,3,3,0.29207371,0.05080435,0.07071920,0.58640274
sha256:4748babd2b6ac0706cd9ed4bcfd4855c8d2c5535f01813fb2e10b68b31a24c0f:row:1958,4z6l|m0|A|401|-|FE|-,4z6l,FE,1,3,3,0.17811390,0.05571418,0.06281281,0.70335911
sha256:4748babd2b6ac0706cd9ed4bcfd4855c8d2c5535f01813fb2e10b68b31a24c0f:row:1960,8kg9|m0|7|901|-|ZN|-,8kg9,ZN,1,2,2,0.04070825,0.28211035,0.56072676,0.11645464
sha256:4748babd2b6ac0706cd9ed4bcfd4855c8d2c5535f01813fb2e10b68b31a24c0f:row:1964,2qun|m0|D|292|-|MN|-,2qun,MN,1,0,0,0.70692496,0.04079088,0.07278125,0.17950291
sha256:4748babd2b6ac0706cd9ed4bcfd4855c8d2c5535f01813fb2e10b68b31a24c0f:row:1978,4bzc|m0|B|750|-|MN|-,4bzc,MN,1,0,3,0.33961961,0.04599124,0.26761023,0.34677893
sha256:4748babd2b6ac0706cd9ed4bcfd4855c8d2c5535f01813fb2e10b68b31a24c0f:row:1983,3lat|m0|B|218|-|ZN|-,3lat,ZN,1,2,2,0.15511264,0.08016571,0.63520890,0.12951275
sha256:4748babd2b6ac0706cd9ed4bcfd4855c8d2c5535f01813fb2e10b68b31a24c0f:row:1985,5bwg|m0|D|401|-|FE|-,5bwg,FE,1,3,3,0.15297207,0.04628791,0.07787680,0.72286322
sha256:4748babd2b6ac0706cd9ed4bcfd4855c8d2c5535f01813fb2e10b68b31a24c0f:row:1987,4hd0|m0|B|402|-|MN|-,4hd0,MN,1,0,0,0.36460226,0.09089976,0.22449215,0.32000584
sha256:4748babd2b6ac0706cd9ed4bcfd4855c8d2c5535f01813fb2e10b68b31a24c0f:row:1989,7wkv|m0|A|301|-|MN|-,7wkv,MN,1,0,0,0.58831178,0.04231707,0.08795789,0.28141326
sha256:4748babd2b6ac0706cd9ed4bcfd4855c8d2c5535f01813fb2e10b68b31a24c0f:row:1995,4llb|m0|A|403|-|ZN|-,4llb,ZN,1,2,2,0.03923144,0.10332377,0.54644001,0.31100478
sha256:4748babd2b6ac0706cd9ed4bcfd4855c8d2c5535f01813fb2e10b68b31a24c0f:row:2002,8gui|m0|K|1001|-|ZN|-,8gui,ZN,1,2,2,0.03760751,0.08140161,0.78843160,0.09255928
sha256:4748babd2b6ac0706cd9ed4bcfd4855c8d2c5535f01813fb2e10b68b31a24c0f:row:2013,7mc9|m0|K|301|-|ZN|-,7mc9,ZN,1,2,2,0.04121630,0.08592298,0.53102368,0.34183704
sha256:4748babd2b6ac0706cd9ed4bcfd4855c8d2c5535f01813fb2e10b68b31a24c0f:row:2014,5yw3|m0|C|201|-|CU|-,5yw3,CU,1,1,1,0.03205482,0.69041293,0.20880550,0.06872675
sha256:4748babd2b6ac0706cd9ed4bcfd4855c8d2c5535f01813fb2e10b68b31a24c0f:row:2015,4nbf|m0|C|501|-|FE|-,4nbf,FE,1,3,2,0.11140777,0.07234779,0.48140291,0.33484153
sha256:4748babd2b6ac0706cd9ed4bcfd4855c8d2c5535f01813fb2e10b68b31a24c0f:row:2018,1xzw|m0|A|429|-|FE|-,1xzw,FE,1,3,0,0.70607598,0.08986602,0.09712153,0.10693647
sha256:4748babd2b6ac0706cd9ed4bcfd4855c8d2c5535f01813fb2e10b68b31a24c0f:row:2029,2v8t|m0|A|1304|-|MN|-,2v8t,MN,1,0,0,0.38269686,0.04929829,0.30621046,0.26179439
sha256:4748babd2b6ac0706cd9ed4bcfd4855c8d2c5535f01813fb2e10b68b31a24c0f:row:2036,5wze|m0|B|511|-|MN|-,5wze,MN,1,0,0,0.61938972,0.04076315,0.15724675,0.18260037
sha256:4748babd2b6ac0706cd9ed4bcfd4855c8d2c5535f01813fb2e10b68b31a24c0f:row:2037,7kzz|m0|A|301|-|ZN|-,7kzz,ZN,1,2,3,0.20102833,0.06448179,0.16383245,0.57065744
sha256:4748babd2b6ac0706cd9ed4bcfd4855c8d2c5535f01813fb2e10b68b31a24c0f:row:2054,4eeg|m0|A|404|-|MN|-,4eeg,MN,1,0,0,0.75104206,0.04359956,0.08252513,0.12283325
sha256:4748babd2b6ac0706cd9ed4bcfd4855c8d2c5535f01813fb2e10b68b31a24c0f:row:2059,3a0k|m0|C|238|-|MN|-,3a0k,MN,1,0,0,0.74196844,0.03801648,0.08043323,0.13958186
sha256:4748babd2b6ac0706cd9ed4bcfd4855c8d2c5535f01813fb2e10b68b31a24c0f:row:2068,1guq|m0|D|351|-|FE|-,1guq,FE,1,3,3,0.08394048,0.07405093,0.35806162,0.48394696
sha256:4748babd2b6ac0706cd9ed4bcfd4855c8d2c5535f01813fb2e10b68b31a24c0f:row:2078,7v0c|m0|C|603|-|MN|-,7v0c,MN,1,0,0,0.76350234,0.03845724,0.07186537,0.12617505
sha256:4748babd2b6ac0706cd9ed4bcfd4855c8d2c5535f01813fb2e10b68b31a24c0f:row:2082,7t8p|m0|B|601|-|FE|-,7t8p,FE,1,3,3,0.06912573,0.09775654,0.10446128,0.72865646
sha256:4748babd2b6ac0706cd9ed4bcfd4855c8d2c5535f01813fb2e10b68b31a24c0f:row:2084,7y11|m0|A|403|-|NI|-,7y11,NI,1,3,2,0.08254473,0.12590381,0.54835532,0.24319614
sha256:4748babd2b6ac0706cd9ed4bcfd4855c8d2c5535f01813fb2e10b68b31a24c0f:row:2087,1loc|m0|E|202|-|MN|-,1loc,MN,1,0,0,0.75964750,0.03847359,0.07286233,0.12901658
sha256:4748babd2b6ac0706cd9ed4bcfd4855c8d2c5535f01813fb2e10b68b31a24c0f:row:2092,1waa|m0|A|1093|-|ZN|-,1waa,ZN,1,2,2,0.06731341,0.07035773,0.65958810,0.20274076
sha256:4748babd2b6ac0706cd9ed4bcfd4855c8d2c5535f01813fb2e10b68b31a24c0f:row:2097,3rgt|m0|C|406|-|CO|-,3rgt,CO,1,3,0,0.53872483,0.04727405,0.15534296,0.25865816
sha256:4748babd2b6ac0706cd9ed4bcfd4855c8d2c5535f01813fb2e10b68b31a24c0f:row:2100,5yw3|m0|A|201|-|CU|-,5yw3,CU,1,1,1,0.03264340,0.74539265,0.15227736,0.06968660
sha256:4748babd2b6ac0706cd9ed4bcfd4855c8d2c5535f01813fb2e10b68b31a24c0f:row:2114,7m4n|m0|A|802|-|ZN|-,7m4n,ZN,1,2,2,0.06069340,0.06002081,0.73889772,0.14038808
sha256:4748babd2b6ac0706cd9ed4bcfd4855c8d2c5535f01813fb2e10b68b31a24c0f:row:2127,2yz5|m0|A|502|-|FE|-,2yz5,FE,1,3,0,0.51039607,0.06915903,0.11607252,0.30437238
sha256:4748babd2b6ac0706cd9ed4bcfd4855c8d2c5535f01813fb2e10b68b31a24c0f:row:2133,6ll1|m0|C|403|-|FE|-,6ll1,FE,1,3,3,0.10347515,0.05370351,0.38436998,0.45845136
sha256:4748babd2b6ac0706cd9ed4bcfd4855c8d2c5535f01813fb2e10b68b31a24c0f:row:2138,3nwk|m0|D|239|-|MN|-,3nwk,MN,1,0,0,0.74990806,0.03474684,0.07811034,0.13723477
sha256:4748babd2b6ac0706cd9ed4bcfd4855c8d2c5535f01813fb2e10b68b31a24c0f:row:2148,5bwh|m0|C|401|-|FE|-,5bwh,FE,1,3,3,0.16028311,0.04420627,0.07547879,0.72003183
sha256:4748babd2b6ac0706cd9ed4bcfd4855c8d2c5535f01813fb2e10b68b31a24c0f:row:2164,6h2p|m0|B|502|-|MN|-,6h2p,MN,1,0,0,0.74143110,0.03771014,0.11097733,0.10988143
sha256:4748babd2b6ac0706cd9ed4bcfd4855c8d2c5535f01813fb2e10b68b31a24c0f:row:2167,7mc9|m0|A|3703|-|ZN|-,7mc9,ZN,1,2,2,0.16816489,0.09169067,0.55238354,0.18776091
sha256:4748babd2b6ac0706cd9ed4bcfd4855c8d2c5535f01813fb2e10b68b31a24c0f:row:2171,4d0y|m0|B|1245|-|ZN|-,4d0y,ZN,1,2,2,0.21600637,0.09095325,0.44257467,0.25046571
sha256:4748babd2b6ac0706cd9ed4bcfd4855c8d2c5535f01813fb2e10b68b31a24c0f:row:2173,1e6a|m0|A|2004|-|MN|-,1e6a,MN,1,0,0,0.71175712,0.03665607,0.12393278,0.12765403
sha256:4748babd2b6ac0706cd9ed4bcfd4855c8d2c5535f01813fb2e10b68b31a24c0f:row:2178,3ojt|m0|C|500|-|FE|-,3ojt,FE,1,3,3,0.13137786,0.05168864,0.06942860,0.74750490
sha256:4748babd2b6ac0706cd9ed4bcfd4855c8d2c5535f01813fb2e10b68b31a24c0f:row:2196,4hcg|m0|A|203|-|ZN|-,4hcg,ZN,1,2,2,0.11437765,0.06018276,0.58177520,0.24366440
sha256:4748babd2b6ac0706cd9ed4bcfd4855c8d2c5535f01813fb2e10b68b31a24c0f:row:2205,1i74|m0|B|402|-|MN|-,1i74,MN,1,0,0,0.74667090,0.03559704,0.07956338,0.13816868
sha256:4748babd2b6ac0706cd9ed4bcfd4855c8d2c5535f01813fb2e10b68b31a24c0f:row:2210,7zcc|m0|A|401|-|MN|-,7zcc,MN,1,0,0,0.44715875,0.05909013,0.06971806,0.42403306
sha256:4748babd2b6ac0706cd9ed4bcfd4855c8d2c5535f01813fb2e10b68b31a24c0f:row:2214,2je9|m0|A|1241|-|MN|-,2je9,MN,1,0,0,0.77036542,0.03708677,0.06416260,0.12838522
sha256:4748babd2b6ac0706cd9ed4bcfd4855c8d2c5535f01813fb2e10b68b31a24c0f:row:2218,4qbq|m0|A|703|-|ZN|-,4qbq,ZN,1,2,2,0.03699548,0.06969044,0.75091529,0.14239879
sha256:4748babd2b6ac0706cd9ed4bcfd4855c8d2c5535f01813fb2e10b68b31a24c0f:row:2220,6vp5|m0|C|401|-|FE|-,6vp5,FE,1,3,3,0.13173873,0.06383055,0.12095727,0.68347344
sha256:4748babd2b6ac0706cd9ed4bcfd4855c8d2c5535f01813fb2e10b68b31a24c0f:row:2227,7l28|m0|A|1102|-|MN|-,7l28,MN,1,0,0,0.56300703,0.04537843,0.07982754,0.31178700
sha256:4748babd2b6ac0706cd9ed4bcfd4855c8d2c5535f01813fb2e10b68b31a24c0f:row:2228,5m4q|m0|B|500|-|MN|-,5m4q,MN,1,0,0,0.74395901,0.04111519,0.10622932,0.10869648
sha256:4748babd2b6ac0706cd9ed4bcfd4855c8d2c5535f01813fb2e10b68b31a24c0f:row:2240,5elh|m0|A|201|-|ZN|-,5elh,ZN,1,2,2,0.05423118,0.06915850,0.70667248,0.16993785
sha256:4748babd2b6ac0706cd9ed4bcfd4855c8d2c5535f01813fb2e10b68b31a24c0f:row:2247,8jq5|m0|C|501|-|MN|-,8jq5,MN,1,0,0,0.77958135,0.05391590,0.06786314,0.09863961
sha256:4748babd2b6ac0706cd9ed4bcfd4855c8d2c5535f01813fb2e10b68b31a24c0f:row:2250,2d7f|m0|S|239|-|MN|-,2d7f,MN,1,0,0,0.71673074,0.05078108,0.10201970,0.13046849
sha256:4748babd2b6ac0706cd9ed4bcfd4855c8d2c5535f01813fb2e10b68b31a24c0f:row:2253,6mm1|m0|A|603|-|ZN|-,6mm1,ZN,1,2,2,0.04751932,0.06890422,0.80132400,0.08225246
sha256:4748babd2b6ac0706cd9ed4bcfd4855c8d2c5535f01813fb2e10b68b31a24c0f:row:2261,4q7i|m0|A|601|-|MN|-,4q7i,MN,1,0,0,0.76506465,0.03951890,0.06443334,0.13098311
sha256:4748babd2b6ac0706cd9ed4bcfd4855c8d2c5535f01813fb2e10b68b31a24c0f:row:2263,4uer|m0|9|201|-|ZN|-,4uer,ZN,1,2,2,0.04658592,0.07218495,0.76070470,0.12052443
sha256:4748babd2b6ac0706cd9ed4bcfd4855c8d2c5535f01813fb2e10b68b31a24c0f:row:2272,1lob|m0|C|459|-|MN|-,1lob,MN,1,0,0,0.76027569,0.03812427,0.07834854,0.12325150
sha256:4748babd2b6ac0706cd9ed4bcfd4855c8d2c5535f01813fb2e10b68b31a24c0f:row:2288,5mc4|m0|A|499|-|MN|-,5mc4,MN,1,0,0,0.72869672,0.03938345,0.08083679,0.15108304
sha256:4748babd2b6ac0706cd9ed4bcfd4855c8d2c5535f01813fb2e10b68b31a24c0f:row:2296,2ae7|m0|C|404|-|MN|-,2ae7,MN,1,0,0,0.67740765,0.04501822,0.07676414,0.20080999
sha256:4748babd2b6ac0706cd9ed4bcfd4855c8d2c5535f01813fb2e10b68b31a24c0f:row:2297,6xj5|m0|A|501|-|ZN|-,6xj5,ZN,1,2,2,0.16163967,0.05737436,0.55735269,0.22363328
sha256:4748babd2b6ac0706cd9ed4bcfd4855c8d2c5535f01813fb2e10b68b31a24c0f:row:2301,7l29|m0|C|1102|-|MN|-,7l29,MN,1,0,0,0.71588331,0.03529988,0.05821242,0.19060439
sha256:4748babd2b6ac0706cd9ed4bcfd4855c8d2c5535f01813fb2e10b68b31a24c0f:row:2303,4nbf|m0|B|501|-|FE|-,4nbf,FE,1,3,2,0.12945351,0.07781664,0.46036139,0.33236846
sha256:4748babd2b6ac0706cd9ed4bcfd4855c8d2c5535f01813fb2e10b68b31a24c0f:row:2318,1jyi|m0|B|403|-|MN|-,1jyi,MN,1,0,0,0.81031249,0.04347958,0.06658038,0.07962755
sha256:4748babd2b6ac0706cd9ed4bcfd4855c8d2c5535f01813fb2e10b68b31a24c0f:row:2325,7vhy|m0|A|1702|-|ZN|-,7vhy,ZN,1,2,2,0.04060286,0.05565136,0.79957132,0.10417446
sha256:4748babd2b6ac0706cd9ed4bcfd4855c8d2c5535f01813fb2e10b68b31a24c0f:row:2334,4p9w|m0|D|302|-|MN|-,4p9w,MN,1,0,0,0.78125621,0.03506612,0.07242528,0.11125239
sha256:4748babd2b6ac0706cd9ed4bcfd4855c8d2c5535f01813fb2e10b68b31a24c0f:row:2336,8can|m0|A|804|-|CU|-,8can,CU,1,1,2,0.03847380,0.36920800,0.51693694,0.07538126
sha256:4748babd2b6ac0706cd9ed4bcfd4855c8d2c5535f01813fb2e10b68b31a24c0f:row:2343,3uu0|m0|A|419|-|MN|-,3uu0,MN,1,0,0,0.76340004,0.03860312,0.07378222,0.12421462
sha256:4748babd2b6ac0706cd9ed4bcfd4855c8d2c5535f01813fb2e10b68b31a24c0f:row:2354,3ee5|m0|C|400|-|MN|-,3ee5,MN,1,0,0,0.72642136,0.03967339,0.07101376,0.16289149
sha256:4748babd2b6ac0706cd9ed4bcfd4855c8d2c5535f01813fb2e10b68b31a24c0f:row:2365,1tjo|m0|C|1304|-|FE|-,1tjo,FE,1,3,3,0.36142625,0.04011712,0.13464888,0.46380775
sha256:4748babd2b6ac0706cd9ed4bcfd4855c8d2c5535f01813fb2e10b68b31a24c0f:row:2368,3vnl|m0|D|302|-|MN|-,3vnl,MN,1,0,0,0.66454446,0.03814841,0.09016820,0.20713893
sha256:4748babd2b6ac0706cd9ed4bcfd4855c8d2c5535f01813fb2e10b68b31a24c0f:row:2369,5zac|m0|B|301|-|MN|-,5zac,MN,1,0,0,0.71709410,0.04422746,0.11841401,0.12026444
sha256:4748babd2b6ac0706cd9ed4bcfd4855c8d2c5535f01813fb2e10b68b31a24c0f:row:2376,3pn3|m0|A|1001|-|ZN|-,3pn3,ZN,1,2,2,0.07516774,0.12651249,0.41085065,0.38746912
sha256:4748babd2b6ac0706cd9ed4bcfd4855c8d2c5535f01813fb2e10b68b31a24c0f:row:2384,7exz|m0|A|401|-|MN|-,7exz,MN,1,0,0,0.74751094,0.04630385,0.07074637,0.13543884
sha256:4748babd2b6ac0706cd9ed4bcfd4855c8d2c5535f01813fb2e10b68b31a24c0f:row:2385,6srg|m0|B|501|-|MN|-,6srg,MN,1,0,0,0.67328617,0.03829510,0.08028032,0.20813841
sha256:4748babd2b6ac0706cd9ed4bcfd4855c8d2c5535f01813fb2e10b68b31a24c0f:row:2394,2v8t|m0|A|1303|-|MN|-,2v8t,MN,1,0,0,0.48916885,0.03661496,0.25351574,0.22070045
sha256:4748babd2b6ac0706cd9ed4bcfd4855c8d2c5535f01813fb2e10b68b31a24c0f:row:2399,7bug|m0|A|402|-|FE|-,7bug,FE,1,3,3,0.14820857,0.04399942,0.30806098,0.49973102
sha256:4748babd2b6ac0706cd9ed4bcfd4855c8d2c5535f01813fb2e10b68b31a24c0f:row:2407,6vp5|m0|B|401|-|FE|-,6vp5,FE,1,3,3,0.16709221,0.05861939,0.11944216,0.65484624
sha256:4748babd2b6ac0706cd9ed4bcfd4855c8d2c5535f01813fb2e10b68b31a24c0f:row:2408,5cvi|m0|A|301|-|ZN|-,5cvi,ZN,1,2,2,0.22789591,0.07488079,0.44685190,0.25037140
sha256:4748babd2b6ac0706cd9ed4bcfd4855c8d2c5535f01813fb2e10b68b31a24c0f:row:2428,2je9|m0|C|1241|-|MN|-,2je9,MN,1,0,0,0.73709765,0.03740947,0.06585458,0.15963830
sha256:4748babd2b6ac0706cd9ed4bcfd4855c8d2c5535f01813fb2e10b68b31a24c0f:row:2432,3ecj|m0|D|500|-|FE|-,3ecj,FE,1,3,3,0.12924594,0.05887908,0.06694998,0.74492500
sha256:4748babd2b6ac0706cd9ed4bcfd4855c8d2c5535f01813fb2e10b68b31a24c0f:row:2438,3rmu|m0|A|1|-|CO|-,3rmu,CO,1,3,2,0.11035856,0.05778838,0.44167319,0.39017987
sha256:4748babd2b6ac0706cd9ed4bcfd4855c8d2c5535f01813fb2e10b68b31a24c0f:row:2440,1pim|m0|B|403|-|FE|-,1pim,FE,1,3,0,0.45995302,0.05053179,0.11358246,0.37593273
sha256:4748babd2b6ac0706cd9ed4bcfd4855c8d2c5535f01813fb2e10b68b31a24c0f:row:2443,1txo|m0|A|700|-|MN|-,1txo,MN,1,0,0,0.79974954,0.03465920,0.08739467,0.07819659
sha256:4748babd2b6ac0706cd9ed4bcfd4855c8d2c5535f01813fb2e10b68b31a24c0f:row:2453,4n7t|m0|B|502|-|MN|-,4n7t,MN,1,0,0,0.64350062,0.06259156,0.12144349,0.17246433
sha256:4748babd2b6ac0706cd9ed4bcfd4855c8d2c5535f01813fb2e10b68b31a24c0f:row:2455,4pxy|m0|A|305|-|ZN|-,4pxy,ZN,1,2,2,0.09111525,0.12202361,0.61731191,0.16954923
sha256:4748babd2b6ac0706cd9ed4bcfd4855c8d2c5535f01813fb2e10b68b31a24c0f:row:2462,2yz5|m0|A|503|-|FE|-,2yz5,FE,1,3,0,0.40629295,0.06066817,0.15848891,0.37454997
sha256:4748babd2b6ac0706cd9ed4bcfd4855c8d2c5535f01813fb2e10b68b31a24c0f:row:2465,1ips|m0|B|350|-|MN|-,1ips,MN,1,0,0,0.52127869,0.04266952,0.26696956,0.16908222
sha256:4748babd2b6ac0706cd9ed4bcfd4855c8d2c5535f01813fb2e10b68b31a24c0f:row:2470,1qdo|m0|C|244|-|MN|-,1qdo,MN,1,0,0,0.72173554,0.03747876,0.10317753,0.13760817
sha256:4748babd2b6ac0706cd9ed4bcfd4855c8d2c5535f01813fb2e10b68b31a24c0f:row:2475,2je9|m0|B|1241|-|MN|-,2je9,MN,1,0,0,0.72648245,0.03843193,0.06900095,0.16608468
sha256:4748babd2b6ac0706cd9ed4bcfd4855c8d2c5535f01813fb2e10b68b31a24c0f:row:2477,2qun|m0|B|292|-|MN|-,2qun,MN,1,0,0,0.69643984,0.04006450,0.07667925,0.18681642
sha256:4748babd2b6ac0706cd9ed4bcfd4855c8d2c5535f01813fb2e10b68b31a24c0f:row:2486,2vje|m0|B|1492|-|ZN|-,2vje,ZN,1,2,2,0.04177832,0.16013045,0.64611548,0.15197575
sha256:4748babd2b6ac0706cd9ed4bcfd4855c8d2c5535f01813fb2e10b68b31a24c0f:row:2488,2vun|m0|A|401|-|ZN|-,2vun,ZN,1,2,3,0.18796295,0.05811310,0.13325213,0.62067182
sha256:4748babd2b6ac0706cd9ed4bcfd4855c8d2c5535f01813fb2e10b68b31a24c0f:row:2495,2qra|m0|C|2100|-|ZN|-,2qra,ZN,1,2,2,0.04303700,0.06303932,0.80056192,0.09336177
sha256:4748babd2b6ac0706cd9ed4bcfd4855c8d2c5535f01813fb2e10b68b31a24c0f:row:2502,4ytu|m0|D|401|-|MN|-,4ytu,MN,1,0,0,0.71817273,0.05785416,0.10034330,0.12362981
sha256:4748babd2b6ac0706cd9ed4bcfd4855c8d2c5535f01813fb2e10b68b31a24c0f:row:2512,5m4o|m0|H|401|-|FE|-,5m4o,FE,1,3,3,0.12656814,0.11241859,0.36285188,0.39816139
sha256:4748babd2b6ac0706cd9ed4bcfd4855c8d2c5535f01813fb2e10b68b31a24c0f:row:2515,6ibi|m0|A|201|-|CU|-,6ibi,CU,1,1,2,0.07777472,0.17721641,0.45319881,0.29181006
sha256:4748babd2b6ac0706cd9ed4bcfd4855c8d2c5535f01813fb2e10b68b31a24c0f:row:2519,5aeu|m0|A|501|-|FE|-,5aeu,FE,1,3,3,0.14968207,0.04299268,0.30157239,0.50575286
sha256:4748babd2b6ac0706cd9ed4bcfd4855c8d2c5535f01813fb2e10b68b31a24c0f:row:2523,7l29|m0|A|1102|-|MN|-,7l29,MN,1,0,0,0.64377470,0.03694771,0.07076817,0.24850941
sha256:4748babd2b6ac0706cd9ed4bcfd4855c8d2c5535f01813fb2e10b68b31a24c0f:row:2530,7e0l|m0|M|603|-|FE|-,7e0l,FE,1,3,2,0.05013728,0.05730871,0.71446067,0.17809335
sha256:4748babd2b6ac0706cd9ed4bcfd4855c8d2c5535f01813fb2e10b68b31a24c0f:row:2532,6omq|m0|B|407|-|MN|-,6omq,MN,1,0,0,0.59993678,0.04209073,0.10136506,0.25660743
sha256:4748babd2b6ac0706cd9ed4bcfd4855c8d2c5535f01813fb2e10b68b31a24c0f:row:2535,4ytt|m0|A|401|-|MN|-,4ytt,MN,1,0,0,0.75030389,0.03675481,0.06798134,0.14495996
sha256:4748babd2b6ac0706cd9ed4bcfd4855c8d2c5535f01813fb2e10b68b31a24c0f:row:2536,7yi0|m0|D|703|-|ZN|-,7yi0,ZN,1,2,2,0.06940770,0.06269429,0.77081267,0.09708534
sha256:4748babd2b6ac0706cd9ed4bcfd4855c8d2c5535f01813fb2e10b68b31a24c0f:row:2540,4gnd|m0|A|1501|-|ZN|-,4gnd,ZN,1,2,2,0.04221953,0.06796436,0.77031370,0.11950241
sha256:4748babd2b6ac0706cd9ed4bcfd4855c8d2c5535f01813fb2e10b68b31a24c0f:row:2544,5elh|m0|A|202|-|ZN|-,5elh,ZN,1,2,2,0.05729693,0.06659641,0.75355862,0.12254805
sha256:4748babd2b6ac0706cd9ed4bcfd4855c8d2c5535f01813fb2e10b68b31a24c0f:row:2545,5yeg|m0|A|502|-|ZN|-,5yeg,ZN,1,2,2,0.07465889,0.10446755,0.58334606,0.23752750
sha256:4748babd2b6ac0706cd9ed4bcfd4855c8d2c5535f01813fb2e10b68b31a24c0f:row:2549,4k1g|m0|A|302|-|ZN|-,4k1g,ZN,1,2,2,0.08377537,0.10513511,0.53570565,0.27538387
sha256:4748babd2b6ac0706cd9ed4bcfd4855c8d2c5535f01813fb2e10b68b31a24c0f:row:2552,5din|m0|A|203|-|ZN|-,5din,ZN,1,2,2,0.03980242,0.14395949,0.73777905,0.07845905
sha256:4748babd2b6ac0706cd9ed4bcfd4855c8d2c5535f01813fb2e10b68b31a24c0f:row:2553,5iqk|m0|A|401|-|ZN|-,5iqk,ZN,1,2,2,0.06395347,0.25817822,0.39548880,0.28237951
sha256:4748babd2b6ac0706cd9ed4bcfd4855c8d2c5535f01813fb2e10b68b31a24c0f:row:2556,4ooe|m0|A|501|-|MN|-,4ooe,MN,1,0,0,0.71775428,0.03847171,0.13787181,0.10590221
sha256:4748babd2b6ac0706cd9ed4bcfd4855c8d2c5535f01813fb2e10b68b31a24c0f:row:2570,5hyn|m0|A|1002|-|ZN|-,5hyn,ZN,1,2,2,0.04301677,0.07417714,0.72175246,0.16105363
sha256:4748babd2b6ac0706cd9ed4bcfd4855c8d2c5535f01813fb2e10b68b31a24c0f:row:2572,4ytu|m0|B|401|-|MN|-,4ytu,MN,1,0,0,0.59956115,0.07820900,0.09497613,0.22725371
sha256:4748babd2b6ac0706cd9ed4bcfd4855c8d2c5535f01813fb2e10b68b31a24c0f:row:2580,7rty|m0|B|500|-|FE|-,7rty,FE,1,3,2,0.12159856,0.10272230,0.43519843,0.34048071
sha256:4748babd2b6ac0706cd9ed4bcfd4855c8d2c5535f01813fb2e10b68b31a24c0f:row:2585,5bwg|m0|B|401|-|FE|-,5bwg,FE,1,3,3,0.16118774,0.06031537,0.08439779,0.69409910
sha256:4748babd2b6ac0706cd9ed4bcfd4855c8d2c5535f01813fb2e10b68b31a24c0f:row:2610,4ytq|m0|D|401|-|MN|-,4ytq,MN,1,0,0,0.73575143,0.03729151,0.08373069,0.14322637
sha256:4748babd2b6ac0706cd9ed4bcfd4855c8d2c5535f01813fb2e10b68b31a24c0f:row:2614,6k6s|m0|B|601|-|MN|-,6k6s,MN,1,0,2,0.28895229,0.10517652,0.38655684,0.21931434
sha256:4748babd2b6ac0706cd9ed4bcfd4855c8d2c5535f01813fb2e10b68b31a24c0f:row:2617,1fsj|m0|B|901|-|ZN|-,1fsj,ZN,1,2,3,0.04157721,0.26449231,0.27379163,0.42013886
sha256:4748babd2b6ac0706cd9ed4bcfd4855c8d2c5535f01813fb2e10b68b31a24c0f:row:2622,7nqf|m0|A|402|-|CO|-,7nqf,CO,1,3,0,0.37373059,0.09300422,0.27297288,0.26029231
sha256:4748babd2b6ac0706cd9ed4bcfd4855c8d2c5535f01813fb2e10b68b31a24c0f:row:2627,1moj|m0|C|304|-|FE|-,1moj,FE,1,3,2,0.29008267,0.06970963,0.34399828,0.29620943
sha256:4748babd2b6ac0706cd9ed4bcfd4855c8d2c5535f01813fb2e10b68b31a24c0f:row:2637,4z6q|m0|A|401|-|FE|-,4z6q,FE,1,3,3,0.11737317,0.05386430,0.06764112,0.76112141
sha256:4748babd2b6ac0706cd9ed4bcfd4855c8d2c5535f01813fb2e10b68b31a24c0f:row:2643,4nqa|m0|B|503|-|ZN|-,4nqa,ZN,1,2,2,0.04423474,0.05531001,0.78806507,0.11239018
sha256:4748babd2b6ac0706cd9ed4bcfd4855c8d2c5535f01813fb2e10b68b31a24c0f:row:2646,6c0f|m0|u|300|-|ZN|-,6c0f,ZN,1,2,2,0.06866060,0.05534323,0.70670662,0.16928955
sha256:4748babd2b6ac0706cd9ed4bcfd4855c8d2c5535f01813fb2e10b68b31a24c0f:row:2655,4e4h|m0|B|1001|-|FE|-,4e4h,FE,1,3,3,0.11222098,0.10542387,0.37355598,0.40879917
sha256:4748babd2b6ac0706cd9ed4bcfd4855c8d2c5535f01813fb2e10b68b31a24c0f:row:2661,1zvf|m0|A|203|-|NI|-,1zvf,NI,1,3,2,0.04204941,0.05061082,0.70845408,0.19888569
sha256:4748babd2b6ac0706cd9ed4bcfd4855c8d2c5535f01813fb2e10b68b31a24c0f:row:2667,5xfp|m0|A|401|-|ZN|-,5xfp,ZN,1,2,2,0.04906999,0.05460057,0.78846629,0.10786315
sha256:4748babd2b6ac0706cd9ed4bcfd4855c8d2c5535f01813fb2e10b68b31a24c0f:row:2672,4s1b|m0|A|801|-|FE|-,4s1b,FE,1,3,3,0.22058826,0.06116214,0.08820107,0.63004853
sha256:4748babd2b6ac0706cd9ed4bcfd4855c8d2c5535f01813fb2e10b68b31a24c0f:row:2679,3mhs|m0|A|474|-|ZN|-,3mhs,ZN,1,2,2,0.04246652,0.10882663,0.74879013,0.09991672
sha256:4748babd2b6ac0706cd9ed4bcfd4855c8d2c5535f01813fb2e10b68b31a24c0f:row:2702,3ls6|m0|A|303|-|ZN|-,3ls6,ZN,1,2,3,0.14593332,0.07921391,0.27441156,0.50044121
sha256:4748babd2b6ac0706cd9ed4bcfd4855c8d2c5535f01813fb2e10b68b31a24c0f:row:2703,7euk|m0|A|402|-|MN|-,7euk,MN,1,0,0,0.63659462,0.03615491,0.08349686,0.24375361
sha256:4748babd2b6ac0706cd9ed4bcfd4855c8d2c5535f01813fb2e10b68b31a24c0f:row:2708,7bug|m0|B|402|-|FE|-,7bug,FE,1,3,3,0.19178004,0.04134008,0.09031628,0.67656361
sha256:4748babd2b6ac0706cd9ed4bcfd4855c8d2c5535f01813fb2e10b68b31a24c0f:row:2716,5lpi|m0|A|904|-|ZN|-,5lpi,ZN,1,2,2,0.08186576,0.07824041,0.72549952,0.11439431
sha256:4748babd2b6ac0706cd9ed4bcfd4855c8d2c5535f01813fb2e10b68b31a24c0f:row:2719,6omr|m0|B|403|-|MN|-,6omr,MN,1,0,0,0.72054831,0.03573908,0.07457559,0.16913701
sha256:4748babd2b6ac0706cd9ed4bcfd4855c8d2c5535f01813fb2e10b68b31a24c0f:row:2723,5u8x|m0|C|601|-|FE|-,5u8x,FE,1,3,3,0.09186949,0.12370166,0.33783230,0.44659656
sha256:4748babd2b6ac0706cd9ed4bcfd4855c8d2c5535f01813fb2e10b68b31a24c0f:row:2724,4p1b|m0|A|501|-|FE|-,4p1b,FE,1,3,0,0.33659255,0.04895455,0.32790588,0.28654702
sha256:4748babd2b6ac0706cd9ed4bcfd4855c8d2c5535f01813fb2e10b68b31a24c0f:row:2728,2xjz|m0|A|202|-|ZN|-,2xjz,ZN,1,2,2,0.04149759,0.31556506,0.52051660,0.12242075
sha256:4748babd2b6ac0706cd9ed4bcfd4855c8d2c5535f01813fb2e10b68b31a24c0f:row:2730,3bza|m0|D|500|-|MN|-,3bza,MN,1,0,3,0.31250871,0.05131009,0.06963439,0.56654681
sha256:4748babd2b6ac0706cd9ed4bcfd4855c8d2c5535f01813fb2e10b68b31a24c0f:row:2731,6n21|m0|A|601|-|FE|-,6n21,FE,1,3,3,0.12095449,0.12970127,0.23316126,0.51618297
sha256:4748babd2b6ac0706cd9ed4bcfd4855c8d2c5535f01813fb2e10b68b31a24c0f:row:2734,2v8t|m0|B|1306|-|MN|-,2v8t,MN,1,0,0,0.36627648,0.04917719,0.30167511,0.28287123
sha256:4748babd2b6ac0706cd9ed4bcfd4855c8d2c5535f01813fb2e10b68b31a24c0f:row:2736,1piu|m0|A|402|-|FE|-,1piu,FE,1,3,3,0.20187634,0.04679924,0.30583843,0.44548599
sha256:4748babd2b6ac0706cd9ed4bcfd4855c8d2c5535f01813fb2e10b68b31a24c0f:row:2742,7vsp|m0|A|202|-|ZN|-,7vsp,ZN,1,2,1,0.04690118,0.43872813,0.40103649,0.11333421
sha256:4748babd2b6ac0706cd9ed4bcfd4855c8d2c5535f01813fb2e10b68b31a24c0f:row:2744,3x2z|m0|A|301|-|NI|-,3x2z,NI,1,3,2,0.21808794,0.07746815,0.36518788,0.33925604
sha256:4748babd2b6ac0706cd9ed4bcfd4855c8d2c5535f01813fb2e10b68b31a24c0f:row:2747,3qhc|m0|A|181|-|FE|-,3qhc,FE,1,3,2,0.23653898,0.04548993,0.38295864,0.33501246
sha256:4748babd2b6ac0706cd9ed4bcfd4855c8d2c5535f01813fb2e10b68b31a24c0f:row:2752,5ysg|m0|B|201|-|CU|-,5ysg,CU,1,1,1,0.03783816,0.62567947,0.23580518,0.10067719
sha256:4748babd2b6ac0706cd9ed4bcfd4855c8d2c5535f01813fb2e10b68b31a24c0f:row:2762,6imc|m0|C|501|-|MN|-,6imc,MN,1,0,0,0.52397472,0.04668923,0.09165938,0.33767667
sha256:4748babd2b6ac0706cd9ed4bcfd4855c8d2c5535f01813fb2e10b68b31a24c0f:row:2764,3qhc|m0|B|181|-|FE|-,3qhc,FE,1,3,3,0.24222563,0.04589493,0.35248926,0.35939018
sha256:4748babd2b6ac0706cd9ed4bcfd4855c8d2c5535f01813fb2e10b68b31a24c0f:row:2767,7dvq|m0|v|300|-|ZN|-,7dvq,ZN,1,2,2,0.07049213,0.18352183,0.38585921,0.36012683
sha256:4748babd2b6ac0706cd9ed4bcfd4855c8d2c5535f01813fb2e10b68b31a24c0f:row:2770,8pp7|m0|L|401|-|ZN|-,8pp7,ZN,1,2,2,0.04170716,0.05326420,0.78636089,0.11866775
sha256:4748babd2b6ac0706cd9ed4bcfd4855c8d2c5535f01813fb2e10b68b31a24c0f:row:2773,6g90|m0|T|1001|-|ZN|-,6g90,ZN,1,2,2,0.17836223,0.09580587,0.54423797,0.18159392
sha256:4748babd2b6ac0706cd9ed4bcfd4855c8d2c5535f01813fb2e10b68b31a24c0f:row:2775,5v2d|m0|A|500|-|FE|-,5v2d,FE,1,3,3,0.06239825,0.10238801,0.15774898,0.67746476
sha256:4748babd2b6ac0706cd9ed4bcfd4855c8d2c5535f01813fb2e10b68b31a24c0f:row:2778,7t8p|m0|A|601|-|FE|-,7t8p,FE,1,3,3,0.09132649,0.10942376,0.09159394,0.70765581
sha256:4748babd2b6ac0706cd9ed4bcfd4855c8d2c5535f01813fb2e10b68b31a24c0f:row:2780,4s1b|m0|D|801|-|FE|-,4s1b,FE,1,3,3,0.21214066,0.05395784,0.09584089,0.63806061
sha256:4748babd2b6ac0706cd9ed4bcfd4855c8d2c5535f01813fb2e10b68b31a24c0f:row:2783,4k1z|m0|C|301|-|MN|-,4k1z,MN,1,0,0,0.75785901,0.03992058,0.07806488,0.12415553
sha256:4748babd2b6ac0706cd9ed4bcfd4855c8d2c5535f01813fb2e10b68b31a24c0f:row:2786,4gnd|m0|A|1504|-|ZN|-,4gnd,ZN,1,2,2,0.03653592,0.06951154,0.79870333,0.09524922
sha256:4748babd2b6ac0706cd9ed4bcfd4855c8d2c5535f01813fb2e10b68b31a24c0f:row:2792,7e0l|m0|B|603|-|FE|-,7e0l,FE,1,3,2,0.04742876,0.07445262,0.71671691,0.16140171
sha256:4748babd2b6ac0706cd9ed4bcfd4855c8d2c5535f01813fb2e10b68b31a24c0f:row:2795,6dps|m0|A|201|-|ZN|-,6dps,ZN,1,2,2,0.06489884,0.06721798,0.46463785,0.40324533
sha256:4748babd2b6ac0706cd9ed4bcfd4855c8d2c5535f01813fb2e10b68b31a24c0f:row:2796,4d0y|m0|A|1239|-|ZN|-,4d0y,ZN,1,2,2,0.08552687,0.09567664,0.50533459,0.31346191
sha256:4748babd2b6ac0706cd9ed4bcfd4855c8d2c5535f01813fb2e10b68b31a24c0f:row:2800,4gnd|m0|A|1502|-|ZN|-,4gnd,ZN,1,2,2,0.04316441,0.05926010,0.74633917,0.15123632
sha256:4748babd2b6ac0706cd9ed4bcfd4855c8d2c5535f01813fb2e10b68b31a24c0f:row:2805,1qt1|m0|B|900|-|CO|-,1qt1,CO,1,3,0,0.45905454,0.07472825,0.27185435,0.19436286
sha256:4748babd2b6ac0706cd9ed4bcfd4855c8d2c5535f01813fb2e10b68b31a24c0f:row:2806,7szh|m0|C|511|-|FE|-,7szh,FE,1,3,3,0.15775185,0.05044632,0.10010747,0.69169437
sha256:4748babd2b6ac0706cd9ed4bcfd4855c8d2c5535f01813fb2e10b68b31a24c0f:row:2813,1ii7|m0|B|405|-|MN|-,1ii7,MN,1,0,0,0.63996398,0.04328279,0.09130309,0.22545014
sha256:4748babd2b6ac0706cd9ed4bcfd4855c8d2c5535f01813fb2e10b68b31a24c0f:row:2821,7yuj|m0|A|601|-|ZN|-,7yuj,ZN,1,2,2,0.04672923,0.05508815,0.54294096,0.35524167
sha256:4748babd2b6ac0706cd9ed4bcfd4855c8d2c5535f01813fb2e10b68b31a24c0f:row:2825,7n02|m0|A|401|-|MN|-,7n02,MN,1,0,0,0.67048158,0.04362290,0.09551087,0.19038465
sha256:4748babd2b6ac0706cd9ed4bcfd4855c8d2c5535f01813fb2e10b68b31a24c0f:row:2827,3alr|m0|A|602|-|ZN|-,3alr,ZN,1,2,2,0.03922789,0.06706840,0.78720670,0.10649701
sha256:4748babd2b6ac0706cd9ed4bcfd4855c8d2c5535f01813fb2e10b68b31a24c0f:row:2829,3g4z|m0|C|203|-|NI|-,3g4z,NI,1,3,2,0.05702679,0.12134340,0.47689537,0.34473444
sha256:4748babd2b6ac0706cd9ed4bcfd4855c8d2c5535f01813fb2e10b68b31a24c0f:row:2837,3h63|m0|C|501|-|MN|-,3h63,MN,1,0,0,0.64014870,0.04524282,0.09774886,0.21685963
sha256:4748babd2b6ac0706cd9ed4bcfd4855c8d2c5535f01813fb2e10b68b31a24c0f:row:2847,5nqz|m0|A|401|-|ZN|-,5nqz,ZN,1,2,2,0.09855304,0.11728235,0.49759837,0.28656624
sha256:4748babd2b6ac0706cd9ed4bcfd4855c8d2c5535f01813fb2e10b68b31a24c0f:row:2848,1sw4|m0|A|402|-|ZN|-,1sw4,ZN,1,2,2,0.12854069,0.04664527,0.55560599,0.26920804
sha256:4748babd2b6ac0706cd9ed4bcfd4855c8d2c5535f01813fb2e10b68b31a24c0f:row:2849,4pxy|m0|B|304|-|ZN|-,4pxy,ZN,1,2,2,0.06817897,0.11045602,0.59450463,0.22686038
sha256:4748babd2b6ac0706cd9ed4bcfd4855c8d2c5535f01813fb2e10b68b31a24c0f:row:2852,7kwe|m0|A|1102|-|MN|-,7kwe,MN,1,0,0,0.68914966,0.04069355,0.08540600,0.18475080
sha256:4748babd2b6ac0706cd9ed4bcfd4855c8d2c5535f01813fb2e10b68b31a24c0f:row:2860,2xll|m0|A|536|-|CU|-,2xll,CU,1,1,1,0.03666222,0.71146684,0.17958280,0.07228814
sha256:4748babd2b6ac0706cd9ed4bcfd4855c8d2c5535f01813fb2e10b68b31a24c0f:row:2866,5m45|m0|J|801|-|MN|-,5m45,MN,1,0,0,0.38552267,0.04580670,0.31782795,0.25084268
sha256:4748babd2b6ac0706cd9ed4bcfd4855c8d2c5535f01813fb2e10b68b31a24c0f:row:2870,2xmk|m0|B|1101|-|CU|-,2xmk,CU,1,1,2,0.03472709,0.21532940,0.57567954,0.17426396
sha256:4748babd2b6ac0706cd9ed4bcfd4855c8d2c5535f01813fb2e10b68b31a24c0f:row:2886,2aes|m0|C|404|-|MN|-,2aes,MN,1,0,0,0.68979694,0.04063434,0.08863798,0.18093074
sha256:4748babd2b6ac0706cd9ed4bcfd4855c8d2c5535f01813fb2e10b68b31a24c0f:row:2891,4ghd|m0|D|401|-|FE|-,4ghd,FE,1,3,3,0.14527677,0.05428975,0.09445079,0.70598268
sha256:4748babd2b6ac0706cd9ed4bcfd4855c8d2c5535f01813fb2e10b68b31a24c0f:row:2898,1mrr|m0|B|404|-|MN|-,1mrr,MN,1,0,0,0.42586610,0.04120061,0.33103240,0.20190089
sha256:4748babd2b6ac0706cd9ed4bcfd4855c8d2c5535f01813fb2e10b68b31a24c0f:row:2908,1t16|m0|A|430|-|CU|-,1t16,CU,1,1,2,0.15739773,0.12413354,0.57861567,0.13985305
sha256:4748babd2b6ac0706cd9ed4bcfd4855c8d2c5535f01813fb2e10b68b31a24c0f:row:2909,3h62|m0|B|501|-|MN|-,3h62,MN,1,0,0,0.66926038,0.04594669,0.08853413,0.19625881
sha256:4748babd2b6ac0706cd9ed4bcfd4855c8d2c5535f01813fb2e10b68b31a24c0f:row:2913,3ecj|m0|B|500|-|FE|-,3ecj,FE,1,3,3,0.13177753,0.06141620,0.06885842,0.73794785
sha256:4748babd2b6ac0706cd9ed4bcfd4855c8d2c5535f01813fb2e10b68b31a24c0f:row:2919,2pvx|m0|E|905|-|ZN|-,2pvx,ZN,1,2,2,0.06051560,0.06129149,0.73140667,0.14678624
sha256:4748babd2b6ac0706cd9ed4bcfd4855c8d2c5535f01813fb2e10b68b31a24c0f:row:2924,3d4k|m0|A|238|-|MN|-,3d4k,MN,1,0,0,0.78753096,0.04085582,0.06577179,0.10584144
sha256:4748babd2b6ac0706cd9ed4bcfd4855c8d2c5535f01813fb2e10b68b31a24c0f:row:2927,4jk9|m0|B|2004|-|CO|-,4jk9,CO,1,3,2,0.18888603,0.04994879,0.48749617,0.27366900
sha256:4748babd2b6ac0706cd9ed4bcfd4855c8d2c5535f01813fb2e10b68b31a24c0f:row:2931,7dd9|m0|A|1603|-|ZN|-,7dd9,ZN,1,2,2,0.05335168,0.05007484,0.81222369,0.08434980
sha256:4748babd2b6ac0706cd9ed4bcfd4855c8d2c5535f01813fb2e10b68b31a24c0f:row:2955,4nhy|m0|C|601|-|MN|-,4nhy,MN,1,0,3,0.32162787,0.04660888,0.08122907,0.55053419
sha256:4748babd2b6ac0706cd9ed4bcfd4855c8d2c5535f01813fb2e10b68b31a24c0f:row:2958,7zrp|m0|A|212|-|ZN|-,7zrp,ZN,1,2,3,0.17556909,0.04924335,0.26090865,0.51427890
sha256:4748babd2b6ac0706cd9ed4bcfd4855c8d2c5535f01813fb2e10b68b31a24c0f:row:2959,2yye|m0|A|703|-|CO|-,2yye,CO,1,3,0,0.50108996,0.05038806,0.15437413,0.29414785
sha256:4748babd2b6ac0706cd9ed4bcfd4855c8d2c5535f01813fb2e10b68b31a24c0f:row:2963,1i74|m0|A|401|-|MN|-,1i74,MN,1,0,0,0.51927956,0.03985587,0.30788965,0.13297492
sha256:4748babd2b6ac0706cd9ed4bcfd4855c8d2c5535f01813fb2e10b68b31a24c0f:row:2965,3qla|m0|A|3|-|ZN|-,3qla,ZN,1,2,2,0.04532236,0.04810017,0.73857125,0.16800622
sha256:4748babd2b6ac0706cd9ed4bcfd4855c8d2c5535f01813fb2e10b68b31a24c0f:row:2966,1loa|m0|A|229|-|MN|-,1loa,MN,1,0,0,0.73881420,0.04574711,0.07773740,0.13770128
sha256:4748babd2b6ac0706cd9ed4bcfd4855c8d2c5535f01813fb2e10b68b31a24c0f:row:2971,3ll8|m0|A|506|-|FE|-,3ll8,FE,1,3,0,0.52951921,0.06048579,0.13756241,0.27243258
sha256:4748babd2b6ac0706cd9ed4bcfd4855c8d2c5535f01813fb2e10b68b31a24c0f:row:2975,7qr6|m0|C|501|-|FE|-,7qr6,FE,1,3,3,0.11231563,0.11924415,0.20890367,0.55953654
sha256:4748babd2b6ac0706cd9ed4bcfd4855c8d2c5535f01813fb2e10b68b31a24c0f:row:2976,5ao2|m0|B|1001|-|FE|-,5ao2,FE,1,3,3,0.12103945,0.04774010,0.40030712,0.43091334
sha256:4748babd2b6ac0706cd9ed4bcfd4855c8d2c5535f01813fb2e10b68b31a24c0f:row:2993,1waa|m0|A|1092|-|ZN|-,1waa,ZN,1,2,2,0.07097813,0.05983778,0.71924382,0.14994028
sha256:4748babd2b6ac0706cd9ed4bcfd4855c8d2c5535f01813fb2e10b68b31a24c0f:row:2998,4ghf|m0|A|401|-|FE|-,4ghf,FE,1,3,3,0.10499141,0.05299277,0.08288570,0.75913013
sha256:4748babd2b6ac0706cd9ed4bcfd4855c8d2c5535f01813fb2e10b68b31a24c0f:row:3000,3icf|m0|A|601|-|FE|-,3icf,FE,1,3,3,0.08425006,0.10899420,0.31110738,0.49564836
sha256:4748babd2b6ac0706cd9ed4bcfd4855c8d2c5535f01813fb2e10b68b31a24c0f:row:3003,1txo|m0|B|704|-|MN|-,1txo,MN,1,0,0,0.79910861,0.03167176,0.08693473,0.08228490
sha256:4748babd2b6ac0706cd9ed4bcfd4855c8d2c5535f01813fb2e10b68b31a24c0f:row:3004,3tm8|m0|B|902|-|FE|-,3tm8,FE,1,3,3,0.14993647,0.03954326,0.10369352,0.70682675
sha256:4748babd2b6ac0706cd9ed4bcfd4855c8d2c5535f01813fb2e10b68b31a24c0f:row:3006,5u8x|m0|B|601|-|FE|-,5u8x,FE,1,3,3,0.08125630,0.13081358,0.16121693,0.62671318
sha256:4748babd2b6ac0706cd9ed4bcfd4855c8d2c5535f01813fb2e10b68b31a24c0f:row:3008,4ytq|m0|B|401|-|MN|-,4ytq,MN,1,0,0,0.64747723,0.05427554,0.11864155,0.17960569
sha256:4748babd2b6ac0706cd9ed4bcfd4855c8d2c5535f01813fb2e10b68b31a24c0f:row:3010,7vsp|m0|A|201|-|ZN|-,7vsp,ZN,1,2,2,0.04481499,0.05593048,0.79885185,0.10040268
sha256:4748babd2b6ac0706cd9ed4bcfd4855c8d2c5535f01813fb2e10b68b31a24c0f:row:3011,1rsr|m0|A|1004|-|FE|-,1rsr,FE,1,3,2,0.22881622,0.07121066,0.35162035,0.34835277
sha256:4748babd2b6ac0706cd9ed4bcfd4855c8d2c5535f01813fb2e10b68b31a24c0f:row:3013,7bvr|m0|G|402|-|MN|-,7bvr,MN,1,0,0,0.75426069,0.04312528,0.08401002,0.11860402
sha256:4748babd2b6ac0706cd9ed4bcfd4855c8d2c5535f01813fb2e10b68b31a24c0f:row:3026,3tmb|m0|A|309|-|FE|-,3tmb,FE,1,3,3,0.16150602,0.03821183,0.09327247,0.70700968
sha256:4748babd2b6ac0706cd9ed4bcfd4855c8d2c5535f01813fb2e10b68b31a24c0f:row:3038,2v89|m0|A|2489|-|ZN|-,2v89,ZN,1,2,2,0.05946020,0.09507903,0.64360492,0.20185585
sha256:4748babd2b6ac0706cd9ed4bcfd4855c8d2c5535f01813fb2e10b68b31a24c0f:row:3044,4z6w|m0|C|401|-|FE|-,4z6w,FE,1,3,3,0.18080928,0.04776383,0.07440284,0.69702405
sha256:4748babd2b6ac0706cd9ed4bcfd4855c8d2c5535f01813fb2e10b68b31a24c0f:row:3049,1uer|m0|A|192|-|FE|-,1uer,FE,1,3,3,0.20032537,0.07597124,0.28048857,0.44321482
sha256:4748babd2b6ac0706cd9ed4bcfd4855c8d2c5535f01813fb2e10b68b31a24c0f:row:3051,5wze|m0|C|509|-|MN|-,5wze,MN,1,0,0,0.69657647,0.04465040,0.09689688,0.16187625
sha256:4748babd2b6ac0706cd9ed4bcfd4855c8d2c5535f01813fb2e10b68b31a24c0f:row:3055,6b86|m0|C|601|-|CO|-,6b86,CO,1,3,3,0.06606188,0.11785179,0.12422299,0.69186335
sha256:4748babd2b6ac0706cd9ed4bcfd4855c8d2c5535f01813fb2e10b68b31a24c0f:row:3058,2qum|m0|B|292|-|MN|-,2qum,MN,1,0,0,0.68520949,0.04755408,0.07676282,0.19047361
sha256:4748babd2b6ac0706cd9ed4bcfd4855c8d2c5535f01813fb2e10b68b31a24c0f:row:3061,3ef4|m0|A|401|-|CU|-,3ef4,CU,1,1,1,0.03368514,0.74988138,0.13598633,0.08044715
sha256:4748babd2b6ac0706cd9ed4bcfd4855c8d2c5535f01813fb2e10b68b31a24c0f:row:3071,1tkp|m0|D|301|-|FE|-,1tkp,FE,1,3,0,0.34102237,0.05898711,0.28718681,0.31280371
sha256:4748babd2b6ac0706cd9ed4bcfd4855c8d2c5535f01813fb2e10b68b31a24c0f:row:3073,1piu|m0|B|404|-|FE|-,1piu,FE,1,3,3,0.42017580,0.04016139,0.11841453,0.42124829
sha256:4748babd2b6ac0706cd9ed4bcfd4855c8d2c5535f01813fb2e10b68b31a24c0f:row:3085,4ruh|m0|A|503|-|MN|-,4ruh,MN,1,0,0,0.63132126,0.04761781,0.17145216,0.14960877
sha256:4748babd2b6ac0706cd9ed4bcfd4855c8d2c5535f01813fb2e10b68b31a24c0f:row:3098,2vun|m0|D|402|-|FE|-,2vun,FE,1,3,2,0.09855119,0.10301013,0.47817957,0.32025910
sha256:4748babd2b6ac0706cd9ed4bcfd4855c8d2c5535f01813fb2e10b68b31a24c0f:row:3111,5gmk|m0|T|1002|-|ZN|-,5gmk,ZN,1,2,2,0.04474310,0.05826500,0.56550167,0.33149022
sha256:4748babd2b6ac0706cd9ed4bcfd4855c8d2c5535f01813fb2e10b68b31a24c0f:row:3123,3q3m|m0|D|510|-|FE|-,3q3m,FE,1,3,0,0.53950463,0.04611564,0.07057972,0.34380001
sha256:4748babd2b6ac0706cd9ed4bcfd4855c8d2c5535f01813fb2e10b68b31a24c0f:row:3126,4eem|m0|C|404|-|MN|-,4eem,MN,1,0,0,0.73972115,0.04409579,0.07711785,0.13906520
sha256:4748babd2b6ac0706cd9ed4bcfd4855c8d2c5535f01813fb2e10b68b31a24c0f:row:3127,4pxy|m0|A|304|-|ZN|-,4pxy,ZN,1,2,2,0.09672840,0.08132328,0.51298399,0.30896434
sha256:4748babd2b6ac0706cd9ed4bcfd4855c8d2c5535f01813fb2e10b68b31a24c0f:row:3131,1tf6|m0|A|203|-|ZN|-,1tf6,ZN,1,2,2,0.04630913,0.10838245,0.59350581,0.25180262
sha256:4748babd2b6ac0706cd9ed4bcfd4855c8d2c5535f01813fb2e10b68b31a24c0f:row:3134,3sey|m0|A|373|-|ZN|-,3sey,ZN,1,2,2,0.08641223,0.07370778,0.59286661,0.24701338
sha256:4748babd2b6ac0706cd9ed4bcfd4855c8d2c5535f01813fb2e10b68b31a24c0f:row:3138,8kg9|m0|M|3000|-|ZN|-,8kg9,ZN,1,2,2,0.07100777,0.28054989,0.41764426,0.23079808
sha256:4748babd2b6ac0706cd9ed4bcfd4855c8d2c5535f01813fb2e10b68b31a24c0f:row:3144,5c3s|m0|D|401|-|NI|-,5c3s,NI,1,3,3,0.21420666,0.05651828,0.07643163,0.65284343
sha256:4748babd2b6ac0706cd9ed4bcfd4855c8d2c5535f01813fb2e10b68b31a24c0f:row:3154,3rmu|m0|D|4|-|CO|-,3rmu,CO,1,3,3,0.10647423,0.05954555,0.35950884,0.47447138
sha256:4748babd2b6ac0706cd9ed4bcfd4855c8d2c5535f01813fb2e10b68b31a24c0f:row:3155,1sq3|m0|A|901|-|FE|-,1sq3,FE,1,3,0,0.36314163,0.04985641,0.28080669,0.30619527
sha256:4748babd2b6ac0706cd9ed4bcfd4855c8d2c5535f01813fb2e10b68b31a24c0f:row:3161,5wze|m0|A|508|-|MN|-,5wze,MN,1,0,0,0.67879225,0.04381097,0.12273613,0.15466065
sha256:4748babd2b6ac0706cd9ed4bcfd4855c8d2c5535f01813fb2e10b68b31a24c0f:row:3162,3vnl|m0|B|302|-|MN|-,3vnl,MN,1,0,0,0.59426859,0.04454793,0.15009481,0.21108867
sha256:4748babd2b6ac0706cd9ed4bcfd4855c8d2c5535f01813fb2e10b68b31a24c0f:row:3164,4p9w|m0|A|302|-|MN|-,4p9w,MN,1,0,0,0.83106816,0.03736250,0.05844501,0.07312433
sha256:4748babd2b6ac0706cd9ed4bcfd4855c8d2c5535f01813fb2e10b68b31a24c0f:row:3173,2ef6|m0|A|239|-|MN|-,2ef6,MN,1,0,0,0.79279232,0.04720188,0.06736210,0.09264370
sha256:4748babd2b6ac0706cd9ed4bcfd4855c8d2c5535f01813fb2e10b68b31a24c0f:row:3174,7szh|m0|B|1213|-|FE|-,7szh,FE,1,3,3,0.09354572,0.05199611,0.27204327,0.58241489
sha256:4748babd2b6ac0706cd9ed4bcfd4855c8d2c5535f01813fb2e10b68b31a24c0f:row:3176,4yke|m0|A|601|-|MN|-,4yke,MN,1,0,0,0.59704338,0.11563650,0.12566719,0.16165293
sha256:4748babd2b6ac0706cd9ed4bcfd4855c8d2c5535f01813fb2e10b68b31a24c0f:row:3182,4dwx|m0|A|304|-|ZN|-,4dwx,ZN,1,2,2,0.14055644,0.09166999,0.49461408,0.27315948
sha256:4748babd2b6ac0706cd9ed4bcfd4855c8d2c5535f01813fb2e10b68b31a24c0f:row:3183,7bvr|m0|E|402|-|MN|-,7bvr,MN,1,0,0,0.72130271,0.04492205,0.07259923,0.16117601
sha256:4748babd2b6ac0706cd9ed4bcfd4855c8d2c5535f01813fb2e10b68b31a24c0f:row:3185,8jnk|m0|A|1002|-|MN|-,8jnk,MN,1,0,0,0.56114240,0.07176090,0.11389802,0.25319868
sha256:4748babd2b6ac0706cd9ed4bcfd4855c8d2c5535f01813fb2e10b68b31a24c0f:row:3191,3ojk|m0|D|500|-|CO|-,3ojk,CO,1,3,3,0.08982673,0.06336533,0.07527370,0.77153425
sha256:4748babd2b6ac0706cd9ed4bcfd4855c8d2c5535f01813fb2e10b68b31a24c0f:row:3198,2xjz|m0|A|203|-|ZN|-,2xjz,ZN,1,2,2,0.04790358,0.08332157,0.75064172,0.11813313
sha256:4748babd2b6ac0706cd9ed4bcfd4855c8d2c5535f01813fb2e10b68b31a24c0f:row:3205,8jq4|m0|A|502|-|MN|-,8jq4,MN,1,0,0,0.60508539,0.03603290,0.16365254,0.19522917
sha256:4748babd2b6ac0706cd9ed4bcfd4855c8d2c5535f01813fb2e10b68b31a24c0f:row:3234,4xsl|m0|D|401|-|MN|-,4xsl,MN,1,0,0,0.68114495,0.04166865,0.07486246,0.20232394
sha256:4748babd2b6ac0706cd9ed4bcfd4855c8d2c5535f01813fb2e10b68b31a24c0f:row:3238,1bxh|m0|B|238|-|MN|-,1bxh,MN,1,0,0,0.78636690,0.03997900,0.07916601,0.09448809
sha256:4748babd2b6ac0706cd9ed4bcfd4855c8d2c5535f01813fb2e10b68b31a24c0f:row:3239,6n20|m0|B|601|-|FE|-,6n20,FE,1,3,3,0.13989558,0.09270299,0.11197563,0.65542580
sha256:4748babd2b6ac0706cd9ed4bcfd4855c8d2c5535f01813fb2e10b68b31a24c0f:row:3241,4s1b|m0|D|802|-|FE|-,4s1b,FE,1,3,3,0.24068138,0.04457602,0.10363763,0.61110498
sha256:4748babd2b6ac0706cd9ed4bcfd4855c8d2c5535f01813fb2e10b68b31a24c0f:row:3242,4dwx|m0|A|306|-|ZN|-,4dwx,ZN,1,2,2,0.07754496,0.11988629,0.46155561,0.34101314
sha256:4748babd2b6ac0706cd9ed4bcfd4855c8d2c5535f01813fb2e10b68b31a24c0f:row:3245,6k6w|m0|B|601|-|MN|-,6k6w,MN,1,0,0,0.55104145,0.15500506,0.12424973,0.16970375
sha256:4748babd2b6ac0706cd9ed4bcfd4855c8d2c5535f01813fb2e10b68b31a24c0f:row:3250,2p37|m0|A|238|-|MN|-,2p37,MN,1,0,0,0.79843790,0.03904584,0.06608519,0.09643107
sha256:4748babd2b6ac0706cd9ed4bcfd4855c8d2c5535f01813fb2e10b68b31a24c0f:row:3252,4nba|m0|C|501|-|FE|-,4nba,FE,1,3,2,0.11745814,0.06943188,0.43385207,0.37925792
sha256:4748babd2b6ac0706cd9ed4bcfd4855c8d2c5535f01813fb2e10b68b31a24c0f:row:3255,3ee5|m0|A|611|-|MN|-,3ee5,MN,1,0,0,0.73474069,0.04506739,0.06967758,0.15051435
sha256:4748babd2b6ac0706cd9ed4bcfd4855c8d2c5535f01813fb2e10b68b31a24c0f:row:3257,3ojn|m0|D|500|-|MN|-,3ojn,MN,1,0,3,0.31577395,0.05075984,0.07612272,0.55734349
sha256:4748babd2b6ac0706cd9ed4bcfd4855c8d2c5535f01813fb2e10b68b31a24c0f:row:3259,2fae|m0|A|401|-|ZN|-,2fae,ZN,1,2,2,0.11038370,0.06532127,0.59784102,0.22645401
sha256:4748babd2b6ac0706cd9ed4bcfd4855c8d2c5535f01813fb2e10b68b31a24c0f:row:3262,1g0i|m0|B|591|-|MN|-,1g0i,MN,1,0,0,0.68822681,0.04162344,0.13342966,0.13672009
sha256:4748babd2b6ac0706cd9ed4bcfd4855c8d2c5535f01813fb2e10b68b31a24c0f:row:3267,4gnd|m0|A|1503|-|ZN|-,4gnd,ZN,1,2,2,0.04640921,0.05592763,0.77711653,0.12054663
sha256:4748babd2b6ac0706cd9ed4bcfd4855c8d2c5535f01813fb2e10b68b31a24c0f:row:3275,3ask|m0|A|501|-|ZN|-,3ask,ZN,1,2,2,0.03775567,0.05804036,0.76893978,0.13526420
sha256:4748babd2b6ac0706cd9ed4bcfd4855c8d2c5535f01813fb2e10b68b31a24c0f:row:3278,3rmu|m0|C|3|-|CO|-,3rmu,CO,1,3,3,0.11212582,0.06231537,0.39408103,0.43147778
sha256:4748babd2b6ac0706cd9ed4bcfd4855c8d2c5535f01813fb2e10b68b31a24c0f:row:3282,5u7g|m0|A|1802|-|ZN|-,5u7g,ZN,1,2,2,0.04519728,0.05074900,0.80301555,0.10103818
sha256:4748babd2b6ac0706cd9ed4bcfd4855c8d2c5535f01813fb2e10b68b31a24c0f:row:3293,5yeg|m0|A|503|-|ZN|-,5yeg,ZN,1,2,2,0.07058523,0.08164228,0.60015581,0.24761668
sha256:4748babd2b6ac0706cd9ed4bcfd4855c8d2c5535f01813fb2e10b68b31a24c0f:row:3298,2o4m|m0|A|3009|-|ZN|-,2o4m,ZN,1,2,2,0.14486335,0.07279617,0.55815414,0.22418635
sha256:4748babd2b6ac0706cd9ed4bcfd4855c8d2c5535f01813fb2e10b68b31a24c0f:row:3303,1wuv|m0|G|239|-|MN|-,1wuv,MN,1,0,0,0.79625028,0.03599991,0.06865532,0.09909450
sha256:4748babd2b6ac0706cd9ed4bcfd4855c8d2c5535f01813fb2e10b68b31a24c0f:row:3317,4p1b|m0|D|502|-|FE|-,4p1b,FE,1,3,0,0.42784517,0.04937022,0.25452940,0.26825521
sha256:4748babd2b6ac0706cd9ed4bcfd4855c8d2c5535f01813fb2e10b68b31a24c0f:row:3318,5m4q|m0|B|499|-|MN|-,5m4q,MN,1,0,0,0.71514621,0.04775331,0.09598913,0.14111135
sha256:4748babd2b6ac0706cd9ed4bcfd4855c8d2c5535f01813fb2e10b68b31a24c0f:row:3319,3nwk|m0|A|239|-|MN|-,3nwk,MN,1,0,0,0.73371890,0.03439040,0.06862340,0.16326729
sha256:4748babd2b6ac0706cd9ed4bcfd4855c8d2c5535f01813fb2e10b68b31a24c0f:row:3321,3od2|m0|A|136|-|NI|-,3od2,NI,1,3,2,0.10556874,0.15764027,0.45881893,0.27797206
sha256:4748babd2b6ac0706cd9ed4bcfd4855c8d2c5535f01813fb2e10b68b31a24c0f:row:3324,2vun|m0|C|402|-|FE|-,2vun,FE,1,3,2,0.08937579,0.09665619,0.49223658,0.32173144
sha256:4748babd2b6ac0706cd9ed4bcfd4855c8d2c5535f01813fb2e10b68b31a24c0f:row:3325,2ig9|m0|B|500|-|FE|-,2ig9,FE,1,3,3,0.13265179,0.05606668,0.06488782,0.74639372
sha256:4748babd2b6ac0706cd9ed4bcfd4855c8d2c5535f01813fb2e10b68b31a24c0f:row:3328,3h61|m0|A|501|-|MN|-,3h61,MN,1,0,0,0.67541142,0.05069558,0.08046937,0.19342363
sha256:4748babd2b6ac0706cd9ed4bcfd4855c8d2c5535f01813fb2e10b68b31a24c0f:row:3339,2dfj|m0|B|2002|-|MN|-,2dfj,MN,1,0,0,0.71680030,0.05274347,0.10010969,0.13034655
sha256:4748babd2b6ac0706cd9ed4bcfd4855c8d2c5535f01813fb2e10b68b31a24c0f:row:3344,3q3m|m0|A|509|-|FE|-,3q3m,FE,1,3,0,0.54914059,0.04441778,0.08400504,0.32243659
sha256:4748babd2b6ac0706cd9ed4bcfd4855c8d2c5535f01813fb2e10b68b31a24c0f:row:3345,3g4x|m0|B|202|N|NI|-,3g4x,NI,1,3,2,0.04693107,0.08425721,0.49457559,0.37423613
sha256:4748babd2b6ac0706cd9ed4bcfd4855c8d2c5535f01813fb2e10b68b31a24c0f:row:3350,2d7f|m0|A|239|-|MN|-,2d7f,MN,1,0,0,0.75071189,0.05900871,0.08158888,0.10869052
sha256:4748babd2b6ac0706cd9ed4bcfd4855c8d2c5535f01813fb2e10b68b31a24c0f:row:3355,6g90|m0|U|1000|-|ZN|-,6g90,ZN,1,2,2,0.05310861,0.15626790,0.64534979,0.14527370
sha256:4748babd2b6ac0706cd9ed4bcfd4855c8d2c5535f01813fb2e10b68b31a24c0f:row:3356,4ghc|m0|B|401|-|FE|-,4ghc,FE,1,3,3,0.11213439,0.05030768,0.08291863,0.75463931
sha256:4748babd2b6ac0706cd9ed4bcfd4855c8d2c5535f01813fb2e10b68b31a24c0f:row:3365,1ii7|m0|A|404|-|MN|-,1ii7,MN,1,0,0,0.66999118,0.04044992,0.08290909,0.20664981
sha256:4748babd2b6ac0706cd9ed4bcfd4855c8d2c5535f01813fb2e10b68b31a24c0f:row:3366,4eea|m0|A|405|-|MN|-,4eea,MN,1,0,0,0.75415379,0.03278232,0.07560205,0.13746184
sha256:4748babd2b6ac0706cd9ed4bcfd4855c8d2c5535f01813fb2e10b68b31a24c0f:row:3369,4z6r|m0|A|401|-|FE|-,4z6r,FE,1,3,3,0.18876095,0.05010448,0.08447744,0.67665713
sha256:4748babd2b6ac0706cd9ed4bcfd4855c8d2c5535f01813fb2e10b68b31a24c0f:row:3370,7xrf|m0|A|401|-|MN|-,7xrf,MN,1,0,0,0.68900075,0.05081267,0.10045070,0.15973587
sha256:4748babd2b6ac0706cd9ed4bcfd4855c8d2c5535f01813fb2e10b68b31a24c0f:row:3371,1jyi|m0|A|401|-|MN|-,1jyi,MN,1,0,0,0.74906110,0.04505721,0.07909946,0.12678223
sha256:4748babd2b6ac0706cd9ed4bcfd4855c8d2c5535f01813fb2e10b68b31a24c0f:row:3376,7vsp|m0|A|203|-|ZN|-,7vsp,ZN,1,2,2,0.04548718,0.05137514,0.78566225,0.11747542
sha256:4748babd2b6ac0706cd9ed4bcfd4855c8d2c5535f01813fb2e10b68b31a24c0f:row:3380,1g2d|m0|F|305|-|ZN|-,1g2d,ZN,1,2,2,0.05237525,0.13312747,0.61934465,0.19515264
sha256:4748babd2b6ac0706cd9ed4bcfd4855c8d2c5535f01813fb2e10b68b31a24c0f:row:3387,7euk|m0|A|401|-|MN|-,7euk,MN,1,0,0,0.51186396,0.04331715,0.24914177,0.19567712
sha256:4748babd2b6ac0706cd9ed4bcfd4855c8d2c5535f01813fb2e10b68b31a24c0f:row:3390,1uli|m0|A|600|-|FE|-,1uli,FE,1,3,3,0.06487939,0.06478070,0.37103034,0.49930957
sha256:4748babd2b6ac0706cd9ed4bcfd4855c8d2c5535f01813fb2e10b68b31a24c0f:row:3395,5u97|m0|A|601|-|CO|-,5u97,CO,1,3,3,0.03929807,0.13345903,0.13901386,0.68822904
sha256:4748babd2b6ac0706cd9ed4bcfd4855c8d2c5535f01813fb2e10b68b31a24c0f:row:3398,2ae7|m0|B|402|-|MN|-,2ae7,MN,1,0,0,0.61721057,0.06205084,0.08017242,0.24056617
sha256:4748babd2b6ac0706cd9ed4bcfd4855c8d2c5535f01813fb2e10b68b31a24c0f:row:3408,4uer|m0|6|101|-|ZN|-,4uer,ZN,1,2,2,0.03580468,0.13140110,0.71451318,0.11828104
sha256:4748babd2b6ac0706cd9ed4bcfd4855c8d2c5535f01813fb2e10b68b31a24c0f:row:3411,6omr|m0|A|404|-|MN|-,6omr,MN,1,0,0,0.74466222,0.04254392,0.07989459,0.13289926
sha256:4748babd2b6ac0706cd9ed4bcfd4855c8d2c5535f01813fb2e10b68b31a24c0f:row:3423,3gor|m0|B|200|-|NI|-,3gor,NI,1,3,2,0.05313373,0.21508050,0.43050640,0.30127938
sha256:4748babd2b6ac0706cd9ed4bcfd4855c8d2c5535f01813fb2e10b68b31a24c0f:row:3431,4z6r|m0|C|401|-|FE|-,4z6r,FE,1,3,3,0.15436165,0.04914894,0.06948012,0.72700930
sha256:4748babd2b6ac0706cd9ed4bcfd4855c8d2c5535f01813fb2e10b68b31a24c0f:row:3432,6cx8|m0|A|201|-|MN|-,6cx8,MN,1,0,2,0.28126124,0.05469766,0.52532649,0.13871461
sha256:4748babd2b6ac0706cd9ed4bcfd4855c8d2c5535f01813fb2e10b68b31a24c0f:row:3448,4ax3|m0|C|501|-|CU|-,4ax3,CU,1,1,1,0.04062239,0.67185886,0.21198214,0.07553660
sha256:4748babd2b6ac0706cd9ed4bcfd4855c8d2c5535f01813fb2e10b68b31a24c0f:row:3451,3vni|m0|C|301|-|MN|-,3vni,MN,1,0,0,0.68079344,0.06519160,0.12857756,0.12543740
sha256:4748babd2b6ac0706cd9ed4bcfd4855c8d2c5535f01813fb2e10b68b31a24c0f:row:3457,6ivo|m0|A|301|-|ZN|-,6ivo,ZN,1,2,2,0.14680697,0.06176978,0.49840484,0.29301842
sha256:4748babd2b6ac0706cd9ed4bcfd4855c8d2c5535f01813fb2e10b68b31a24c0f:row:3462,7k01|m0|6|501|-|ZN|-,7k01,ZN,1,2,2,0.04301237,0.06638461,0.77515683,0.11544619
sha256:4748babd2b6ac0706cd9ed4bcfd4855c8d2c5535f01813fb2e10b68b31a24c0f:row:3464,7l28|m0|C|1102|-|MN|-,7l28,MN,1,0,0,0.51323263,0.04447416,0.10356751,0.33872570
sha256:4748babd2b6ac0706cd9ed4bcfd4855c8d2c5535f01813fb2e10b68b31a24c0f:row:3466,3vmg|m0|C|501|-|FE|-,3vmg,FE,1,3,3,0.13368469,0.04877934,0.33497635,0.48255962
sha256:4748babd2b6ac0706cd9ed4bcfd4855c8d2c5535f01813fb2e10b68b31a24c0f:row:3467,3bza|m0|A|500|-|MN|-,3bza,MN,1,0,3,0.36394150,0.04668744,0.06820098,0.52117009
sha256:4748babd2b6ac0706cd9ed4bcfd4855c8d2c5535f01813fb2e10b68b31a24c0f:row:3486,2d3p|m0|D|244|-|MN|-,2d3p,MN,1,0,0,0.65787813,0.05597459,0.11940425,0.16674304
sha256:4748babd2b6ac0706cd9ed4bcfd4855c8d2c5535f01813fb2e10b68b31a24c0f:row:3511,1r65|m0|A|801|-|FE|-,1r65,FE,1,3,3,0.07799072,0.06854078,0.33023709,0.52323141
sha256:4748babd2b6ac0706cd9ed4bcfd4855c8d2c5535f01813fb2e10b68b31a24c0f:row:3518,2zxq|m0|A|2|-|MN|-,2zxq,MN,1,0,0,0.52556469,0.03926003,0.26262252,0.17255275
sha256:4748babd2b6ac0706cd9ed4bcfd4855c8d2c5535f01813fb2e10b68b31a24c0f:row:3534,7k01|m0|6|504|-|ZN|-,7k01,ZN,1,2,2,0.04517093,0.25364388,0.54722715,0.15395804
sha256:4748babd2b6ac0706cd9ed4bcfd4855c8d2c5535f01813fb2e10b68b31a24c0f:row:3536,1mrr|m0|B|403|-|MN|-,1mrr,MN,1,0,0,0.55867218,0.05597133,0.08722513,0.29813136
sha256:4748babd2b6ac0706cd9ed4bcfd4855c8d2c5535f01813fb2e10b68b31a24c0f:row:3542,4qbq|m0|A|702|-|ZN|-,4qbq,ZN,1,2,2,0.04019850,0.06905784,0.74797953,0.14276413
sha256:4748babd2b6ac0706cd9ed4bcfd4855c8d2c5535f01813fb2e10b68b31a24c0f:row:3544,2dfj|m0|A|1001|-|MN|-,2dfj,MN,1,0,0,0.63883366,0.04102514,0.11549075,0.20465045
sha256:4748babd2b6ac0706cd9ed4bcfd4855c8d2c5535f01813fb2e10b68b31a24c0f:row:3545,1pm2|m0|A|501|-|MN|-,1pm2,MN,1,0,3,0.26028878,0.07074550,0.31715432,0.35181140
sha256:4748babd2b6ac0706cd9ed4bcfd4855c8d2c5535f01813fb2e10b68b31a24c0f:row:3548,5lpi|m0|A|903|-|ZN|-,5lpi,ZN,1,2,2,0.04775294,0.07983516,0.74403664,0.12837526
sha256:4748babd2b6ac0706cd9ed4bcfd4855c8d2c5535f01813fb2e10b68b31a24c0f:row:3549,5j8l|m0|A|401|-|MN|-,5j8l,MN,1,0,0,0.71321981,0.05000060,0.10960495,0.12717464
sha256:4748babd2b6ac0706cd9ed4bcfd4855c8d2c5535f01813fb2e10b68b31a24c0f:row:3550,5iqk|m0|A|402|-|ZN|-,5iqk,ZN,1,2,2,0.07975696,0.06907072,0.45932214,0.39185018
sha256:4748babd2b6ac0706cd9ed4bcfd4855c8d2c5535f01813fb2e10b68b31a24c0f:row:3559,8pp7|m0|K|402|-|ZN|-,8pp7,ZN,1,2,2,0.05837365,0.05858916,0.75713147,0.12590572
sha256:4748babd2b6ac0706cd9ed4bcfd4855c8d2c5535f01813fb2e10b68b31a24c0f:row:3573,3h62|m0|C|501|-|MN|-,3h62,MN,1,0,0,0.64334932,0.04749517,0.08500451,0.22415100
sha256:4748babd2b6ac0706cd9ed4bcfd4855c8d2c5535f01813fb2e10b68b31a24c0f:row:3577,4ytq|m0|A|401|-|MN|-,4ytq,MN,1,0,0,0.75830898,0.03525876,0.06921476,0.13721749
sha256:4748babd2b6ac0706cd9ed4bcfd4855c8d2c5535f01813fb2e10b68b31a24c0f:row:3582,6sh9|m0|B|1702|-|MN|-,6sh9,MN,1,0,0,0.70642200,0.03603197,0.07745850,0.18008753
sha256:4748babd2b6ac0706cd9ed4bcfd4855c8d2c5535f01813fb2e10b68b31a24c0f:row:3584,7kzz|m0|A|303|-|ZN|-,7kzz,ZN,1,2,0,0.34509622,0.19455340,0.18889796,0.27145242
sha256:4748babd2b6ac0706cd9ed4bcfd4855c8d2c5535f01813fb2e10b68b31a24c0f:row:3590,5bwh|m0|B|401|-|FE|-,5bwh,FE,1,3,3,0.20458750,0.05192267,0.07295696,0.67053287
sha256:4748babd2b6ac0706cd9ed4bcfd4855c8d2c5535f01813fb2e10b68b31a24c0f:row:3593,5o60|m0|Y|101|-|ZN|-,5o60,ZN,1,2,2,0.04273060,0.06650906,0.75750303,0.13325732
sha256:4748babd2b6ac0706cd9ed4bcfd4855c8d2c5535f01813fb2e10b68b31a24c0f:row:3597,1aso|m0|A|555|-|CU|-,1aso,CU,1,1,2,0.03347663,0.29206293,0.55774512,0.11671532
sha256:4748babd2b6ac0706cd9ed4bcfd4855c8d2c5535f01813fb2e10b68b31a24c0f:row:3600,5i3l|m0|A|1004|-|ZN|-,5i3l,ZN,1,2,2,0.04686219,0.05179366,0.78302145,0.11832270
sha256:4748babd2b6ac0706cd9ed4bcfd4855c8d2c5535f01813fb2e10b68b31a24c0f:row:3608,8jnk|m0|E|1002|-|MN|-,8jnk,MN,1,0,0,0.33545504,0.05321026,0.31743181,0.29390288
sha256:4748babd2b6ac0706cd9ed4bcfd4855c8d2c5535f01813fb2e10b68b31a24c0f:row:3616,1ues|m0|B|392|-|MN|-,1ues,MN,1,0,3,0.39138147,0.07723213,0.10816236,0.42322404
sha256:4748babd2b6ac0706cd9ed4bcfd4855c8d2c5535f01813fb2e10b68b31a24c0f:row:3625,5lpi|m0|A|902|-|ZN|-,5lpi,ZN,1,2,2,0.03727831,0.06538792,0.82627207,0.07106170
sha256:4748babd2b6ac0706cd9ed4bcfd4855c8d2c5535f01813fb2e10b68b31a24c0f:row:3626,3alr|m0|A|601|-|ZN|-,3alr,ZN,1,2,2,0.04633301,0.07307357,0.75773397,0.12285945
sha256:4748babd2b6ac0706cd9ed4bcfd4855c8d2c5535f01813fb2e10b68b31a24c0f:row:3636,2zof|m0|B|3002|-|MN|-,2zof,MN,1,0,0,0.57283168,0.03829315,0.23147949,0.15739568
sha256:4748babd2b6ac0706cd9ed4bcfd4855c8d2c5535f01813fb2e10b68b31a24c0f:row:3641,6kli|m0|A|604|-|CU|-,6kli,CU,1,1,1,0.26573143,0.41275331,0.20932553,0.11218973
sha256:4748babd2b6ac0706cd9ed4bcfd4855c8d2c5535f01813fb2e10b68b31a24c0f:row:3647,7zcc|m0|D|401|-|MN|-,7zcc,MN,1,0,3,0.35380125,0.06482550,0.14352229,0.43785096
sha256:4748babd2b6ac0706cd9ed4bcfd4855c8d2c5535f01813fb2e10b68b31a24c0f:row:3648,2gbx|m0|A|456|-|FE|-,2gbx,FE,1,3,3,0.14286394,0.07917069,0.32980138,0.44816400
sha256:4748babd2b6ac0706cd9ed4bcfd4855c8d2c5535f01813fb2e10b68b31a24c0f:row:3649,3cnq|m0|S|280|-|ZN|-,3cnq,ZN,1,2,2,0.05270964,0.34059890,0.50384825,0.10284321
sha256:4748babd2b6ac0706cd9ed4bcfd4855c8d2c5535f01813fb2e10b68b31a24c0f:row:3651,8fbg|m0|A|3002|-|ZN|-,8fbg,ZN,1,2,2,0.03826226,0.09656631,0.74314210,0.12202933
sha256:4748babd2b6ac0706cd9ed4bcfd4855c8d2c5535f01813fb2e10b68b31a24c0f:row:3656,6xmr|m0|B|402|-|MN|-,6xmr,MN,1,0,0,0.68185670,0.04769009,0.12219335,0.14825986
sha256:4748babd2b6ac0706cd9ed4bcfd4855c8d2c5535f01813fb2e10b68b31a24c0f:row:3659,2vun|m0|A|402|-|FE|-,2vun,FE,1,3,2,0.08046838,0.13918206,0.44763083,0.33271873
sha256:4748babd2b6ac0706cd9ed4bcfd4855c8d2c5535f01813fb2e10b68b31a24c0f:row:3666,4nbg|m0|A|501|-|FE|-,4nbg,FE,1,3,2,0.10982474,0.07028819,0.47508311,0.34480395
sha256:4748babd2b6ac0706cd9ed4bcfd4855c8d2c5535f01813fb2e10b68b31a24c0f:row:3669,4z6l|m0|D|401|-|FE|-,4z6l,FE,1,3,3,0.13801567,0.05134525,0.07995593,0.73068315
sha256:4748babd2b6ac0706cd9ed4bcfd4855c8d2c5535f01813fb2e10b68b31a24c0f:row:3672,6sh9|m0|B|1705|-|MN|-,6sh9,MN,1,0,0,0.69899040,0.04022811,0.08723646,0.17354502
sha256:4748babd2b6ac0706cd9ed4bcfd4855c8d2c5535f01813fb2e10b68b31a24c0f:row:3680,1tkp|m0|D|302|-|FE|-,1tkp,FE,1,3,2,0.22529314,0.05983513,0.40012496,0.31474677
sha256:4748babd2b6ac0706cd9ed4bcfd4855c8d2c5535f01813fb2e10b68b31a24c0f:row:3696,6g90|m0|H|1001|-|ZN|-,6g90,ZN,1,2,2,0.05721677,0.08013617,0.64114086,0.22150620
sha256:4748babd2b6ac0706cd9ed4bcfd4855c8d2c5535f01813fb2e10b68b31a24c0f:row:3699,6vp5|m0|D|401|-|FE|-,6vp5,FE,1,3,3,0.13786580,0.07741415,0.10108116,0.68363890
sha256:4748babd2b6ac0706cd9ed4bcfd4855c8d2c5535f01813fb2e10b68b31a24c0f:row:3704,4ytt|m0|D|401|-|MN|-,4ytt,MN,1,0,0,0.75041398,0.04109258,0.07965811,0.12883533
sha256:4748babd2b6ac0706cd9ed4bcfd4855c8d2c5535f01813fb2e10b68b31a24c0f:row:3708,4k1z|m0|D|301|-|MN|-,4k1z,MN,1,0,0,0.76308468,0.04301633,0.06656750,0.12733149
sha256:4748babd2b6ac0706cd9ed4bcfd4855c8d2c5535f01813fb2e10b68b31a24c0f:row:3710,5u97|m0|C|601|-|CO|-,5u97,CO,1,3,3,0.04467301,0.15726720,0.34662446,0.45143533
sha256:4748babd2b6ac0706cd9ed4bcfd4855c8d2c5535f01813fb2e10b68b31a24c0f:row:3712,5c3r|m0|C|401|-|NI|-,5c3r,NI,1,3,3,0.40379273,0.04873169,0.08174066,0.46573493
sha256:4748babd2b6ac0706cd9ed4bcfd4855c8d2c5535f01813fb2e10b68b31a24c0f:row:3716,4lw9|m0|C|203|-|ZN|-,4lw9,ZN,1,2,2,0.04295776,0.19602032,0.62496305,0.13605887
sha256:4748babd2b6ac0706cd9ed4bcfd4855c8d2c5535f01813fb2e10b68b31a24c0f:row:3720,3nik|m0|A|2|-|ZN|-,3nik,ZN,1,2,2,0.03846357,0.07506828,0.80263492,0.08383323
sha256:4748babd2b6ac0706cd9ed4bcfd4855c8d2c5535f01813fb2e10b68b31a24c0f:row:3721,1cjp|m0|B|238|-|MN|-,1cjp,MN,1,0,0,0.78768679,0.03740029,0.06727060,0.10764233
sha256:4748babd2b6ac0706cd9ed4bcfd4855c8d2c5535f01813fb2e10b68b31a24c0f:row:3723,5cvi|m0|A|303|-|ZN|-,5cvi,ZN,1,2,2,0.07611807,0.11634711,0.66458722,0.14294760
sha256:4748babd2b6ac0706cd9ed4bcfd4855c8d2c5535f01813fb2e10b68b31a24c0f:row:3729,6xmr|m0|B|401|-|MN|-,6xmr,MN,1,0,0,0.75087864,0.03500792,0.09007899,0.12403445
sha256:4748babd2b6ac0706cd9ed4bcfd4855c8d2c5535f01813fb2e10b68b31a24c0f:row:3738,6r7d|m0|J|202|-|NI|-,6r7d,NI,1,3,3,0.11907387,0.07253323,0.13401805,0.67437485
sha256:4748babd2b6ac0706cd9ed4bcfd4855c8d2c5535f01813fb2e10b68b31a24c0f:row:3742,3uct|m0|A|104|-|ZN|-,3uct,ZN,1,2,2,0.23562725,0.05326779,0.45522116,0.25588381
sha256:4748babd2b6ac0706cd9ed4bcfd4855c8d2c5535f01813fb2e10b68b31a24c0f:row:3744,1bs6|m0|B|2001|-|NI|-,1bs6,NI,1,3,2,0.09337561,0.13957601,0.43206602,0.33498236
sha256:4748babd2b6ac0706cd9ed4bcfd4855c8d2c5535f01813fb2e10b68b31a24c0f:row:3747,6wje|m0|A|208|-|ZN|-,6wje,ZN,1,2,0,0.32031753,0.08583549,0.29468512,0.29916185
sha256:4748babd2b6ac0706cd9ed4bcfd4855c8d2c5535f01813fb2e10b68b31a24c0f:row:3753,5oqj|m0|3|401|-|ZN|-,5oqj,ZN,1,2,2,0.03890766,0.07416536,0.78284745,0.10407953
sha256:4748babd2b6ac0706cd9ed4bcfd4855c8d2c5535f01813fb2e10b68b31a24c0f:row:3762,8a19|m0|A|1702|-|MN|-,8a19,MN,1,0,0,0.67214253,0.04140665,0.08329891,0.20315191
sha256:4748babd2b6ac0706cd9ed4bcfd4855c8d2c5535f01813fb2e10b68b31a24c0f:row:3765,6hbe|m0|A|500|-|CU|-,6hbe,CU,1,1,1,0.03017470,0.48855811,0.41923039,0.06203680
sha256:4748babd2b6ac0706cd9ed4bcfd4855c8d2c5535f01813fb2e10b68b31a24c0f:row:3791,1pj1|m0|A|406|-|FE|-,1pj1,FE,1,3,3,0.10353797,0.07386096,0.10644133,0.71615973
sha256:4748babd2b6ac0706cd9ed4bcfd4855c8d2c5535f01813fb2e10b68b31a24c0f:row:3795,3l24|m0|B|520|-|MN|-,3l24,MN,1,0,0,0.66406246,0.04900704,0.13218003,0.15475046
sha256:4748babd2b6ac0706cd9ed4bcfd4855c8d2c5535f01813fb2e10b68b31a24c0f:row:3802,8khq|m0|A|801|-|CO|-,8khq,CO,1,3,3,0.15156059,0.06832150,0.12596681,0.65415110
sha256:4748babd2b6ac0706cd9ed4bcfd4855c8d2c5535f01813fb2e10b68b31a24c0f:row:3804,4czs|m0|A|302|-|MN|-,4czs,MN,1,0,0,0.80191971,0.04075927,0.06289857,0.09442245
sha256:4748babd2b6ac0706cd9ed4bcfd4855c8d2c5535f01813fb2e10b68b31a24c0f:row:3809,4ooe|m0|B|501|-|MN|-,4ooe,MN,1,0,0,0.76089204,0.03814718,0.11303773,0.08792306
sha256:4748babd2b6ac0706cd9ed4bcfd4855c8d2c5535f01813fb2e10b68b31a24c0f:row:3815,4z6n|m0|A|401|-|FE|-,4z6n,FE,1,3,3,0.10744325,0.05505476,0.08030579,0.75719620
sha256:4748babd2b6ac0706cd9ed4bcfd4855c8d2c5535f01813fb2e10b68b31a24c0f:row:3830,5m45|m0|D|801|-|MN|-,5m45,MN,1,0,0,0.45137219,0.04283360,0.26039590,0.24539832
sha256:4748babd2b6ac0706cd9ed4bcfd4855c8d2c5535f01813fb2e10b68b31a24c0f:row:3838,4q7i|m0|A|606|-|MN|-,4q7i,MN,1,0,3,0.26054969,0.06922395,0.22076205,0.44946431
sha256:4748babd2b6ac0706cd9ed4bcfd4855c8d2c5535f01813fb2e10b68b31a24c0f:row:3840,6dtk|m0|C|401|-|ZN|-,6dtk,ZN,1,2,1,0.03131803,0.79493076,0.11610402,0.05764719
sha256:4748babd2b6ac0706cd9ed4bcfd4855c8d2c5535f01813fb2e10b68b31a24c0f:row:3845,4k1g|m0|A|301|-|ZN|-,4k1g,ZN,1,2,2,0.11787000,0.23992812,0.41455609,0.22764579
sha256:4748babd2b6ac0706cd9ed4bcfd4855c8d2c5535f01813fb2e10b68b31a24c0f:row:3846,4z6o|m0|C|401|-|FE|-,4z6o,FE,1,3,3,0.16583285,0.04473552,0.07931760,0.71011403
sha256:4748babd2b6ac0706cd9ed4bcfd4855c8d2c5535f01813fb2e10b68b31a24c0f:row:3847,5vjj|m0|A|203|-|ZN|-,5vjj,ZN,1,2,2,0.07839468,0.06963665,0.65354952,0.19841914
sha256:4748babd2b6ac0706cd9ed4bcfd4855c8d2c5535f01813fb2e10b68b31a24c0f:row:3849,5yw3|m0|B|201|-|CU|-,5yw3,CU,1,1,1,0.03143552,0.72300885,0.17535561,0.07020003
sha256:4748babd2b6ac0706cd9ed4bcfd4855c8d2c5535f01813fb2e10b68b31a24c0f:row:3860,4p9x|m0|C|302|-|MN|-,4p9x,MN,1,0,0,0.81349664,0.03582738,0.06078799,0.08988799
sha256:4748babd2b6ac0706cd9ed4bcfd4855c8d2c5535f01813fb2e10b68b31a24c0f:row:3865,3l24|m0|A|518|-|MN|-,3l24,MN,1,0,0,0.72418851,0.04688737,0.08005188,0.14887224
sha256:4748babd2b6ac0706cd9ed4bcfd4855c8d2c5535f01813fb2e10b68b31a24c0f:row:3869,7n02|m0|B|402|-|MN|-,7n02,MN,1,0,0,0.74716833,0.04089220,0.07447141,0.13746806
sha256:4748babd2b6ac0706cd9ed4bcfd4855c8d2c5535f01813fb2e10b68b31a24c0f:row:3879,4ou8|m0|A|501|-|FE|-,4ou8,FE,1,3,3,0.08420681,0.10593955,0.28852785,0.52132579
sha256:4748babd2b6ac0706cd9ed4bcfd4855c8d2c5535f01813fb2e10b68b31a24c0f:row:3881,2ogi|m0|A|302|-|FE|-,2ogi,FE,1,3,3,0.19227126,0.06180512,0.11819303,0.62773059
sha256:4748babd2b6ac0706cd9ed4bcfd4855c8d2c5535f01813fb2e10b68b31a24c0f:row:3884,4nba|m0|A|501|-|FE|-,4nba,FE,1,3,2,0.09235013,0.06123337,0.48208896,0.36432754
sha256:4748babd2b6ac0706cd9ed4bcfd4855c8d2c5535f01813fb2e10b68b31a24c0f:row:3891,6k6w|m0|A|601|-|MN|-,6k6w,MN,1,0,0,0.59752348,0.08695865,0.12627304,0.18924483
sha256:4748babd2b6ac0706cd9ed4bcfd4855c8d2c5535f01813fb2e10b68b31a24c0f:row:3907,8khq|m0|C|801|-|CO|-,8khq,CO,1,3,3,0.09304708,0.09819719,0.09992266,0.70883307
sha256:4748babd2b6ac0706cd9ed4bcfd4855c8d2c5535f01813fb2e10b68b31a24c0f:row:3911,6qo0|m0|D|401|-|FE|-,6qo0,FE,1,3,3,0.09717950,0.05789171,0.12327051,0.72165828
sha256:4748babd2b6ac0706cd9ed4bcfd4855c8d2c5535f01813fb2e10b68b31a24c0f:row:3926,1n9e|m0|C|801|-|CU|-,1n9e,CU,1,1,2,0.03757895,0.34658617,0.39051358,0.22532131
sha256:4748babd2b6ac0706cd9ed4bcfd4855c8d2c5535f01813fb2e10b68b31a24c0f:row:3939,4z6z|m0|D|401|-|FE|-,4z6z,FE,1,3,3,0.09754489,0.04837127,0.06557265,0.78851119
sha256:4748babd2b6ac0706cd9ed4bcfd4855c8d2c5535f01813fb2e10b68b31a24c0f:row:3940,5c3p|m0|B|401|-|NI|-,5c3p,NI,1,3,3,0.24510415,0.05268594,0.10173837,0.60047154
sha256:4748babd2b6ac0706cd9ed4bcfd4855c8d2c5535f01813fb2e10b68b31a24c0f:row:3947,8fbg|m0|A|3003|-|ZN|-,8fbg,ZN,1,2,2,0.03662311,0.08254812,0.74895813,0.13187064
sha256:4748babd2b6ac0706cd9ed4bcfd4855c8d2c5535f01813fb2e10b68b31a24c0f:row:3952,4rpa|m0|B|500|-|MN|-,4rpa,MN,1,0,0,0.44778228,0.06935435,0.28767613,0.19518724
sha256:4748babd2b6ac0706cd9ed4bcfd4855c8d2c5535f01813fb2e10b68b31a24c0f:row:3957,4gqt|m0|A|502|-|ZN|-,4gqt,ZN,1,2,2,0.04523132,0.12779357,0.62194000,0.20503512
sha256:4748babd2b6ac0706cd9ed4bcfd4855c8d2c5535f01813fb2e10b68b31a24c0f:row:3963,2pvx|m0|G|907|-|ZN|-,2pvx,ZN,1,2,2,0.06236567,0.06139805,0.70900536,0.16723092
sha256:4748babd2b6ac0706cd9ed4bcfd4855c8d2c5535f01813fb2e10b68b31a24c0f:row:3968,4eem|m0|A|404|-|MN|-,4eem,MN,1,0,0,0.73851026,0.03750120,0.07506206,0.14892649
sha256:4748babd2b6ac0706cd9ed4bcfd4855c8d2c5535f01813fb2e10b68b31a24c0f:row:3977,5aeu|m0|G|501|-|FE|-,5aeu,FE,1,3,3,0.11347510,0.08613833,0.38383999,0.41654658
sha256:4748babd2b6ac0706cd9ed4bcfd4855c8d2c5535f01813fb2e10b68b31a24c0f:row:3981,5gmk|m0|Q|400|-|ZN|-,5gmk,ZN,1,2,2,0.09399234,0.06471629,0.71697218,0.12431918
sha256:4748babd2b6ac0706cd9ed4bcfd4855c8d2c5535f01813fb2e10b68b31a24c0f:row:3984,4ax3|m0|B|501|-|CU|-,4ax3,CU,1,1,1,0.04061162,0.63117731,0.25847040,0.06974067
sha256:4748babd2b6ac0706cd9ed4bcfd4855c8d2c5535f01813fb2e10b68b31a24c0f:row:3994,1zvf|m0|A|201|-|NI|-,1zvf,NI,1,3,2,0.16656122,0.11854255,0.38807019,0.32682605
sha256:4748babd2b6ac0706cd9ed4bcfd4855c8d2c5535f01813fb2e10b68b31a24c0f:row:3995,4ghf|m0|C|401|-|FE|-,4ghf,FE,1,3,3,0.14689526,0.04467027,0.06878401,0.73965046
sha256:4748babd2b6ac0706cd9ed4bcfd4855c8d2c5535f01813fb2e10b68b31a24c0f:row:3997,6cx8|m0|C|201|-|MN|-,6cx8,MN,1,0,2,0.29225585,0.05456230,0.52888652,0.12429533
sha256:4748babd2b6ac0706cd9ed4bcfd4855c8d2c5535f01813fb2e10b68b31a24c0f:row:4000,7mgc|m0|C|302|-|MN|-,7mgc,MN,1,0,0,0.53459458,0.04949214,0.30316452,0.11274876
sha256:4748babd2b6ac0706cd9ed4bcfd4855c8d2c5535f01813fb2e10b68b31a24c0f:row:4005,8a19|m0|A|1701|-|MN|-,8a19,MN,1,0,0,0.68445286,0.04344300,0.09539920,0.17670495
sha256:4748babd2b6ac0706cd9ed4bcfd4855c8d2c5535f01813fb2e10b68b31a24c0f:row:4008,4ee3|m0|C|407|-|MN|-,4ee3,MN,1,0,0,0.70042036,0.04963889,0.07361030,0.17633045
sha256:4748babd2b6ac0706cd9ed4bcfd4855c8d2c5535f01813fb2e10b68b31a24c0f:row:4014,3ojk|m0|A|500|-|CO|-,3ojk,CO,1,3,3,0.08326666,0.06793327,0.08723901,0.76156105
sha256:4748babd2b6ac0706cd9ed4bcfd4855c8d2c5535f01813fb2e10b68b31a24c0f:row:4020,7ug9|m0|A|301|-|MN|-,7ug9,MN,1,0,0,0.56175703,0.10324090,0.15334393,0.18165814
sha256:4748babd2b6ac0706cd9ed4bcfd4855c8d2c5535f01813fb2e10b68b31a24c0f:row:4030,4ee3|m0|A|407|-|MN|-,4ee3,MN,1,0,0,0.66729111,0.05352130,0.07985979,0.19932780
sha256:4748babd2b6ac0706cd9ed4bcfd4855c8d2c5535f01813fb2e10b68b31a24c0f:row:4035,4wxx|m0|A|1704|-|ZN|-,4wxx,ZN,1,2,2,0.04202353,0.05460906,0.77786562,0.12550179
sha256:4748babd2b6ac0706cd9ed4bcfd4855c8d2c5535f01813fb2e10b68b31a24c0f:row:4036,4z6l|m0|C|401|-|FE|-,4z6l,FE,1,3,3,0.19728513,0.04854254,0.06735308,0.68681925
sha256:4748babd2b6ac0706cd9ed4bcfd4855c8d2c5535f01813fb2e10b68b31a24c0f:row:4049,4ruh|m0|B|503|-|MN|-,4ruh,MN,1,0,2,0.36871579,0.04851058,0.37389058,0.20888305
sha256:4748babd2b6ac0706cd9ed4bcfd4855c8d2c5535f01813fb2e10b68b31a24c0f:row:4054,3cnq|m0|S|282|-|ZN|-,3cnq,ZN,1,2,2,0.15967673,0.06055662,0.55387447,0.22589218
sha256:4748babd2b6ac0706cd9ed4bcfd4855c8d2c5535f01813fb2e10b68b31a24c0f:row:4057,8iuw|m0|B|401|-|CU|-,8iuw,CU,1,1,0,0.44981682,0.04525227,0.21159543,0.29333548
sha256:4748babd2b6ac0706cd9ed4bcfd4855c8d2c5535f01813fb2e10b68b31a24c0f:row:4058,7e0l|m0|K|603|-|FE|-,7e0l,FE,1,3,2,0.05168311,0.05338222,0.72130726,0.17362742
sha256:4748babd2b6ac0706cd9ed4bcfd4855c8d2c5535f01813fb2e10b68b31a24c0f:row:4059,2d3r|m0|D|240|-|MN|-,2d3r,MN,1,0,0,0.73974227,0.04293880,0.08350272,0.13381621
sha256:4748babd2b6ac0706cd9ed4bcfd4855c8d2c5535f01813fb2e10b68b31a24c0f:row:4064,7yi0|m0|D|702|-|ZN|-,7yi0,ZN,1,2,2,0.05779257,0.06427557,0.74602554,0.13190632
sha256:4748babd2b6ac0706cd9ed4bcfd4855c8d2c5535f01813fb2e10b68b31a24c0f:row:4067,5m45|m0|A|801|-|MN|-,5m45,MN,1,0,0,0.42069587,0.04677234,0.30194484,0.23058694
sha256:4748babd2b6ac0706cd9ed4bcfd4855c8d2c5535f01813fb2e10b68b31a24c0f:row:4071,8can|m0|A|802|-|CU|-,8can,CU,1,1,2,0.04278916,0.29812318,0.53393683,0.12515084
sha256:4748babd2b6ac0706cd9ed4bcfd4855c8d2c5535f01813fb2e10b68b31a24c0f:row:4077,7euq|m0|B|402|-|MN|-,7euq,MN,1,0,0,0.71384824,0.04138892,0.08492873,0.15983410
sha256:4748babd2b6ac0706cd9ed4bcfd4855c8d2c5535f01813fb2e10b68b31a24c0f:row:4080,6uca|m0|A|1005|-|ZN|-,6uca,ZN,1,2,2,0.04424664,0.05883547,0.80501984,0.09189805
sha256:4748babd2b6ac0706cd9ed4bcfd4855c8d2c5535f01813fb2e10b68b31a24c0f:row:4082,8f1b|m0|A|301|-|ZN|-,8f1b,ZN,1,2,3,0.10534145,0.06987204,0.39595150,0.42883501
sha256:4748babd2b6ac0706cd9ed4bcfd4855c8d2c5535f01813fb2e10b68b31a24c0f:row:4086,5v2d|m0|C|500|-|FE|-,5v2d,FE,1,3,3,0.06015476,0.10278490,0.19414284,0.64291750
sha256:4748babd2b6ac0706cd9ed4bcfd4855c8d2c5535f01813fb2e10b68b31a24c0f:row:4087,4eeo|m0|C|404|-|MN|-,4eeo,MN,1,0,0,0.69068770,0.04722307,0.08090544,0.18118379
sha256:4748babd2b6ac0706cd9ed4bcfd4855c8d2c5535f01813fb2e10b68b31a24c0f:row:4095,4nbb|m0|A|501|-|FE|-,4nbb,FE,1,3,3,0.12374143,0.05183791,0.34056906,0.48385159
sha256:4748babd2b6ac0706cd9ed4bcfd4855c8d2c5535f01813fb2e10b68b31a24c0f:row:4101,6kli|m0|A|603|-|CU|-,6kli,CU,1,1,2,0.05289227,0.24554518,0.42167136,0.27989119
sha256:4748babd2b6ac0706cd9ed4bcfd4855c8d2c5535f01813fb2e10b68b31a24c0f:row:4103,4kbl|m0|A|604|-|ZN|-,4kbl,ZN,1,2,2,0.04942794,0.05665161,0.73197563,0.16194482
sha256:4748babd2b6ac0706cd9ed4bcfd4855c8d2c5535f01813fb2e10b68b31a24c0f:row:4104,4z6u|m0|C|401|-|FE|-,4z6u,FE,1,3,3,0.13540705,0.04798623,0.08399692,0.73260979
sha256:4748babd2b6ac0706cd9ed4bcfd4855c8d2c5535f01813fb2e10b68b31a24c0f:row:4105,4chg|m0|B|1133|-|MN|-,4chg,MN,1,0,0,0.62902836,0.04236966,0.19790310,0.13069888
sha256:4748babd2b6ac0706cd9ed4bcfd4855c8d2c5535f01813fb2e10b68b31a24c0f:row:4106,8jnk|m0|C|1002|-|MN|-,8jnk,MN,1,0,0,0.38978483,0.07668218,0.30700488,0.22652811
sha256:4748babd2b6ac0706cd9ed4bcfd4855c8d2c5535f01813fb2e10b68b31a24c0f:row:4112,4k1z|m0|A|301|-|MN|-,4k1z,MN,1,0,0,0.77768222,0.03837314,0.07017931,0.11376534
sha256:4748babd2b6ac0706cd9ed4bcfd4855c8d2c5535f01813fb2e10b68b31a24c0f:row:4117,1uer|m0|B|392|-|FE|-,1uer,FE,1,3,3,0.21884857,0.09692832,0.11738155,0.56684156
sha256:4748babd2b6ac0706cd9ed4bcfd4855c8d2c5535f01813fb2e10b68b31a24c0f:row:4122,4eeg|m0|B|404|-|MN|-,4eeg,MN,1,0,0,0.59592612,0.09190241,0.14877683,0.16339465
sha256:4748babd2b6ac0706cd9ed4bcfd4855c8d2c5535f01813fb2e10b68b31a24c0f:row:4139,3ojj|m0|A|500|-|CO|-,3ojj,CO,1,3,3,0.10509815,0.06220373,0.08549534,0.74720278
sha256:4748babd2b6ac0706cd9ed4bcfd4855c8d2c5535f01813fb2e10b68b31a24c0f:row:4140,7t8q|m0|C|601|-|FE|-,7t8q,FE,1,3,3,0.07557730,0.10685709,0.12487273,0.69269289
sha256:4748babd2b6ac0706cd9ed4bcfd4855c8d2c5535f01813fb2e10b68b31a24c0f:row:4141,1pm2|m0|A|502|-|MN|-,1pm2,MN,1,0,2,0.34472558,0.06143920,0.37962510,0.21421012
sha256:4748babd2b6ac0706cd9ed4bcfd4855c8d2c5535f01813fb2e10b68b31a24c0f:row:4144,7nqf|m0|B|402|-|CO|-,7nqf,CO,1,3,2,0.23109353,0.05936356,0.54580004,0.16374287
sha256:4748babd2b6ac0706cd9ed4bcfd4855c8d2c5535f01813fb2e10b68b31a24c0f:row:4146,5ao1|m0|A|1584|-|FE|-,5ao1,FE,1,3,3,0.39952343,0.05038629,0.09305941,0.45703087
sha256:4748babd2b6ac0706cd9ed4bcfd4855c8d2c5535f01813fb2e10b68b31a24c0f:row:4147,3phd|m0|A|1002|-|ZN|-,3phd,ZN,1,2,2,0.04689554,0.06066186,0.72130676,0.17113584
sha256:4748babd2b6ac0706cd9ed4bcfd4855c8d2c5535f01813fb2e10b68b31a24c0f:row:4153,1uer|m0|C|592|-|FE|-,1uer,FE,1,3,3,0.21000205,0.06733790,0.12301718,0.59964288
sha256:4748babd2b6ac0706cd9ed4bcfd4855c8d2c5535f01813fb2e10b68b31a24c0f:row:4156,3alr|m0|D|603|-|ZN|-,3alr,ZN,1,2,2,0.04831885,0.22706883,0.63402457,0.09058775
sha256:4748babd2b6ac0706cd9ed4bcfd4855c8d2c5535f01813fb2e10b68b31a24c0f:row:4159,1w8q|m0|D|510|-|CO|-,1w8q,CO,1,3,2,0.12545666,0.12109495,0.42906301,0.32438539
sha256:4748babd2b6ac0706cd9ed4bcfd4855c8d2c5535f01813fb2e10b68b31a24c0f:row:4166,5v3g|m0|A|1002|-|ZN|-,5v3g,ZN,1,2,2,0.05717048,0.06607491,0.72539880,0.15135581
sha256:4748babd2b6ac0706cd9ed4bcfd4855c8d2c5535f01813fb2e10b68b31a24c0f:row:4168,3wd7|m0|A|406|-|NI|-,3wd7,NI,1,3,2,0.05424017,0.29038168,0.35787232,0.29750583
sha256:4748babd2b6ac0706cd9ed4bcfd4855c8d2c5535f01813fb2e10b68b31a24c0f:row:4169,8dq4|m0|A|402|-|MN|-,8dq4,MN,1,0,0,0.66864345,0.04725989,0.12523145,0.15886521
sha256:4748babd2b6ac0706cd9ed4bcfd4855c8d2c5535f01813fb2e10b68b31a24c0f:row:4175,4nbc|m0|B|501|-|FE|-,4nbc,FE,1,3,2,0.16268251,0.05756189,0.44067562,0.33907998
sha256:4748babd2b6ac0706cd9ed4bcfd4855c8d2c5535f01813fb2e10b68b31a24c0f:row:4182,1peg|m0|A|1|-|ZN|-,1peg,ZN,1,2,2,0.04274438,0.07683037,0.77783539,0.10258986
sha256:4748babd2b6ac0706cd9ed4bcfd4855c8d2c5535f01813fb2e10b68b31a24c0f:row:4184,6ru4|m0|B|401|-|MN|-,6ru4,MN,1,0,0,0.59845062,0.07282758,0.06928297,0.25943883
sha256:4748babd2b6ac0706cd9ed4bcfd4855c8d2c5535f01813fb2e10b68b31a24c0f:row:4187,4nb8|m0|C|501|-|FE|-,4nb8,FE,1,3,3,0.10154255,0.05203854,0.38699544,0.45942348
sha256:4748babd2b6ac0706cd9ed4bcfd4855c8d2c5535f01813fb2e10b68b31a24c0f:row:4193,4yts|m0|B|402|-|MN|-,4yts,MN,1,0,0,0.69937237,0.04103086,0.11145822,0.14813856
sha256:4748babd2b6ac0706cd9ed4bcfd4855c8d2c5535f01813fb2e10b68b31a24c0f:row:4205,4eeg|m0|C|404|-|MN|-,4eeg,MN,1,0,0,0.66930137,0.04889636,0.10266586,0.17913641
sha256:4748babd2b6ac0706cd9ed4bcfd4855c8d2c5535f01813fb2e10b68b31a24c0f:row:4207,2zc2|m0|B|502|-|ZN|-,2zc2,ZN,1,2,2,0.11173756,0.08783357,0.68061921,0.11980966
sha256:4748babd2b6ac0706cd9ed4bcfd4855c8d2c5535f01813fb2e10b68b31a24c0f:row:4213,1xik|m0|A|376|-|FE|-,1xik,FE,1,3,3,0.08464529,0.07882504,0.31656560,0.51996407
sha256:4748babd2b6ac0706cd9ed4bcfd4855c8d2c5535f01813fb2e10b68b31a24c0f:row:4214,1rsr|m0|A|1003|-|FE|-,1rsr,FE,1,3,3,0.20936019,0.07638725,0.15827099,0.55598157
sha256:4748babd2b6ac0706cd9ed4bcfd4855c8d2c5535f01813fb2e10b68b31a24c0f:row:4215,8fbg|m0|B|3004|-|ZN|-,8fbg,ZN,1,2,2,0.04250846,0.14968413,0.66723840,0.14056901
sha256:4748babd2b6ac0706cd9ed4bcfd4855c8d2c5535f01813fb2e10b68b31a24c0f:row:4219,2i14|m0|D|1791|-|ZN|-,2i14,ZN,1,2,2,0.05191820,0.14125804,0.65935647,0.14746729
sha256:4748babd2b6ac0706cd9ed4bcfd4855c8d2c5535f01813fb2e10b68b31a24c0f:row:4223,4i5n|m0|C|502|-|MN|-,4i5n,MN,1,0,0,0.35504634,0.07731830,0.28005837,0.28757699
sha256:4748babd2b6ac0706cd9ed4bcfd4855c8d2c5535f01813fb2e10b68b31a24c0f:row:4247,6ll1|m0|A|403|-|FE|-,6ll1,FE,1,3,2,0.08026772,0.07213578,0.50570017,0.34189633
sha256:4748babd2b6ac0706cd9ed4bcfd4855c8d2c5535f01813fb2e10b68b31a24c0f:row:4258,1tf6|m0|A|202|-|ZN|-,1tf6,ZN,1,2,2,0.03784666,0.10232524,0.76818325,0.09164485
sha256:4748babd2b6ac0706cd9ed4bcfd4855c8d2c5535f01813fb2e10b68b31a24c0f:row:4268,3ojn|m0|C|500|-|MN|-,3ojn,MN,1,0,3,0.31449312,0.05096934,0.07252417,0.56201338
sha256:4748babd2b6ac0706cd9ed4bcfd4855c8d2c5535f01813fb2e10b68b31a24c0f:row:4270,2ox8|m0|A|2|-|ZN|-,2ox8,ZN,1,2,2,0.09767802,0.07488257,0.56890050,0.25853892
sha256:4748babd2b6ac0706cd9ed4bcfd4855c8d2c5535f01813fb2e10b68b31a24c0f:row:4279,4z6u|m0|D|401|-|FE|-,4z6u,FE,1,3,3,0.12171272,0.04663189,0.08359701,0.74805839
sha256:4748babd2b6ac0706cd9ed4bcfd4855c8d2c5535f01813fb2e10b68b31a24c0f:row:4281,2jcd|m0|B|1320|-|MN|-,2jcd,MN,1,0,0,0.74979266,0.03923279,0.07607474,0.13489981
sha256:4748babd2b6ac0706cd9ed4bcfd4855c8d2c5535f01813fb2e10b68b31a24c0f:row:4287,2xll|m0|A|537|-|CU|-,2xll,CU,1,1,1,0.06867723,0.69570264,0.13674028,0.09887985
sha256:4748babd2b6ac0706cd9ed4bcfd4855c8d2c5535f01813fb2e10b68b31a24c0f:row:4294,5zac|m0|C|301|-|MN|-,5zac,MN,1,0,0,0.72946384,0.04374460,0.08805871,0.13873286
sha256:4748babd2b6ac0706cd9ed4bcfd4855c8d2c5535f01813fb2e10b68b31a24c0f:row:4301,2jcd|m0|B|1321|-|MN|-,2jcd,MN,1,0,0,0.57762969,0.04491574,0.11938099,0.25807358
sha256:4748babd2b6ac0706cd9ed4bcfd4855c8d2c5535f01813fb2e10b68b31a24c0f:row:4304,1b57|m0|A|360|-|ZN|-,1b57,ZN,1,2,2,0.06471596,0.17997945,0.52719940,0.22810520
sha256:4748babd2b6ac0706cd9ed4bcfd4855c8d2c5535f01813fb2e10b68b31a24c0f:row:4312,3ojt|m0|D|500|-|FE|-,3ojt,FE,1,3,3,0.11837941,0.04740269,0.06874557,0.76547234
sha256:4748babd2b6ac0706cd9ed4bcfd4855c8d2c5535f01813fb2e10b68b31a24c0f:row:4319,3od2|m0|B|138|-|NI|-,3od2,NI,1,3,0,0.37322611,0.08914707,0.22664867,0.31097816
sha256:4748babd2b6ac0706cd9ed4bcfd4855c8d2c5535f01813fb2e10b68b31a24c0f:row:4322,1lob|m0|G|919|-|MN|-,1lob,MN,1,0,0,0.77847979,0.03837615,0.07096593,0.11217813
sha256:4748babd2b6ac0706cd9ed4bcfd4855c8d2c5535f01813fb2e10b68b31a24c0f:row:4327,2z8d|m0|B|5|-|ZN|-,2z8d,ZN,1,2,3,0.29014539,0.05406522,0.24350579,0.41228360
sha256:4748babd2b6ac0706cd9ed4bcfd4855c8d2c5535f01813fb2e10b68b31a24c0f:row:4328,8iuu|m0|A|401|-|MN|-,8iuu,MN,1,0,0,0.44396908,0.04333227,0.31117318,0.20152547
sha256:4748babd2b6ac0706cd9ed4bcfd4855c8d2c5535f01813fb2e10b68b31a24c0f:row:4336,8kg9|m0|5|802|-|ZN|-,8kg9,ZN,1,2,2,0.05253391,0.28659937,0.56344393,0.09742279
sha256:4748babd2b6ac0706cd9ed4bcfd4855c8d2c5535f01813fb2e10b68b31a24c0f:row:4337,8iuu|m0|B|302|-|MN|-,8iuu,MN,1,0,0,0.73210082,0.03678440,0.07964890,0.15146588
sha256:4748babd2b6ac0706cd9ed4bcfd4855c8d2c5535f01813fb2e10b68b31a24c0f:row:4344,7qbv|m0|D|502|-|FE|-,7qbv,FE,1,3,2,0.05657062,0.05590999,0.76694232,0.12057707
sha256:4748babd2b6ac0706cd9ed4bcfd4855c8d2c5535f01813fb2e10b68b31a24c0f:row:4353,3ask|m0|A|503|-|ZN|-,3ask,ZN,1,2,2,0.08050300,0.05659460,0.65372109,0.20918131
sha256:4748babd2b6ac0706cd9ed4bcfd4855c8d2c5535f01813fb2e10b68b31a24c0f:row:4355,3qu6|m0|A|115|-|ZN|-,3qu6,ZN,1,2,2,0.11508581,0.06780644,0.50366329,0.31344447
sha256:4748babd2b6ac0706cd9ed4bcfd4855c8d2c5535f01813fb2e10b68b31a24c0f:row:4356,3gyy|m0|A|322|-|ZN|-,3gyy,ZN,1,2,2,0.11376867,0.10535404,0.41793595,0.36294133
sha256:4748babd2b6ac0706cd9ed4bcfd4855c8d2c5535f01813fb2e10b68b31a24c0f:row:4358,8f5o|m0|B|2000|-|ZN|-,8f5o,ZN,1,2,2,0.04938480,0.05354044,0.79424613,0.10282863
sha256:4748babd2b6ac0706cd9ed4bcfd4855c8d2c5535f01813fb2e10b68b31a24c0f:row:4361,6omq|m0|B|406|-|MN|-,6omq,MN,1,0,0,0.70624292,0.04352961,0.07686665,0.17336083
sha256:4748babd2b6ac0706cd9ed4bcfd4855c8d2c5535f01813fb2e10b68b31a24c0f:row:4364,5uob|m0|A|511|-|ZN|-,5uob,ZN,1,2,2,0.08990362,0.12778673,0.47155127,0.31075839
sha256:4748babd2b6ac0706cd9ed4bcfd4855c8d2c5535f01813fb2e10b68b31a24c0f:row:4365,3l24|m0|C|520|-|MN|-,3l24,MN,1,0,3,0.19370898,0.24328547,0.26434143,0.29866412
sha256:4748babd2b6ac0706cd9ed4bcfd4855c8d2c5535f01813fb2e10b68b31a24c0f:row:4373,6omq|m0|A|406|-|MN|-,6omq,MN,1,0,0,0.60435371,0.04129092,0.16762586,0.18672950
sha256:4748babd2b6ac0706cd9ed4bcfd4855c8d2c5535f01813fb2e10b68b31a24c0f:row:4387,5din|m0|A|202|-|ZN|-,5din,ZN,1,2,2,0.18963123,0.06872117,0.50292833,0.23871928
sha256:4748babd2b6ac0706cd9ed4bcfd4855c8d2c5535f01813fb2e10b68b31a24c0f:row:4390,4ghc|m0|C|401|-|FE|-,4ghc,FE,1,3,3,0.10651102,0.05081328,0.09045674,0.75221896
sha256:4748babd2b6ac0706cd9ed4bcfd4855c8d2c5535f01813fb2e10b68b31a24c0f:row:4411,6llf|m0|A|402|-|FE|-,6llf,FE,1,3,3,0.15601104,0.06768147,0.36651250,0.40979499
sha256:4748babd2b6ac0706cd9ed4bcfd4855c8d2c5535f01813fb2e10b68b31a24c0f:row:4415,1loa|m0|C|459|-|MN|-,1loa,MN,1,0,0,0.76533536,0.04116766,0.09065032,0.10284666
sha256:4748babd2b6ac0706cd9ed4bcfd4855c8d2c5535f01813fb2e10b68b31a24c0f:row:4430,6f2b|m0|C|401|-|FE|-,6f2b,FE,1,3,0,0.48447180,0.05973987,0.08683336,0.36895498
sha256:4748babd2b6ac0706cd9ed4bcfd4855c8d2c5535f01813fb2e10b68b31a24c0f:row:4432,1cxv|m0|A|3|-|ZN|-,1cxv,ZN,1,2,2,0.06690331,0.15801774,0.44612531,0.32895364
sha256:4748babd2b6ac0706cd9ed4bcfd4855c8d2c5535f01813fb2e10b68b31a24c0f:row:4442,7mpq|m0|K|304|-|MN|-,7mpq,MN,1,0,0,0.66907784,0.05972094,0.10912115,0.16208008
sha256:4748babd2b6ac0706cd9ed4bcfd4855c8d2c5535f01813fb2e10b68b31a24c0f:row:4451,5w8t|m0|A|401|-|ZN|-,5w8t,ZN,1,2,2,0.04298119,0.05434796,0.79544499,0.10722586
sha256:4748babd2b6ac0706cd9ed4bcfd4855c8d2c5535f01813fb2e10b68b31a24c0f:row:4458,7bmf|m0|A|501|-|MN|-,7bmf,MN,1,0,0,0.48107888,0.04664793,0.29986707,0.17240611
sha256:4748babd2b6ac0706cd9ed4bcfd4855c8d2c5535f01813fb2e10b68b31a24c0f:row:4465,2xmk|m0|A|2101|-|CU|-,2xmk,CU,1,1,2,0.03565979,0.24461704,0.40810896,0.31161421
sha256:4748babd2b6ac0706cd9ed4bcfd4855c8d2c5535f01813fb2e10b68b31a24c0f:row:4466,4nba|m0|B|501|-|FE|-,4nba,FE,1,3,3,0.17303540,0.06351246,0.34303309,0.42041905
sha256:4748babd2b6ac0706cd9ed4bcfd4855c8d2c5535f01813fb2e10b68b31a24c0f:row:4470,4z6z|m0|A|401|-|FE|-,4z6z,FE,1,3,3,0.12412800,0.05291572,0.06982492,0.75313136
sha256:4748babd2b6ac0706cd9ed4bcfd4855c8d2c5535f01813fb2e10b68b31a24c0f:row:4475,5ao1|m0|C|1584|-|FE|-,5ao1,FE,1,3,3,0.22358884,0.05537810,0.21482248,0.50621058
sha256:4748babd2b6ac0706cd9ed4bcfd4855c8d2c5535f01813fb2e10b68b31a24c0f:row:4479,3rgt|m0|A|406|-|CO|-,3rgt,CO,1,3,0,0.47886456,0.05735962,0.18033885,0.28343696
sha256:4748babd2b6ac0706cd9ed4bcfd4855c8d2c5535f01813fb2e10b68b31a24c0f:row:4488,7yuj|m0|A|603|-|ZN|-,7yuj,ZN,1,2,2,0.04177236,0.05051600,0.73559227,0.17211938
sha256:4748babd2b6ac0706cd9ed4bcfd4855c8d2c5535f01813fb2e10b68b31a24c0f:row:4489,7vo0|m0|G|203|-|ZN|-,7vo0,ZN,1,2,2,0.07967899,0.12954897,0.44535389,0.34541815
sha256:4748babd2b6ac0706cd9ed4bcfd4855c8d2c5535f01813fb2e10b68b31a24c0f:row:4491,6wn3|m0|A|506|-|FE|-,6wn3,FE,1,3,3,0.09689142,0.05826713,0.14384162,0.70099983
sha256:4748babd2b6ac0706cd9ed4bcfd4855c8d2c5535f01813fb2e10b68b31a24c0f:row:4495,2xmk|m0|A|2102|-|CU|-,2xmk,CU,1,1,2,0.05028019,0.24893779,0.58034925,0.12043277
sha256:4748babd2b6ac0706cd9ed4bcfd4855c8d2c5535f01813fb2e10b68b31a24c0f:row:4504,6rrq|m0|A|601|-|CU|-,6rrq,CU,1,1,2,0.03775736,0.30487754,0.50801516,0.14934994
sha256:4748babd2b6ac0706cd9ed4bcfd4855c8d2c5535f01813fb2e10b68b31a24c0f:row:4505,6uca|m0|A|1007|-|ZN|-,6uca,ZN,1,2,2,0.04651838,0.09334806,0.76175982,0.09837373
sha256:4748babd2b6ac0706cd9ed4bcfd4855c8d2c5535f01813fb2e10b68b31a24c0f:row:4508,4z6v|m0|A|401|-|FE|-,4z6v,FE,1,3,3,0.12120324,0.04723400,0.07587395,0.75568881
sha256:4748babd2b6ac0706cd9ed4bcfd4855c8d2c5535f01813fb2e10b68b31a24c0f:row:4512,1rsr|m0|B|1002|-|FE|-,1rsr,FE,1,3,3,0.26995980,0.04207645,0.27687161,0.41109214
sha256:4748babd2b6ac0706cd9ed4bcfd4855c8d2c5535f01813fb2e10b68b31a24c0f:row:4519,2p34|m0|A|301|-|MN|-,2p34,MN,1,0,0,0.78818226,0.03678522,0.06458739,0.11044512
sha256:4748babd2b6ac0706cd9ed4bcfd4855c8d2c5535f01813fb2e10b68b31a24c0f:row:4530,7euq|m0|A|402|-|MN|-,7euq,MN,1,0,0,0.71486912,0.04137670,0.08552634,0.15822784
sha256:4748babd2b6ac0706cd9ed4bcfd4855c8d2c5535f01813fb2e10b68b31a24c0f:row:4531,5j8l|m0|D|401|-|MN|-,5j8l,MN,1,0,0,0.66971500,0.05593402,0.14979100,0.12455998
sha256:4748babd2b6ac0706cd9ed4bcfd4855c8d2c5535f01813fb2e10b68b31a24c0f:row:4537,4z6o|m0|D|401|-|FE|-,4z6o,FE,1,3,3,0.18226422,0.04716458,0.07319674,0.69737447
sha256:4748babd2b6ac0706cd9ed4bcfd4855c8d2c5535f01813fb2e10b68b31a24c0f:row:4543,2okn|m0|B|496|-|MN|-,2okn,MN,1,0,0,0.49687943,0.03579916,0.29951586,0.16780554
sha256:4748babd2b6ac0706cd9ed4bcfd4855c8d2c5535f01813fb2e10b68b31a24c0f:row:4546,7rty|m0|A|501|-|FE|-,7rty,FE,1,3,3,0.07438046,0.10569368,0.36325555,0.45667031
sha256:4748babd2b6ac0706cd9ed4bcfd4855c8d2c5535f01813fb2e10b68b31a24c0f:row:4550,4p9x|m0|A|302|-|MN|-,4p9x,MN,1,0,0,0.75576825,0.03838019,0.07727928,0.12857227
sha256:4748babd2b6ac0706cd9ed4bcfd4855c8d2c5535f01813fb2e10b68b31a24c0f:row:4558,1pim|m0|A|402|-|FE|-,1pim,FE,1,3,3,0.27951818,0.04823274,0.25023607,0.42201301
sha256:4748babd2b6ac0706cd9ed4bcfd4855c8d2c5535f01813fb2e10b68b31a24c0f:row:4561,2i14|m0|A|391|-|ZN|-,2i14,ZN,1,2,2,0.05057718,0.15727423,0.64185962,0.15028897
sha256:4748babd2b6ac0706cd9ed4bcfd4855c8d2c5535f01813fb2e10b68b31a24c0f:row:4566,5iqo|m0|A|204|-|CO|-,5iqo,CO,1,3,2,0.12501000,0.06288231,0.47538258,0.33672511
sha256:4748babd2b6ac0706cd9ed4bcfd4855c8d2c5535f01813fb2e10b68b31a24c0f:row:4572,3eck|m0|D|500|-|FE|-,3eck,FE,1,3,3,0.10438714,0.05871797,0.06288413,0.77401076
sha256:4748babd2b6ac0706cd9ed4bcfd4855c8d2c5535f01813fb2e10b68b31a24c0f:row:4585,7dvq|m0|0|201|-|ZN|-,7dvq,ZN,1,2,2,0.04544685,0.05234553,0.77617464,0.12603298
sha256:4748babd2b6ac0706cd9ed4bcfd4855c8d2c5535f01813fb2e10b68b31a24c0f:row:4593,3p2u|m0|B|261|-|MN|-,3p2u,MN,1,0,3,0.40304855,0.06938554,0.11704691,0.41051899
sha256:4748babd2b6ac0706cd9ed4bcfd4855c8d2c5535f01813fb2e10b68b31a24c0f:row:4594,3vnj|m0|D|302|-|MN|-,3vnj,MN,1,0,0,0.77383255,0.04571122,0.07312799,0.10732825
sha256:4748babd2b6ac0706cd9ed4bcfd4855c8d2c5535f01813fb2e10b68b31a24c0f:row:4605,5nqz|m0|A|402|-|ZN|-,5nqz,ZN,1,2,2,0.11454717,0.12171092,0.48830713,0.27543478
sha256:4748babd2b6ac0706cd9ed4bcfd4855c8d2c5535f01813fb2e10b68b31a24c0f:row:4606,1qt1|m0|A|401|-|CO|-,1qt1,CO,1,3,0,0.50851514,0.05171085,0.23559178,0.20418222
sha256:4748babd2b6ac0706cd9ed4bcfd4855c8d2c5535f01813fb2e10b68b31a24c0f:row:4608,1bxh|m0|D|238|-|MN|-,1bxh,MN,1,0,0,0.78496504,0.03435610,0.06536132,0.11531754
sha256:4748babd2b6ac0706cd9ed4bcfd4855c8d2c5535f01813fb2e10b68b31a24c0f:row:4617,4z6z|m0|C|401|-|FE|-,4z6z,FE,1,3,3,0.09982754,0.04953892,0.07214312,0.77849042
sha256:4748babd2b6ac0706cd9ed4bcfd4855c8d2c5535f01813fb2e10b68b31a24c0f:row:4621,7vo0|m0|H|202|-|ZN|-,7vo0,ZN,1,2,2,0.05398746,0.18809730,0.55080657,0.20710866
sha256:4748babd2b6ac0706cd9ed4bcfd4855c8d2c5535f01813fb2e10b68b31a24c0f:row:4622,5gmk|m0|Q|401|-|ZN|-,5gmk,ZN,1,2,2,0.04454795,0.06655150,0.59859476,0.29030580
sha256:4748babd2b6ac0706cd9ed4bcfd4855c8d2c5535f01813fb2e10b68b31a24c0f:row:4624,4hd0|m0|A|401|-|MN|-,4hd0,MN,1,0,0,0.33918288,0.09823822,0.31088692,0.25169198
sha256:4748babd2b6ac0706cd9ed4bcfd4855c8d2c5535f01813fb2e10b68b31a24c0f:row:4625,3l24|m0|A|520|-|MN|-,3l24,MN,1,0,0,0.69506941,0.03753289,0.12778253,0.13961516
sha256:4748babd2b6ac0706cd9ed4bcfd4855c8d2c5535f01813fb2e10b68b31a24c0f:row:4631,1piu|m0|A|401|-|FE|-,1piu,FE,1,3,3,0.20524640,0.05688616,0.27142197,0.46644548
sha256:4748babd2b6ac0706cd9ed4bcfd4855c8d2c5535f01813fb2e10b68b31a24c0f:row:4633,4hcg|m0|A|201|-|ZN|-,4hcg,ZN,1,2,1,0.04355514,0.51630801,0.29623466,0.14390219
sha256:4748babd2b6ac0706cd9ed4bcfd4855c8d2c5535f01813fb2e10b68b31a24c0f:row:4637,4ou8|m0|B|501|-|FE|-,4ou8,FE,1,3,3,0.08105963,0.11337951,0.14166399,0.66389687
sha256:4748babd2b6ac0706cd9ed4bcfd4855c8d2c5535f01813fb2e10b68b31a24c0f:row:4641,4ou9|m0|D|501|-|FE|-,4ou9,FE,1,3,3,0.08601438,0.09090417,0.20791457,0.61516688
sha256:4748babd2b6ac0706cd9ed4bcfd4855c8d2c5535f01813fb2e10b68b31a24c0f:row:4646,5cvi|m0|A|302|-|ZN|-,5cvi,ZN,1,2,2,0.04809605,0.13188605,0.69955188,0.12046602
sha256:4748babd2b6ac0706cd9ed4bcfd4855c8d2c5535f01813fb2e10b68b31a24c0f:row:4648,2zc2|m0|B|508|-|ZN|-,2zc2,ZN,1,2,2,0.10041629,0.13000398,0.66812964,0.10145009
sha256:4748babd2b6ac0706cd9ed4bcfd4855c8d2c5535f01813fb2e10b68b31a24c0f:row:4650,1zvf|m0|B|204|-|NI|-,1zvf,NI,1,3,2,0.03634757,0.06621011,0.72430521,0.17313711
sha256:4748babd2b6ac0706cd9ed4bcfd4855c8d2c5535f01813fb2e10b68b31a24c0f:row:4660,4puc|m0|A|602|-|ZN|-,4puc,ZN,1,2,2,0.09373474,0.05046923,0.70779679,0.14799924
sha256:4748babd2b6ac0706cd9ed4bcfd4855c8d2c5535f01813fb2e10b68b31a24c0f:row:4670,6qep|m0|A|1704|-|MN|-,6qep,MN,1,0,0,0.41584516,0.04782624,0.29569256,0.24063603
sha256:4748babd2b6ac0706cd9ed4bcfd4855c8d2c5535f01813fb2e10b68b31a24c0f:row:4672,5vjj|m0|A|201|-|ZN|-,5vjj,ZN,1,2,2,0.06076492,0.25469835,0.56747963,0.11705710
sha256:4748babd2b6ac0706cd9ed4bcfd4855c8d2c5535f01813fb2e10b68b31a24c0f:row:4674,4czs|m0|C|302|-|MN|-,4czs,MN,1,0,0,0.78919328,0.04353380,0.07734102,0.08993190
sha256:4748babd2b6ac0706cd9ed4bcfd4855c8d2c5535f01813fb2e10b68b31a24c0f:row:4692,5fd3|m0|A|704|-|ZN|-,5fd3,ZN,1,2,2,0.04534529,0.06612930,0.78814129,0.10038412
sha256:4748babd2b6ac0706cd9ed4bcfd4855c8d2c5535f01813fb2e10b68b31a24c0f:row:4693,2iw4|m0|A|1309|-|FE|-,2iw4,FE,1,3,2,0.39008680,0.04848188,0.41206544,0.14936588
sha256:4748babd2b6ac0706cd9ed4bcfd4855c8d2c5535f01813fb2e10b68b31a24c0f:row:4695,3h61|m0|D|500|-|MN|-,3h61,MN,1,0,0,0.63915179,0.05645215,0.09154556,0.21285050
sha256:4748babd2b6ac0706cd9ed4bcfd4855c8d2c5535f01813fb2e10b68b31a24c0f:row:4699,2qul|m0|A|291|-|MN|-,2qul,MN,1,0,0,0.73135888,0.03977929,0.06466075,0.16420107
sha256:4748babd2b6ac0706cd9ed4bcfd4855c8d2c5535f01813fb2e10b68b31a24c0f:row:4700,5u7g|m0|A|1803|-|ZN|-,5u7g,ZN,1,2,2,0.04028522,0.05459207,0.73312555,0.17199716
sha256:4748babd2b6ac0706cd9ed4bcfd4855c8d2c5535f01813fb2e10b68b31a24c0f:row:4706,3ee5|m0|B|400|-|MN|-,3ee5,MN,1,0,0,0.62329652,0.04163477,0.07976898,0.25529973
sha256:4748babd2b6ac0706cd9ed4bcfd4855c8d2c5535f01813fb2e10b68b31a24c0f:row:4707,5gmk|m0|T|1000|-|ZN|-,5gmk,ZN,1,2,2,0.05443506,0.07330063,0.72918897,0.14307533
sha256:4748babd2b6ac0706cd9ed4bcfd4855c8d2c5535f01813fb2e10b68b31a24c0f:row:4710,8f5o|m0|C|2000|-|ZN|-,8f5o,ZN,1,2,2,0.03778663,0.05806943,0.76917560,0.13496834
sha256:4748babd2b6ac0706cd9ed4bcfd4855c8d2c5535f01813fb2e10b68b31a24c0f:row:4720,6ki6|m0|A|902|-|ZN|-,6ki6,ZN,1,2,2,0.07879324,0.12655305,0.65372791,0.14092579
sha256:4748babd2b6ac0706cd9ed4bcfd4855c8d2c5535f01813fb2e10b68b31a24c0f:row:4722,5x49|m0|A|602|-|MN|-,5x49,MN,1,0,0,0.62022626,0.04363588,0.08387465,0.25226322
sha256:4748babd2b6ac0706cd9ed4bcfd4855c8d2c5535f01813fb2e10b68b31a24c0f:row:4725,3ecj|m0|A|500|-|FE|-,3ecj,FE,1,3,3,0.11222144,0.05301367,0.07728582,0.75747907
sha256:4748babd2b6ac0706cd9ed4bcfd4855c8d2c5535f01813fb2e10b68b31a24c0f:row:4730,6b86|m0|D|601|-|CO|-,6b86,CO,1,3,3,0.06398734,0.10159189,0.12455307,0.70986770
sha256:4748babd2b6ac0706cd9ed4bcfd4855c8d2c5535f01813fb2e10b68b31a24c0f:row:4731,4k1y|m0|A|301|-|MN|-,4k1y,MN,1,0,0,0.61790407,0.05626661,0.12568701,0.20014231
sha256:4748babd2b6ac0706cd9ed4bcfd4855c8d2c5535f01813fb2e10b68b31a24c0f:row:4732,4llb|m0|A|402|-|ZN|-,4llb,ZN,1,2,2,0.03811101,0.08104346,0.57915553,0.30168999
sha256:4748babd2b6ac0706cd9ed4bcfd4855c8d2c5535f01813fb2e10b68b31a24c0f:row:4734,6h2q|m0|B|500|-|MN|-,6h2q,MN,1,0,0,0.67215004,0.03774425,0.09923637,0.19086934
sha256:4748babd2b6ac0706cd9ed4bcfd4855c8d2c5535f01813fb2e10b68b31a24c0f:row:4739,7mgc|m0|B|302|-|MN|-,7mgc,MN,1,0,0,0.73326061,0.04554915,0.09767847,0.12351177
sha256:4748babd2b6ac0706cd9ed4bcfd4855c8d2c5535f01813fb2e10b68b31a24c0f:row:4750,1r65|m0|A|802|-|FE|-,1r65,FE,1,3,2,0.23194512,0.04489644,0.44548888,0.27766957
sha256:4748babd2b6ac0706cd9ed4bcfd4855c8d2c5535f01813fb2e10b68b31a24c0f:row:4752,7kwe|m0|C|1102|-|MN|-,7kwe,MN,1,0,0,0.63630174,0.03862297,0.11843967,0.20663562
sha256:4748babd2b6ac0706cd9ed4bcfd4855c8d2c5535f01813fb2e10b68b31a24c0f:row:4759,3vni|m0|B|301|-|MN|-,3vni,MN,1,0,0,0.69294362,0.06613599,0.10847722,0.13244317
sha256:4748babd2b6ac0706cd9ed4bcfd4855c8d2c5535f01813fb2e10b68b31a24c0f:row:4769,3cnq|m0|S|279|-|ZN|-,3cnq,ZN,1,2,2,0.14012095,0.11585960,0.39369258,0.35032687
sha256:4748babd2b6ac0706cd9ed4bcfd4855c8d2c5535f01813fb2e10b68b31a24c0f:row:4771,5x49|m0|A|601|-|MN|-,5x49,MN,1,0,0,0.78936991,0.03607851,0.06390548,0.11064609
sha256:4748babd2b6ac0706cd9ed4bcfd4855c8d2c5535f01813fb2e10b68b31a24c0f:row:4775,2wjf|m0|A|1247|-|MN|-,2wjf,MN,1,0,0,0.52426160,0.08630398,0.16197771,0.22745671
sha256:4748babd2b6ac0706cd9ed4bcfd4855c8d2c5535f01813fb2e10b68b31a24c0f:row:4784,7bmf|m0|B|501|-|MN|-,7bmf,MN,1,0,0,0.75731494,0.03814269,0.08372862,0.12081375
sha256:4748babd2b6ac0706cd9ed4bcfd4855c8d2c5535f01813fb2e10b68b31a24c0f:row:4788,3ojt|m0|A|500|-|FE|-,3ojt,FE,1,3,3,0.12746788,0.04621969,0.08076299,0.74554943
sha256:4748babd2b6ac0706cd9ed4bcfd4855c8d2c5535f01813fb2e10b68b31a24c0f:row:4800,7wkv|m0|C|301|-|MN|-,7wkv,MN,1,0,0,0.60935949,0.04815737,0.10075112,0.24173202
sha256:4748babd2b6ac0706cd9ed4bcfd4855c8d2c5535f01813fb2e10b68b31a24c0f:row:4801,4lw9|m0|A|201|-|ZN|-,4lw9,ZN,1,2,2,0.11188679,0.06163052,0.45409559,0.37238710
sha256:4748babd2b6ac0706cd9ed4bcfd4855c8d2c5535f01813fb2e10b68b31a24c0f:row:4813,1piz|m0|B|377|-|FE|-,1piz,FE,1,3,2,0.11029943,0.06671496,0.41328775,0.40969786
sha256:4748babd2b6ac0706cd9ed4bcfd4855c8d2c5535f01813fb2e10b68b31a24c0f:row:4817,1xik|m0|B|377|-|FE|-,1xik,FE,1,3,2,0.24395694,0.06376422,0.36096503,0.33131381
sha256:4748babd2b6ac0706cd9ed4bcfd4855c8d2c5535f01813fb2e10b68b31a24c0f:row:4818,4xsm|m0|C|401|-|MN|-,4xsm,MN,1,0,0,0.73862582,0.06415823,0.07733297,0.11988298
sha256:4748babd2b6ac0706cd9ed4bcfd4855c8d2c5535f01813fb2e10b68b31a24c0f:row:4821,4nqa|m0|A|502|-|ZN|-,4nqa,ZN,1,2,2,0.05816971,0.05251269,0.78574990,0.10356770
sha256:4748babd2b6ac0706cd9ed4bcfd4855c8d2c5535f01813fb2e10b68b31a24c0f:row:4837,2q0j|m0|A|997|-|FE|-,2q0j,FE,1,3,3,0.13705288,0.09198567,0.37195088,0.39901057
sha256:4748babd2b6ac0706cd9ed4bcfd4855c8d2c5535f01813fb2e10b68b31a24c0f:row:4842,5gov|m0|B|403|-|ZN|-,5gov,ZN,1,2,0,0.45135280,0.05980527,0.33166030,0.15718164
sha256:4748babd2b6ac0706cd9ed4bcfd4855c8d2c5535f01813fb2e10b68b31a24c0f:row:4845,1cjp|m0|A|238|-|MN|-,1cjp,MN,1,0,0,0.80836664,0.03526758,0.06070733,0.09565844
sha256:4748babd2b6ac0706cd9ed4bcfd4855c8d2c5535f01813fb2e10b68b31a24c0f:row:4847,1jui|m0|A|401|-|MN|-,1jui,MN,1,0,0,0.75235484,0.04916688,0.06610359,0.13237469
sha256:4748babd2b6ac0706cd9ed4bcfd4855c8d2c5535f01813fb2e10b68b31a24c0f:row:4860,6mm1|m0|A|601|-|ZN|-,6mm1,ZN,1,2,2,0.03661499,0.16547530,0.70879139,0.08911832
sha256:4748babd2b6ac0706cd9ed4bcfd4855c8d2c5535f01813fb2e10b68b31a24c0f:row:4861,1wuv|m0|J|239|-|MN|-,1wuv,MN,1,0,0,0.78385489,0.04028762,0.07046516,0.10539233
sha256:4748babd2b6ac0706cd9ed4bcfd4855c8d2c5535f01813fb2e10b68b31a24c0f:row:4872,5ysg|m0|C|201|-|CU|-,5ysg,CU,1,1,1,0.04197949,0.66373669,0.18371357,0.11057025
sha256:4748babd2b6ac0706cd9ed4bcfd4855c8d2c5535f01813fb2e10b68b31a24c0f:row:4883,2p1i|m0|G|350|-|FE|-,2p1i,FE,1,3,2,0.25428207,0.11647872,0.45579959,0.17343962
sha256:4748babd2b6ac0706cd9ed4bcfd4855c8d2c5535f01813fb2e10b68b31a24c0f:row:4886,8bja|m0|A|2902|-|ZN|-,8bja,ZN,1,2,2,0.04263332,0.06176668,0.78578937,0.10981062
sha256:4748babd2b6ac0706cd9ed4bcfd4855c8d2c5535f01813fb2e10b68b31a24c0f:row:4892,2qun|m0|C|292|-|MN|-,2qun,MN,1,0,0,0.69405360,0.03939313,0.07889129,0.18766197
sha256:4748babd2b6ac0706cd9ed4bcfd4855c8d2c5535f01813fb2e10b68b31a24c0f:row:4907,5xfp|m0|A|404|-|ZN|-,5xfp,ZN,1,2,2,0.04321274,0.05528601,0.76928439,0.13221686
sha256:4748babd2b6ac0706cd9ed4bcfd4855c8d2c5535f01813fb2e10b68b31a24c0f:row:4909,4ou8|m0|C|501|-|FE|-,4ou8,FE,1,3,3,0.14094633,0.11713650,0.14600481,0.59591237
sha256:4748babd2b6ac0706cd9ed4bcfd4855c8d2c5535f01813fb2e10b68b31a24c0f:row:4910,4ax3|m0|A|501|-|CU|-,4ax3,CU,1,1,1,0.03537982,0.62921858,0.26306363,0.07233797
sha256:4748babd2b6ac0706cd9ed4bcfd4855c8d2c5535f01813fb2e10b68b31a24c0f:row:4917,8q7h|m0|A|2604|-|ZN|-,8q7h,ZN,1,2,2,0.04772764,0.05177287,0.79876932,0.10173017
sha256:4748babd2b6ac0706cd9ed4bcfd4855c8d2c5535f01813fb2e10b68b31a24c0f:row:4920,4ytu|m0|A|401|-|MN|-,4ytu,MN,1,0,0,0.69553141,0.05488284,0.10025972,0.14932603
sha256:4748babd2b6ac0706cd9ed4bcfd4855c8d2c5535f01813fb2e10b68b31a24c0f:row:4932,6h2q|m0|A|500|-|MN|-,6h2q,MN,1,0,0,0.71550672,0.03955717,0.09860249,0.14633361
sha256:4748babd2b6ac0706cd9ed4bcfd4855c8d2c5535f01813fb2e10b68b31a24c0f:row:4934,4ghg|m0|B|401|-|FE|-,4ghg,FE,1,3,3,0.11190795,0.04667844,0.07837983,0.76303377
sha256:4748babd2b6ac0706cd9ed4bcfd4855c8d2c5535f01813fb2e10b68b31a24c0f:row:4935,8gui|m0|K|1002|-|ZN|-,8gui,ZN,1,2,2,0.04564110,0.08431351,0.76162193,0.10842346
sha256:4748babd2b6ac0706cd9ed4bcfd4855c8d2c5535f01813fb2e10b68b31a24c0f:row:4936,2i14|m0|B|791|-|ZN|-,2i14,ZN,1,2,2,0.04969514,0.14560804,0.65316726,0.15152956
sha256:4748babd2b6ac0706cd9ed4bcfd4855c8d2c5535f01813fb2e10b68b31a24c0f:row:4939,3d4k|m0|D|238|-|MN|-,3d4k,MN,1,0,0,0.79075210,0.03778279,0.06861111,0.10285399
sha256:4748babd2b6ac0706cd9ed4bcfd4855c8d2c5535f01813fb2e10b68b31a24c0f:row:4940,2iga|m0|B|500|-|FE|-,2iga,FE,1,3,3,0.20829007,0.05054258,0.07198717,0.66918019
sha256:4748babd2b6ac0706cd9ed4bcfd4855c8d2c5535f01813fb2e10b68b31a24c0f:row:4942,2p34|m0|B|301|-|MN|-,2p34,MN,1,0,0,0.76759667,0.04289048,0.07677443,0.11273842
sha256:4748babd2b6ac0706cd9ed4bcfd4855c8d2c5535f01813fb2e10b68b31a24c0f:row:4955,7euk|m0|B|401|-|MN|-,7euk,MN,1,0,0,0.41160051,0.04265002,0.29858293,0.24716654
sha256:4748babd2b6ac0706cd9ed4bcfd4855c8d2c5535f01813fb2e10b68b31a24c0f:row:4959,4pgl|m0|B|501|-|MN|-,4pgl,MN,1,0,0,0.73288107,0.04000136,0.06173265,0.16538491
sha256:4748babd2b6ac0706cd9ed4bcfd4855c8d2c5535f01813fb2e10b68b31a24c0f:row:4961,6dps|m0|D|204|-|ZN|-,6dps,ZN,1,2,2,0.03948562,0.18370662,0.55551705,0.22129071
sha256:4748babd2b6ac0706cd9ed4bcfd4855c8d2c5535f01813fb2e10b68b31a24c0f:row:4963,4p1b|m0|D|501|-|FE|-,4p1b,FE,1,3,3,0.34007673,0.04494023,0.23775045,0.37723259
sha256:4748babd2b6ac0706cd9ed4bcfd4855c8d2c5535f01813fb2e10b68b31a24c0f:row:4967,8q7h|m0|A|2602|-|ZN|-,8q7h,ZN,1,2,2,0.04557837,0.05765579,0.80160612,0.09515972
sha256:4748babd2b6ac0706cd9ed4bcfd4855c8d2c5535f01813fb2e10b68b31a24c0f:row:4968,6c0f|m0|j|101|-|ZN|-,6c0f,ZN,1,2,2,0.04554291,0.04585269,0.52319712,0.38540729
sha256:4748babd2b6ac0706cd9ed4bcfd4855c8d2c5535f01813fb2e10b68b31a24c0f:row:4971,1g0i|m0|A|290|-|MN|-,1g0i,MN,1,0,0,0.76564477,0.04267936,0.10133219,0.09034368
sha256:4748babd2b6ac0706cd9ed4bcfd4855c8d2c5535f01813fb2e10b68b31a24c0f:row:4973,1moj|m0|D|303|-|FE|-,1moj,FE,1,3,0,0.44828367,0.07429223,0.31999989,0.15742422
sha256:4748babd2b6ac0706cd9ed4bcfd4855c8d2c5535f01813fb2e10b68b31a24c0f:row:4983,7l27|m0|D|1101|-|MN|-,7l27,MN,1,0,0,0.41595640,0.05178709,0.13400598,0.39825052
sha256:4748babd2b6ac0706cd9ed4bcfd4855c8d2c5535f01813fb2e10b68b31a24c0f:row:4991,7vo0|m0|G|201|-|ZN|-,7vo0,ZN,1,2,2,0.05589271,0.05737087,0.75248689,0.13424953
sha256:4748babd2b6ac0706cd9ed4bcfd4855c8d2c5535f01813fb2e10b68b31a24c0f:row:4992,1i3q|m0|I|2004|-|ZN|-,1i3q,ZN,1,2,2,0.04583055,0.05245414,0.75519024,0.14652507
sha256:4748babd2b6ac0706cd9ed4bcfd4855c8d2c5535f01813fb2e10b68b31a24c0f:row:4994,7k01|m0|6|503|-|ZN|-,7k01,ZN,1,2,2,0.04064277,0.07178161,0.71793070,0.16964492
sha256:4748babd2b6ac0706cd9ed4bcfd4855c8d2c5535f01813fb2e10b68b31a24c0f:row:5003,1cjp|m0|D|238|-|MN|-,1cjp,MN,1,0,0,0.81141357,0.04109795,0.06339377,0.08409471
sha256:4748babd2b6ac0706cd9ed4bcfd4855c8d2c5535f01813fb2e10b68b31a24c0f:row:5007,1do8|m0|C|2604|-|MN|-,1do8,MN,1,0,0,0.69668310,0.04364510,0.07530124,0.18437056
sha256:4748babd2b6ac0706cd9ed4bcfd4855c8d2c5535f01813fb2e10b68b31a24c0f:row:5008,4ghd|m0|B|401|-|FE|-,4ghd,FE,1,3,3,0.15625957,0.05368769,0.08379737,0.70625536
sha256:4748babd2b6ac0706cd9ed4bcfd4855c8d2c5535f01813fb2e10b68b31a24c0f:row:5009,1jn1|m0|C|203|-|CO|-,1jn1,CO,1,3,2,0.09158539,0.22326825,0.53514434,0.15000201
sha256:4748babd2b6ac0706cd9ed4bcfd4855c8d2c5535f01813fb2e10b68b31a24c0f:row:5019,1oqu|m0|C|1009|-|FE|-,1oqu,FE,1,3,0,0.51600365,0.04758871,0.26218612,0.17422153
sha256:4748babd2b6ac0706cd9ed4bcfd4855c8d2c5535f01813fb2e10b68b31a24c0f:row:5020,1mxr|m0|A|1003|-|FE|-,1mxr,FE,1,3,3,0.17280648,0.04908131,0.34355786,0.43455435
sha256:4748babd2b6ac0706cd9ed4bcfd4855c8d2c5535f01813fb2e10b68b31a24c0f:row:5021,2d3r|m0|C|244|-|MN|-,2d3r,MN,1,0,0,0.69489542,0.04785526,0.09955853,0.15769078
sha256:4748babd2b6ac0706cd9ed4bcfd4855c8d2c5535f01813fb2e10b68b31a24c0f:row:5022,1ofq|m0|B|2000|-|MN|-,1ofq,MN,1,0,0,0.57727108,0.05938174,0.21301859,0.15032860
sha256:4748babd2b6ac0706cd9ed4bcfd4855c8d2c5535f01813fb2e10b68b31a24c0f:row:5023,7kzz|m0|B|304|-|ZN|-,7kzz,ZN,1,2,3,0.20472174,0.06474766,0.16209911,0.56843149
sha256:4748babd2b6ac0706cd9ed4bcfd4855c8d2c5535f01813fb2e10b68b31a24c0f:row:5031,1ips|m0|A|350|-|MN|-,1ips,MN,1,0,0,0.63744107,0.05623570,0.10237329,0.20394994
sha256:4748babd2b6ac0706cd9ed4bcfd4855c8d2c5535f01813fb2e10b68b31a24c0f:row:5035,6llh|m0|B|501|-|FE|-,6llh,FE,1,3,3,0.19094619,0.05424521,0.16994522,0.58486338
sha256:4748babd2b6ac0706cd9ed4bcfd4855c8d2c5535f01813fb2e10b68b31a24c0f:row:5037,4wxx|m0|A|1701|-|ZN|-,4wxx,ZN,1,2,2,0.04315010,0.09793102,0.75846313,0.10045574
sha256:4748babd2b6ac0706cd9ed4bcfd4855c8d2c5535f01813fb2e10b68b31a24c0f:row:5046,7exz|m0|E|401|-|MN|-,7exz,MN,1,0,0,0.77476294,0.03883565,0.08034284,0.10605857
sha256:4748babd2b6ac0706cd9ed4bcfd4855c8d2c5535f01813fb2e10b68b31a24c0f:row:5047,7v0c|m0|A|603|-|MN|-,7v0c,MN,1,0,0,0.73208189,0.04622211,0.07792953,0.14376646
sha256:4748babd2b6ac0706cd9ed4bcfd4855c8d2c5535f01813fb2e10b68b31a24c0f:row:5050,1peg|m0|A|3|-|ZN|-,1peg,ZN,1,2,2,0.04581430,0.06675839,0.54014410,0.34728321
sha256:4748babd2b6ac0706cd9ed4bcfd4855c8d2c5535f01813fb2e10b68b31a24c0f:row:5053,3wd7|m0|A|407|-|NI|-,3wd7,NI,1,3,2,0.04297690,0.16829938,0.52566013,0.26306359
sha256:4748babd2b6ac0706cd9ed4bcfd4855c8d2c5535f01813fb2e10b68b31a24c0f:row:5057,7bmf|m0|A|502|-|MN|-,7bmf,MN,1,0,0,0.75269761,0.03964670,0.07560967,0.13204602
sha256:4748babd2b6ac0706cd9ed4bcfd4855c8d2c5535f01813fb2e10b68b31a24c0f:row:5058,5c3r|m0|B|401|-|NI|-,5c3r,NI,1,3,3,0.24071841,0.05761908,0.09110721,0.61055530
sha256:4748babd2b6ac0706cd9ed4bcfd4855c8d2c5535f01813fb2e10b68b31a24c0f:row:5066,4d0y|m0|A|1240|-|ZN|-,4d0y,ZN,1,2,2,0.06716694,0.09090997,0.64534745,0.19657565
sha256:4748babd2b6ac0706cd9ed4bcfd4855c8d2c5535f01813fb2e10b68b31a24c0f:row:5073,7qbv|m0|C|502|-|FE|-,7qbv,FE,1,3,2,0.05530288,0.04549375,0.77233952,0.12686385
sha256:4748babd2b6ac0706cd9ed4bcfd4855c8d2c5535f01813fb2e10b68b31a24c0f:row:5080,2ef6|m0|D|239|-|MN|-,2ef6,MN,1,0,0,0.79266088,0.04495548,0.07226867,0.09011498
sha256:4748babd2b6ac0706cd9ed4bcfd4855c8d2c5535f01813fb2e10b68b31a24c0f:row:5082,2p2k|m0|C|301|-|MN|-,2p2k,MN,1,0,0,0.76977691,0.03981681,0.06920919,0.12119709
sha256:4748babd2b6ac0706cd9ed4bcfd4855c8d2c5535f01813fb2e10b68b31a24c0f:row:5084,3dsd|m0|A|404|-|MN|-,3dsd,MN,1,0,0,0.53493833,0.07615384,0.10249454,0.28641329
sha256:4748babd2b6ac0706cd9ed4bcfd4855c8d2c5535f01813fb2e10b68b31a24c0f:row:5088,2iga|m0|C|500|-|FE|-,2iga,FE,1,3,3,0.16873741,0.06039011,0.08171424,0.68915825
sha256:4748babd2b6ac0706cd9ed4bcfd4855c8d2c5535f01813fb2e10b68b31a24c0f:row:5102,3pjn|m0|A|189|-|ZN|-,3pjn,ZN,1,2,2,0.14813323,0.06235534,0.58416012,0.20535131
sha256:4748babd2b6ac0706cd9ed4bcfd4855c8d2c5535f01813fb2e10b68b31a24c0f:row:5105,1txo|m0|A|702|-|MN|-,1txo,MN,1,0,0,0.60119881,0.04464793,0.12540334,0.22874993
sha256:4748babd2b6ac0706cd9ed4bcfd4855c8d2c5535f01813fb2e10b68b31a24c0f:row:5106,4p9w|m0|B|302|-|MN|-,4p9w,MN,1,0,0,0.77708641,0.03563678,0.06039500,0.12688181
sha256:4748babd2b6ac0706cd9ed4bcfd4855c8d2c5535f01813fb2e10b68b31a24c0f:row:5128,4ytu|m0|C|401|-|MN|-,4ytu,MN,1,0,0,0.70890406,0.06959414,0.11106464,0.11043716
sha256:4748babd2b6ac0706cd9ed4bcfd4855c8d2c5535f01813fb2e10b68b31a24c0f:row:5132,3q3m|m0|D|509|-|FE|-,3q3m,FE,1,3,3,0.34460072,0.04646661,0.09044865,0.51848402
sha256:4748babd2b6ac0706cd9ed4bcfd4855c8d2c5535f01813fb2e10b68b31a24c0f:row:5139,7q2a|m0|B|401|-|FE|-,7q2a,FE,1,3,3,0.18593178,0.04175319,0.08508804,0.68722699
sha256:4748babd2b6ac0706cd9ed4bcfd4855c8d2c5535f01813fb2e10b68b31a24c0f:row:5141,2ox8|m0|A|5|-|ZN|-,2ox8,ZN,1,2,2,0.06663930,0.09537542,0.60460751,0.23337778
sha256:4748babd2b6ac0706cd9ed4bcfd4855c8d2c5535f01813fb2e10b68b31a24c0f:row:5150,4n7t|m0|A|502|-|MN|-,4n7t,MN,1,0,0,0.38763763,0.05758288,0.32061687,0.23416261
sha256:4748babd2b6ac0706cd9ed4bcfd4855c8d2c5535f01813fb2e10b68b31a24c0f:row:5152,7rty|m0|A|500|-|FE|-,7rty,FE,1,3,3,0.12163955,0.09325214,0.39067401,0.39443430
sha256:4748babd2b6ac0706cd9ed4bcfd4855c8d2c5535f01813fb2e10b68b31a24c0f:row:5155,4rpa|m0|B|501|-|MN|-,4rpa,MN,1,0,2,0.32254344,0.04433754,0.47096640,0.16215261
sha256:4748babd2b6ac0706cd9ed4bcfd4855c8d2c5535f01813fb2e10b68b31a24c0f:row:5158,6xj5|m0|A|500|-|ZN|-,6xj5,ZN,1,2,2,0.14844232,0.06660213,0.48823845,0.29671710
sha256:4748babd2b6ac0706cd9ed4bcfd4855c8d2c5535f01813fb2e10b68b31a24c0f:row:5160,2gbx|m0|C|456|-|FE|-,2gbx,FE,1,3,3,0.16066713,0.06569673,0.11429705,0.65933909
sha256:4748babd2b6ac0706cd9ed4bcfd4855c8d2c5535f01813fb2e10b68b31a24c0f:row:5162,2zxq|m0|A|1|-|MN|-,2zxq,MN,1,0,0,0.65953001,0.04437140,0.10686326,0.18923533
sha256:4748babd2b6ac0706cd9ed4bcfd4855c8d2c5535f01813fb2e10b68b31a24c0f:row:5163,5xwm|m0|A|402|-|ZN|-,5xwm,ZN,1,2,2,0.04727491,0.17259782,0.41097436,0.36915291
sha256:4748babd2b6ac0706cd9ed4bcfd4855c8d2c5535f01813fb2e10b68b31a24c0f:row:5172,7qbv|m0|A|502|-|FE|-,7qbv,FE,1,3,2,0.05360665,0.04502589,0.76086114,0.14050633
sha256:4748babd2b6ac0706cd9ed4bcfd4855c8d2c5535f01813fb2e10b68b31a24c0f:row:5173,6n1y|m0|B|601|-|FE|-,6n1y,FE,1,3,3,0.06324936,0.22968666,0.17106846,0.53599552
sha256:4748babd2b6ac0706cd9ed4bcfd4855c8d2c5535f01813fb2e10b68b31a24c0f:row:5181,4ruh|m0|B|502|-|MN|-,4ruh,MN,1,0,0,0.44630296,0.03898214,0.30627674,0.20843817
sha256:4748babd2b6ac0706cd9ed4bcfd4855c8d2c5535f01813fb2e10b68b31a24c0f:row:5188,5lun|m0|A|401|-|FE|-,5lun,FE,1,3,3,0.13624659,0.04932937,0.09213950,0.72228454
sha256:4748babd2b6ac0706cd9ed4bcfd4855c8d2c5535f01813fb2e10b68b31a24c0f:row:5191,4qbq|m0|A|701|-|ZN|-,4qbq,ZN,1,2,2,0.03845667,0.06651521,0.75226260,0.14276552
sha256:4748babd2b6ac0706cd9ed4bcfd4855c8d2c5535f01813fb2e10b68b31a24c0f:row:5192,4ou9|m0|C|501|-|FE|-,4ou9,FE,1,3,3,0.10756614,0.10365138,0.33452978,0.45425270
sha256:4748babd2b6ac0706cd9ed4bcfd4855c8d2c5535f01813fb2e10b68b31a24c0f:row:5198,5hyn|m0|A|1007|-|ZN|-,5hyn,ZN,1,2,2,0.04190225,0.27553370,0.57721963,0.10534442
sha256:4748babd2b6ac0706cd9ed4bcfd4855c8d2c5535f01813fb2e10b68b31a24c0f:row:5200,1vzi|m0|B|1127|-|FE|-,1vzi,FE,1,3,2,0.05551616,0.04659372,0.54141557,0.35647455
sha256:4748babd2b6ac0706cd9ed4bcfd4855c8d2c5535f01813fb2e10b68b31a24c0f:row:5201,8iuu|m0|B|301|-|MN|-,8iuu,MN,1,0,0,0.47082403,0.04603372,0.21556179,0.26758046
sha256:4748babd2b6ac0706cd9ed4bcfd4855c8d2c5535f01813fb2e10b68b31a24c0f:row:5204,2qum|m0|C|292|-|MN|-,2qum,MN,1,0,0,0.73022296,0.04049625,0.06874688,0.16053391
sha256:4748babd2b6ac0706cd9ed4bcfd4855c8d2c5535f01813fb2e10b68b31a24c0f:row:5205,3uu0|m0|C|419|-|MN|-,3uu0,MN,1,0,0,0.49790923,0.05227520,0.19068962,0.25912594
sha256:4748babd2b6ac0706cd9ed4bcfd4855c8d2c5535f01813fb2e10b68b31a24c0f:row:5212,6dtk|m0|C|402|-|CU|-,6dtk,CU,1,1,2,0.04539098,0.35816951,0.46830155,0.12813795
sha256:4748babd2b6ac0706cd9ed4bcfd4855c8d2c5535f01813fb2e10b68b31a24c0f:row:5221,3vnj|m0|C|302|-|MN|-,3vnj,MN,1,0,0,0.75142953,0.03821827,0.07242671,0.13792549
sha256:4748babd2b6ac0706cd9ed4bcfd4855c8d2c5535f01813fb2e10b68b31a24c0f:row:5225,8iuw|m0|A|402|-|MN|-,8iuw,MN,1,0,0,0.47004949,0.04577891,0.26178953,0.22238208
sha256:4748babd2b6ac0706cd9ed4bcfd4855c8d2c5535f01813fb2e10b68b31a24c0f:row:5228,1do8|m0|B|1604|-|MN|-,1do8,MN,1,0,0,0.77137555,0.04395089,0.07033131,0.11434225
sha256:4748babd2b6ac0706cd9ed4bcfd4855c8d2c5535f01813fb2e10b68b31a24c0f:row:5229,3t6r|m0|A|8|-|ZN|-,3t6r,ZN,1,2,2,0.08612142,0.11571741,0.47021516,0.32794601
sha256:4748babd2b6ac0706cd9ed4bcfd4855c8d2c5535f01813fb2e10b68b31a24c0f:row:5245,5mby|m0|B|499|-|MN|-,5mby,MN,1,0,0,0.68847659,0.04457686,0.11488030,0.15206625
sha256:4748babd2b6ac0706cd9ed4bcfd4855c8d2c5535f01813fb2e10b68b31a24c0f:row:5248,1aso|m0|A|559|-|CU|-,1aso,CU,1,1,2,0.04880818,0.20392713,0.51829568,0.22896901
sha256:4748babd2b6ac0706cd9ed4bcfd4855c8d2c5535f01813fb2e10b68b31a24c0f:row:5253,1uer|m0|D|792|-|FE|-,1uer,FE,1,3,3,0.22159643,0.07125117,0.09760356,0.60954884
sha256:4748babd2b6ac0706cd9ed4bcfd4855c8d2c5535f01813fb2e10b68b31a24c0f:row:5274,6xmr|m0|A|402|-|MN|-,6xmr,MN,1,0,0,0.73818528,0.03772686,0.10497807,0.11910979
sha256:4748babd2b6ac0706cd9ed4bcfd4855c8d2c5535f01813fb2e10b68b31a24c0f:row:5276,7qr6|m0|A|501|-|FE|-,7qr6,FE,1,3,3,0.08957163,0.10952667,0.33969036,0.46121134
sha256:4748babd2b6ac0706cd9ed4bcfd4855c8d2c5535f01813fb2e10b68b31a24c0f:row:5288,3vnk|m0|C|302|-|MN|-,3vnk,MN,1,0,0,0.76776488,0.03665620,0.07371097,0.12186795
sha256:4748babd2b6ac0706cd9ed4bcfd4855c8d2c5535f01813fb2e10b68b31a24c0f:row:5296,8f6t|m0|A|501|-|FE|-,8f6t,FE,1,3,0,0.36447097,0.11881213,0.18630762,0.33040928
sha256:4748babd2b6ac0706cd9ed4bcfd4855c8d2c5535f01813fb2e10b68b31a24c0f:row:5302,6f2b|m0|D|401|-|FE|-,6f2b,FE,1,3,0,0.48175684,0.07220310,0.08032380,0.36571626
sha256:4748babd2b6ac0706cd9ed4bcfd4855c8d2c5535f01813fb2e10b68b31a24c0f:row:5303,1t16|m0|A|429|-|CU|-,1t16,CU,1,1,2,0.08402682,0.15523083,0.63756227,0.12318008
sha256:4748babd2b6ac0706cd9ed4bcfd4855c8d2c5535f01813fb2e10b68b31a24c0f:row:5311,2p2k|m0|B|301|-|MN|-,2p2k,MN,1,0,0,0.76591003,0.03888795,0.07905103,0.11615099
sha256:4748babd2b6ac0706cd9ed4bcfd4855c8d2c5535f01813fb2e10b68b31a24c0f:row:5313,5u8x|m0|D|601|-|FE|-,5u8x,FE,1,3,3,0.07937307,0.13516944,0.13330631,0.65215118
sha256:4748babd2b6ac0706cd9ed4bcfd4855c8d2c5535f01813fb2e10b68b31a24c0f:row:5315,4ghe|m0|D|401|-|FE|-,4ghe,FE,1,3,3,0.10671058,0.05380529,0.08427149,0.75521264
sha256:4748babd2b6ac0706cd9ed4bcfd4855c8d2c5535f01813fb2e10b68b31a24c0f:row:5316,4lw9|m0|A|202|-|ZN|-,4lw9,ZN,1,2,2,0.08400533,0.14381624,0.39851821,0.37366023
sha256:4748babd2b6ac0706cd9ed4bcfd4855c8d2c5535f01813fb2e10b68b31a24c0f:row:5321,4mfg|m0|C|201|-|NI|-,4mfg,NI,1,3,2,0.08754349,0.16923011,0.48674581,0.25648059
sha256:4748babd2b6ac0706cd9ed4bcfd4855c8d2c5535f01813fb2e10b68b31a24c0f:row:5323,5m4o|m0|D|401|-|FE|-,5m4o,FE,1,3,3,0.11347360,0.10260013,0.24094165,0.54298462
sha256:4748babd2b6ac0706cd9ed4bcfd4855c8d2c5535f01813fb2e10b68b31a24c0f:row:5330,1sq3|m0|A|903|-|FE|-,1sq3,FE,1,3,0,0.67827745,0.03917498,0.08212339,0.20042418
sha256:4748babd2b6ac0706cd9ed4bcfd4855c8d2c5535f01813fb2e10b68b31a24c0f:row:5331,5lun|m0|D|401|-|FE|-,5lun,FE,1,3,3,0.10364551,0.05681156,0.14670782,0.69283511
sha256:4748babd2b6ac0706cd9ed4bcfd4855c8d2c5535f01813fb2e10b68b31a24c0f:row:5341,4nbg|m0|C|501|-|FE|-,4nbg,FE,1,3,2,0.09585518,0.06541619,0.48459534,0.35413329
sha256:4748babd2b6ac0706cd9ed4bcfd4855c8d2c5535f01813fb2e10b68b31a24c0f:row:5350,1jui|m0|C|405|-|MN|-,1jui,MN,1,0,0,0.76353775,0.04289791,0.06297015,0.13059419
sha256:4748babd2b6ac0706cd9ed4bcfd4855c8d2c5535f01813fb2e10b68b31a24c0f:row:5354,1loa|m0|G|919|-|MN|-,1loa,MN,1,0,0,0.74872525,0.03915663,0.10076895,0.11134917
sha256:4748babd2b6ac0706cd9ed4bcfd4855c8d2c5535f01813fb2e10b68b31a24c0f:row:5358,3sey|m0|E|377|-|ZN|-,3sey,ZN,1,2,0,0.34117596,0.11277241,0.21433869,0.33171294
sha256:4748babd2b6ac0706cd9ed4bcfd4855c8d2c5535f01813fb2e10b68b31a24c0f:row:5360,3gyy|m0|C|318|-|ZN|-,3gyy,ZN,1,2,0,0.35265563,0.11137024,0.31665566,0.21931847
sha256:4748babd2b6ac0706cd9ed4bcfd4855c8d2c5535f01813fb2e10b68b31a24c0f:row:5365,3ecj|m0|C|500|-|FE|-,3ecj,FE,1,3,3,0.12871653,0.06031643,0.07928173,0.73168530
sha256:4748babd2b6ac0706cd9ed4bcfd4855c8d2c5535f01813fb2e10b68b31a24c0f:row:5366,6wn3|m0|C|504|-|FE|-,6wn3,FE,1,3,3,0.08515013,0.05333326,0.29809531,0.56342130
sha256:4748babd2b6ac0706cd9ed4bcfd4855c8d2c5535f01813fb2e10b68b31a24c0f:row:5369,2y7i|m0|A|1247|-|ZN|-,2y7i,ZN,1,2,2,0.09251356,0.10392826,0.64775910,0.15579908
sha256:4748babd2b6ac0706cd9ed4bcfd4855c8d2c5535f01813fb2e10b68b31a24c0f:row:5372,6rrq|m0|B|601|-|CU|-,6rrq,CU,1,1,2,0.07638411,0.29224190,0.40617890,0.22519509
sha256:4748babd2b6ac0706cd9ed4bcfd4855c8d2c5535f01813fb2e10b68b31a24c0f:row:5375,7s4j|m0|K|302|-|CU|-,7s4j,CU,1,1,2,0.10430758,0.12375973,0.54350311,0.22842958
sha256:4748babd2b6ac0706cd9ed4bcfd4855c8d2c5535f01813fb2e10b68b31a24c0f:row:5376,8khq|m0|D|801|-|CO|-,8khq,CO,1,3,3,0.21079937,0.08128390,0.14429908,0.56361765
sha256:4748babd2b6ac0706cd9ed4bcfd4855c8d2c5535f01813fb2e10b68b31a24c0f:row:5378,1i3q|m0|B|2007|-|ZN|-,1i3q,ZN,1,2,2,0.03761893,0.08469475,0.76324533,0.11444100
sha256:4748babd2b6ac0706cd9ed4bcfd4855c8d2c5535f01813fb2e10b68b31a24c0f:row:5384,2iga|m0|D|500|-|FE|-,2iga,FE,1,3,3,0.12164595,0.05428899,0.08515820,0.73890686
sha256:4748babd2b6ac0706cd9ed4bcfd4855c8d2c5535f01813fb2e10b68b31a24c0f:row:5395,5u90|m0|D|601|-|CO|-,5u90,CO,1,3,3,0.05112032,0.14067214,0.15104444,0.65716310
sha256:4748babd2b6ac0706cd9ed4bcfd4855c8d2c5535f01813fb2e10b68b31a24c0f:row:5429,3vnl|m0|A|7102|-|MN|-,3vnl,MN,1,0,0,0.74855689,0.04160931,0.09020850,0.11962530
sha256:4748babd2b6ac0706cd9ed4bcfd4855c8d2c5535f01813fb2e10b68b31a24c0f:row:5434,4z6o|m0|B|401|-|FE|-,4z6o,FE,1,3,3,0.16747272,0.05062634,0.07611695,0.70578399
sha256:4748babd2b6ac0706cd9ed4bcfd4855c8d2c5535f01813fb2e10b68b31a24c0f:row:5461,5oqj|m0|3|402|-|ZN|-,5oqj,ZN,1,2,2,0.04878143,0.08936163,0.75932919,0.10252775
sha256:4748babd2b6ac0706cd9ed4bcfd4855c8d2c5535f01813fb2e10b68b31a24c0f:row:5466,5ao1|m0|B|1586|-|FE|-,5ao1,FE,1,3,3,0.28299483,0.05269941,0.10664637,0.55765939
sha256:4748babd2b6ac0706cd9ed4bcfd4855c8d2c5535f01813fb2e10b68b31a24c0f:row:5487,1ulj|m0|E|600|-|FE|-,1ulj,FE,1,3,3,0.11164245,0.10682641,0.16361787,0.61791327
sha256:4748babd2b6ac0706cd9ed4bcfd4855c8d2c5535f01813fb2e10b68b31a24c0f:row:5489,4p1b|m0|A|502|-|FE|-,4p1b,FE,1,3,0,0.53033353,0.04912492,0.12869630,0.29184525
sha256:4748babd2b6ac0706cd9ed4bcfd4855c8d2c5535f01813fb2e10b68b31a24c0f:row:5507,7l28|m0|D|1102|-|MN|-,7l28,MN,1,0,0,0.56209087,0.04151879,0.10936864,0.28702170
sha256:4748babd2b6ac0706cd9ed4bcfd4855c8d2c5535f01813fb2e10b68b31a24c0f:row:5512,3b4n|m0|B|715|-|ZN|-,3b4n,ZN,1,2,2,0.13174585,0.06840704,0.48265928,0.31718782
sha256:4748babd2b6ac0706cd9ed4bcfd4855c8d2c5535f01813fb2e10b68b31a24c0f:row:5516,4z6v|m0|D|401|-|FE|-,4z6v,FE,1,3,3,0.16757108,0.04804884,0.07684256,0.70753752
sha256:4748babd2b6ac0706cd9ed4bcfd4855c8d2c5535f01813fb2e10b68b31a24c0f:row:5527,8dq4|m0|B|402|-|MN|-,8dq4,MN,1,0,0,0.68203876,0.05319348,0.09019503,0.17457273
sha256:4748babd2b6ac0706cd9ed4bcfd4855c8d2c5535f01813fb2e10b68b31a24c0f:row:5528,3h62|m0|B|500|-|MN|-,3h62,MN,1,0,0,0.70338296,0.04930819,0.08770545,0.15960341
sha256:4748babd2b6ac0706cd9ed4bcfd4855c8d2c5535f01813fb2e10b68b31a24c0f:row:5530,4nb8|m0|A|501|-|FE|-,4nb8,FE,1,3,3,0.10076718,0.04995889,0.29781955,0.55145437
sha256:4748babd2b6ac0706cd9ed4bcfd4855c8d2c5535f01813fb2e10b68b31a24c0f:row:5533,4nhy|m0|D|601|-|MN|-,4nhy,MN,1,0,0,0.44866656,0.06017509,0.10683747,0.38432088
sha256:4748babd2b6ac0706cd9ed4bcfd4855c8d2c5535f01813fb2e10b68b31a24c0f:row:5534,3rgt|m0|D|406|-|CO|-,3rgt,CO,1,3,0,0.51378961,0.05586961,0.13398683,0.29635394
sha256:4748babd2b6ac0706cd9ed4bcfd4855c8d2c5535f01813fb2e10b68b31a24c0f:row:5539,1bxh|m0|C|238|-|MN|-,1bxh,MN,1,0,0,0.69826548,0.04459146,0.09937278,0.15777029
sha256:4748babd2b6ac0706cd9ed4bcfd4855c8d2c5535f01813fb2e10b68b31a24c0f:row:5569,6qkm|m0|C|401|-|FE|-,6qkm,FE,1,3,3,0.10977217,0.07360020,0.34336812,0.47325951
sha256:4748babd2b6ac0706cd9ed4bcfd4855c8d2c5535f01813fb2e10b68b31a24c0f:row:5579,1g2d|m0|F|304|-|ZN|-,1g2d,ZN,1,2,2,0.06534159,0.10098683,0.64270421,0.19096737
sha256:4748babd2b6ac0706cd9ed4bcfd4855c8d2c5535f01813fb2e10b68b31a24c0f:row:5583,6ivo|m0|E|302|-|ZN|-,6ivo,ZN,1,2,2,0.09141921,0.14642850,0.61218085,0.14997144
sha256:4748babd2b6ac0706cd9ed4bcfd4855c8d2c5535f01813fb2e10b68b31a24c0f:row:5588,1guq|m0|A|351|-|FE|-,1guq,FE,1,3,3,0.17096280,0.08993330,0.33842605,0.40067786
sha256:4748babd2b6ac0706cd9ed4bcfd4855c8d2c5535f01813fb2e10b68b31a24c0f:row:5589,6dps|m0|B|202|-|ZN|-,6dps,ZN,1,2,2,0.07586824,0.11379602,0.69420704,0.11612870
sha256:4748babd2b6ac0706cd9ed4bcfd4855c8d2c5535f01813fb2e10b68b31a24c0f:row:5595,3vnk|m0|B|1302|-|MN|-,3vnk,MN,1,0,0,0.75570345,0.03689250,0.06388316,0.14352088
sha256:4748babd2b6ac0706cd9ed4bcfd4855c8d2c5535f01813fb2e10b68b31a24c0f:row:5599,2d3p|m0|A|238|-|MN|-,2d3p,MN,1,0,0,0.50518948,0.04721434,0.28111010,0.16648608
sha256:4748babd2b6ac0706cd9ed4bcfd4855c8d2c5535f01813fb2e10b68b31a24c0f:row:5601,4e4h|m0|A|1001|-|FE|-,4e4h,FE,1,3,2,0.10917559,0.08429489,0.42407799,0.38245153
sha256:4748babd2b6ac0706cd9ed4bcfd4855c8d2c5535f01813fb2e10b68b31a24c0f:row:5602,4rpa|m0|A|500|-|MN|-,4rpa,MN,1,0,0,0.39039454,0.05518249,0.34032498,0.21409798
sha256:4748babd2b6ac0706cd9ed4bcfd4855c8d2c5535f01813fb2e10b68b31a24c0f:row:5607,1r65|m0|B|804|-|FE|-,1r65,FE,1,3,2,0.23980663,0.06930050,0.37096757,0.31992530
sha256:4748babd2b6ac0706cd9ed4bcfd4855c8d2c5535f01813fb2e10b68b31a24c0f:row:5619,5w8t|m0|A|404|-|ZN|-,5w8t,ZN,1,2,2,0.32859522,0.11202566,0.45018400,0.10919512
sha256:4748babd2b6ac0706cd9ed4bcfd4855c8d2c5535f01813fb2e10b68b31a24c0f:row:5625,3h62|m0|C|500|-|MN|-,3h62,MN,1,0,0,0.65989097,0.05685175,0.10712540,0.17613188
sha256:4748babd2b6ac0706cd9ed4bcfd4855c8d2c5535f01813fb2e10b68b31a24c0f:row:5628,6mlc|m0|A|2002|-|ZN|-,6mlc,ZN,1,2,2,0.03864738,0.06573392,0.79907320,0.09654550
sha256:4748babd2b6ac0706cd9ed4bcfd4855c8d2c5535f01813fb2e10b68b31a24c0f:row:5631,4kbl|m0|A|601|-|ZN|-,4kbl,ZN,1,2,2,0.05080614,0.04356527,0.74446004,0.16116855
sha256:4748babd2b6ac0706cd9ed4bcfd4855c8d2c5535f01813fb2e10b68b31a24c0f:row:5633,2p2k|m0|D|301|-|MN|-,2p2k,MN,1,0,0,0.74479814,0.04951040,0.07163976,0.13405170
sha256:4748babd2b6ac0706cd9ed4bcfd4855c8d2c5535f01813fb2e10b68b31a24c0f:row:5636,2d3p|m0|B|240|-|MN|-,2d3p,MN,1,0,0,0.73019630,0.05833920,0.08391142,0.12755308
sha256:4748babd2b6ac0706cd9ed4bcfd4855c8d2c5535f01813fb2e10b68b31a24c0f:row:5637,2zof|m0|B|3001|-|MN|-,2zof,MN,1,0,0,0.51569180,0.04228230,0.26610173,0.17592417
sha256:4748babd2b6ac0706cd9ed4bcfd4855c8d2c5535f01813fb2e10b68b31a24c0f:row:5641,3pjn|m0|A|187|-|ZN|-,3pjn,ZN,1,2,2,0.04664703,0.17598925,0.43785076,0.33951296
sha256:4748babd2b6ac0706cd9ed4bcfd4855c8d2c5535f01813fb2e10b68b31a24c0f:row:5642,7yuj|m0|A|604|-|ZN|-,7yuj,ZN,1,2,2,0.04199195,0.05369927,0.79719887,0.10710992
sha256:4748babd2b6ac0706cd9ed4bcfd4855c8d2c5535f01813fb2e10b68b31a24c0f:row:5646,7t8p|m0|C|601|-|FE|-,7t8p,FE,1,3,3,0.06958953,0.10743916,0.10581538,0.71715594
sha256:4748babd2b6ac0706cd9ed4bcfd4855c8d2c5535f01813fb2e10b68b31a24c0f:row:5650,1nxd|m0|4|1008|-|MN|-,1nxd,MN,1,0,0,0.80535104,0.03565022,0.06159265,0.09740608
sha256:4748babd2b6ac0706cd9ed4bcfd4855c8d2c5535f01813fb2e10b68b31a24c0f:row:5657,6lnh|m0|B|304|-|FE|-,6lnh,FE,1,3,3,0.32135484,0.06825044,0.09153710,0.51885761
sha256:4748babd2b6ac0706cd9ed4bcfd4855c8d2c5535f01813fb2e10b68b31a24c0f:row:5665,4xsl|m0|C|401|-|MN|-,4xsl,MN,1,0,0,0.69319142,0.03943714,0.06794800,0.19942344
sha256:4748babd2b6ac0706cd9ed4bcfd4855c8d2c5535f01813fb2e10b68b31a24c0f:row:5692,8iuw|m0|A|401|-|MN|-,8iuw,MN,1,0,0,0.57851101,0.03511928,0.17223975,0.21412996
sha256:4748babd2b6ac0706cd9ed4bcfd4855c8d2c5535f01813fb2e10b68b31a24c0f:row:5699,1waa|m0|A|1091|-|ZN|-,1waa,ZN,1,2,2,0.16530078,0.07097200,0.50851208,0.25521515
sha256:4748babd2b6ac0706cd9ed4bcfd4855c8d2c5535f01813fb2e10b68b31a24c0f:row:5701,4pxy|m0|A|302|-|ZN|-,4pxy,ZN,1,2,2,0.05852804,0.17710724,0.39779552,0.36656919
sha256:4748babd2b6ac0706cd9ed4bcfd4855c8d2c5535f01813fb2e10b68b31a24c0f:row:5719,4zng|m0|B|402|-|MN|-,4zng,MN,1,0,0,0.52990976,0.04628590,0.31640438,0.10739996
sha256:4748babd2b6ac0706cd9ed4bcfd4855c8d2c5535f01813fb2e10b68b31a24c0f:row:5723,5oqj|m0|W|501|-|ZN|-,5oqj,ZN,1,2,2,0.04482117,0.05992868,0.75712822,0.13812193
sha256:4748babd2b6ac0706cd9ed4bcfd4855c8d2c5535f01813fb2e10b68b31a24c0f:row:5734,7ug9|m0|A|302|-|MN|-,7ug9,MN,1,0,2,0.32166635,0.10877680,0.41312465,0.15643221
sha256:4748babd2b6ac0706cd9ed4bcfd4855c8d2c5535f01813fb2e10b68b31a24c0f:row:5736,1nxd|m0|2|1004|-|MN|-,1nxd,MN,1,0,0,0.78922327,0.03689306,0.06122823,0.11265544
sha256:4748babd2b6ac0706cd9ed4bcfd4855c8d2c5535f01813fb2e10b68b31a24c0f:row:5743,6j2p|m0|A|203|-|ZN|-,6j2p,ZN,1,2,2,0.03892310,0.08739164,0.77539513,0.09829013
sha256:4748babd2b6ac0706cd9ed4bcfd4855c8d2c5535f01813fb2e10b68b31a24c0f:row:5744,1tf6|m0|A|204|-|ZN|-,1tf6,ZN,1,2,2,0.04729518,0.08551551,0.73086895,0.13632035
sha256:4748babd2b6ac0706cd9ed4bcfd4855c8d2c5535f01813fb2e10b68b31a24c0f:row:5753,4xsl|m0|A|401|-|MN|-,4xsl,MN,1,0,0,0.67284077,0.04237822,0.07847146,0.20630955
sha256:4748babd2b6ac0706cd9ed4bcfd4855c8d2c5535f01813fb2e10b68b31a24c0f:row:5754,6srg|m0|A|501|-|MN|-,6srg,MN,1,0,0,0.73178711,0.03848116,0.06739112,0.16234060
sha256:4748babd2b6ac0706cd9ed4bcfd4855c8d2c5535f01813fb2e10b68b31a24c0f:row:5758,3dsd|m0|A|403|-|MN|-,3dsd,MN,1,0,0,0.52917769,0.10188078,0.10616934,0.26277218
sha256:4748babd2b6ac0706cd9ed4bcfd4855c8d2c5535f01813fb2e10b68b31a24c0f:row:5759,5j8l|m0|C|401|-|MN|-,5j8l,MN,1,0,0,0.70447650,0.05513688,0.11226686,0.12811976
sha256:4748babd2b6ac0706cd9ed4bcfd4855c8d2c5535f01813fb2e10b68b31a24c0f:row:5768,6n21|m0|B|601|-|FE|-,6n21,FE,1,3,3,0.06589740,0.10045971,0.11232656,0.72131633
sha256:4748babd2b6ac0706cd9ed4bcfd4855c8d2c5535f01813fb2e10b68b31a24c0f:row:5774,7zcc|m0|B|401|-|MN|-,7zcc,MN,1,0,0,0.32077764,0.07363784,0.29733993,0.30824458
sha256:4748babd2b6ac0706cd9ed4bcfd4855c8d2c5535f01813fb2e10b68b31a24c0f:row:5786,4eeo|m0|A|404|-|MN|-,4eeo,MN,1,0,0,0.72730668,0.04304677,0.09039170,0.13925486
sha256:4748babd2b6ac0706cd9ed4bcfd4855c8d2c5535f01813fb2e10b68b31a24c0f:row:5791,6hbe|m0|A|502|-|CU|-,6hbe,CU,1,1,2,0.05921248,0.31302770,0.49058139,0.13717844
sha256:4748babd2b6ac0706cd9ed4bcfd4855c8d2c5535f01813fb2e10b68b31a24c0f:row:5792,4p9w|m0|C|302|-|MN|-,4p9w,MN,1,0,0,0.77494898,0.03384826,0.07500924,0.11619352
sha256:4748babd2b6ac0706cd9ed4bcfd4855c8d2c5535f01813fb2e10b68b31a24c0f:row:5796,3ojk|m0|B|500|-|CO|-,3ojk,CO,1,3,3,0.07922419,0.06017934,0.07707078,0.78352569
sha256:4748babd2b6ac0706cd9ed4bcfd4855c8d2c5535f01813fb2e10b68b31a24c0f:row:5798,2zcc|m0|A|78|-|ZN|-,2zcc,ZN,1,2,2,0.16578956,0.06705405,0.61228525,0.15487113
sha256:4748babd2b6ac0706cd9ed4bcfd4855c8d2c5535f01813fb2e10b68b31a24c0f:row:5801,4z6z|m0|B|401|-|FE|-,4z6z,FE,1,3,3,0.11943421,0.04669494,0.06302227,0.77084857
sha256:4748babd2b6ac0706cd9ed4bcfd4855c8d2c5535f01813fb2e10b68b31a24c0f:row:5805,4pgl|m0|D|501|-|MN|-,4pgl,MN,1,0,0,0.75202920,0.03777190,0.07562292,0.13457598
sha256:4748babd2b6ac0706cd9ed4bcfd4855c8d2c5535f01813fb2e10b68b31a24c0f:row:5813,2zc6|m0|D|805|-|ZN|-,2zc6,ZN,1,2,2,0.10301835,0.16529276,0.55912384,0.17256505
sha256:4748babd2b6ac0706cd9ed4bcfd4855c8d2c5535f01813fb2e10b68b31a24c0f:row:5814,3dsd|m0|B|406|-|MN|-,3dsd,MN,1,0,0,0.36152264,0.12030382,0.29701043,0.22116311
sha256:4748babd2b6ac0706cd9ed4bcfd4855c8d2c5535f01813fb2e10b68b31a24c0f:row:5826,4ytt|m0|C|401|-|MN|-,4ytt,MN,1,0,0,0.72244052,0.04293144,0.08426707,0.15036097
sha256:4748babd2b6ac0706cd9ed4bcfd4855c8d2c5535f01813fb2e10b68b31a24c0f:row:5834,8jnk|m0|G|1002|-|MN|-,8jnk,MN,1,0,0,0.31690890,0.11536722,0.29871530,0.26900858
sha256:4748babd2b6ac0706cd9ed4bcfd4855c8d2c5535f01813fb2e10b68b31a24c0f:row:5837,3mbg|m0|A|208|-|ZN|-,3mbg,ZN,1,2,2,0.17580669,0.11392833,0.54003757,0.17022740
sha256:4748babd2b6ac0706cd9ed4bcfd4855c8d2c5535f01813fb2e10b68b31a24c0f:row:5851,1aso|m0|A|556|-|CU|-,1aso,CU,1,1,1,0.22855860,0.45737797,0.23067071,0.08339272
sha256:4748babd2b6ac0706cd9ed4bcfd4855c8d2c5535f01813fb2e10b68b31a24c0f:row:5866,3od2|m0|A|134|-|NI|-,3od2,NI,1,3,1,0.03759066,0.52799475,0.25231014,0.18210445
sha256:4748babd2b6ac0706cd9ed4bcfd4855c8d2c5535f01813fb2e10b68b31a24c0f:row:5871,6n20|m0|A|601|-|FE|-,6n20,FE,1,3,3,0.07928235,0.11283726,0.11775609,0.69012430
sha256:4748babd2b6ac0706cd9ed4bcfd4855c8d2c5535f01813fb2e10b68b31a24c0f:row:5873,1g0i|m0|B|590|-|MN|-,1g0i,MN,1,0,0,0.74053846,0.04179081,0.08584356,0.13182717
sha256:4748babd2b6ac0706cd9ed4bcfd4855c8d2c5535f01813fb2e10b68b31a24c0f:row:5896,4ghg|m0|C|401|-|FE|-,4ghg,FE,1,3,3,0.09506022,0.05156272,0.06977192,0.78360515
sha256:4748babd2b6ac0706cd9ed4bcfd4855c8d2c5535f01813fb2e10b68b31a24c0f:row:5898,1peg|m0|A|4|-|ZN|-,1peg,ZN,1,2,2,0.05465449,0.07000465,0.76186180,0.11347905
sha256:4748babd2b6ac0706cd9ed4bcfd4855c8d2c5535f01813fb2e10b68b31a24c0f:row:5899,6xf9|m0|A|503|-|ZN|-,6xf9,ZN,1,2,2,0.04080151,0.07782375,0.80909285,0.07228189
sha256:4748babd2b6ac0706cd9ed4bcfd4855c8d2c5535f01813fb2e10b68b31a24c0f:row:5909,3qu6|m0|A|114|-|ZN|-,3qu6,ZN,1,2,2,0.12585408,0.07082763,0.52443649,0.27888180
sha256:4748babd2b6ac0706cd9ed4bcfd4855c8d2c5535f01813fb2e10b68b31a24c0f:row:5911,1cxv|m0|B|4|-|ZN|-,1cxv,ZN,1,2,2,0.10456886,0.10493746,0.46932738,0.32116630
sha256:4748babd2b6ac0706cd9ed4bcfd4855c8d2c5535f01813fb2e10b68b31a24c0f:row:5912,5xnc|m0|E|403|-|FE|-,5xnc,FE,1,3,2,0.04714065,0.04508872,0.51838314,0.38938749
sha256:4748babd2b6ac0706cd9ed4bcfd4855c8d2c5535f01813fb2e10b68b31a24c0f:row:5915,2yz5|m0|B|1503|-|FE|-,2yz5,FE,1,3,0,0.42826457,0.06915596,0.18344070,0.31913876
sha256:4748babd2b6ac0706cd9ed4bcfd4855c8d2c5535f01813fb2e10b68b31a24c0f:row:5916,1pm2|m0|B|503|-|MN|-,1pm2,MN,1,0,3,0.20925099,0.06025697,0.07963462,0.65085743
sha256:4748babd2b6ac0706cd9ed4bcfd4855c8d2c5535f01813fb2e10b68b31a24c0f:row:5927,5mby|m0|A|500|-|MN|-,5mby,MN,1,0,0,0.75677530,0.03521992,0.08817557,0.11982921
sha256:4748babd2b6ac0706cd9ed4bcfd4855c8d2c5535f01813fb2e10b68b31a24c0f:row:5932,7l29|m0|B|1102|-|MN|-,7l29,MN,1,0,0,0.67071850,0.03393273,0.06772140,0.22762738
sha256:4748babd2b6ac0706cd9ed4bcfd4855c8d2c5535f01813fb2e10b68b31a24c0f:row:5937,5bwh|m0|D|401|-|FE|-,5bwh,FE,1,3,3,0.11846150,0.04512993,0.07459659,0.76181198
sha256:4748babd2b6ac0706cd9ed4bcfd4855c8d2c5535f01813fb2e10b68b31a24c0f:row:5946,4gqt|m0|A|506|-|ZN|-,4gqt,ZN,1,2,0,0.47814283,0.05768251,0.32776145,0.13641320
sha256:4748babd2b6ac0706cd9ed4bcfd4855c8d2c5535f01813fb2e10b68b31a24c0f:row:5948,1n9e|m0|D|801|-|CU|-,1n9e,CU,1,1,2,0.04034969,0.33575299,0.36217613,0.26172119
sha256:4748babd2b6ac0706cd9ed4bcfd4855c8d2c5535f01813fb2e10b68b31a24c0f:row:5952,1nxd|m0|3|1006|-|MN|-,1nxd,MN,1,0,0,0.80630128,0.03605440,0.06178502,0.09585930
sha256:4748babd2b6ac0706cd9ed4bcfd4855c8d2c5535f01813fb2e10b68b31a24c0f:row:5953,4xsm|m0|A|401|-|MN|-,4xsm,MN,1,0,0,0.72543785,0.05168880,0.08982114,0.13305220
sha256:4748babd2b6ac0706cd9ed4bcfd4855c8d2c5535f01813fb2e10b68b31a24c0f:row:5955,1sw4|m0|A|404|-|ZN|-,1sw4,ZN,1,2,2,0.13613915,0.05794924,0.62696825,0.17894336
sha256:4748babd2b6ac0706cd9ed4bcfd4855c8d2c5535f01813fb2e10b68b31a24c0f:row:5957,7yxj|m0|C|501|-|MN|-,7yxj,MN,1,0,0,0.60319617,0.04514393,0.07604599,0.27561390
sha256:4748babd2b6ac0706cd9ed4bcfd4855c8d2c5535f01813fb2e10b68b31a24c0f:row:5961,4nbh|m0|A|501|-|FE|-,4nbh,FE,1,3,2,0.09059706,0.05778243,0.51937294,0.33224757
sha256:4748babd2b6ac0706cd9ed4bcfd4855c8d2c5535f01813fb2e10b68b31a24c0f:row:5963,2fae|m0|A|404|-|ZN|-,2fae,ZN,1,2,2,0.15106039,0.05610757,0.53338196,0.25945008
sha256:4748babd2b6ac0706cd9ed4bcfd4855c8d2c5535f01813fb2e10b68b31a24c0f:row:5967,4ghe|m0|A|401|-|FE|-,4ghe,FE,1,3,3,0.09707938,0.05861843,0.09687297,0.74742923
sha256:4748babd2b6ac0706cd9ed4bcfd4855c8d2c5535f01813fb2e10b68b31a24c0f:row:5969,1uli|m0|C|600|-|FE|-,1uli,FE,1,3,3,0.09175959,0.06386270,0.36252884,0.48184888
sha256:4748babd2b6ac0706cd9ed4bcfd4855c8d2c5535f01813fb2e10b68b31a24c0f:row:5973,3vmh|m0|A|501|-|FE|-,3vmh,FE,1,3,2,0.10139984,0.07157824,0.45580635,0.37121556
sha256:4748babd2b6ac0706cd9ed4bcfd4855c8d2c5535f01813fb2e10b68b31a24c0f:row:5974,5u8x|m0|A|601|-|FE|-,5u8x,FE,1,3,3,0.14348143,0.15286576,0.17414679,0.52950602
sha256:4748babd2b6ac0706cd9ed4bcfd4855c8d2c5535f01813fb2e10b68b31a24c0f:row:5979,7mpq|m0|C|302|-|MN|-,7mpq,MN,1,0,0,0.59706793,0.06737242,0.14901542,0.18654423
sha256:4748babd2b6ac0706cd9ed4bcfd4855c8d2c5535f01813fb2e10b68b31a24c0f:row:5983,6cx8|m0|E|201|-|MN|-,6cx8,MN,1,0,2,0.38966749,0.04448537,0.42109610,0.14475104
sha256:4748babd2b6ac0706cd9ed4bcfd4855c8d2c5535f01813fb2e10b68b31a24c0f:row:5997,6qep|m0|A|1703|-|MN|-,6qep,MN,1,0,0,0.68573302,0.06343281,0.10290709,0.14792708
sha256:4748babd2b6ac0706cd9ed4bcfd4855c8d2c5535f01813fb2e10b68b31a24c0f:row:6001,2p37|m0|B|238|-|MN|-,2p37,MN,1,0,0,0.77700857,0.04287489,0.07389876,0.10621778
sha256:4748babd2b6ac0706cd9ed4bcfd4855c8d2c5535f01813fb2e10b68b31a24c0f:row:6016,2aec|m0|A|400|-|MN|-,2aec,MN,1,0,0,0.63669789,0.04492359,0.08051977,0.23785876
sha256:4748babd2b6ac0706cd9ed4bcfd4855c8d2c5535f01813fb2e10b68b31a24c0f:row:6021,5lt6|m0|A|1803|-|ZN|-,5lt6,ZN,1,2,2,0.03846875,0.08896644,0.78236793,0.09019688
sha256:4748babd2b6ac0706cd9ed4bcfd4855c8d2c5535f01813fb2e10b68b31a24c0f:row:6029,8can|m0|A|803|-|CU|-,8can,CU,1,1,3,0.07538359,0.30282536,0.28624357,0.33554748
sha256:4748babd2b6ac0706cd9ed4bcfd4855c8d2c5535f01813fb2e10b68b31a24c0f:row:6030,6srg|m0|B|502|-|MN|-,6srg,MN,1,0,0,0.64440913,0.04178513,0.09088186,0.22292389
sha256:4748babd2b6ac0706cd9ed4bcfd4855c8d2c5535f01813fb2e10b68b31a24c0f:row:6031,3re7|m0|U|183|-|CU|-,3re7,CU,1,1,2,0.14862994,0.12980783,0.56005370,0.16150853
sha256:4748babd2b6ac0706cd9ed4bcfd4855c8d2c5535f01813fb2e10b68b31a24c0f:row:6036,2qul|m0|D|291|-|MN|-,2qul,MN,1,0,0,0.71160151,0.04096719,0.06858508,0.17884621
sha256:4748babd2b6ac0706cd9ed4bcfd4855c8d2c5535f01813fb2e10b68b31a24c0f:row:6037,6kli|m0|A|601|-|CU|-,6kli,CU,1,1,1,0.23139474,0.42370175,0.25425726,0.09064625
sha256:4748babd2b6ac0706cd9ed4bcfd4855c8d2c5535f01813fb2e10b68b31a24c0f:row:6043,4zng|m0|B|403|-|MN|-,4zng,MN,1,0,0,0.75609129,0.04154050,0.06549085,0.13687735
sha256:4748babd2b6ac0706cd9ed4bcfd4855c8d2c5535f01813fb2e10b68b31a24c0f:row:6048,4ghg|m0|A|401|-|FE|-,4ghg,FE,1,3,3,0.09549565,0.04612238,0.06982884,0.78855312
sha256:4748babd2b6ac0706cd9ed4bcfd4855c8d2c5535f01813fb2e10b68b31a24c0f:row:6062,5gov|m0|A|401|-|ZN|-,5gov,ZN,1,2,2,0.15890457,0.04679522,0.44123083,0.35306938
sha256:4748babd2b6ac0706cd9ed4bcfd4855c8d2c5535f01813fb2e10b68b31a24c0f:row:6067,2y7i|m0|A|1246|-|ZN|-,2y7i,ZN,1,2,2,0.12248640,0.06223149,0.59465552,0.22062659
sha256:4748babd2b6ac0706cd9ed4bcfd4855c8d2c5535f01813fb2e10b68b31a24c0f:row:6070,1xik|m0|A|377|-|FE|-,1xik,FE,1,3,2,0.13279325,0.06104810,0.45142258,0.35473608
sha256:4748babd2b6ac0706cd9ed4bcfd4855c8d2c5535f01813fb2e10b68b31a24c0f:row:6073,2qum|m0|A|292|-|MN|-,2qum,MN,1,0,0,0.77640465,0.05236789,0.06865645,0.10257101
sha256:4748babd2b6ac0706cd9ed4bcfd4855c8d2c5535f01813fb2e10b68b31a24c0f:row:6074,4ghd|m0|A|401|-|FE|-,4ghd,FE,1,3,3,0.12987759,0.05533690,0.10344880,0.71133672
sha256:4748babd2b6ac0706cd9ed4bcfd4855c8d2c5535f01813fb2e10b68b31a24c0f:row:6077,7s4j|m0|C|301|-|CU|-,7s4j,CU,1,1,2,0.10433383,0.12375134,0.54342918,0.22848564
sha256:4748babd2b6ac0706cd9ed4bcfd4855c8d2c5535f01813fb2e10b68b31a24c0f:row:6088,8gui|m0|L|1102|-|ZN|-,8gui,ZN,1,2,2,0.12925699,0.08051248,0.66455190,0.12567863
sha256:4748babd2b6ac0706cd9ed4bcfd4855c8d2c5535f01813fb2e10b68b31a24c0f:row:6093,6uca|m0|B|1002|-|ZN|-,6uca,ZN,1,2,2,0.04756257,0.08942327,0.75602484,0.10698933
sha256:4748babd2b6ac0706cd9ed4bcfd4855c8d2c5535f01813fb2e10b68b31a24c0f:row:6096,7eeh|m0|B|402|-|FE|-,7eeh,FE,1,3,3,0.12523459,0.08451207,0.31706371,0.47318963
sha256:4748babd2b6ac0706cd9ed4bcfd4855c8d2c5535f01813fb2e10b68b31a24c0f:row:6099,5iqo|m0|A|203|-|CO|-,5iqo,CO,1,3,2,0.09434333,0.07356149,0.44952077,0.38257441
sha256:4748babd2b6ac0706cd9ed4bcfd4855c8d2c5535f01813fb2e10b68b31a24c0f:row:6101,5wze|m0|D|508|-|MN|-,5wze,MN,1,0,0,0.65778815,0.04420713,0.12098121,0.17702352
sha256:4748babd2b6ac0706cd9ed4bcfd4855c8d2c5535f01813fb2e10b68b31a24c0f:row:6104,4z6w|m0|B|401|-|FE|-,4z6w,FE,1,3,3,0.15457905,0.05236491,0.06620064,0.72685540
sha256:4748babd2b6ac0706cd9ed4bcfd4855c8d2c5535f01813fb2e10b68b31a24c0f:row:6110,3alr|m0|A|604|-|ZN|-,3alr,ZN,1,2,2,0.03196753,0.29716721,0.58102946,0.08983580
sha256:4748babd2b6ac0706cd9ed4bcfd4855c8d2c5535f01813fb2e10b68b31a24c0f:row:6114,2fae|m0|A|405|-|ZN|-,2fae,ZN,1,2,2,0.13777260,0.07824208,0.56339003,0.22059529
sha256:4748babd2b6ac0706cd9ed4bcfd4855c8d2c5535f01813fb2e10b68b31a24c0f:row:6122,5vnz|m0|A|201|-|ZN|-,5vnz,ZN,1,2,2,0.08114501,0.05279126,0.76201155,0.10405219
sha256:4748babd2b6ac0706cd9ed4bcfd4855c8d2c5535f01813fb2e10b68b31a24c0f:row:6125,1r65|m0|B|803|-|FE|-,1r65,FE,1,3,3,0.09804344,0.05878787,0.16010969,0.68305900
sha256:4748babd2b6ac0706cd9ed4bcfd4855c8d2c5535f01813fb2e10b68b31a24c0f:row:6135,6xf9|m0|A|502|-|ZN|-,6xf9,ZN,1,2,2,0.03808033,0.09253962,0.77915954,0.09022050
sha256:4748babd2b6ac0706cd9ed4bcfd4855c8d2c5535f01813fb2e10b68b31a24c0f:row:6137,3eck|m0|C|500|-|FE|-,3eck,FE,1,3,3,0.08322206,0.05918712,0.06718510,0.79040571
sha256:4748babd2b6ac0706cd9ed4bcfd4855c8d2c5535f01813fb2e10b68b31a24c0f:row:6147,2hk1|m0|A|1004|-|MN|-,2hk1,MN,1,0,0,0.72087528,0.04398030,0.08080364,0.15434079
sha256:4748babd2b6ac0706cd9ed4bcfd4855c8d2c5535f01813fb2e10b68b31a24c0f:row:6151,4eem|m0|B|404|-|MN|-,4eem,MN,1,0,0,0.71314279,0.05043765,0.09674141,0.13967814
sha256:4748babd2b6ac0706cd9ed4bcfd4855c8d2c5535f01813fb2e10b68b31a24c0f:row:6152,7l27|m0|A|1101|-|MN|-,7l27,MN,1,0,0,0.68381431,0.04124627,0.08144773,0.19349169
sha256:4748babd2b6ac0706cd9ed4bcfd4855c8d2c5535f01813fb2e10b68b31a24c0f:row:6155,6mlc|m0|A|2001|-|ZN|-,6mlc,ZN,1,2,2,0.05800406,0.09629183,0.73584728,0.10985682
sha256:4748babd2b6ac0706cd9ed4bcfd4855c8d2c5535f01813fb2e10b68b31a24c0f:row:6156,3wd7|m0|A|402|-|NI|-,3wd7,NI,1,3,2,0.25239340,0.11455214,0.31993606,0.31311840
sha256:4748babd2b6ac0706cd9ed4bcfd4855c8d2c5535f01813fb2e10b68b31a24c0f:row:6163,4ou9|m0|A|501|-|FE|-,4ou9,FE,1,3,3,0.09832426,0.11515791,0.37197934,0.41453849
sha256:4748babd2b6ac0706cd9ed4bcfd4855c8d2c5535f01813fb2e10b68b31a24c0f:row:6168,2ig9|m0|D|500|-|FE|-,2ig9,FE,1,3,3,0.16259091,0.05528402,0.08167070,0.70045437
sha256:4748babd2b6ac0706cd9ed4bcfd4855c8d2c5535f01813fb2e10b68b31a24c0f:row:6172,1ofq|m0|C|3000|-|MN|-,1ofq,MN,1,0,0,0.40211635,0.05932963,0.37198386,0.16657016
sha256:4748babd2b6ac0706cd9ed4bcfd4855c8d2c5535f01813fb2e10b68b31a24c0f:row:6174,4nbb|m0|C|501|-|FE|-,4nbb,FE,1,3,3,0.13177799,0.04887302,0.37910992,0.44023907
sha256:4748babd2b6ac0706cd9ed4bcfd4855c8d2c5535f01813fb2e10b68b31a24c0f:row:6176,4nhy|m0|B|601|-|MN|-,4nhy,MN,1,0,3,0.40893761,0.04866221,0.08664062,0.45575957
sha256:4748babd2b6ac0706cd9ed4bcfd4855c8d2c5535f01813fb2e10b68b31a24c0f:row:6184,3ef4|m0|B|401|-|CU|-,3ef4,CU,1,1,1,0.03735082,0.61262677,0.25044045,0.09958196
sha256:4748babd2b6ac0706cd9ed4bcfd4855c8d2c5535f01813fb2e10b68b31a24c0f:row:6185,2hk1|m0|D|1001|-|MN|-,2hk1,MN,1,0,0,0.76154070,0.04207950,0.06830042,0.12807939
sha256:4748babd2b6ac0706cd9ed4bcfd4855c8d2c5535f01813fb2e10b68b31a24c0f:row:6188,4z6q|m0|B|401|-|FE|-,4z6q,FE,1,3,3,0.12511786,0.04835807,0.07219194,0.75433213
sha256:4748babd2b6ac0706cd9ed4bcfd4855c8d2c5535f01813fb2e10b68b31a24c0f:row:6193,1pb0|m0|A|1303|-|ZN|-,1pb0,ZN,1,2,2,0.12385638,0.12943264,0.49381882,0.25289216
sha256:4748babd2b6ac0706cd9ed4bcfd4855c8d2c5535f01813fb2e10b68b31a24c0f:row:6196,5c3p|m0|D|401|-|NI|-,5c3p,NI,1,3,3,0.17061164,0.07124469,0.10237803,0.65576564
sha256:4748babd2b6ac0706cd9ed4bcfd4855c8d2c5535f01813fb2e10b68b31a24c0f:row:6199,6sf5|m0|A|501|-|MN|-,6sf5,MN,1,0,0,0.72391443,0.03647039,0.10161263,0.13800255
sha256:4748babd2b6ac0706cd9ed4bcfd4855c8d2c5535f01813fb2e10b68b31a24c0f:row:6201,7dvq|m0|0|200|-|ZN|-,7dvq,ZN,1,2,2,0.04965633,0.05051265,0.75256439,0.14726662
sha256:4748babd2b6ac0706cd9ed4bcfd4855c8d2c5535f01813fb2e10b68b31a24c0f:row:6202,8r1f|m0|C|401|-|ZN|-,8r1f,ZN,1,2,2,0.04248083,0.06914016,0.77770893,0.11067008
sha256:4748babd2b6ac0706cd9ed4bcfd4855c8d2c5535f01813fb2e10b68b31a24c0f:row:6208,5nqz|m0|A|404|-|ZN|-,5nqz,ZN,1,2,2,0.07924163,0.15434706,0.55195379,0.21445752
sha256:4748babd2b6ac0706cd9ed4bcfd4855c8d2c5535f01813fb2e10b68b31a24c0f:row:6209,6rfl|m0|B|1201|-|ZN|-,6rfl,ZN,1,2,2,0.04966427,0.04305210,0.77489677,0.13238686
sha256:4748babd2b6ac0706cd9ed4bcfd4855c8d2c5535f01813fb2e10b68b31a24c0f:row:6216,4llb|m0|A|401|-|ZN|-,4llb,ZN,1,2,2,0.04703438,0.05723589,0.78622120,0.10950852
sha256:4748babd2b6ac0706cd9ed4bcfd4855c8d2c5535f01813fb2e10b68b31a24c0f:row:6224,4nhy|m0|A|601|-|MN|-,4nhy,MN,1,0,0,0.47237705,0.05399736,0.07123061,0.40239498
sha256:4748babd2b6ac0706cd9ed4bcfd4855c8d2c5535f01813fb2e10b68b31a24c0f:row:6228,2v89|m0|A|2488|-|ZN|-,2v89,ZN,1,2,2,0.11369496,0.07893585,0.63682581,0.17054337
sha256:4748babd2b6ac0706cd9ed4bcfd4855c8d2c5535f01813fb2e10b68b31a24c0f:row:6250,3p2u|m0|B|260|-|MN|-,3p2u,MN,1,0,0,0.66806435,0.04400967,0.08113290,0.20679308
sha256:4748babd2b6ac0706cd9ed4bcfd4855c8d2c5535f01813fb2e10b68b31a24c0f:row:6260,3ojj|m0|C|500|-|CO|-,3ojj,CO,1,3,3,0.09652176,0.05752148,0.08559373,0.76036303
sha256:4748babd2b6ac0706cd9ed4bcfd4855c8d2c5535f01813fb2e10b68b31a24c0f:row:6262,6lnh|m0|A|304|-|FE|-,6lnh,FE,1,3,0,0.50704449,0.08548593,0.15564167,0.25182791
sha256:4748babd2b6ac0706cd9ed4bcfd4855c8d2c5535f01813fb2e10b68b31a24c0f:row:6269,4k1g|m0|A|303|-|ZN|-,4k1g,ZN,1,2,2,0.18821224,0.06393843,0.57840741,0.16944192
sha256:4748babd2b6ac0706cd9ed4bcfd4855c8d2c5535f01813fb2e10b68b31a24c0f:row:6273,4z6w|m0|D|401|-|FE|-,4z6w,FE,1,3,3,0.12992817,0.05213330,0.07895000,0.73898854
sha256:4748babd2b6ac0706cd9ed4bcfd4855c8d2c5535f01813fb2e10b68b31a24c0f:row:6274,6k6s|m0|A|602|-|MN|-,6k6s,MN,1,0,2,0.37036889,0.09125394,0.42938486,0.10899231
sha256:4748babd2b6ac0706cd9ed4bcfd4855c8d2c5535f01813fb2e10b68b31a24c0f:row:6278,5yw3|m0|D|201|-|CU|-,5yw3,CU,1,1,1,0.03198882,0.71090982,0.18548032,0.07162104
sha256:4748babd2b6ac0706cd9ed4bcfd4855c8d2c5535f01813fb2e10b68b31a24c0f:row:6282,3sey|m0|A|374|-|ZN|-,3sey,ZN,1,2,2,0.06207389,0.09648496,0.58559619,0.25584497
sha256:4748babd2b6ac0706cd9ed4bcfd4855c8d2c5535f01813fb2e10b68b31a24c0f:row:6284,6llf|m0|B|402|-|FE|-,6llf,FE,1,3,3,0.16148024,0.08178272,0.34280000,0.41393704
sha256:4748babd2b6ac0706cd9ed4bcfd4855c8d2c5535f01813fb2e10b68b31a24c0f:row:6294,1vzi|m0|B|1128|-|FE|-,1vzi,FE,1,3,3,0.09103873,0.10405947,0.12564655,0.67925524
sha256:4748babd2b6ac0706cd9ed4bcfd4855c8d2c5535f01813fb2e10b68b31a24c0f:row:6296,2zof|m0|A|2002|-|MN|-,2zof,MN,1,0,0,0.46712873,0.04329479,0.30987446,0.17970201
sha256:4748babd2b6ac0706cd9ed4bcfd4855c8d2c5535f01813fb2e10b68b31a24c0f:row:6306,7zcc|m0|C|401|-|MN|-,7zcc,MN,1,0,3,0.31305974,0.05066156,0.14077691,0.49550178
sha256:4748babd2b6ac0706cd9ed4bcfd4855c8d2c5535f01813fb2e10b68b31a24c0f:row:6322,7bvr|m0|A|402|-|MN|-,7bvr,MN,1,0,0,0.76336389,0.04096701,0.06914400,0.12652511
sha256:4748babd2b6ac0706cd9ed4bcfd4855c8d2c5535f01813fb2e10b68b31a24c0f:row:6325,7qr6|m0|B|501|-|FE|-,7qr6,FE,1,3,3,0.08976549,0.10134332,0.32827652,0.48061467
sha256:4748babd2b6ac0706cd9ed4bcfd4855c8d2c5535f01813fb2e10b68b31a24c0f:row:6328,5m45|m0|G|801|-|MN|-,5m45,MN,1,0,0,0.40466353,0.04959743,0.29171262,0.25402642
sha256:4748babd2b6ac0706cd9ed4bcfd4855c8d2c5535f01813fb2e10b68b31a24c0f:row:6338,7kzz|m0|A|302|-|ZN|-,7kzz,ZN,1,2,3,0.08350246,0.21044227,0.33847592,0.36757935
sha256:4748babd2b6ac0706cd9ed4bcfd4855c8d2c5535f01813fb2e10b68b31a24c0f:row:6340,4puc|m0|A|601|-|ZN|-,4puc,ZN,1,2,2,0.31222512,0.04799241,0.40318172,0.23660076
sha256:4748babd2b6ac0706cd9ed4bcfd4855c8d2c5535f01813fb2e10b68b31a24c0f:row:6356,6h2q|m0|B|499|-|MN|-,6h2q,MN,1,0,0,0.67744505,0.04121192,0.10202245,0.17932058
sha256:4748babd2b6ac0706cd9ed4bcfd4855c8d2c5535f01813fb2e10b68b31a24c0f:row:6359,8f6t|m0|A|503|-|FE|-,8f6t,FE,1,3,2,0.05088755,0.05080276,0.74927275,0.14903694
sha256:4748babd2b6ac0706cd9ed4bcfd4855c8d2c5535f01813fb2e10b68b31a24c0f:row:6372,8rhf|m0|A|405|-|ZN|-,8rhf,ZN,1,2,2,0.05001846,0.25133262,0.37690076,0.32174815
sha256:4748babd2b6ac0706cd9ed4bcfd4855c8d2c5535f01813fb2e10b68b31a24c0f:row:6374,4n7t|m0|A|501|-|MN|-,4n7t,MN,1,0,0,0.64465262,0.04567439,0.20837686,0.10129613
sha256:4748babd2b6ac0706cd9ed4bcfd4855c8d2c5535f01813fb2e10b68b31a24c0f:row:6381,5m4o|m0|B|401|-|FE|-,5m4o,FE,1,3,3,0.15004287,0.08875313,0.36348629,0.39771771
sha256:4748babd2b6ac0706cd9ed4bcfd4855c8d2c5535f01813fb2e10b68b31a24c0f:row:6386,3gyy|m0|A|318|-|ZN|-,3gyy,ZN,1,2,2,0.16117358,0.08128887,0.39390980,0.36362775
sha256:4748babd2b6ac0706cd9ed4bcfd4855c8d2c5535f01813fb2e10b68b31a24c0f:row:6388,4z6v|m0|C|401|-|FE|-,4z6v,FE,1,3,3,0.11446613,0.04566806,0.07703972,0.76282608
sha256:4748babd2b6ac0706cd9ed4bcfd4855c8d2c5535f01813fb2e10b68b31a24c0f:row:6391,3ojt|m0|B|500|-|FE|-,3ojt,FE,1,3,3,0.12134295,0.04693700,0.06725914,0.76446090
sha256:4748babd2b6ac0706cd9ed4bcfd4855c8d2c5535f01813fb2e10b68b31a24c0f:row:6403,1g2d|m0|F|306|-|ZN|-,1g2d,ZN,1,2,2,0.05609939,0.10331716,0.68455307,0.15603038
sha256:4748babd2b6ac0706cd9ed4bcfd4855c8d2c5535f01813fb2e10b68b31a24c0f:row:6404,5gov|m0|B|405|-|ZN|-,5gov,ZN,1,2,2,0.19597979,0.04904164,0.53950683,0.21547174
sha256:4748babd2b6ac0706cd9ed4bcfd4855c8d2c5535f01813fb2e10b68b31a24c0f:row:6408,4oj8|m0|C|301|-|FE|-,4oj8,FE,1,3,3,0.21310297,0.06003757,0.08002112,0.64683834
sha256:4748babd2b6ac0706cd9ed4bcfd4855c8d2c5535f01813fb2e10b68b31a24c0f:row:6409,8gui|m0|L|1101|-|ZN|-,8gui,ZN,1,2,2,0.03733501,0.10590507,0.76024172,0.09651820
sha256:4748babd2b6ac0706cd9ed4bcfd4855c8d2c5535f01813fb2e10b68b31a24c0f:row:6410,6n21|m0|C|601|-|FE|-,6n21,FE,1,3,3,0.18146069,0.12620906,0.15571451,0.53661574
sha256:4748babd2b6ac0706cd9ed4bcfd4855c8d2c5535f01813fb2e10b68b31a24c0f:row:6421,2wjf|m0|A|1246|-|MN|-,2wjf,MN,1,0,0,0.60161428,0.06258033,0.10258458,0.23322080
sha256:4748babd2b6ac0706cd9ed4bcfd4855c8d2c5535f01813fb2e10b68b31a24c0f:row:6422,1cxv|m0|A|1|-|ZN|-,1cxv,ZN,1,2,3,0.06572960,0.13368267,0.23522515,0.56536258
sha256:4748babd2b6ac0706cd9ed4bcfd4855c8d2c5535f01813fb2e10b68b31a24c0f:row:6424,3a0k|m0|A|238|-|MN|-,3a0k,MN,1,0,0,0.75303115,0.03977524,0.07365582,0.13353779
sha256:4748babd2b6ac0706cd9ed4bcfd4855c8d2c5535f01813fb2e10b68b31a24c0f:row:6431,4zng|m0|A|402|-|MN|-,4zng,MN,1,0,0,0.45781890,0.03656276,0.28614070,0.21947764
sha256:4748babd2b6ac0706cd9ed4bcfd4855c8d2c5535f01813fb2e10b68b31a24c0f:row:6446,5iqo|m0|A|201|-|CO|-,5iqo,CO,1,3,3,0.10711327,0.05756107,0.27019583,0.56512983
sha256:4748babd2b6ac0706cd9ed4bcfd4855c8d2c5535f01813fb2e10b68b31a24c0f:row:6447,5oqj|m0|4|401|-|ZN|-,5oqj,ZN,1,2,2,0.05488656,0.04279322,0.66894095,0.23337926
sha256:4748babd2b6ac0706cd9ed4bcfd4855c8d2c5535f01813fb2e10b68b31a24c0f:row:6449,5v3g|m0|A|1003|-|ZN|-,5v3g,ZN,1,2,2,0.05013202,0.07817902,0.66436982,0.20731914
sha256:4748babd2b6ac0706cd9ed4bcfd4855c8d2c5535f01813fb2e10b68b31a24c0f:row:6454,4ytq|m0|C|401|-|MN|-,4ytq,MN,1,0,0,0.73075996,0.04788497,0.10818315,0.11317192
sha256:4748babd2b6ac0706cd9ed4bcfd4855c8d2c5535f01813fb2e10b68b31a24c0f:row:6456,4n7t|m0|B|501|-|MN|-,4n7t,MN,1,0,0,0.54497643,0.04148669,0.32805865,0.08547823
sha256:4748babd2b6ac0706cd9ed4bcfd4855c8d2c5535f01813fb2e10b68b31a24c0f:row:6459,4czs|m0|B|302|-|MN|-,4czs,MN,1,0,0,0.80248081,0.03513862,0.06369619,0.09868437
sha256:4748babd2b6ac0706cd9ed4bcfd4855c8d2c5535f01813fb2e10b68b31a24c0f:row:6468,5xfp|m0|A|402|-|ZN|-,5xfp,ZN,1,2,2,0.05399367,0.09340043,0.70173729,0.15086862
sha256:4748babd2b6ac0706cd9ed4bcfd4855c8d2c5535f01813fb2e10b68b31a24c0f:row:6470,4yts|m0|D|402|-|MN|-,4yts,MN,1,0,0,0.78142135,0.03705760,0.06319304,0.11832800
sha256:4748babd2b6ac0706cd9ed4bcfd4855c8d2c5535f01813fb2e10b68b31a24c0f:row:6479,8ch4|m0|B|301|-|FE|-,8ch4,FE,1,3,3,0.07770898,0.06441963,0.24438640,0.61348498
sha256:4748babd2b6ac0706cd9ed4bcfd4855c8d2c5535f01813fb2e10b68b31a24c0f:row:6503,3tm8|m0|A|902|-|FE|-,3tm8,FE,1,3,3,0.17759584,0.03920240,0.09166726,0.69153450
sha256:4748babd2b6ac0706cd9ed4bcfd4855c8d2c5535f01813fb2e10b68b31a24c0f:row:6506,3p2u|m0|A|261|-|MN|-,3p2u,MN,1,0,0,0.69314560,0.04505642,0.09724307,0.16455491
sha256:4748babd2b6ac0706cd9ed4bcfd4855c8d2c5535f01813fb2e10b68b31a24c0f:row:6508,3wd7|m0|A|403|-|NI|-,3wd7,NI,1,3,3,0.15541023,0.09013647,0.36972802,0.38472528
sha256:4748babd2b6ac0706cd9ed4bcfd4855c8d2c5535f01813fb2e10b68b31a24c0f:row:6512,2aes|m0|A|400|-|MN|-,2aes,MN,1,0,0,0.73186967,0.04719934,0.09310708,0.12782392
sha256:4748babd2b6ac0706cd9ed4bcfd4855c8d2c5535f01813fb2e10b68b31a24c0f:row:6518,1qdo|m0|D|246|-|MN|-,1qdo,MN,1,0,0,0.71802818,0.04110397,0.08029483,0.16057302
sha256:4748babd2b6ac0706cd9ed4bcfd4855c8d2c5535f01813fb2e10b68b31a24c0f:row:6526,4zl5|m0|E|205|-|FE|-,4zl5,FE,1,3,0,0.42537600,0.04247217,0.12424055,0.40791128
sha256:4748babd2b6ac0706cd9ed4bcfd4855c8d2c5535f01813fb2e10b68b31a24c0f:row:6532,4eea|m0|C|405|-|MN|-,4eea,MN,1,0,0,0.74249855,0.04713932,0.07872073,0.13164140
sha256:4748babd2b6ac0706cd9ed4bcfd4855c8d2c5535f01813fb2e10b68b31a24c0f:row:6546,5mc4|m0|B|500|-|MN|-,5mc4,MN,1,0,0,0.63407874,0.03939406,0.08064662,0.24588057
sha256:4748babd2b6ac0706cd9ed4bcfd4855c8d2c5535f01813fb2e10b68b31a24c0f:row:6551,1piy|m0|B|376|-|FE|-,1piy,FE,1,3,3,0.09300667,0.07637070,0.34233027,0.48829236
sha256:4748babd2b6ac0706cd9ed4bcfd4855c8d2c5535f01813fb2e10b68b31a24c0f:row:6552,5mby|m0|A|499|-|MN|-,5mby,MN,1,0,0,0.70434113,0.04007505,0.10664186,0.14894196
sha256:4748babd2b6ac0706cd9ed4bcfd4855c8d2c5535f01813fb2e10b68b31a24c0f:row:6559,5lpi|m0|A|901|-|ZN|-,5lpi,ZN,1,2,2,0.08338053,0.06926903,0.70525974,0.14209070
sha256:4748babd2b6ac0706cd9ed4bcfd4855c8d2c5535f01813fb2e10b68b31a24c0f:row:6570,8dq4|m0|A|401|-|MN|-,8dq4,MN,1,0,0,0.60125212,0.04687636,0.21482391,0.13704761
sha256:4748babd2b6ac0706cd9ed4bcfd4855c8d2c5535f01813fb2e10b68b31a24c0f:row:6586,7y11|m0|B|402|-|NI|-,7y11,NI,1,3,2,0.03810723,0.09591751,0.71947064,0.14650462
sha256:4748babd2b6ac0706cd9ed4bcfd4855c8d2c5535f01813fb2e10b68b31a24c0f:row:6593,7m4n|m0|A|803|-|ZN|-,7m4n,ZN,1,2,2,0.03830093,0.09107621,0.77973679,0.09088607
sha256:4748babd2b6ac0706cd9ed4bcfd4855c8d2c5535f01813fb2e10b68b31a24c0f:row:6595,3eck|m0|A|500|-|FE|-,3eck,FE,1,3,3,0.12489477,0.05564797,0.07372065,0.74573660
sha256:4748babd2b6ac0706cd9ed4bcfd4855c8d2c5535f01813fb2e10b68b31a24c0f:row:6604,1ii7|m0|A|403|-|MN|-,1ii7,MN,1,0,0,0.72082887,0.05275704,0.08320197,0.14321212
sha256:4748babd2b6ac0706cd9ed4bcfd4855c8d2c5535f01813fb2e10b68b31a24c0f:row:6606,7euq|m0|A|401|-|MN|-,7euq,MN,1,0,0,0.69103159,0.04345642,0.07932818,0.18618381
sha256:4748babd2b6ac0706cd9ed4bcfd4855c8d2c5535f01813fb2e10b68b31a24c0f:row:6607,2q0j|m0|A|998|-|FE|-,2q0j,FE,1,3,3,0.35555243,0.06139022,0.15230187,0.43075549
sha256:4748babd2b6ac0706cd9ed4bcfd4855c8d2c5535f01813fb2e10b68b31a24c0f:row:6616,7n02|m0|B|401|-|MN|-,7n02,MN,1,0,0,0.61063839,0.03918891,0.11016035,0.24001236
sha256:4748babd2b6ac0706cd9ed4bcfd4855c8d2c5535f01813fb2e10b68b31a24c0f:row:6639,2p34|m0|C|301|-|MN|-,2p34,MN,1,0,0,0.78236333,0.04001037,0.07338634,0.10423995
sha256:4748babd2b6ac0706cd9ed4bcfd4855c8d2c5535f01813fb2e10b68b31a24c0f:row:6662,2vje|m0|B|1491|-|ZN|-,2vje,ZN,1,2,2,0.04956212,0.05991997,0.79130447,0.09921343
sha256:4748babd2b6ac0706cd9ed4bcfd4855c8d2c5535f01813fb2e10b68b31a24c0f:row:6669,1piz|m0|A|376|-|FE|-,1piz,FE,1,3,3,0.08639241,0.09536755,0.34938632,0.46885373
sha256:4748babd2b6ac0706cd9ed4bcfd4855c8d2c5535f01813fb2e10b68b31a24c0f:row:6673,3a0k|m0|G|238|-|MN|-,3a0k,MN,1,0,0,0.76173035,0.03700689,0.06805726,0.13320550
sha256:4748babd2b6ac0706cd9ed4bcfd4855c8d2c5535f01813fb2e10b68b31a24c0f:row:6676,4ghf|m0|D|401|-|FE|-,4ghf,FE,1,3,3,0.10839310,0.04666010,0.08673171,0.75821509
sha256:4748babd2b6ac0706cd9ed4bcfd4855c8d2c5535f01813fb2e10b68b31a24c0f:row:6680,4dwx|m0|A|305|-|ZN|-,4dwx,ZN,1,2,3,0.20687945,0.05415199,0.31651540,0.42245315
sha256:4748babd2b6ac0706cd9ed4bcfd4855c8d2c5535f01813fb2e10b68b31a24c0f:row:6684,5aeu|m0|E|501|-|FE|-,5aeu,FE,1,3,3,0.19257784,0.09025852,0.12393067,0.59323297
sha256:4748babd2b6ac0706cd9ed4bcfd4855c8d2c5535f01813fb2e10b68b31a24c0f:row:6685,7vhy|m0|A|1701|-|ZN|-,7vhy,ZN,1,2,2,0.04030944,0.08688760,0.78505563,0.08774734
sha256:4748babd2b6ac0706cd9ed4bcfd4855c8d2c5535f01813fb2e10b68b31a24c0f:row:6691,7q2a|m0|C|401|-|FE|-,7q2a,FE,1,3,3,0.18117123,0.04752508,0.08113578,0.69016791
sha256:4748babd2b6ac0706cd9ed4bcfd4855c8d2c5535f01813fb2e10b68b31a24c0f:row:6696,1wuv|m0|D|239|-|MN|-,1wuv,MN,1,0,0,0.78006221,0.03676973,0.06952158,0.11364648
sha256:4748babd2b6ac0706cd9ed4bcfd4855c8d2c5535f01813fb2e10b68b31a24c0f:row:6697,5u97|m0|D|601|-|CO|-,5u97,CO,1,3,3,0.03590523,0.16259012,0.23840381,0.56310084
sha256:4748babd2b6ac0706cd9ed4bcfd4855c8d2c5535f01813fb2e10b68b31a24c0f:row:6700,4z6o|m0|A|401|-|FE|-,4z6o,FE,1,3,3,0.12326142,0.04700001,0.07972207,0.75001650
sha256:4748babd2b6ac0706cd9ed4bcfd4855c8d2c5535f01813fb2e10b68b31a24c0f:row:6701,8iqa|m0|A|300|-|NI|-,8iqa,NI,1,3,3,0.06453767,0.09191382,0.15678952,0.68675899
sha256:4748babd2b6ac0706cd9ed4bcfd4855c8d2c5535f01813fb2e10b68b31a24c0f:row:6702,4pgl|m0|A|501|-|MN|-,4pgl,MN,1,0,0,0.74093394,0.03933896,0.07001759,0.14970950
sha256:4748babd2b6ac0706cd9ed4bcfd4855c8d2c5535f01813fb2e10b68b31a24c0f:row:6703,8ch4|m0|C|301|-|FE|-,8ch4,FE,1,3,3,0.07800155,0.05973473,0.11905409,0.74320962
sha256:4748babd2b6ac0706cd9ed4bcfd4855c8d2c5535f01813fb2e10b68b31a24c0f:row:6708,7yi0|m0|D|704|-|ZN|-,7yi0,ZN,1,2,2,0.03764217,0.08630766,0.77547699,0.10057319
sha256:4748babd2b6ac0706cd9ed4bcfd4855c8d2c5535f01813fb2e10b68b31a24c0f:row:6711,2de7|m0|B|501|-|FE|-,2de7,FE,1,3,3,0.15333003,0.06066372,0.37221765,0.41378860
sha256:4748babd2b6ac0706cd9ed4bcfd4855c8d2c5535f01813fb2e10b68b31a24c0f:row:6713,7kwe|m0|D|1102|-|MN|-,7kwe,MN,1,0,0,0.66418145,0.04007422,0.07636361,0.21938072
sha256:4748babd2b6ac0706cd9ed4bcfd4855c8d2c5535f01813fb2e10b68b31a24c0f:row:6716,8dq4|m0|B|401|-|MN|-,8dq4,MN,1,0,0,0.69451451,0.04011043,0.08716545,0.17820961
sha256:4748babd2b6ac0706cd9ed4bcfd4855c8d2c5535f01813fb2e10b68b31a24c0f:row:6717,3mhs|m0|A|476|-|ZN|-,3mhs,ZN,1,2,2,0.04886409,0.24445310,0.62586109,0.08082172
sha256:4748babd2b6ac0706cd9ed4bcfd4855c8d2c5535f01813fb2e10b68b31a24c0f:row:6720,3gyy|m0|A|324|-|ZN|-,3gyy,ZN,1,2,2,0.12387782,0.14193867,0.59952058,0.13466293
sha256:4748babd2b6ac0706cd9ed4bcfd4855c8d2c5535f01813fb2e10b68b31a24c0f:row:6721,1ulj|m0|C|600|-|FE|-,1ulj,FE,1,3,3,0.08372440,0.10162877,0.30033056,0.51431627
sha256:4748babd2b6ac0706cd9ed4bcfd4855c8d2c5535f01813fb2e10b68b31a24c0f:row:6727,1fsj|m0|D|903|-|ZN|-,1fsj,ZN,1,2,2,0.04708995,0.28822798,0.44488046,0.21980161
sha256:4748babd2b6ac0706cd9ed4bcfd4855c8d2c5535f01813fb2e10b68b31a24c0f:row:6740,8rhf|m0|A|404|-|ZN|-,8rhf,ZN,1,2,2,0.14182905,0.06959551,0.44363708,0.34493836
sha256:4748babd2b6ac0706cd9ed4bcfd4855c8d2c5535f01813fb2e10b68b31a24c0f:row:6742,1nxd|m0|1|1002|-|MN|-,1nxd,MN,1,0,0,0.81158086,0.03724349,0.06308024,0.08809540
sha256:4748babd2b6ac0706cd9ed4bcfd4855c8d2c5535f01813fb2e10b68b31a24c0f:row:6743,7jsd|m0|D|502|-|FE|-,7jsd,FE,1,3,3,0.25745495,0.07251414,0.14376528,0.52626563
sha256:4748babd2b6ac0706cd9ed4bcfd4855c8d2c5535f01813fb2e10b68b31a24c0f:row:6755,1s95|m0|A|501|-|MN|-,1s95,MN,1,0,0,0.42382142,0.04323367,0.32682889,0.20611602
sha256:4748babd2b6ac0706cd9ed4bcfd4855c8d2c5535f01813fb2e10b68b31a24c0f:row:6766,2okn|m0|A|496|-|MN|-,2okn,MN,1,0,0,0.47968113,0.05917965,0.23177865,0.22936057
sha256:4748babd2b6ac0706cd9ed4bcfd4855c8d2c5535f01813fb2e10b68b31a24c0f:row:6767,4uer|m0|5|101|-|ZN|-,4uer,ZN,1,2,2,0.05019673,0.05577823,0.54685644,0.34716859
sha256:4748babd2b6ac0706cd9ed4bcfd4855c8d2c5535f01813fb2e10b68b31a24c0f:row:6772,5lun|m0|C|401|-|FE|-,5lun,FE,1,3,3,0.13523581,0.05354355,0.08993186,0.72128879
sha256:4748babd2b6ac0706cd9ed4bcfd4855c8d2c5535f01813fb2e10b68b31a24c0f:row:6775,6ki6|m0|A|901|-|ZN|-,6ki6,ZN,1,2,2,0.03885851,0.10154343,0.73326408,0.12633398
sha256:4748babd2b6ac0706cd9ed4bcfd4855c8d2c5535f01813fb2e10b68b31a24c0f:row:6786,4i5n|m0|F|601|-|MN|-,4i5n,MN,1,0,0,0.32429462,0.07809222,0.28785137,0.30976179
sha256:4748babd2b6ac0706cd9ed4bcfd4855c8d2c5535f01813fb2e10b68b31a24c0f:row:6787,1pj1|m0|A|407|-|FE|-,1pj1,FE,1,3,2,0.21592134,0.06865682,0.41585739,0.29956445
sha256:4748babd2b6ac0706cd9ed4bcfd4855c8d2c5535f01813fb2e10b68b31a24c0f:row:6792,5xwm|m0|B|402|-|ZN|-,5xwm,ZN,1,2,2,0.05785715,0.19027893,0.40731991,0.34454401
sha256:4748babd2b6ac0706cd9ed4bcfd4855c8d2c5535f01813fb2e10b68b31a24c0f:row:6798,6n1y|m0|A|601|-|FE|-,6n1y,FE,1,3,3,0.07024394,0.13869115,0.18374759,0.60731733
sha256:4748babd2b6ac0706cd9ed4bcfd4855c8d2c5535f01813fb2e10b68b31a24c0f:row:6799,2z8d|m0|A|4|-|ZN|-,2z8d,ZN,1,2,3,0.28383940,0.05770635,0.24941078,0.40904347
sha256:4748babd2b6ac0706cd9ed4bcfd4855c8d2c5535f01813fb2e10b68b31a24c0f:row:6800,1jpr|m0|A|403|-|MN|-,1jpr,MN,1,0,0,0.45706176,0.05952131,0.28825609,0.19516084
sha256:4748babd2b6ac0706cd9ed4bcfd4855c8d2c5535f01813fb2e10b68b31a24c0f:row:6806,5tdv|m0|D|603|-|FE|-,5tdv,FE,1,3,3,0.21432755,0.05629056,0.08646668,0.64291522
sha256:4748babd2b6ac0706cd9ed4bcfd4855c8d2c5535f01813fb2e10b68b31a24c0f:row:6809,2ogi|m0|B|302|-|FE|-,2ogi,FE,1,3,3,0.26542959,0.06538782,0.13936673,0.52981585
sha256:4748babd2b6ac0706cd9ed4bcfd4855c8d2c5535f01813fb2e10b68b31a24c0f:row:6810,5c3p|m0|A|401|-|NI|-,5c3p,NI,1,3,3,0.39887412,0.06025171,0.09288287,0.44799130
sha256:4748babd2b6ac0706cd9ed4bcfd4855c8d2c5535f01813fb2e10b68b31a24c0f:row:6813,6qaj|m0|A|501|-|ZN|-,6qaj,ZN,1,2,2,0.04944089,0.06205980,0.76010549,0.12839383
sha256:4748babd2b6ac0706cd9ed4bcfd4855c8d2c5535f01813fb2e10b68b31a24c0f:row:6820,1jn1|m0|A|201|-|CO|-,1jn1,CO,1,3,2,0.09631772,0.33124852,0.33748486,0.23494890
sha256:4748babd2b6ac0706cd9ed4bcfd4855c8d2c5535f01813fb2e10b68b31a24c0f:row:6828,4p9x|m0|B|302|-|MN|-,4p9x,MN,1,0,0,0.83272894,0.03549729,0.05926419,0.07250958
sha256:4748babd2b6ac0706cd9ed4bcfd4855c8d2c5535f01813fb2e10b68b31a24c0f:row:6830,5vjj|m0|A|202|-|ZN|-,5vjj,ZN,1,2,2,0.04341629,0.05692573,0.80284618,0.09681180
sha256:4748babd2b6ac0706cd9ed4bcfd4855c8d2c5535f01813fb2e10b68b31a24c0f:row:6831,1tf6|m0|A|205|-|ZN|-,1tf6,ZN,1,2,2,0.05525682,0.12200016,0.68363887,0.13910414
sha256:4748babd2b6ac0706cd9ed4bcfd4855c8d2c5535f01813fb2e10b68b31a24c0f:row:6838,1jpr|m0|B|402|-|MN|-,1jpr,MN,1,0,0,0.43873933,0.04826272,0.09825623,0.41474173
sha256:4748babd2b6ac0706cd9ed4bcfd4855c8d2c5535f01813fb2e10b68b31a24c0f:row:6840,2v8t|m0|B|1305|-|MN|-,2v8t,MN,1,0,0,0.48028537,0.03595734,0.28103242,0.20272488
sha256:4748babd2b6ac0706cd9ed4bcfd4855c8d2c5535f01813fb2e10b68b31a24c0f:row:6849,8pp7|m0|L|402|-|ZN|-,8pp7,ZN,1,2,2,0.04607964,0.07118799,0.79455362,0.08817876
sha256:4748babd2b6ac0706cd9ed4bcfd4855c8d2c5535f01813fb2e10b68b31a24c0f:row:6854,2p34|m0|D|301|-|MN|-,2p34,MN,1,0,0,0.68717702,0.04174559,0.11882127,0.15225612
sha256:4748babd2b6ac0706cd9ed4bcfd4855c8d2c5535f01813fb2e10b68b31a24c0f:row:6856,1pb0|m0|A|1301|-|ZN|-,1pb0,ZN,1,2,1,0.04679571,0.33563194,0.30122074,0.31635161
sha256:4748babd2b6ac0706cd9ed4bcfd4855c8d2c5535f01813fb2e10b68b31a24c0f:row:6857,3gor|m0|D|200|-|NI|-,3gor,NI,1,3,3,0.10545703,0.11017500,0.36546413,0.41890384
sha256:4748babd2b6ac0706cd9ed4bcfd4855c8d2c5535f01813fb2e10b68b31a24c0f:row:6863,3uu0|m0|D|420|-|MN|-,3uu0,MN,1,0,0,0.60598904,0.07065040,0.12965014,0.19371042
sha256:4748babd2b6ac0706cd9ed4bcfd4855c8d2c5535f01813fb2e10b68b31a24c0f:row:6870,4nbg|m0|B|501|-|FE|-,4nbg,FE,1,3,2,0.08820248,0.07956400,0.49675102,0.33548249
sha256:4748babd2b6ac0706cd9ed4bcfd4855c8d2c5535f01813fb2e10b68b31a24c0f:row:6871,5hyn|m0|A|1005|-|ZN|-,5hyn,ZN,1,2,2,0.05429078,0.08051210,0.71062455,0.15457257
sha256:4748babd2b6ac0706cd9ed4bcfd4855c8d2c5535f01813fb2e10b68b31a24c0f:row:6873,3tm8|m0|A|903|-|FE|-,3tm8,FE,1,3,3,0.31463609,0.04661640,0.09207097,0.54667654
sha256:4748babd2b6ac0706cd9ed4bcfd4855c8d2c5535f01813fb2e10b68b31a24c0f:row:6874,1tk6|m0|D|1303|-|FE|-,1tk6,FE,1,3,2,0.27729221,0.06351543,0.43529660,0.22389576
sha256:4748babd2b6ac0706cd9ed4bcfd4855c8d2c5535f01813fb2e10b68b31a24c0f:row:6882,7zrp|m0|A|210|-|ZN|-,7zrp,ZN,1,2,2,0.15878594,0.07864771,0.57501564,0.18755071
sha256:4748babd2b6ac0706cd9ed4bcfd4855c8d2c5535f01813fb2e10b68b31a24c0f:row:6883,7mc9|m0|I|2001|-|ZN|-,7mc9,ZN,1,2,2,0.04231903,0.16482540,0.67530472,0.11755086
sha256:4748babd2b6ac0706cd9ed4bcfd4855c8d2c5535f01813fb2e10b68b31a24c0f:row:6890,8iqa|m0|C|300|-|NI|-,8iqa,NI,1,3,3,0.08606644,0.10089566,0.16463099,0.64840691
sha256:4748babd2b6ac0706cd9ed4bcfd4855c8d2c5535f01813fb2e10b68b31a24c0f:row:6894,6rfl|m0|I|801|-|ZN|-,6rfl,ZN,1,2,2,0.04183000,0.06753425,0.77585053,0.11478522
sha256:4748babd2b6ac0706cd9ed4bcfd4855c8d2c5535f01813fb2e10b68b31a24c0f:row:6898,3lat|m0|A|218|-|ZN|-,3lat,ZN,1,2,2,0.08397703,0.06099365,0.43633266,0.41869666
sha256:4748babd2b6ac0706cd9ed4bcfd4855c8d2c5535f01813fb2e10b68b31a24c0f:row:6905,5lun|m0|B|401|-|FE|-,5lun,FE,1,3,3,0.12549228,0.05180440,0.10122280,0.72148052
sha256:4748babd2b6ac0706cd9ed4bcfd4855c8d2c5535f01813fb2e10b68b31a24c0f:row:6906,2v89|m0|B|1488|-|ZN|-,2v89,ZN,1,2,2,0.11851877,0.07853809,0.62797798,0.17496517
sha256:4748babd2b6ac0706cd9ed4bcfd4855c8d2c5535f01813fb2e10b68b31a24c0f:row:6912,3mbg|m0|B|206|-|ZN|-,3mbg,ZN,1,2,2,0.05354159,0.22831185,0.49229829,0.22584827
sha256:4748babd2b6ac0706cd9ed4bcfd4855c8d2c5535f01813fb2e10b68b31a24c0f:row:6925,8ch4|m0|D|301|-|FE|-,8ch4,FE,1,3,3,0.06355635,0.08218363,0.34921358,0.50504643
sha256:4748babd2b6ac0706cd9ed4bcfd4855c8d2c5535f01813fb2e10b68b31a24c0f:row:6929,7l27|m0|B|1101|-|MN|-,7l27,MN,1,0,0,0.43418836,0.04704329,0.13437325,0.38439511
sha256:4748babd2b6ac0706cd9ed4bcfd4855c8d2c5535f01813fb2e10b68b31a24c0f:row:6932,4k1z|m0|B|301|-|MN|-,4k1z,MN,1,0,0,0.74888033,0.03911751,0.06705077,0.14495140
sha256:4748babd2b6ac0706cd9ed4bcfd4855c8d2c5535f01813fb2e10b68b31a24c0f:row:6934,5tdv|m0|D|602|-|FE|-,5tdv,FE,1,3,0,0.55012757,0.04289358,0.08762670,0.31935215
sha256:4748babd2b6ac0706cd9ed4bcfd4855c8d2c5535f01813fb2e10b68b31a24c0f:row:6937,4puc|m0|A|603|-|ZN|-,4puc,ZN,1,2,2,0.15806925,0.04513533,0.59584575,0.20094967
sha256:4748babd2b6ac0706cd9ed4bcfd4855c8d2c5535f01813fb2e10b68b31a24c0f:row:6938,1tjo|m0|D|1303|-|FE|-,1tjo,FE,1,3,3,0.27673397,0.04207715,0.20959635,0.47159253
sha256:4748babd2b6ac0706cd9ed4bcfd4855c8d2c5535f01813fb2e10b68b31a24c0f:row:6946,2qra|m0|A|100|-|ZN|-,2qra,ZN,1,2,2,0.08799545,0.06797799,0.74128632,0.10274023
sha256:4748babd2b6ac0706cd9ed4bcfd4855c8d2c5535f01813fb2e10b68b31a24c0f:row:6947,4oj8|m0|A|301|-|FE|-,4oj8,FE,1,3,3,0.16016340,0.05879289,0.10687778,0.67416593
sha256:4748babd2b6ac0706cd9ed4bcfd4855c8d2c5535f01813fb2e10b68b31a24c0f:row:6949,7eun|m0|A|402|-|MN|-,7eun,MN,1,0,0,0.48385040,0.03287152,0.07419018,0.40908790
sha256:4748babd2b6ac0706cd9ed4bcfd4855c8d2c5535f01813fb2e10b68b31a24c0f:row:6960,6r7d|m0|G|202|-|NI|-,6r7d,NI,1,3,3,0.13015587,0.06923782,0.26067581,0.53993051
sha256:4748babd2b6ac0706cd9ed4bcfd4855c8d2c5535f01813fb2e10b68b31a24c0f:row:6966,3h63|m0|A|501|-|MN|-,3h63,MN,1,0,0,0.63543434,0.04503215,0.09147557,0.22805794
sha256:4748babd2b6ac0706cd9ed4bcfd4855c8d2c5535f01813fb2e10b68b31a24c0f:row:6967,2xll|m0|A|535|-|CU|-,2xll,CU,1,1,2,0.04772419,0.39341378,0.46728654,0.09157549
sha256:4748babd2b6ac0706cd9ed4bcfd4855c8d2c5535f01813fb2e10b68b31a24c0f:row:6975,5din|m0|A|201|-|ZN|-,5din,ZN,1,2,2,0.04127670,0.06008008,0.77144413,0.12719909
sha256:4748babd2b6ac0706cd9ed4bcfd4855c8d2c5535f01813fb2e10b68b31a24c0f:row:6979,3vnj|m0|A|302|-|MN|-,3vnj,MN,1,0,0,0.75904875,0.03779034,0.06607066,0.13709025
sha256:4748babd2b6ac0706cd9ed4bcfd4855c8d2c5535f01813fb2e10b68b31a24c0f:row:6983,5n4l|m0|A|1102|-|CU|-,5n4l,CU,1,1,2,0.03673744,0.33694962,0.50691453,0.11939842
sha256:4748babd2b6ac0706cd9ed4bcfd4855c8d2c5535f01813fb2e10b68b31a24c0f:row:6984,1qt1|m0|B|901|-|CO|-,1qt1,CO,1,3,0,0.54216403,0.04747746,0.20603775,0.20432076
sha256:4748babd2b6ac0706cd9ed4bcfd4855c8d2c5535f01813fb2e10b68b31a24c0f:row:6985,1oqu|m0|A|1001|-|FE|-,1oqu,FE,1,3,3,0.10875973,0.08073754,0.39582363,0.41467911
sha256:4748babd2b6ac0706cd9ed4bcfd4855c8d2c5535f01813fb2e10b68b31a24c0f:row:6989,1fsj|m0|C|902|-|ZN|-,1fsj,ZN,1,2,2,0.04002316,0.26440082,0.43448105,0.26109497
sha256:4748babd2b6ac0706cd9ed4bcfd4855c8d2c5535f01813fb2e10b68b31a24c0f:row:6994,4z6q|m0|D|401|-|FE|-,4z6q,FE,1,3,3,0.12136049,0.05130489,0.08439656,0.74293807
sha256:4748babd2b6ac0706cd9ed4bcfd4855c8d2c5535f01813fb2e10b68b31a24c0f:row:7000,8il8|m0|C|301|-|FE|-,8il8,FE,1,3,3,0.11331478,0.10711480,0.31542097,0.46414944
sha256:4748babd2b6ac0706cd9ed4bcfd4855c8d2c5535f01813fb2e10b68b31a24c0f:row:7002,1pim|m0|B|404|-|FE|-,1pim,FE,1,3,0,0.48326188,0.04915614,0.12507143,0.34251055
sha256:4748babd2b6ac0706cd9ed4bcfd4855c8d2c5535f01813fb2e10b68b31a24c0f:row:7004,1oqu|m0|A|2001|-|FE|-,1oqu,FE,1,3,0,0.49067611,0.05895840,0.23315726,0.21720824
sha256:4748babd2b6ac0706cd9ed4bcfd4855c8d2c5535f01813fb2e10b68b31a24c0f:row:7009,1pj1|m0|B|408|-|FE|-,1pj1,FE,1,3,3,0.09277776,0.08389237,0.20536418,0.61796569
sha256:4748babd2b6ac0706cd9ed4bcfd4855c8d2c5535f01813fb2e10b68b31a24c0f:row:7011,4lw9|m0|A|203|-|ZN|-,4lw9,ZN,1,2,2,0.09775166,0.13070237,0.48788723,0.28365875
sha256:4748babd2b6ac0706cd9ed4bcfd4855c8d2c5535f01813fb2e10b68b31a24c0f:row:7028,2qul|m0|C|291|-|MN|-,2qul,MN,1,0,0,0.71539917,0.04006410,0.06318911,0.18134762
sha256:4748babd2b6ac0706cd9ed4bcfd4855c8d2c5535f01813fb2e10b68b31a24c0f:row:7037,3hhs|m0|A|697|-|CU|-,3hhs,CU,1,1,2,0.03627409,0.31212000,0.39695532,0.25465059
sha256:4748babd2b6ac0706cd9ed4bcfd4855c8d2c5535f01813fb2e10b68b31a24c0f:row:7038,4ax3|m0|D|501|-|CU|-,4ax3,CU,1,1,1,0.04821919,0.66032675,0.20461778,0.08683627
sha256:4748babd2b6ac0706cd9ed4bcfd4855c8d2c5535f01813fb2e10b68b31a24c0f:row:7039,8r1f|m0|B|202|-|ZN|-,8r1f,ZN,1,2,2,0.07173862,0.06198604,0.72799691,0.13827843
sha256:4748babd2b6ac0706cd9ed4bcfd4855c8d2c5535f01813fb2e10b68b31a24c0f:row:7041,5uob|m0|A|507|-|ZN|-,5uob,ZN,1,2,2,0.06651374,0.10725246,0.55717448,0.26905931
sha256:4748babd2b6ac0706cd9ed4bcfd4855c8d2c5535f01813fb2e10b68b31a24c0f:row:7042,4yts|m0|A|401|-|MN|-,4yts,MN,1,0,0,0.70525903,0.04407870,0.09165856,0.15900372
sha256:4748babd2b6ac0706cd9ed4bcfd4855c8d2c5535f01813fb2e10b68b31a24c0f:row:7045,7ug9|m0|A|303|-|MN|-,7ug9,MN,1,0,0,0.61984174,0.05339547,0.11148132,0.21528147
sha256:4748babd2b6ac0706cd9ed4bcfd4855c8d2c5535f01813fb2e10b68b31a24c0f:row:7046,3mo0|m0|A|2|-|ZN|-,3mo0,ZN,1,2,2,0.04773471,0.05309151,0.74093805,0.15823573
sha256:4748babd2b6ac0706cd9ed4bcfd4855c8d2c5535f01813fb2e10b68b31a24c0f:row:7054,4p9x|m0|D|302|-|MN|-,4p9x,MN,1,0,0,0.72477918,0.04147823,0.08037633,0.15336626
sha256:4748babd2b6ac0706cd9ed4bcfd4855c8d2c5535f01813fb2e10b68b31a24c0f:row:7056,4hcg|m0|A|202|-|ZN|-,4hcg,ZN,1,2,2,0.04816632,0.16554573,0.58348683,0.20280113
sha256:4748babd2b6ac0706cd9ed4bcfd4855c8d2c5535f01813fb2e10b68b31a24c0f:row:7059,8jq5|m0|B|501|-|MN|-,8jq5,MN,1,0,0,0.76530562,0.04560786,0.07613703,0.11294949
sha256:4748babd2b6ac0706cd9ed4bcfd4855c8d2c5535f01813fb2e10b68b31a24c0f:row:7066,3mbg|m0|A|1|-|ZN|-,3mbg,ZN,1,2,2,0.07610694,0.10176507,0.52537024,0.29675775
sha256:4748babd2b6ac0706cd9ed4bcfd4855c8d2c5535f01813fb2e10b68b31a24c0f:row:7071,6r7d|m0|D|202|-|NI|-,6r7d,NI,1,3,3,0.16192815,0.07584536,0.28171358,0.48051291
sha256:4748babd2b6ac0706cd9ed4bcfd4855c8d2c5535f01813fb2e10b68b31a24c0f:row:7082,7m4n|m0|A|801|-|ZN|-,7m4n,ZN,1,2,2,0.04320594,0.05365986,0.80588055,0.09725365
sha256:4748babd2b6ac0706cd9ed4bcfd4855c8d2c5535f01813fb2e10b68b31a24c0f:row:7084,5uob|m0|A|506|-|ZN|-,5uob,ZN,1,2,2,0.04987376,0.06198784,0.55279472,0.33534368
sha256:4748babd2b6ac0706cd9ed4bcfd4855c8d2c5535f01813fb2e10b68b31a24c0f:row:7092,5fd3|m0|A|702|-|ZN|-,5fd3,ZN,1,2,2,0.04290833,0.26950335,0.54940707,0.13818126
sha256:4748babd2b6ac0706cd9ed4bcfd4855c8d2c5535f01813fb2e10b68b31a24c0f:row:7097,8il8|m0|B|301|-|FE|-,8il8,FE,1,3,3,0.12279921,0.10542677,0.36389682,0.40787719
sha256:4748babd2b6ac0706cd9ed4bcfd4855c8d2c5535f01813fb2e10b68b31a24c0f:row:7100,6dtk|m0|A|403|-|ZN|-,6dtk,ZN,1,2,1,0.03331088,0.74244713,0.15249723,0.07174476
sha256:4748babd2b6ac0706cd9ed4bcfd4855c8d2c5535f01813fb2e10b68b31a24c0f:row:7110,2xmk|m0|B|1102|-|CU|-,2xmk,CU,1,1,2,0.03404563,0.24550131,0.40026272,0.32019035
sha256:4748babd2b6ac0706cd9ed4bcfd4855c8d2c5535f01813fb2e10b68b31a24c0f:row:7112,3d4k|m0|B|238|-|MN|-,3d4k,MN,1,0,0,0.77824588,0.04005889,0.06534035,0.11635488
sha256:4748babd2b6ac0706cd9ed4bcfd4855c8d2c5535f01813fb2e10b68b31a24c0f:row:7117,1jui|m0|D|407|-|MN|-,1jui,MN,1,0,0,0.76495688,0.04909330,0.07745227,0.10849755
sha256:4748babd2b6ac0706cd9ed4bcfd4855c8d2c5535f01813fb2e10b68b31a24c0f:row:7119,6k5z|m0|A|1003|-|FE|-,6k5z,FE,1,3,0,0.51516170,0.04824394,0.10037001,0.33622435
sha256:4748babd2b6ac0706cd9ed4bcfd4855c8d2c5535f01813fb2e10b68b31a24c0f:row:7123,1jpr|m0|B|401|-|MN|-,1jpr,MN,1,0,0,0.35387935,0.05937908,0.29518835,0.29155322
sha256:4748babd2b6ac0706cd9ed4bcfd4855c8d2c5535f01813fb2e10b68b31a24c0f:row:7129,7mgc|m0|A|302|-|MN|-,7mgc,MN,1,0,0,0.71214614,0.03636765,0.10538837,0.14609783
sha256:4748babd2b6ac0706cd9ed4bcfd4855c8d2c5535f01813fb2e10b68b31a24c0f:row:7134,4xsm|m0|B|401|-|MN|-,4xsm,MN,1,0,0,0.65605232,0.05594616,0.11057026,0.17743127
sha256:4748babd2b6ac0706cd9ed4bcfd4855c8d2c5535f01813fb2e10b68b31a24c0f:row:7135,4s1b|m0|A|802|-|FE|-,4s1b,FE,1,3,3,0.40404699,0.04727100,0.08469284,0.46398916
sha256:4748babd2b6ac0706cd9ed4bcfd4855c8d2c5535f01813fb2e10b68b31a24c0f:row:7136,6k6w|m0|D|601|-|MN|-,6k6w,MN,1,0,0,0.33854726,0.14979937,0.24748683,0.26416654
sha256:4748babd2b6ac0706cd9ed4bcfd4855c8d2c5535f01813fb2e10b68b31a24c0f:row:7152,1s95|m0|B|601|-|MN|-,1s95,MN,1,0,0,0.65704699,0.03995946,0.12472203,0.17827152
sha256:4748babd2b6ac0706cd9ed4bcfd4855c8d2c5535f01813fb2e10b68b31a24c0f:row:7155,1ulj|m0|A|600|-|FE|-,1ulj,FE,1,3,3,0.11344562,0.06829207,0.32185126,0.49641104
sha256:4748babd2b6ac0706cd9ed4bcfd4855c8d2c5535f01813fb2e10b68b31a24c0f:row:7158,1loc|m0|G|202|-|MN|-,1loc,MN,1,0,0,0.78117891,0.03906465,0.06723654,0.11251991
sha256:4748babd2b6ac0706cd9ed4bcfd4855c8d2c5535f01813fb2e10b68b31a24c0f:row:7161,7eun|m0|B|401|-|MN|-,7eun,MN,1,0,0,0.63819992,0.04304538,0.09380105,0.22495364
sha256:4748babd2b6ac0706cd9ed4bcfd4855c8d2c5535f01813fb2e10b68b31a24c0f:row:7163,6rfl|m0|A|1303|-|ZN|-,6rfl,ZN,1,2,2,0.04471896,0.05689214,0.77086232,0.12752658
sha256:4748babd2b6ac0706cd9ed4bcfd4855c8d2c5535f01813fb2e10b68b31a24c0f:row:7164,3lat|m0|A|219|-|ZN|-,3lat,ZN,1,2,2,0.11957262,0.05748418,0.44895848,0.37398471
sha256:4748babd2b6ac0706cd9ed4bcfd4855c8d2c5535f01813fb2e10b68b31a24c0f:row:7165,3bza|m0|C|500|-|MN|-,3bza,MN,1,0,3,0.33067021,0.05289709,0.08582919,0.53060352
sha256:4748babd2b6ac0706cd9ed4bcfd4855c8d2c5535f01813fb2e10b68b31a24c0f:row:7172,1piz|m0|A|377|-|FE|-,1piz,FE,1,3,2,0.11951892,0.06272697,0.41668764,0.40106647
sha256:4748babd2b6ac0706cd9ed4bcfd4855c8d2c5535f01813fb2e10b68b31a24c0f:row:7180,5elh|m0|A|203|-|ZN|-,5elh,ZN,1,2,2,0.04718417,0.06701996,0.74792386,0.13787201
sha256:4748babd2b6ac0706cd9ed4bcfd4855c8d2c5535f01813fb2e10b68b31a24c0f:row:7194,5ffo|m0|B|2001|-|MN|-,5ffo,MN,1,0,2,0.36837202,0.03584359,0.38517856,0.21060583
sha256:4748babd2b6ac0706cd9ed4bcfd4855c8d2c5535f01813fb2e10b68b31a24c0f:row:7197,5ysg|m0|A|201|-|CU|-,5ysg,CU,1,1,1,0.03612193,0.69908875,0.17611183,0.08867748
sha256:4748babd2b6ac0706cd9ed4bcfd4855c8d2c5535f01813fb2e10b68b31a24c0f:row:7198,2jcd|m0|A|1323|-|MN|-,2jcd,MN,1,0,0,0.42403338,0.04735237,0.29313226,0.23548198
sha256:4748babd2b6ac0706cd9ed4bcfd4855c8d2c5535f01813fb2e10b68b31a24c0f:row:7206,5i3l|m0|A|1003|-|ZN|-,5i3l,ZN,1,2,2,0.04029210,0.06862866,0.77868577,0.11239347
sha256:4748babd2b6ac0706cd9ed4bcfd4855c8d2c5535f01813fb2e10b68b31a24c0f:row:7215,3x2z|m0|C|301|-|NI|-,3x2z,NI,1,3,2,0.24183509,0.07107761,0.37407480,0.31301250
sha256:4748babd2b6ac0706cd9ed4bcfd4855c8d2c5535f01813fb2e10b68b31a24c0f:row:7216,2zcc|m0|A|77|-|ZN|-,2zcc,ZN,1,2,2,0.14473809,0.05627547,0.62993241,0.16905403
sha256:4748babd2b6ac0706cd9ed4bcfd4855c8d2c5535f01813fb2e10b68b31a24c0f:row:7218,2qun|m0|A|292|-|MN|-,2qun,MN,1,0,0,0.69814871,0.04026988,0.08066226,0.18091915
sha256:4748babd2b6ac0706cd9ed4bcfd4855c8d2c5535f01813fb2e10b68b31a24c0f:row:7226,5hyn|m0|A|1001|-|ZN|-,5hyn,ZN,1,2,2,0.04432157,0.08809419,0.51744512,0.35013911
sha256:4748babd2b6ac0706cd9ed4bcfd4855c8d2c5535f01813fb2e10b68b31a24c0f:row:7244,3vnl|m0|C|302|-|MN|-,3vnl,MN,1,0,0,0.78729938,0.03742770,0.06835632,0.10691660
sha256:4748babd2b6ac0706cd9ed4bcfd4855c8d2c5535f01813fb2e10b68b31a24c0f:row:7248,5o60|m0|g|101|-|ZN|-,5o60,ZN,1,2,2,0.05180470,0.05322078,0.75939466,0.13557986
sha256:4748babd2b6ac0706cd9ed4bcfd4855c8d2c5535f01813fb2e10b68b31a24c0f:row:7252,5fd3|m0|A|706|-|ZN|-,5fd3,ZN,1,2,2,0.04847209,0.06469519,0.78258862,0.10424410
sha256:4748babd2b6ac0706cd9ed4bcfd4855c8d2c5535f01813fb2e10b68b31a24c0f:row:7258,4ee3|m0|B|407|-|MN|-,4ee3,MN,1,0,0,0.44631781,0.04803406,0.28479517,0.22085296
sha256:4748babd2b6ac0706cd9ed4bcfd4855c8d2c5535f01813fb2e10b68b31a24c0f:row:7261,7szh|m0|A|507|-|FE|-,7szh,FE,1,3,3,0.09877490,0.05250145,0.13192201,0.71680164
sha256:4748babd2b6ac0706cd9ed4bcfd4855c8d2c5535f01813fb2e10b68b31a24c0f:row:7263,6qo0|m0|B|401|-|FE|-,6qo0,FE,1,3,3,0.11076335,0.05119103,0.10396690,0.73407871
sha256:4748babd2b6ac0706cd9ed4bcfd4855c8d2c5535f01813fb2e10b68b31a24c0f:row:7266,4z6v|m0|B|401|-|FE|-,4z6v,FE,1,3,3,0.13298034,0.04630305,0.07208215,0.74863446
sha256:4748babd2b6ac0706cd9ed4bcfd4855c8d2c5535f01813fb2e10b68b31a24c0f:row:7268,3mhs|m0|A|472|-|ZN|-,3mhs,ZN,1,2,2,0.04586365,0.07195226,0.75747606,0.12470803
sha256:4748babd2b6ac0706cd9ed4bcfd4855c8d2c5535f01813fb2e10b68b31a24c0f:row:7273,8bja|m0|A|2903|-|ZN|-,8bja,ZN,1,2,2,0.03675547,0.11474615,0.77914884,0.06934954
sha256:4748babd2b6ac0706cd9ed4bcfd4855c8d2c5535f01813fb2e10b68b31a24c0f:row:7295,3qu6|m0|A|117|-|ZN|-,3qu6,ZN,1,2,2,0.08829792,0.11613955,0.66183110,0.13373143
sha256:4748babd2b6ac0706cd9ed4bcfd4855c8d2c5535f01813fb2e10b68b31a24c0f:row:7297,6c0f|m0|D|401|-|ZN|-,6c0f,ZN,1,2,2,0.07284302,0.04442671,0.70614591,0.17658435
sha256:4748babd2b6ac0706cd9ed4bcfd4855c8d2c5535f01813fb2e10b68b31a24c0f:row:7301,3vek|m0|A|101|-|ZN|-,3vek,ZN,1,2,2,0.16552022,0.13069085,0.36843203,0.33535690
sha256:4748babd2b6ac0706cd9ed4bcfd4855c8d2c5535f01813fb2e10b68b31a24c0f:row:7304,6ivo|m0|A|302|-|ZN|-,6ivo,ZN,1,2,2,0.09383620,0.09566683,0.59558957,0.21490740
sha256:4748babd2b6ac0706cd9ed4bcfd4855c8d2c5535f01813fb2e10b68b31a24c0f:row:7308,4zl5|m0|A|201|-|FE|-,4zl5,FE,1,3,2,0.19628617,0.08489386,0.46868054,0.25013943
sha256:4748babd2b6ac0706cd9ed4bcfd4855c8d2c5535f01813fb2e10b68b31a24c0f:row:7313,3pn3|m0|A|1005|-|ZN|-,3pn3,ZN,1,2,2,0.11143208,0.06781591,0.69512636,0.12562565
sha256:4748babd2b6ac0706cd9ed4bcfd4855c8d2c5535f01813fb2e10b68b31a24c0f:row:7315,7y11|m0|A|402|-|NI|-,7y11,NI,1,3,2,0.03858852,0.11312986,0.74455790,0.10372373
sha256:4748babd2b6ac0706cd9ed4bcfd4855c8d2c5535f01813fb2e10b68b31a24c0f:row:7319,3qla|m0|A|1|-|ZN|-,3qla,ZN,1,2,2,0.04453479,0.05105130,0.74598175,0.15843216
sha256:4748babd2b6ac0706cd9ed4bcfd4855c8d2c5535f01813fb2e10b68b31a24c0f:row:7320,3dhg|m0|A|502|-|FE|-,3dhg,FE,1,3,0,0.45895189,0.04211173,0.07808760,0.42084878
sha256:4748babd2b6ac0706cd9ed4bcfd4855c8d2c5535f01813fb2e10b68b31a24c0f:row:7322,7exz|m0|G|401|-|MN|-,7exz,MN,1,0,0,0.74343588,0.04072018,0.09003590,0.12580805
sha256:4748babd2b6ac0706cd9ed4bcfd4855c8d2c5535f01813fb2e10b68b31a24c0f:row:7328,2amx|m0|B|1001|-|CO|-,2amx,CO,1,3,2,0.08674191,0.17671854,0.48474070,0.25179885
sha256:4748babd2b6ac0706cd9ed4bcfd4855c8d2c5535f01813fb2e10b68b31a24c0f:row:7342,2d7f|m0|L|239|-|MN|-,2d7f,MN,1,0,0,0.76210738,0.05089464,0.08667834,0.10031964
sha256:4748babd2b6ac0706cd9ed4bcfd4855c8d2c5535f01813fb2e10b68b31a24c0f:row:7343,5i3l|m0|A|1002|-|ZN|-,5i3l,ZN,1,2,2,0.04434798,0.05097255,0.80103530,0.10364416
sha256:4748babd2b6ac0706cd9ed4bcfd4855c8d2c5535f01813fb2e10b68b31a24c0f:row:7344,2d3r|m0|A|238|-|MN|-,2d3r,MN,1,0,0,0.70332638,0.05293862,0.10059691,0.14313809
sha256:4748babd2b6ac0706cd9ed4bcfd4855c8d2c5535f01813fb2e10b68b31a24c0f:row:7348,6omq|m0|A|407|-|MN|-,6omq,MN,1,0,0,0.64518714,0.03723215,0.10960871,0.20797201
sha256:4748babd2b6ac0706cd9ed4bcfd4855c8d2c5535f01813fb2e10b68b31a24c0f:row:7374,1lob|m0|A|229|-|MN|-,1lob,MN,1,0,0,0.69502481,0.04027845,0.09638855,0.16830819
sha256:4748babd2b6ac0706cd9ed4bcfd4855c8d2c5535f01813fb2e10b68b31a24c0f:row:7384,1vzi|m0|A|1131|-|FE|-,1vzi,FE,1,3,2,0.05635858,0.04685527,0.57335146,0.32343468
sha256:4748babd2b6ac0706cd9ed4bcfd4855c8d2c5535f01813fb2e10b68b31a24c0f:row:7386,4i8c|m0|B|603|-|NI|-,4i8c,NI,1,3,3,0.07134587,0.15808929,0.12825049,0.64231435
sha256:4748babd2b6ac0706cd9ed4bcfd4855c8d2c5535f01813fb2e10b68b31a24c0f:row:7394,7l29|m0|D|1102|-|MN|-,7l29,MN,1,0,0,0.62570209,0.03722838,0.06935471,0.26771482
sha256:4748babd2b6ac0706cd9ed4bcfd4855c8d2c5535f01813fb2e10b68b31a24c0f:row:7403,7v3e|m0|A|406|-|FE|-,7v3e,FE,1,3,0,0.46881869,0.05554664,0.07881156,0.39682312
sha256:4748babd2b6ac0706cd9ed4bcfd4855c8d2c5535f01813fb2e10b68b31a24c0f:row:7415,5mc4|m0|B|499|-|MN|-,5mc4,MN,1,0,0,0.70276499,0.03835297,0.08881119,0.17007085
sha256:4748babd2b6ac0706cd9ed4bcfd4855c8d2c5535f01813fb2e10b68b31a24c0f:row:7421,7mc9|m0|A|3701|-|ZN|-,7mc9,ZN,1,2,2,0.03624255,0.12103966,0.71833817,0.12437962
sha256:4748babd2b6ac0706cd9ed4bcfd4855c8d2c5535f01813fb2e10b68b31a24c0f:row:7424,2p1i|m0|F|350|-|FE|-,2p1i,FE,1,3,3,0.26872766,0.07782215,0.15270502,0.50074518
sha256:4748babd2b6ac0706cd9ed4bcfd4855c8d2c5535f01813fb2e10b68b31a24c0f:row:7425,3vmg|m0|B|501|-|FE|-,3vmg,FE,1,3,3,0.12361848,0.04725969,0.31468415,0.51443768
sha256:4748babd2b6ac0706cd9ed4bcfd4855c8d2c5535f01813fb2e10b68b31a24c0f:row:7428,1wuv|m0|A|239|-|MN|-,1wuv,MN,1,0,0,0.77126453,0.03645289,0.06863180,0.12365078
sha256:4748babd2b6ac0706cd9ed4bcfd4855c8d2c5535f01813fb2e10b68b31a24c0f:row:7436,5v3g|m0|A|1006|-|ZN|-,5v3g,ZN,1,2,2,0.05846659,0.13777882,0.60034747,0.20340712
sha256:4748babd2b6ac0706cd9ed4bcfd4855c8d2c5535f01813fb2e10b68b31a24c0f:row:7443,3pn3|m0|A|1012|-|ZN|-,3pn3,ZN,1,2,2,0.12839852,0.06949912,0.44462146,0.35748090
sha256:4748babd2b6ac0706cd9ed4bcfd4855c8d2c5535f01813fb2e10b68b31a24c0f:row:7444,7euq|m0|B|401|-|MN|-,7euq,MN,1,0,0,0.70622777,0.03870464,0.06795833,0.18710926
sha256:4748babd2b6ac0706cd9ed4bcfd4855c8d2c5535f01813fb2e10b68b31a24c0f:row:7452,8ch4|m0|A|301|-|FE|-,8ch4,FE,1,3,3,0.08152147,0.06379554,0.13017150,0.72451149
sha256:4748babd2b6ac0706cd9ed4bcfd4855c8d2c5535f01813fb2e10b68b31a24c0f:row:7470,3rmu|m0|B|2|-|CO|-,3rmu,CO,1,3,2,0.08336410,0.06726399,0.43377791,0.41559401
sha256:4748babd2b6ac0706cd9ed4bcfd4855c8d2c5535f01813fb2e10b68b31a24c0f:row:7485,2yye|m0|B|701|-|CO|-,2yye,CO,1,3,3,0.15089697,0.08015184,0.26791127,0.50103993
sha256:4748babd2b6ac0706cd9ed4bcfd4855c8d2c5535f01813fb2e10b68b31a24c0f:row:7488,3tmb|m0|B|310|-|FE|-,3tmb,FE,1,3,3,0.18554148,0.04264509,0.09251073,0.67930270
sha256:4748babd2b6ac0706cd9ed4bcfd4855c8d2c5535f01813fb2e10b68b31a24c0f:row:7496,8rhf|m0|A|406|-|ZN|-,8rhf,ZN,1,2,2,0.10287316,0.06230528,0.54035124,0.29447033
sha256:4748babd2b6ac0706cd9ed4bcfd4855c8d2c5535f01813fb2e10b68b31a24c0f:row:7500,3nik|m0|A|3|-|ZN|-,3nik,ZN,1,2,2,0.03910695,0.39283381,0.47295735,0.09510189
sha256:4748babd2b6ac0706cd9ed4bcfd4855c8d2c5535f01813fb2e10b68b31a24c0f:row:7512,4eeo|m0|B|404|-|MN|-,4eeo,MN,1,0,0,0.62183495,0.05768646,0.11335081,0.20712778
sha256:4748babd2b6ac0706cd9ed4bcfd4855c8d2c5535f01813fb2e10b68b31a24c0f:row:7514,3ojn|m0|A|500|-|MN|-,3ojn,MN,1,0,3,0.33392392,0.04369456,0.07725621,0.54512531
sha256:4748babd2b6ac0706cd9ed4bcfd4855c8d2c5535f01813fb2e10b68b31a24c0f:row:7515,3re7|m0|B|191|-|CU|-,3re7,CU,1,1,2,0.06860313,0.23959909,0.56223346,0.12956433
sha256:4748babd2b6ac0706cd9ed4bcfd4855c8d2c5535f01813fb2e10b68b31a24c0f:row:7523,6mm1|m0|A|604|-|ZN|-,6mm1,ZN,1,2,2,0.03688984,0.08452365,0.76536717,0.11321933
sha256:4748babd2b6ac0706cd9ed4bcfd4855c8d2c5535f01813fb2e10b68b31a24c0f:row:7527,6k5z|m0|A|1001|-|ZN|-,6k5z,ZN,1,2,2,0.03406339,0.37148112,0.51691750,0.07753799
sha256:4748babd2b6ac0706cd9ed4bcfd4855c8d2c5535f01813fb2e10b68b31a24c0f:row:7529,7bmf|m0|B|502|-|MN|-,7bmf,MN,1,0,2,0.39230267,0.05111273,0.40130245,0.15528215
sha256:4748babd2b6ac0706cd9ed4bcfd4855c8d2c5535f01813fb2e10b68b31a24c0f:row:7532,2jih|m0|B|1558|-|NI|-,2jih,NI,1,3,0,0.49327040,0.04763949,0.17376794,0.28532216
sha256:4748babd2b6ac0706cd9ed4bcfd4855c8d2c5535f01813fb2e10b68b31a24c0f:row:7540,2biw|m0|D|1492|-|FE|-,2biw,FE,1,3,3,0.07187547,0.09381767,0.32179815,0.51250871
sha256:4748babd2b6ac0706cd9ed4bcfd4855c8d2c5535f01813fb2e10b68b31a24c0f:row:7541,3h63|m0|C|500|-|MN|-,3h63,MN,1,0,0,0.66666682,0.06013955,0.07972484,0.19346879
sha256:4748babd2b6ac0706cd9ed4bcfd4855c8d2c5535f01813fb2e10b68b31a24c0f:row:7542,4uer|m0|N|101|-|ZN|-,4uer,ZN,1,2,2,0.10263617,0.04460055,0.68756191,0.16520137
sha256:4748babd2b6ac0706cd9ed4bcfd4855c8d2c5535f01813fb2e10b68b31a24c0f:row:7544,1i74|m0|B|401|-|MN|-,1i74,MN,1,0,0,0.49046325,0.04175400,0.28753031,0.18025244
sha256:4748babd2b6ac0706cd9ed4bcfd4855c8d2c5535f01813fb2e10b68b31a24c0f:row:7550,5c3s|m0|C|401|-|NI|-,5c3s,NI,1,3,3,0.16929291,0.05186430,0.09673807,0.68210472
sha256:4748babd2b6ac0706cd9ed4bcfd4855c8d2c5535f01813fb2e10b68b31a24c0f:row:7552,1pm2|m0|B|504|-|MN|-,1pm2,MN,1,0,2,0.29125004,0.04765342,0.34974193,0.31135460
sha256:4748babd2b6ac0706cd9ed4bcfd4855c8d2c5535f01813fb2e10b68b31a24c0f:row:7553,6qo0|m0|A|401|-|FE|-,6qo0,FE,1,3,3,0.20698294,0.05623801,0.11360644,0.62317262
sha256:4748babd2b6ac0706cd9ed4bcfd4855c8d2c5535f01813fb2e10b68b31a24c0f:row:7564,3h63|m0|A|500|-|MN|-,3h63,MN,1,0,0,0.62821989,0.07377632,0.12765914,0.17034465
sha256:4748babd2b6ac0706cd9ed4bcfd4855c8d2c5535f01813fb2e10b68b31a24c0f:row:7576,6ru4|m0|D|401|-|MN|-,6ru4,MN,1,0,0,0.63175102,0.04708114,0.06494165,0.25622619
sha256:4748babd2b6ac0706cd9ed4bcfd4855c8d2c5535f01813fb2e10b68b31a24c0f:row:7578,4nbc|m0|A|501|-|FE|-,4nbc,FE,1,3,2,0.11472286,0.07920131,0.47115586,0.33491997
sha256:4748babd2b6ac0706cd9ed4bcfd4855c8d2c5535f01813fb2e10b68b31a24c0f:row:7598,5zac|m0|A|301|-|MN|-,5zac,MN,1,0,0,0.79130163,0.03454193,0.07164026,0.10251618
sha256:4748babd2b6ac0706cd9ed4bcfd4855c8d2c5535f01813fb2e10b68b31a24c0f:row:7599,8il8|m0|A|301|-|FE|-,8il8,FE,1,3,3,0.12460734,0.11423534,0.16199538,0.59916194
sha256:4748babd2b6ac0706cd9ed4bcfd4855c8d2c5535f01813fb2e10b68b31a24c0f:row:7604,6qo0|m0|C|401|-|FE|-,6qo0,FE,1,3,3,0.12943937,0.05000705,0.09038900,0.73016457
sha256:4748babd2b6ac0706cd9ed4bcfd4855c8d2c5535f01813fb2e10b68b31a24c0f:row:7608,8f6t|m0|A|502|-|FE|-,8f6t,FE,1,3,3,0.10463025,0.14453340,0.15846738,0.59236897
sha256:4748babd2b6ac0706cd9ed4bcfd4855c8d2c5535f01813fb2e10b68b31a24c0f:row:7616,1n9e|m0|B|801|-|CU|-,1n9e,CU,1,1,2,0.04145866,0.32230403,0.37442806,0.26180924
sha256:4748babd2b6ac0706cd9ed4bcfd4855c8d2c5535f01813fb2e10b68b31a24c0f:row:7620,1mxr|m0|B|1001|-|FE|-,1mxr,FE,1,3,3,0.16952008,0.04804124,0.31944496,0.46299372
sha256:4748babd2b6ac0706cd9ed4bcfd4855c8d2c5535f01813fb2e10b68b31a24c0f:row:7624,3mo0|m0|B|8|-|ZN|-,3mo0,ZN,1,2,2,0.04859834,0.06772738,0.74355363,0.14012065
sha256:4748babd2b6ac0706cd9ed4bcfd4855c8d2c5535f01813fb2e10b68b31a24c0f:row:7626,8q7h|m0|A|2601|-|ZN|-,8q7h,ZN,1,2,2,0.04873645,0.29062931,0.57649975,0.08413449
sha256:4748babd2b6ac0706cd9ed4bcfd4855c8d2c5535f01813fb2e10b68b31a24c0f:row:7632,3uct|m0|B|104|-|ZN|-,3uct,ZN,1,2,0,0.43594511,0.05991742,0.25016919,0.25396829
sha256:4748babd2b6ac0706cd9ed4bcfd4855c8d2c5535f01813fb2e10b68b31a24c0f:row:7633,1fsj|m0|E|904|-|ZN|-,1fsj,ZN,1,2,2,0.05514363,0.22940564,0.40116784,0.31428289
sha256:4748babd2b6ac0706cd9ed4bcfd4855c8d2c5535f01813fb2e10b68b31a24c0f:row:7642,4eea|m0|B|405|-|MN|-,4eea,MN,1,0,0,0.72209258,0.04391357,0.09889650,0.13509735
sha256:4748babd2b6ac0706cd9ed4bcfd4855c8d2c5535f01813fb2e10b68b31a24c0f:row:7644,1b57|m0|A|361|-|ZN|-,1b57,ZN,1,2,2,0.09481675,0.06216342,0.61908396,0.22393587
sha256:4748babd2b6ac0706cd9ed4bcfd4855c8d2c5535f01813fb2e10b68b31a24c0f:row:7646,2hk1|m0|B|1002|-|MN|-,2hk1,MN,1,0,0,0.68352327,0.04674492,0.08951394,0.18021786
sha256:4748babd2b6ac0706cd9ed4bcfd4855c8d2c5535f01813fb2e10b68b31a24c0f:row:7656,5yeg|m0|A|505|-|ZN|-,5yeg,ZN,1,2,2,0.03467657,0.16358046,0.68460558,0.11713739
sha256:4748babd2b6ac0706cd9ed4bcfd4855c8d2c5535f01813fb2e10b68b31a24c0f:row:7658,2p1i|m0|C|350|-|FE|-,2p1i,FE,1,3,0,0.43190329,0.05049348,0.17268239,0.34492084
sha256:4748babd2b6ac0706cd9ed4bcfd4855c8d2c5535f01813fb2e10b68b31a24c0f:row:7676,6wje|m0|A|206|-|ZN|-,6wje,ZN,1,2,2,0.16121985,0.08658880,0.60927365,0.14291769
sha256:4748babd2b6ac0706cd9ed4bcfd4855c8d2c5535f01813fb2e10b68b31a24c0f:row:7679,2yz5|m0|B|1502|-|FE|-,2yz5,FE,1,3,0,0.53335317,0.06285957,0.13269130,0.27109595
sha256:4748babd2b6ac0706cd9ed4bcfd4855c8d2c5535f01813fb2e10b68b31a24c0f:row:7680,8bja|m0|A|2901|-|ZN|-,8bja,ZN,1,2,2,0.04585663,0.06406196,0.79173686,0.09834456
sha256:4748babd2b6ac0706cd9ed4bcfd4855c8d2c5535f01813fb2e10b68b31a24c0f:row:7682,7jsd|m0|C|403|-|FE|-,7jsd,FE,1,3,3,0.34123315,0.08050359,0.14169227,0.43657100
sha256:4748babd2b6ac0706cd9ed4bcfd4855c8d2c5535f01813fb2e10b68b31a24c0f:row:7698,3pjn|m0|A|188|-|ZN|-,3pjn,ZN,1,2,2,0.04731068,0.22080896,0.55986099,0.17201936
sha256:4748babd2b6ac0706cd9ed4bcfd4855c8d2c5535f01813fb2e10b68b31a24c0f:row:7704,4z6u|m0|B|401|-|FE|-,4z6u,FE,1,3,3,0.15392872,0.04823073,0.06988426,0.72795629
sha256:4748babd2b6ac0706cd9ed4bcfd4855c8d2c5535f01813fb2e10b68b31a24c0f:row:7705,5u90|m0|A|601|-|CO|-,5u90,CO,1,3,3,0.03890838,0.15427498,0.14002711,0.66678952
sha256:4748babd2b6ac0706cd9ed4bcfd4855c8d2c5535f01813fb2e10b68b31a24c0f:row:7710,7s4j|m0|G|302|-|CU|-,7s4j,CU,1,1,2,0.10428659,0.12375147,0.54355923,0.22840271
sha256:4748babd2b6ac0706cd9ed4bcfd4855c8d2c5535f01813fb2e10b68b31a24c0f:row:7712,3t6r|m0|A|3|-|ZN|-,3t6r,ZN,1,2,2,0.04454277,0.06183930,0.77434463,0.11927329
sha256:4748babd2b6ac0706cd9ed4bcfd4855c8d2c5535f01813fb2e10b68b31a24c0f:row:7713,5u7g|m0|A|1804|-|ZN|-,5u7g,ZN,1,2,2,0.04373749,0.14437540,0.49644862,0.31543849
sha256:4748babd2b6ac0706cd9ed4bcfd4855c8d2c5535f01813fb2e10b68b31a24c0f:row:7720,1jyi|m0|C|405|-|MN|-,1jyi,MN,1,0,0,0.77830505,0.03893371,0.07528524,0.10747599
sha256:4748babd2b6ac0706cd9ed4bcfd4855c8d2c5535f01813fb2e10b68b31a24c0f:row:7725,1uli|m0|B|700|-|FE|-,1uli,FE,1,3,2,0.07278673,0.09942460,0.50292519,0.32486348
sha256:4748babd2b6ac0706cd9ed4bcfd4855c8d2c5535f01813fb2e10b68b31a24c0f:row:7740,1i74|m0|A|402|-|MN|-,1i74,MN,1,0,0,0.76724653,0.03543153,0.07639031,0.12093164
sha256:4748babd2b6ac0706cd9ed4bcfd4855c8d2c5535f01813fb2e10b68b31a24c0f:row:7741,6ibi|m0|B|201|-|CU|-,6ibi,CU,1,1,2,0.06440819,0.27770927,0.39604845,0.26183409
sha256:4748babd2b6ac0706cd9ed4bcfd4855c8d2c5535f01813fb2e10b68b31a24c0f:row:7746,4i8c|m0|A|603|-|NI|-,4i8c,NI,1,3,3,0.15280891,0.16756041,0.14648431,0.53314636
sha256:4748babd2b6ac0706cd9ed4bcfd4855c8d2c5535f01813fb2e10b68b31a24c0f:row:7747,2biw|m0|C|1492|-|FE|-,2biw,FE,1,3,3,0.04876375,0.09113597,0.11484732,0.74525296
sha256:4748babd2b6ac0706cd9ed4bcfd4855c8d2c5535f01813fb2e10b68b31a24c0f:row:7749,2jih|m0|A|1556|-|NI|-,2jih,NI,1,3,2,0.09467337,0.12305954,0.60562622,0.17664086
sha256:4748babd2b6ac0706cd9ed4bcfd4855c8d2c5535f01813fb2e10b68b31a24c0f:row:7754,5xnc|m0|C|403|-|FE|-,5xnc,FE,1,3,2,0.04909643,0.04609310,0.73951837,0.16529210
sha256:4748babd2b6ac0706cd9ed4bcfd4855c8d2c5535f01813fb2e10b68b31a24c0f:row:7760,6hbe|m0|A|501|-|CU|-,6hbe,CU,1,1,2,0.06479985,0.24373670,0.39695232,0.29451113
sha256:4748babd2b6ac0706cd9ed4bcfd4855c8d2c5535f01813fb2e10b68b31a24c0f:row:7762,7yuj|m0|A|602|-|ZN|-,7yuj,ZN,1,2,2,0.04224002,0.05908777,0.58609871,0.31257349
sha256:4748babd2b6ac0706cd9ed4bcfd4855c8d2c5535f01813fb2e10b68b31a24c0f:row:7769,7jsd|m0|A|403|-|FE|-,7jsd,FE,1,3,3,0.18760435,0.06332910,0.15715930,0.59190725
sha256:4748babd2b6ac0706cd9ed4bcfd4855c8d2c5535f01813fb2e10b68b31a24c0f:row:7772,6b86|m0|A|601|-|CO|-,6b86,CO,1,3,3,0.10347717,0.12241311,0.13920721,0.63490252
sha256:4748babd2b6ac0706cd9ed4bcfd4855c8d2c5535f01813fb2e10b68b31a24c0f:row:7776,4k1y|m0|D|301|-|MN|-,4k1y,MN,1,0,0,0.66119152,0.04283679,0.09468724,0.20128445
sha256:4748babd2b6ac0706cd9ed4bcfd4855c8d2c5535f01813fb2e10b68b31a24c0f:row:7781,5lt6|m0|A|1802|-|ZN|-,5lt6,ZN,1,2,2,0.03972832,0.06163905,0.75035734,0.14827528
sha256:4748babd2b6ac0706cd9ed4bcfd4855c8d2c5535f01813fb2e10b68b31a24c0f:row:7783,3bza|m0|B|500|-|MN|-,3bza,MN,1,0,3,0.31978279,0.05311264,0.06149346,0.56561112
sha256:4748babd2b6ac0706cd9ed4bcfd4855c8d2c5535f01813fb2e10b68b31a24c0f:row:7784,3t6r|m0|A|2|-|ZN|-,3t6r,ZN,1,2,2,0.03967804,0.08702519,0.77059967,0.10269710
sha256:4748babd2b6ac0706cd9ed4bcfd4855c8d2c5535f01813fb2e10b68b31a24c0f:row:7786,6cwq|m0|A|402|-|MN|-,6cwq,MN,1,0,0,0.73246312,0.04409245,0.08328374,0.14016069
sha256:4748babd2b6ac0706cd9ed4bcfd4855c8d2c5535f01813fb2e10b68b31a24c0f:row:7787,2qra|m0|B|1100|-|ZN|-,2qra,ZN,1,2,2,0.07063526,0.05320035,0.74242575,0.13373865
sha256:4748babd2b6ac0706cd9ed4bcfd4855c8d2c5535f01813fb2e10b68b31a24c0f:row:7789,8iuu|m0|A|402|-|MN|-,8iuu,MN,1,0,0,0.70579510,0.03711971,0.08081050,0.17627469
sha256:4748babd2b6ac0706cd9ed4bcfd4855c8d2c5535f01813fb2e10b68b31a24c0f:row:7813,2gbx|m0|E|456|-|FE|-,2gbx,FE,1,3,3,0.18082038,0.09626987,0.33547509,0.38743466
sha256:4748babd2b6ac0706cd9ed4bcfd4855c8d2c5535f01813fb2e10b68b31a24c0f:row:7820,2o4m|m0|A|3013|-|ZN|-,2o4m,ZN,1,2,2,0.06802965,0.13564050,0.58617880,0.21015106
sha256:4748babd2b6ac0706cd9ed4bcfd4855c8d2c5535f01813fb2e10b68b31a24c0f:row:7823,2iw4|m0|B|1311|-|FE|-,2iw4,FE,1,3,0,0.61533013,0.04085372,0.15464210,0.18917405
sha256:4748babd2b6ac0706cd9ed4bcfd4855c8d2c5535f01813fb2e10b68b31a24c0f:row:7828,1mxr|m0|A|1004|-|FE|-,1mxr,FE,1,3,3,0.29100858,0.04265478,0.15649761,0.50983903
sha256:4748babd2b6ac0706cd9ed4bcfd4855c8d2c5535f01813fb2e10b68b31a24c0f:row:7829,7v3e|m0|B|405|-|FE|-,7v3e,FE,1,3,0,0.52369650,0.06864182,0.07703624,0.33062544
sha256:4748babd2b6ac0706cd9ed4bcfd4855c8d2c5535f01813fb2e10b68b31a24c0f:row:7836,4z6l|m0|B|401|-|FE|-,4z6l,FE,1,3,3,0.13197051,0.04961082,0.07310449,0.74531418
sha256:4748babd2b6ac0706cd9ed4bcfd4855c8d2c5535f01813fb2e10b68b31a24c0f:row:7842,3ojk|m0|C|500|-|CO|-,3ojk,CO,1,3,3,0.12445192,0.05528594,0.06463323,0.75562891
sha256:4748babd2b6ac0706cd9ed4bcfd4855c8d2c5535f01813fb2e10b68b31a24c0f:row:7844,2biw|m0|A|1492|-|FE|-,2biw,FE,1,3,3,0.05160979,0.10148707,0.13131956,0.71558358
sha256:4748babd2b6ac0706cd9ed4bcfd4855c8d2c5535f01813fb2e10b68b31a24c0f:row:7846,1jn1|m0|C|204|-|CO|-,1jn1,CO,1,3,2,0.19385180,0.08486566,0.46146515,0.25981740
sha256:4748babd2b6ac0706cd9ed4bcfd4855c8d2c5535f01813fb2e10b68b31a24c0f:row:7850,2ox8|m0|A|4|-|ZN|-,2ox8,ZN,1,2,0,0.43567900,0.05017988,0.19403439,0.32010673
sha256:4748babd2b6ac0706cd9ed4bcfd4855c8d2c5535f01813fb2e10b68b31a24c0f:row:7852,3ll8|m0|C|513|-|FE|-,3ll8,FE,1,3,0,0.48617158,0.06308304,0.14546085,0.30528453
sha256:4748babd2b6ac0706cd9ed4bcfd4855c8d2c5535f01813fb2e10b68b31a24c0f:row:7853,5v3g|m0|A|1001|-|ZN|-,5v3g,ZN,1,2,2,0.04258581,0.11536286,0.75748008,0.08457125
sha256:4748babd2b6ac0706cd9ed4bcfd4855c8d2c5535f01813fb2e10b68b31a24c0f:row:7866,4mfg|m0|B|201|-|NI|-,4mfg,NI,1,3,2,0.06253732,0.29627331,0.49394053,0.14724885
sha256:4748babd2b6ac0706cd9ed4bcfd4855c8d2c5535f01813fb2e10b68b31a24c0f:row:7873,3vnj|m0|B|302|-|MN|-,3vnj,MN,1,0,0,0.69828153,0.03865563,0.08708739,0.17597545
sha256:4748babd2b6ac0706cd9ed4bcfd4855c8d2c5535f01813fb2e10b68b31a24c0f:row:7880,6j2p|m0|A|201|-|ZN|-,6j2p,ZN,1,2,2,0.03940207,0.07197666,0.74591767,0.14270360
sha256:4748babd2b6ac0706cd9ed4bcfd4855c8d2c5535f01813fb2e10b68b31a24c0f:row:7892,7vhy|m0|A|1703|-|ZN|-,7vhy,ZN,1,2,2,0.03878211,0.17308650,0.66538535,0.12274603
sha256:4748babd2b6ac0706cd9ed4bcfd4855c8d2c5535f01813fb2e10b68b31a24c0f:row:7896,8khq|m0|B|801|-|CO|-,8khq,CO,1,3,3,0.16392232,0.07828931,0.31197125,0.44581712
sha256:4748babd2b6ac0706cd9ed4bcfd4855c8d2c5535f01813fb2e10b68b31a24c0f:row:7897,5vnz|m0|A|203|-|ZN|-,5vnz,ZN,1,2,2,0.04932435,0.08478432,0.73583954,0.13005179
sha256:4748babd2b6ac0706cd9ed4bcfd4855c8d2c5535f01813fb2e10b68b31a24c0f:row:7901,2ogi|m0|A|301|-|FE|-,2ogi,FE,1,3,3,0.41061123,0.05052845,0.09446009,0.44440023
sha256:4748babd2b6ac0706cd9ed4bcfd4855c8d2c5535f01813fb2e10b68b31a24c0f:row:7912,4yke|m0|B|602|-|MN|-,4yke,MN,1,0,2,0.30926433,0.10221893,0.37950226,0.20901448
sha256:4748babd2b6ac0706cd9ed4bcfd4855c8d2c5535f01813fb2e10b68b31a24c0f:row:7917,3eck|m0|B|500|-|FE|-,3eck,FE,1,3,3,0.14210966,0.05576742,0.08602397,0.71609895
