source_uid,physical_ion_id,group_id,native_element,fold,y_common4,pred_common4,p_common4_Mn,p_common4_Cu,p_common4_Zn,p_common4_Class_VIII
sha256:4748babd2b6ac0706cd9ed4bcfd4855c8d2c5535f01813fb2e10b68b31a24c0f:row:1,5v3j|m0|E|1004|-|ZN|-,5v3j,ZN,0,2,2,0.04207393,0.13076626,0.71599586,0.11116395
sha256:4748babd2b6ac0706cd9ed4bcfd4855c8d2c5535f01813fb2e10b68b31a24c0f:row:3,6suw|m0|Y|201|-|FE|-,6suw,FE,0,3,0,0.45623725,0.05736766,0.20055879,0.28583630
sha256:4748babd2b6ac0706cd9ed4bcfd4855c8d2c5535f01813fb2e10b68b31a24c0f:row:6,3vnm|m0|B|303|-|MN|-,3vnm,MN,0,0,2,0.34407438,0.07001403,0.40134159,0.18457001
sha256:4748babd2b6ac0706cd9ed4bcfd4855c8d2c5535f01813fb2e10b68b31a24c0f:row:10,2xsh|m0|A|901|-|FE|-,2xsh,FE,0,3,3,0.33501502,0.07019249,0.13334010,0.46145239
sha256:4748babd2b6ac0706cd9ed4bcfd4855c8d2c5535f01813fb2e10b68b31a24c0f:row:25,3ak9|m0|A|168|-|FE|-,3ak9,FE,0,3,0,0.45689926,0.05793267,0.18279323,0.30237483
sha256:4748babd2b6ac0706cd9ed4bcfd4855c8d2c5535f01813fb2e10b68b31a24c0f:row:26,4z6s|m0|A|401|-|FE|-,4z6s,FE,0,3,3,0.09208280,0.04893826,0.06138774,0.79759120
sha256:4748babd2b6ac0706cd9ed4bcfd4855c8d2c5535f01813fb2e10b68b31a24c0f:row:28,7fjl|m0|B|501|-|FE|-,7fjl,FE,0,3,3,0.08033857,0.07461464,0.35951957,0.48552722
sha256:4748babd2b6ac0706cd9ed4bcfd4855c8d2c5535f01813fb2e10b68b31a24c0f:row:36,4g3h|m0|A|501|-|MN|-,4g3h,MN,0,0,0,0.61443801,0.05798619,0.20379318,0.12378261
sha256:4748babd2b6ac0706cd9ed4bcfd4855c8d2c5535f01813fb2e10b68b31a24c0f:row:44,6xu1|m0|E|701|-|FE|-,6xu1,FE,0,3,3,0.33738840,0.06218841,0.10595730,0.49446589
sha256:4748babd2b6ac0706cd9ed4bcfd4855c8d2c5535f01813fb2e10b68b31a24c0f:row:49,4b2o|m0|D|1267|-|FE|-,4b2o,FE,0,3,0,0.47465226,0.05887621,0.16830989,0.29816164
sha256:4748babd2b6ac0706cd9ed4bcfd4855c8d2c5535f01813fb2e10b68b31a24c0f:row:70,5u8z|m0|B|601|-|FE|-,5u8z,FE,0,3,3,0.07743283,0.14919452,0.09159851,0.68177414
sha256:4748babd2b6ac0706cd9ed4bcfd4855c8d2c5535f01813fb2e10b68b31a24c0f:row:71,1woi|m0|C|1505|-|MN|-,1woi,MN,0,0,0,0.70627317,0.05098380,0.11070934,0.13203369
sha256:4748babd2b6ac0706cd9ed4bcfd4855c8d2c5535f01813fb2e10b68b31a24c0f:row:78,7oj5|m0|G|302|-|MN|-,7oj5,MN,0,0,0,0.53785547,0.05794228,0.19445192,0.20975034
sha256:4748babd2b6ac0706cd9ed4bcfd4855c8d2c5535f01813fb2e10b68b31a24c0f:row:80,3vyl|m0|A|1001|-|MN|-,3vyl,MN,0,0,0,0.70429188,0.04642690,0.11866101,0.13062021
sha256:4748babd2b6ac0706cd9ed4bcfd4855c8d2c5535f01813fb2e10b68b31a24c0f:row:82,8qay|m0|E|304|-|MN|-,8qay,MN,0,0,0,0.62319168,0.04759161,0.06505829,0.26415842
sha256:4748babd2b6ac0706cd9ed4bcfd4855c8d2c5535f01813fb2e10b68b31a24c0f:row:85,5aew|m0|W|461|-|FE|-,5aew,FE,0,3,3,0.07135364,0.10960318,0.39670331,0.42233987
sha256:4748babd2b6ac0706cd9ed4bcfd4855c8d2c5535f01813fb2e10b68b31a24c0f:row:90,8qav|m0|J|303|-|MN|-,8qav,MN,0,0,0,0.66948839,0.06782655,0.07826135,0.18442370
sha256:4748babd2b6ac0706cd9ed4bcfd4855c8d2c5535f01813fb2e10b68b31a24c0f:row:96,8qay|m0|F|304|-|MN|-,8qay,MN,0,0,0,0.61208737,0.04942149,0.07361395,0.26487719
sha256:4748babd2b6ac0706cd9ed4bcfd4855c8d2c5535f01813fb2e10b68b31a24c0f:row:98,6m35|m0|D|401|-|FE|-,6m35,FE,0,3,3,0.25642396,0.05534315,0.10771627,0.58051662
sha256:4748babd2b6ac0706cd9ed4bcfd4855c8d2c5535f01813fb2e10b68b31a24c0f:row:100,5k5l|m0|G|503|-|ZN|-,5k5l,ZN,0,2,2,0.05089688,0.08489484,0.74843225,0.11577603
sha256:4748babd2b6ac0706cd9ed4bcfd4855c8d2c5535f01813fb2e10b68b31a24c0f:row:103,4d0t|m0|D|1570|-|MN|-,4d0t,MN,0,0,0,0.62447143,0.07078200,0.09621177,0.20853479
sha256:4748babd2b6ac0706cd9ed4bcfd4855c8d2c5535f01813fb2e10b68b31a24c0f:row:109,3uo0|m0|B|396|-|MN|-,3uo0,MN,0,0,0,0.73382544,0.04447653,0.09010554,0.13159250
sha256:4748babd2b6ac0706cd9ed4bcfd4855c8d2c5535f01813fb2e10b68b31a24c0f:row:112,3hcs|m0|A|305|-|ZN|-,3hcs,ZN,0,2,2,0.03590701,0.09380367,0.74418205,0.12610728
sha256:4748babd2b6ac0706cd9ed4bcfd4855c8d2c5535f01813fb2e10b68b31a24c0f:row:113,4lr9|m0|A|401|-|MN|-,4lr9,MN,0,0,0,0.59879117,0.04945053,0.08594377,0.26581454
sha256:4748babd2b6ac0706cd9ed4bcfd4855c8d2c5535f01813fb2e10b68b31a24c0f:row:114,2yfl|m0|A|901|-|FE|-,2yfl,FE,0,3,3,0.13406024,0.04536183,0.14901230,0.67156563
sha256:4748babd2b6ac0706cd9ed4bcfd4855c8d2c5535f01813fb2e10b68b31a24c0f:row:128,4e2s|m0|E|301|-|MN|-,4e2s,MN,0,0,0,0.60341289,0.05406380,0.07080962,0.27171369
sha256:4748babd2b6ac0706cd9ed4bcfd4855c8d2c5535f01813fb2e10b68b31a24c0f:row:131,3hcs|m0|A|304|-|ZN|-,3hcs,ZN,0,2,2,0.04195783,0.10850244,0.70865178,0.14088795
sha256:4748babd2b6ac0706cd9ed4bcfd4855c8d2c5535f01813fb2e10b68b31a24c0f:row:137,6e4q|m0|C|701|-|MN|-,6e4q,MN,0,0,0,0.66983157,0.06795754,0.11940129,0.14280960
sha256:4748babd2b6ac0706cd9ed4bcfd4855c8d2c5535f01813fb2e10b68b31a24c0f:row:140,3tas|m0|A|5|-|CU|-,3tas,CU,0,1,2,0.03334447,0.43257282,0.45415504,0.07992768
sha256:4748babd2b6ac0706cd9ed4bcfd4855c8d2c5535f01813fb2e10b68b31a24c0f:row:147,4e2s|m0|P|301|-|MN|-,4e2s,MN,0,0,0,0.64714302,0.06072549,0.07091983,0.22121167
sha256:4748babd2b6ac0706cd9ed4bcfd4855c8d2c5535f01813fb2e10b68b31a24c0f:row:148,6fwh|m0|K|201|-|MN|-,6fwh,MN,0,0,0,0.55640998,0.05827609,0.07419680,0.31111713
sha256:4748babd2b6ac0706cd9ed4bcfd4855c8d2c5535f01813fb2e10b68b31a24c0f:row:154,8qav|m0|M|303|-|MN|-,8qav,MN,0,0,0,0.54215195,0.06600629,0.11297116,0.27887061
sha256:4748babd2b6ac0706cd9ed4bcfd4855c8d2c5535f01813fb2e10b68b31a24c0f:row:155,4uxa|m0|A|200|-|MN|-,4uxa,MN,0,0,0,0.51867263,0.06435985,0.08440352,0.33256401
sha256:4748babd2b6ac0706cd9ed4bcfd4855c8d2c5535f01813fb2e10b68b31a24c0f:row:160,6suw|m0|L|201|-|FE|-,6suw,FE,0,3,0,0.45854060,0.06364190,0.15739712,0.32042038
sha256:4748babd2b6ac0706cd9ed4bcfd4855c8d2c5535f01813fb2e10b68b31a24c0f:row:166,6ll7|m0|D|402|-|MN|-,6ll7,MN,0,0,0,0.73470621,0.04396891,0.10227938,0.11904550
sha256:4748babd2b6ac0706cd9ed4bcfd4855c8d2c5535f01813fb2e10b68b31a24c0f:row:180,4b2o|m0|B|1267|-|FE|-,4b2o,FE,0,3,3,0.37468314,0.07539113,0.11702592,0.43289980
sha256:4748babd2b6ac0706cd9ed4bcfd4855c8d2c5535f01813fb2e10b68b31a24c0f:row:181,4qnk|m0|H|302|-|MN|-,4qnk,MN,0,0,0,0.62100866,0.03967416,0.06156091,0.27775628
sha256:4748babd2b6ac0706cd9ed4bcfd4855c8d2c5535f01813fb2e10b68b31a24c0f:row:182,1q0m|m0|B|118|-|NI|-,1q0m,NI,0,3,2,0.04561948,0.11996654,0.59091175,0.24350223
sha256:4748babd2b6ac0706cd9ed4bcfd4855c8d2c5535f01813fb2e10b68b31a24c0f:row:191,4lra|m0|C|401|-|MN|-,4lra,MN,0,0,0,0.62536527,0.04357327,0.08461837,0.24644309
sha256:4748babd2b6ac0706cd9ed4bcfd4855c8d2c5535f01813fb2e10b68b31a24c0f:row:193,5ntd|m0|H|603|-|MN|-,5ntd,MN,0,0,0,0.60795627,0.04250207,0.10734574,0.24219592
sha256:4748babd2b6ac0706cd9ed4bcfd4855c8d2c5535f01813fb2e10b68b31a24c0f:row:200,1m35|m0|C|2006|-|MN|-,1m35,MN,0,0,0,0.62856115,0.04860207,0.15365778,0.16917900
sha256:4748babd2b6ac0706cd9ed4bcfd4855c8d2c5535f01813fb2e10b68b31a24c0f:row:202,8eaz|m0|A|1007|-|ZN|-,8eaz,ZN,0,2,2,0.04641514,0.06140470,0.77630359,0.11587657
sha256:4748babd2b6ac0706cd9ed4bcfd4855c8d2c5535f01813fb2e10b68b31a24c0f:row:203,4lr7|m0|B|402|-|MN|-,4lr7,MN,0,0,0,0.66289204,0.05868294,0.10900901,0.16941601
sha256:4748babd2b6ac0706cd9ed4bcfd4855c8d2c5535f01813fb2e10b68b31a24c0f:row:211,4qnk|m0|D|301|-|MN|-,4qnk,MN,0,0,0,0.55035352,0.04996834,0.06650816,0.33316998
sha256:4748babd2b6ac0706cd9ed4bcfd4855c8d2c5535f01813fb2e10b68b31a24c0f:row:212,6txa|m0|N|701|-|FE|-,6txa,FE,0,3,3,0.38919790,0.05709535,0.16276273,0.39094402
sha256:4748babd2b6ac0706cd9ed4bcfd4855c8d2c5535f01813fb2e10b68b31a24c0f:row:213,5da5|m0|P|201|-|FE|-,5da5,FE,0,3,0,0.45323427,0.06189950,0.15904315,0.32582307
sha256:4748babd2b6ac0706cd9ed4bcfd4855c8d2c5535f01813fb2e10b68b31a24c0f:row:217,3ak9|m0|C|168|-|FE|-,3ak9,FE,0,3,0,0.44384919,0.05192059,0.18974470,0.31448552
sha256:4748babd2b6ac0706cd9ed4bcfd4855c8d2c5535f01813fb2e10b68b31a24c0f:row:219,3dza|m0|B|502|-|ZN|-,3dza,ZN,0,2,2,0.10962341,0.06175717,0.63861499,0.19000443
sha256:4748babd2b6ac0706cd9ed4bcfd4855c8d2c5535f01813fb2e10b68b31a24c0f:row:222,1z03|m0|A|501|-|FE|-,1z03,FE,0,3,2,0.10811757,0.12315541,0.46607337,0.30265365
sha256:4748babd2b6ac0706cd9ed4bcfd4855c8d2c5535f01813fb2e10b68b31a24c0f:row:224,4e9x|m0|C|3404|-|CU|-,4e9x,CU,0,1,1,0.03470080,0.68887499,0.18249406,0.09393015
sha256:4748babd2b6ac0706cd9ed4bcfd4855c8d2c5535f01813fb2e10b68b31a24c0f:row:228,8qav|m0|X|301|-|MN|-,8qav,MN,0,0,0,0.66145118,0.06255089,0.08076714,0.19523078
sha256:4748babd2b6ac0706cd9ed4bcfd4855c8d2c5535f01813fb2e10b68b31a24c0f:row:232,2yfi|m0|I|901|-|FE|-,2yfi,FE,0,3,3,0.20288948,0.08055294,0.12300594,0.59355165
sha256:4748babd2b6ac0706cd9ed4bcfd4855c8d2c5535f01813fb2e10b68b31a24c0f:row:237,1z6o|m0|P|300|-|FE|-,1z6o,FE,0,3,2,0.10820309,0.06151620,0.45120880,0.37907191
sha256:4748babd2b6ac0706cd9ed4bcfd4855c8d2c5535f01813fb2e10b68b31a24c0f:row:244,7cl5|m0|D|301|-|NI|-,7cl5,NI,0,3,3,0.32211945,0.10064281,0.11704103,0.46019670
sha256:4748babd2b6ac0706cd9ed4bcfd4855c8d2c5535f01813fb2e10b68b31a24c0f:row:246,1lt1|m0|G|1107|-|MN|-,1lt1,MN,0,0,0,0.64919720,0.03650590,0.08311433,0.23118257
sha256:4748babd2b6ac0706cd9ed4bcfd4855c8d2c5535f01813fb2e10b68b31a24c0f:row:248,1vln|m0|E|238|-|MN|-,1vln,MN,0,0,0,0.79947629,0.03938856,0.05861122,0.10252393
sha256:4748babd2b6ac0706cd9ed4bcfd4855c8d2c5535f01813fb2e10b68b31a24c0f:row:251,5u7n|m0|D|1000|-|CU|-,5u7n,CU,0,1,1,0.04048632,0.44886802,0.40451041,0.10613525
sha256:4748babd2b6ac0706cd9ed4bcfd4855c8d2c5535f01813fb2e10b68b31a24c0f:row:267,2wyr|m0|G|3319|-|CO|-,2wyr,CO,0,3,2,0.21244811,0.06096180,0.56465119,0.16193890
sha256:4748babd2b6ac0706cd9ed4bcfd4855c8d2c5535f01813fb2e10b68b31a24c0f:row:275,4z6p|m0|D|401|-|FE|-,4z6p,FE,0,3,3,0.29619008,0.04532927,0.05953687,0.59894378
sha256:4748babd2b6ac0706cd9ed4bcfd4855c8d2c5535f01813fb2e10b68b31a24c0f:row:284,1m35|m0|D|2008|-|MN|-,1m35,MN,0,0,0,0.63885589,0.03970966,0.12289043,0.19854402
sha256:4748babd2b6ac0706cd9ed4bcfd4855c8d2c5535f01813fb2e10b68b31a24c0f:row:285,2xgf|m0|A|2031|-|FE|-,2xgf,FE,0,3,3,0.19243113,0.08531356,0.31519115,0.40706417
sha256:4748babd2b6ac0706cd9ed4bcfd4855c8d2c5535f01813fb2e10b68b31a24c0f:row:288,2gyq|m0|B|406|-|ZN|-,2gyq,ZN,0,2,2,0.08540288,0.07429055,0.62832903,0.21197754
sha256:4748babd2b6ac0706cd9ed4bcfd4855c8d2c5535f01813fb2e10b68b31a24c0f:row:295,6ov8|m0|C|502|-|MN|-,6ov8,MN,0,0,0,0.68144155,0.04725060,0.07799828,0.19330957
sha256:4748babd2b6ac0706cd9ed4bcfd4855c8d2c5535f01813fb2e10b68b31a24c0f:row:301,3uny|m0|B|395|-|MN|-,3uny,MN,0,0,0,0.61623786,0.06496479,0.10987073,0.20892662
sha256:4748babd2b6ac0706cd9ed4bcfd4855c8d2c5535f01813fb2e10b68b31a24c0f:row:303,1ud9|m0|A|505|-|ZN|-,1ud9,ZN,0,2,2,0.10814314,0.06954946,0.50126871,0.32103869
sha256:4748babd2b6ac0706cd9ed4bcfd4855c8d2c5535f01813fb2e10b68b31a24c0f:row:314,3a6d|m0|A|300|-|MN|-,3a6d,MN,0,0,0,0.72747492,0.04211004,0.10195443,0.12846061
sha256:4748babd2b6ac0706cd9ed4bcfd4855c8d2c5535f01813fb2e10b68b31a24c0f:row:315,7y10|m0|B|403|-|NI|-,7y10,NI,0,3,2,0.11256304,0.11477949,0.56033787,0.21231961
sha256:4748babd2b6ac0706cd9ed4bcfd4855c8d2c5535f01813fb2e10b68b31a24c0f:row:316,8qaw|m0|D|306|-|MN|-,8qaw,MN,0,0,0,0.54856046,0.04757467,0.07065712,0.33320775
sha256:4748babd2b6ac0706cd9ed4bcfd4855c8d2c5535f01813fb2e10b68b31a24c0f:row:317,1tei|m0|C|238|-|MN|-,1tei,MN,0,0,0,0.81871924,0.03545259,0.06001637,0.08581180
sha256:4748babd2b6ac0706cd9ed4bcfd4855c8d2c5535f01813fb2e10b68b31a24c0f:row:321,6luh|m0|B|401|-|MN|-,6luh,MN,0,0,0,0.71560198,0.05475876,0.09871973,0.13091953
sha256:4748babd2b6ac0706cd9ed4bcfd4855c8d2c5535f01813fb2e10b68b31a24c0f:row:327,7ody|m0|A|202|-|MN|-,7ody,MN,0,0,0,0.70723395,0.03434190,0.06989116,0.18853299
sha256:4748babd2b6ac0706cd9ed4bcfd4855c8d2c5535f01813fb2e10b68b31a24c0f:row:328,7aqs|m0|C|201|-|FE|-,7aqs,FE,0,3,2,0.20379570,0.12056868,0.52848348,0.14715213
sha256:4748babd2b6ac0706cd9ed4bcfd4855c8d2c5535f01813fb2e10b68b31a24c0f:row:340,3phx|m0|A|192|-|ZN|-,3phx,ZN,0,2,2,0.11741794,0.07383468,0.61380540,0.19494198
sha256:4748babd2b6ac0706cd9ed4bcfd4855c8d2c5535f01813fb2e10b68b31a24c0f:row:345,4d11|m0|E|1570|-|MN|-,4d11,MN,0,0,0,0.35184122,0.05411836,0.31068017,0.28336025
sha256:4748babd2b6ac0706cd9ed4bcfd4855c8d2c5535f01813fb2e10b68b31a24c0f:row:364,8adl|m0|C|1201|-|ZN|-,8adl,ZN,0,2,2,0.04098168,0.07164832,0.78790115,0.09946884
sha256:4748babd2b6ac0706cd9ed4bcfd4855c8d2c5535f01813fb2e10b68b31a24c0f:row:369,6txc|m0|M|701|-|FE|-,6txc,FE,0,3,3,0.29688749,0.07193449,0.21038052,0.42079750
sha256:4748babd2b6ac0706cd9ed4bcfd4855c8d2c5535f01813fb2e10b68b31a24c0f:row:382,4uxa|m0|D|200|-|MN|-,4uxa,MN,0,0,0,0.44241358,0.07568000,0.07498072,0.40692570
sha256:4748babd2b6ac0706cd9ed4bcfd4855c8d2c5535f01813fb2e10b68b31a24c0f:row:404,1vam|m0|D|238|-|MN|-,1vam,MN,0,0,0,0.81280408,0.03859168,0.06075424,0.08785000
sha256:4748babd2b6ac0706cd9ed4bcfd4855c8d2c5535f01813fb2e10b68b31a24c0f:row:418,7die|m0|E|201|-|FE|-,7die,FE,0,3,0,0.66755100,0.05930607,0.15030507,0.12283786
sha256:4748babd2b6ac0706cd9ed4bcfd4855c8d2c5535f01813fb2e10b68b31a24c0f:row:435,4lrc|m0|A|401|-|MN|-,4lrc,MN,0,0,0,0.64815451,0.06985413,0.13478039,0.14721097
sha256:4748babd2b6ac0706cd9ed4bcfd4855c8d2c5535f01813fb2e10b68b31a24c0f:row:453,7aqs|m0|O|201|-|FE|-,7aqs,FE,0,3,0,0.44903208,0.10392965,0.24377248,0.20326579
sha256:4748babd2b6ac0706cd9ed4bcfd4855c8d2c5535f01813fb2e10b68b31a24c0f:row:458,3a6g|m0|C|300|-|MN|-,3a6g,MN,0,0,0,0.63140644,0.04917979,0.17454109,0.14487268
sha256:4748babd2b6ac0706cd9ed4bcfd4855c8d2c5535f01813fb2e10b68b31a24c0f:row:465,7fjl|m0|A|501|-|FE|-,7fjl,FE,0,3,3,0.10464962,0.05893023,0.20725465,0.62916551
sha256:4748babd2b6ac0706cd9ed4bcfd4855c8d2c5535f01813fb2e10b68b31a24c0f:row:469,1wog|m0|E|1609|-|MN|-,1wog,MN,0,0,0,0.59684885,0.07769022,0.13257108,0.19288985
sha256:4748babd2b6ac0706cd9ed4bcfd4855c8d2c5535f01813fb2e10b68b31a24c0f:row:485,6m35|m0|G|401|-|FE|-,6m35,FE,0,3,3,0.19381596,0.05683716,0.10450440,0.64484248
sha256:4748babd2b6ac0706cd9ed4bcfd4855c8d2c5535f01813fb2e10b68b31a24c0f:row:487,1q0k|m0|C|118|-|NI|-,1q0k,NI,0,3,2,0.04086008,0.13652864,0.63730192,0.18530936
sha256:4748babd2b6ac0706cd9ed4bcfd4855c8d2c5535f01813fb2e10b68b31a24c0f:row:497,4zvz|m0|B|502|-|MN|-,4zvz,MN,0,0,0,0.56896535,0.05854203,0.19276214,0.17973048
sha256:4748babd2b6ac0706cd9ed4bcfd4855c8d2c5535f01813fb2e10b68b31a24c0f:row:509,7oj5|m0|M|301|-|MN|-,7oj5,MN,0,0,0,0.56101203,0.06297949,0.08410917,0.29189931
sha256:4748babd2b6ac0706cd9ed4bcfd4855c8d2c5535f01813fb2e10b68b31a24c0f:row:523,3a6h|m0|B|300|-|MN|-,3a6h,MN,0,0,0,0.63245943,0.06039039,0.17105431,0.13609587
sha256:4748babd2b6ac0706cd9ed4bcfd4855c8d2c5535f01813fb2e10b68b31a24c0f:row:531,1vam|m0|B|238|-|MN|-,1vam,MN,0,0,0,0.83075988,0.03852708,0.06191950,0.06879355
sha256:4748babd2b6ac0706cd9ed4bcfd4855c8d2c5535f01813fb2e10b68b31a24c0f:row:544,2yxo|m0|A|502|-|FE|-,2yxo,FE,0,3,0,0.45478855,0.06345873,0.18193385,0.29981887
sha256:4748babd2b6ac0706cd9ed4bcfd4855c8d2c5535f01813fb2e10b68b31a24c0f:row:546,6sv1|m0|L|201|-|FE|-,6sv1,FE,0,3,0,0.40988997,0.06902984,0.15606486,0.36501533
sha256:4748babd2b6ac0706cd9ed4bcfd4855c8d2c5535f01813fb2e10b68b31a24c0f:row:547,7xyz|m0|A|504|-|ZN|-,7xyz,ZN,0,2,2,0.06527602,0.09335105,0.70549578,0.13587715
sha256:4748babd2b6ac0706cd9ed4bcfd4855c8d2c5535f01813fb2e10b68b31a24c0f:row:560,7ody|m0|B|203|-|MN|-,7ody,MN,0,0,0,0.75617463,0.03777706,0.07134486,0.13470345
sha256:4748babd2b6ac0706cd9ed4bcfd4855c8d2c5535f01813fb2e10b68b31a24c0f:row:577,7ynx|m0|A|302|-|ZN|-,7ynx,ZN,0,2,2,0.03672175,0.07083123,0.76541369,0.12703333
sha256:4748babd2b6ac0706cd9ed4bcfd4855c8d2c5535f01813fb2e10b68b31a24c0f:row:580,7oj5|m0|L|301|-|MN|-,7oj5,MN,0,0,0,0.56099358,0.06297944,0.08410894,0.29191804
sha256:4748babd2b6ac0706cd9ed4bcfd4855c8d2c5535f01813fb2e10b68b31a24c0f:row:608,3a6e|m0|C|300|-|MN|-,3a6e,MN,0,0,0,0.63439193,0.05495260,0.16469272,0.14596275
sha256:4748babd2b6ac0706cd9ed4bcfd4855c8d2c5535f01813fb2e10b68b31a24c0f:row:612,1z6o|m0|S|300|-|FE|-,1z6o,FE,0,3,2,0.10822424,0.06150171,0.45121090,0.37906315
sha256:4748babd2b6ac0706cd9ed4bcfd4855c8d2c5535f01813fb2e10b68b31a24c0f:row:614,5v3j|m0|E|1003|-|ZN|-,5v3j,ZN,0,2,2,0.04503856,0.09486816,0.70940916,0.15068412
sha256:4748babd2b6ac0706cd9ed4bcfd4855c8d2c5535f01813fb2e10b68b31a24c0f:row:616,7oj5|m0|F|302|-|MN|-,7oj5,MN,0,0,0,0.53786611,0.05794225,0.19444435,0.20974729
sha256:4748babd2b6ac0706cd9ed4bcfd4855c8d2c5535f01813fb2e10b68b31a24c0f:row:619,6nlr|m0|A|301|-|MN|-,6nlr,MN,0,0,0,0.50855523,0.08012148,0.22934532,0.18197797
sha256:4748babd2b6ac0706cd9ed4bcfd4855c8d2c5535f01813fb2e10b68b31a24c0f:row:621,7oj5|m0|J|302|-|MN|-,7oj5,MN,0,0,0,0.53789579,0.05794220,0.19442536,0.20973665
sha256:4748babd2b6ac0706cd9ed4bcfd4855c8d2c5535f01813fb2e10b68b31a24c0f:row:622,3a6h|m0|F|300|-|MN|-,3a6h,MN,0,0,0,0.74749104,0.06571506,0.09984183,0.08695207
sha256:4748babd2b6ac0706cd9ed4bcfd4855c8d2c5535f01813fb2e10b68b31a24c0f:row:623,3zk4|m0|A|801|-|MN|-,3zk4,MN,0,0,0,0.68142136,0.05638801,0.08012790,0.18206273
sha256:4748babd2b6ac0706cd9ed4bcfd4855c8d2c5535f01813fb2e10b68b31a24c0f:row:632,4zvz|m0|C|502|-|MN|-,4zvz,MN,0,0,0,0.69223640,0.06745093,0.11187446,0.12843821
sha256:4748babd2b6ac0706cd9ed4bcfd4855c8d2c5535f01813fb2e10b68b31a24c0f:row:634,5hjh|m0|B|201|-|FE|-,5hjh,FE,0,3,0,0.34149205,0.31448511,0.22097067,0.12305217
sha256:4748babd2b6ac0706cd9ed4bcfd4855c8d2c5535f01813fb2e10b68b31a24c0f:row:637,4lrb|m0|B|402|-|MN|-,4lrb,MN,0,0,0,0.70378640,0.04591925,0.09142692,0.15886742
sha256:4748babd2b6ac0706cd9ed4bcfd4855c8d2c5535f01813fb2e10b68b31a24c0f:row:647,3kwo|m0|A|167|-|ZN|-,3kwo,ZN,0,2,2,0.38215979,0.05776969,0.43530602,0.12476451
sha256:4748babd2b6ac0706cd9ed4bcfd4855c8d2c5535f01813fb2e10b68b31a24c0f:row:652,4qnk|m0|D|302|-|MN|-,4qnk,MN,0,0,0,0.64038185,0.04371305,0.05938907,0.25651603
sha256:4748babd2b6ac0706cd9ed4bcfd4855c8d2c5535f01813fb2e10b68b31a24c0f:row:657,4e2q|m0|K|301|-|MN|-,4e2q,MN,0,0,2,0.32952764,0.10141770,0.38460391,0.18445076
sha256:4748babd2b6ac0706cd9ed4bcfd4855c8d2c5535f01813fb2e10b68b31a24c0f:row:664,3gcf|m0|F|501|-|FE|-,3gcf,FE,0,3,3,0.22398859,0.05229966,0.13853649,0.58517526
sha256:4748babd2b6ac0706cd9ed4bcfd4855c8d2c5535f01813fb2e10b68b31a24c0f:row:667,7ody|m0|C|202|-|MN|-,7ody,MN,0,0,0,0.72690865,0.03492019,0.07102769,0.16714348
sha256:4748babd2b6ac0706cd9ed4bcfd4855c8d2c5535f01813fb2e10b68b31a24c0f:row:669,1z6o|m0|M|300|-|FE|-,1z6o,FE,0,3,2,0.10816123,0.06151962,0.45132624,0.37899291
sha256:4748babd2b6ac0706cd9ed4bcfd4855c8d2c5535f01813fb2e10b68b31a24c0f:row:678,7cj9|m0|A|301|-|MN|-,7cj9,MN,0,0,0,0.75353760,0.03635250,0.05986978,0.15024013
sha256:4748babd2b6ac0706cd9ed4bcfd4855c8d2c5535f01813fb2e10b68b31a24c0f:row:699,4e2q|m0|C|301|-|MN|-,4e2q,MN,0,0,0,0.57670014,0.08957578,0.10490051,0.22882357
sha256:4748babd2b6ac0706cd9ed4bcfd4855c8d2c5535f01813fb2e10b68b31a24c0f:row:709,6xb9|m0|J|301|-|FE|-,6xb9,FE,0,3,3,0.10038829,0.07856708,0.07380963,0.74723500
sha256:4748babd2b6ac0706cd9ed4bcfd4855c8d2c5535f01813fb2e10b68b31a24c0f:row:711,4bif|m0|C|1132|-|MN|-,4bif,MN,0,0,0,0.44517337,0.07438278,0.07923555,0.40120831
sha256:4748babd2b6ac0706cd9ed4bcfd4855c8d2c5535f01813fb2e10b68b31a24c0f:row:712,6suw|m0|G|201|-|FE|-,6suw,FE,0,3,0,0.51212927,0.05509220,0.15461055,0.27816798
sha256:4748babd2b6ac0706cd9ed4bcfd4855c8d2c5535f01813fb2e10b68b31a24c0f:row:713,4uxa|m0|R|200|-|MN|-,4uxa,MN,0,0,3,0.39201006,0.08420551,0.07754573,0.44623869
sha256:4748babd2b6ac0706cd9ed4bcfd4855c8d2c5535f01813fb2e10b68b31a24c0f:row:714,6s0u|m0|A|302|-|NI|-,6s0u,NI,0,3,3,0.11607123,0.12122890,0.25459741,0.50810246
sha256:4748babd2b6ac0706cd9ed4bcfd4855c8d2c5535f01813fb2e10b68b31a24c0f:row:723,1t6u|m0|F|206|-|NI|-,1t6u,NI,0,3,2,0.05347423,0.11804212,0.52765978,0.30082387
sha256:4748babd2b6ac0706cd9ed4bcfd4855c8d2c5535f01813fb2e10b68b31a24c0f:row:738,1vkm|m0|E|300|-|MN|-,1vkm,MN,0,0,0,0.58623595,0.05024569,0.10075015,0.26276821
sha256:4748babd2b6ac0706cd9ed4bcfd4855c8d2c5535f01813fb2e10b68b31a24c0f:row:742,3tas|m0|A|13|-|CU|-,3tas,CU,0,1,2,0.07777762,0.22755860,0.58944181,0.10522197
sha256:4748babd2b6ac0706cd9ed4bcfd4855c8d2c5535f01813fb2e10b68b31a24c0f:row:745,1q0m|m0|D|118|-|NI|-,1q0m,NI,0,3,2,0.04495197,0.12075048,0.57684395,0.25745360
sha256:4748babd2b6ac0706cd9ed4bcfd4855c8d2c5535f01813fb2e10b68b31a24c0f:row:752,3a6d|m0|B|300|-|MN|-,3a6d,MN,0,0,0,0.41614011,0.05867449,0.36724445,0.15794096
sha256:4748babd2b6ac0706cd9ed4bcfd4855c8d2c5535f01813fb2e10b68b31a24c0f:row:755,5ntd|m0|K|603|-|MN|-,5ntd,MN,0,0,0,0.53214611,0.07460982,0.11481190,0.27843217
sha256:4748babd2b6ac0706cd9ed4bcfd4855c8d2c5535f01813fb2e10b68b31a24c0f:row:756,4c8r|m0|D|501|-|NI|-,4c8r,NI,0,3,3,0.35563735,0.09803401,0.10936103,0.43696761
sha256:4748babd2b6ac0706cd9ed4bcfd4855c8d2c5535f01813fb2e10b68b31a24c0f:row:763,8qav|m0|Y|301|-|MN|-,8qav,MN,0,0,0,0.66606695,0.06262849,0.07914495,0.19215961
sha256:4748babd2b6ac0706cd9ed4bcfd4855c8d2c5535f01813fb2e10b68b31a24c0f:row:770,7oj5|m0|Y|301|-|MN|-,7oj5,MN,0,0,0,0.56101291,0.06297949,0.08410916,0.29189844
sha256:4748babd2b6ac0706cd9ed4bcfd4855c8d2c5535f01813fb2e10b68b31a24c0f:row:773,3ak9|m0|L|168|-|FE|-,3ak9,FE,0,3,0,0.36568273,0.05934678,0.27977035,0.29520014
sha256:4748babd2b6ac0706cd9ed4bcfd4855c8d2c5535f01813fb2e10b68b31a24c0f:row:778,7oi1|m0|A|403|-|NI|-,7oi1,NI,0,3,0,0.46276615,0.05553812,0.17729302,0.30440271
sha256:4748babd2b6ac0706cd9ed4bcfd4855c8d2c5535f01813fb2e10b68b31a24c0f:row:785,5fli|m0|F|300|-|NI|-,5fli,NI,0,3,3,0.25339998,0.08812947,0.12616980,0.53230074
sha256:4748babd2b6ac0706cd9ed4bcfd4855c8d2c5535f01813fb2e10b68b31a24c0f:row:787,3un5|m0|D|396|-|MN|-,3un5,MN,0,0,2,0.29052405,0.04991888,0.41710304,0.24245403
sha256:4748babd2b6ac0706cd9ed4bcfd4855c8d2c5535f01813fb2e10b68b31a24c0f:row:791,2yaw|m0|A|401|-|FE|-,2yaw,FE,0,3,3,0.28353379,0.05515217,0.10555961,0.55575443
sha256:4748babd2b6ac0706cd9ed4bcfd4855c8d2c5535f01813fb2e10b68b31a24c0f:row:800,1z01|m0|B|501|-|FE|-,1z01,FE,0,3,3,0.34534797,0.07427436,0.18066582,0.39971185
sha256:4748babd2b6ac0706cd9ed4bcfd4855c8d2c5535f01813fb2e10b68b31a24c0f:row:803,7uhy|m0|D|1002|-|ZN|-,7uhy,ZN,0,2,2,0.04465992,0.19046749,0.66742230,0.09745028
sha256:4748babd2b6ac0706cd9ed4bcfd4855c8d2c5535f01813fb2e10b68b31a24c0f:row:805,6hue|m0|A|503|-|ZN|-,6hue,ZN,0,2,2,0.04543586,0.05567938,0.77566055,0.12322422
sha256:4748babd2b6ac0706cd9ed4bcfd4855c8d2c5535f01813fb2e10b68b31a24c0f:row:807,1by4|m0|D|2336|-|ZN|-,1by4,ZN,0,2,2,0.06268006,0.07289999,0.77095974,0.09346022
sha256:4748babd2b6ac0706cd9ed4bcfd4855c8d2c5535f01813fb2e10b68b31a24c0f:row:810,4bif|m0|H|1132|-|MN|-,4bif,MN,0,0,0,0.55433474,0.07568068,0.07826745,0.29171712
sha256:4748babd2b6ac0706cd9ed4bcfd4855c8d2c5535f01813fb2e10b68b31a24c0f:row:813,1vln|m0|A|238|-|MN|-,1vln,MN,0,0,0,0.76968505,0.04022288,0.06415468,0.12593739
sha256:4748babd2b6ac0706cd9ed4bcfd4855c8d2c5535f01813fb2e10b68b31a24c0f:row:818,7oj5|m0|E|302|-|MN|-,7oj5,MN,0,0,0,0.53785533,0.05794228,0.19445257,0.20974982
sha256:4748babd2b6ac0706cd9ed4bcfd4855c8d2c5535f01813fb2e10b68b31a24c0f:row:822,8qax|m0|D|302|-|MN|-,8qax,MN,0,0,0,0.62127642,0.04882463,0.05932859,0.27057036
sha256:4748babd2b6ac0706cd9ed4bcfd4855c8d2c5535f01813fb2e10b68b31a24c0f:row:825,3tas|m0|A|12|-|CU|-,3tas,CU,0,1,1,0.06098248,0.48803507,0.26259563,0.18838682
sha256:4748babd2b6ac0706cd9ed4bcfd4855c8d2c5535f01813fb2e10b68b31a24c0f:row:837,4qnk|m0|A|301|-|MN|-,4qnk,MN,0,0,0,0.61933625,0.04165215,0.06203880,0.27697280
sha256:4748babd2b6ac0706cd9ed4bcfd4855c8d2c5535f01813fb2e10b68b31a24c0f:row:849,8jwj|m0|A|502|-|ZN|-,8jwj,ZN,0,2,2,0.03909766,0.07503710,0.79810838,0.08775685
sha256:4748babd2b6ac0706cd9ed4bcfd4855c8d2c5535f01813fb2e10b68b31a24c0f:row:850,6sv1|m0|b|201|-|FE|-,6sv1,FE,0,3,3,0.19070905,0.06911886,0.14248622,0.59768587
sha256:4748babd2b6ac0706cd9ed4bcfd4855c8d2c5535f01813fb2e10b68b31a24c0f:row:851,4lr7|m0|A|401|-|MN|-,4lr7,MN,0,0,0,0.54752858,0.04609137,0.09641926,0.30996078
sha256:4748babd2b6ac0706cd9ed4bcfd4855c8d2c5535f01813fb2e10b68b31a24c0f:row:852,8fty|m0|A|601|-|FE|-,8fty,FE,0,3,3,0.11739671,0.10226198,0.35026556,0.43007575
sha256:4748babd2b6ac0706cd9ed4bcfd4855c8d2c5535f01813fb2e10b68b31a24c0f:row:867,5aew|m0|K|461|-|FE|-,5aew,FE,0,3,3,0.35391244,0.05325178,0.12637696,0.46645882
sha256:4748babd2b6ac0706cd9ed4bcfd4855c8d2c5535f01813fb2e10b68b31a24c0f:row:869,6s0t|m0|C|301|-|NI|-,6s0t,NI,0,3,3,0.30100174,0.10764408,0.11965609,0.47169810
sha256:4748babd2b6ac0706cd9ed4bcfd4855c8d2c5535f01813fb2e10b68b31a24c0f:row:870,2xrx|m0|C|1461|-|FE|-,2xrx,FE,0,3,3,0.25320264,0.10073540,0.18408436,0.46197760
sha256:4748babd2b6ac0706cd9ed4bcfd4855c8d2c5535f01813fb2e10b68b31a24c0f:row:880,8qav|m0|R|302|-|MN|-,8qav,MN,0,0,0,0.54223726,0.06598260,0.11293785,0.27884228
sha256:4748babd2b6ac0706cd9ed4bcfd4855c8d2c5535f01813fb2e10b68b31a24c0f:row:887,1f2i|m0|G|1202|-|ZN|-,1f2i,ZN,0,2,2,0.05824662,0.08715438,0.64860610,0.20599291
sha256:4748babd2b6ac0706cd9ed4bcfd4855c8d2c5535f01813fb2e10b68b31a24c0f:row:888,1jqc|m0|A|404|-|MN|-,1jqc,MN,0,0,0,0.52097589,0.04781387,0.09434619,0.33686405
sha256:4748babd2b6ac0706cd9ed4bcfd4855c8d2c5535f01813fb2e10b68b31a24c0f:row:889,1jm0|m0|E|405|-|MN|-,1jm0,MN,0,0,0,0.64226435,0.05029552,0.09305796,0.21438217
sha256:4748babd2b6ac0706cd9ed4bcfd4855c8d2c5535f01813fb2e10b68b31a24c0f:row:899,6s0t|m0|F|302|-|NI|-,6s0t,NI,0,3,3,0.26612044,0.11728452,0.11368837,0.50290668
sha256:4748babd2b6ac0706cd9ed4bcfd4855c8d2c5535f01813fb2e10b68b31a24c0f:row:905,1vam|m0|C|238|-|MN|-,1vam,MN,0,0,0,0.81246257,0.03969175,0.06123746,0.08660822
sha256:4748babd2b6ac0706cd9ed4bcfd4855c8d2c5535f01813fb2e10b68b31a24c0f:row:915,3a6h|m0|D|300|-|MN|-,3a6h,MN,0,0,0,0.70760950,0.06631750,0.10846073,0.11761228
sha256:4748babd2b6ac0706cd9ed4bcfd4855c8d2c5535f01813fb2e10b68b31a24c0f:row:930,6ov8|m0|B|502|-|MN|-,6ov8,MN,0,0,0,0.67238585,0.04609946,0.07366019,0.20785451
sha256:4748babd2b6ac0706cd9ed4bcfd4855c8d2c5535f01813fb2e10b68b31a24c0f:row:938,3hcs|m0|A|301|-|ZN|-,3hcs,ZN,0,2,2,0.03489851,0.07967392,0.52980351,0.35562406
sha256:4748babd2b6ac0706cd9ed4bcfd4855c8d2c5535f01813fb2e10b68b31a24c0f:row:946,3un3|m0|A|395|-|MN|-,3un3,MN,0,0,0,0.57075685,0.05360649,0.08378459,0.29185207
sha256:4748babd2b6ac0706cd9ed4bcfd4855c8d2c5535f01813fb2e10b68b31a24c0f:row:949,3g1p|m0|B|403|-|MN|-,3g1p,MN,0,0,0,0.41204144,0.03794020,0.31894130,0.23107706
sha256:4748babd2b6ac0706cd9ed4bcfd4855c8d2c5535f01813fb2e10b68b31a24c0f:row:959,6m35|m0|B|401|-|FE|-,6m35,FE,0,3,3,0.20100239,0.05458280,0.10355098,0.64086384
sha256:4748babd2b6ac0706cd9ed4bcfd4855c8d2c5535f01813fb2e10b68b31a24c0f:row:965,1z01|m0|D|501|-|FE|-,1z01,FE,0,3,3,0.25444408,0.09931196,0.21402642,0.43221753
sha256:4748babd2b6ac0706cd9ed4bcfd4855c8d2c5535f01813fb2e10b68b31a24c0f:row:969,1wog|m0|A|1601|-|MN|-,1wog,MN,0,0,0,0.60226961,0.08141530,0.17346445,0.14285064
sha256:4748babd2b6ac0706cd9ed4bcfd4855c8d2c5535f01813fb2e10b68b31a24c0f:row:983,5nsm|m0|E|603|-|MN|-,5nsm,MN,0,0,0,0.52682997,0.08288890,0.13852443,0.25175669
sha256:4748babd2b6ac0706cd9ed4bcfd4855c8d2c5535f01813fb2e10b68b31a24c0f:row:986,2yf3|m0|E|1149|-|MN|-,2yf3,MN,0,0,0,0.69631599,0.03838633,0.06740869,0.19788899
sha256:4748babd2b6ac0706cd9ed4bcfd4855c8d2c5535f01813fb2e10b68b31a24c0f:row:988,7mgd|m0|C|301|-|MN|-,7mgd,MN,0,0,0,0.70561558,0.04237181,0.07804130,0.17397131
sha256:4748babd2b6ac0706cd9ed4bcfd4855c8d2c5535f01813fb2e10b68b31a24c0f:row:999,3un5|m0|C|395|-|MN|-,3un5,MN,0,0,0,0.63219459,0.06776963,0.08800417,0.21203161
sha256:4748babd2b6ac0706cd9ed4bcfd4855c8d2c5535f01813fb2e10b68b31a24c0f:row:1001,7dt0|m0|C|502|-|FE|-,7dt0,FE,0,3,3,0.34451108,0.09805898,0.14771413,0.40971581
sha256:4748babd2b6ac0706cd9ed4bcfd4855c8d2c5535f01813fb2e10b68b31a24c0f:row:1005,5ntd|m0|C|602|-|MN|-,5ntd,MN,0,0,0,0.53200693,0.06549728,0.17299377,0.22950202
sha256:4748babd2b6ac0706cd9ed4bcfd4855c8d2c5535f01813fb2e10b68b31a24c0f:row:1007,4qnk|m0|C|301|-|MN|-,4qnk,MN,0,0,0,0.62486392,0.04055863,0.06069687,0.27388058
sha256:4748babd2b6ac0706cd9ed4bcfd4855c8d2c5535f01813fb2e10b68b31a24c0f:row:1022,8qav|m0|E|301|-|MN|-,8qav,MN,0,0,0,0.66607627,0.06262904,0.07914531,0.19214938
sha256:4748babd2b6ac0706cd9ed4bcfd4855c8d2c5535f01813fb2e10b68b31a24c0f:row:1026,6txa|m0|A|701|-|FE|-,6txa,FE,0,3,0,0.41106708,0.05560897,0.22118325,0.31214070
sha256:4748babd2b6ac0706cd9ed4bcfd4855c8d2c5535f01813fb2e10b68b31a24c0f:row:1034,4q7r|m0|A|306|-|ZN|-,4q7r,ZN,0,2,2,0.07822707,0.08046241,0.70232048,0.13899005
sha256:4748babd2b6ac0706cd9ed4bcfd4855c8d2c5535f01813fb2e10b68b31a24c0f:row:1035,4aq6|m0|D|837|-|FE|-,4aq6,FE,0,3,0,0.36620066,0.08409566,0.23384017,0.31586352
sha256:4748babd2b6ac0706cd9ed4bcfd4855c8d2c5535f01813fb2e10b68b31a24c0f:row:1037,4q7r|m0|A|304|-|ZN|-,4q7r,ZN,0,2,2,0.07114043,0.12127004,0.52052737,0.28706216
sha256:4748babd2b6ac0706cd9ed4bcfd4855c8d2c5535f01813fb2e10b68b31a24c0f:row:1038,6sv1|m0|c|201|-|FE|-,6sv1,FE,0,3,0,0.52090378,0.06506434,0.16926041,0.24477147
sha256:4748babd2b6ac0706cd9ed4bcfd4855c8d2c5535f01813fb2e10b68b31a24c0f:row:1047,1z02|m0|A|501|-|FE|-,1z02,FE,0,3,3,0.23248731,0.06284671,0.19847819,0.50618780
sha256:4748babd2b6ac0706cd9ed4bcfd4855c8d2c5535f01813fb2e10b68b31a24c0f:row:1053,6fwh|m0|A|202|-|MN|-,6fwh,MN,0,0,0,0.60134774,0.06365537,0.08196788,0.25302901
sha256:4748babd2b6ac0706cd9ed4bcfd4855c8d2c5535f01813fb2e10b68b31a24c0f:row:1055,1ovv|m0|D|104|-|CO|-,1ovv,CO,0,3,3,0.15081565,0.06447588,0.38511469,0.39959378
sha256:4748babd2b6ac0706cd9ed4bcfd4855c8d2c5535f01813fb2e10b68b31a24c0f:row:1059,2ji3|m0|C|1127|-|FE|-,2ji3,FE,0,3,2,0.05414552,0.04734605,0.77503584,0.12347259
sha256:4748babd2b6ac0706cd9ed4bcfd4855c8d2c5535f01813fb2e10b68b31a24c0f:row:1075,2wyr|m0|L|4973|-|CO|-,2wyr,CO,0,3,0,0.43660180,0.06018994,0.33415458,0.16905368
sha256:4748babd2b6ac0706cd9ed4bcfd4855c8d2c5535f01813fb2e10b68b31a24c0f:row:1078,4aq6|m0|K|837|-|FE|-,4aq6,FE,0,3,0,0.41697749,0.06664199,0.16367949,0.35270103
sha256:4748babd2b6ac0706cd9ed4bcfd4855c8d2c5535f01813fb2e10b68b31a24c0f:row:1079,1vln|m0|C|238|-|MN|-,1vln,MN,0,0,0,0.78774860,0.04081630,0.06181836,0.10961674
sha256:4748babd2b6ac0706cd9ed4bcfd4855c8d2c5535f01813fb2e10b68b31a24c0f:row:1082,5u8y|m0|B|601|-|CO|-,5u8y,CO,0,3,3,0.06453600,0.11947291,0.10510121,0.71088989
sha256:4748babd2b6ac0706cd9ed4bcfd4855c8d2c5535f01813fb2e10b68b31a24c0f:row:1083,1ovv|m0|C|103|-|CO|-,1ovv,CO,0,3,3,0.13199203,0.04767846,0.38750018,0.43282933
sha256:4748babd2b6ac0706cd9ed4bcfd4855c8d2c5535f01813fb2e10b68b31a24c0f:row:1084,8qaw|m0|C|304|-|MN|-,8qaw,MN,0,0,0,0.61381644,0.04517933,0.07014932,0.27085491
sha256:4748babd2b6ac0706cd9ed4bcfd4855c8d2c5535f01813fb2e10b68b31a24c0f:row:1091,8jq6|m0|D|502|-|MN|-,8jq6,MN,0,0,0,0.64774370,0.04129918,0.08186429,0.22909283
sha256:4748babd2b6ac0706cd9ed4bcfd4855c8d2c5535f01813fb2e10b68b31a24c0f:row:1094,1tei|m0|A|238|-|MN|-,1tei,MN,0,0,0,0.80493310,0.03801852,0.06242774,0.09462065
sha256:4748babd2b6ac0706cd9ed4bcfd4855c8d2c5535f01813fb2e10b68b31a24c0f:row:1096,7oj5|m0|V|301|-|MN|-,7oj5,MN,0,0,0,0.56103141,0.06297988,0.08411104,0.29187768
sha256:4748babd2b6ac0706cd9ed4bcfd4855c8d2c5535f01813fb2e10b68b31a24c0f:row:1099,6xb9|m0|H|301|-|FE|-,6xb9,FE,0,3,3,0.11075562,0.05369784,0.07384002,0.76170651
sha256:4748babd2b6ac0706cd9ed4bcfd4855c8d2c5535f01813fb2e10b68b31a24c0f:row:1101,1z6o|m0|W|300|-|FE|-,1z6o,FE,0,3,2,0.10816689,0.06151182,0.45126571,0.37905558
sha256:4748babd2b6ac0706cd9ed4bcfd4855c8d2c5535f01813fb2e10b68b31a24c0f:row:1104,3un5|m0|A|396|-|MN|-,3un5,MN,0,0,2,0.29432797,0.04370397,0.42515124,0.23681683
sha256:4748babd2b6ac0706cd9ed4bcfd4855c8d2c5535f01813fb2e10b68b31a24c0f:row:1110,5nsm|m0|J|603|-|MN|-,5nsm,MN,0,0,0,0.55050444,0.06405495,0.16438429,0.22105632
sha256:4748babd2b6ac0706cd9ed4bcfd4855c8d2c5535f01813fb2e10b68b31a24c0f:row:1125,1ona|m0|C|238|-|MN|-,1ona,MN,0,0,0,0.77851397,0.04181938,0.07130658,0.10836008
sha256:4748babd2b6ac0706cd9ed4bcfd4855c8d2c5535f01813fb2e10b68b31a24c0f:row:1129,5fli|m0|H|300|-|NI|-,5fli,NI,0,3,3,0.21244918,0.08481744,0.09737629,0.60535709
sha256:4748babd2b6ac0706cd9ed4bcfd4855c8d2c5535f01813fb2e10b68b31a24c0f:row:1139,8adl|m0|A|1403|-|ZN|-,8adl,ZN,0,2,2,0.03866979,0.08140774,0.78280374,0.09711873
sha256:4748babd2b6ac0706cd9ed4bcfd4855c8d2c5535f01813fb2e10b68b31a24c0f:row:1145,5ndf|m0|F|601|-|MN|-,5ndf,MN,0,0,0,0.42320083,0.05472627,0.11820589,0.40386701
sha256:4748babd2b6ac0706cd9ed4bcfd4855c8d2c5535f01813fb2e10b68b31a24c0f:row:1148,6suw|m0|R|201|-|FE|-,6suw,FE,0,3,0,0.52012221,0.05337555,0.13724789,0.28925435
sha256:4748babd2b6ac0706cd9ed4bcfd4855c8d2c5535f01813fb2e10b68b31a24c0f:row:1150,4ytr|m0|B|402|-|MN|-,4ytr,MN,0,0,0,0.75295655,0.04906329,0.09889224,0.09908793
sha256:4748babd2b6ac0706cd9ed4bcfd4855c8d2c5535f01813fb2e10b68b31a24c0f:row:1151,7cl6|m0|A|301|-|NI|-,7cl6,NI,0,3,3,0.30277716,0.11058611,0.09631027,0.49032646
sha256:4748babd2b6ac0706cd9ed4bcfd4855c8d2c5535f01813fb2e10b68b31a24c0f:row:1156,7oj5|m0|M|302|-|MN|-,7oj5,MN,0,0,0,0.53782672,0.05794232,0.19446989,0.20976107
sha256:4748babd2b6ac0706cd9ed4bcfd4855c8d2c5535f01813fb2e10b68b31a24c0f:row:1161,7aqs|m0|X|201|-|FE|-,7aqs,FE,0,3,0,0.45510369,0.09410886,0.24997774,0.20080972
sha256:4748babd2b6ac0706cd9ed4bcfd4855c8d2c5535f01813fb2e10b68b31a24c0f:row:1163,1q0g|m0|H|118|-|NI|-,1q0g,NI,0,3,2,0.04165625,0.13774754,0.56771188,0.25288433
sha256:4748babd2b6ac0706cd9ed4bcfd4855c8d2c5535f01813fb2e10b68b31a24c0f:row:1173,4e2q|m0|A|301|-|MN|-,4e2q,MN,0,0,0,0.47835223,0.08392066,0.11572269,0.32200443
sha256:4748babd2b6ac0706cd9ed4bcfd4855c8d2c5535f01813fb2e10b68b31a24c0f:row:1178,6s0t|m0|E|301|-|NI|-,6s0t,NI,0,3,3,0.30595868,0.09817905,0.12030645,0.47555582
sha256:4748babd2b6ac0706cd9ed4bcfd4855c8d2c5535f01813fb2e10b68b31a24c0f:row:1179,1tei|m0|E|238|-|MN|-,1tei,MN,0,0,0,0.81442973,0.03481297,0.06791491,0.08284239
sha256:4748babd2b6ac0706cd9ed4bcfd4855c8d2c5535f01813fb2e10b68b31a24c0f:row:1181,6ll7|m0|C|402|-|MN|-,6ll7,MN,0,0,0,0.75750393,0.04007391,0.08568382,0.11673834
sha256:4748babd2b6ac0706cd9ed4bcfd4855c8d2c5535f01813fb2e10b68b31a24c0f:row:1189,6s0w|m0|D|302|-|NI|-,6s0w,NI,0,3,3,0.25065378,0.10822846,0.14170194,0.49941582
sha256:4748babd2b6ac0706cd9ed4bcfd4855c8d2c5535f01813fb2e10b68b31a24c0f:row:1198,8qav|m0|M|302|-|MN|-,8qav,MN,0,0,0,0.66607409,0.06262955,0.07914752,0.19214883
sha256:4748babd2b6ac0706cd9ed4bcfd4855c8d2c5535f01813fb2e10b68b31a24c0f:row:1200,4uxa|m0|H|200|-|MN|-,4uxa,MN,0,0,0,0.46109300,0.07589288,0.07395593,0.38905818
sha256:4748babd2b6ac0706cd9ed4bcfd4855c8d2c5535f01813fb2e10b68b31a24c0f:row:1215,3zk4|m0|A|800|-|FE|-,3zk4,FE,0,3,0,0.41864084,0.08022371,0.13334790,0.36778755
sha256:4748babd2b6ac0706cd9ed4bcfd4855c8d2c5535f01813fb2e10b68b31a24c0f:row:1226,2ji3|m0|D|1127|-|FE|-,2ji3,FE,0,3,2,0.05666855,0.04546045,0.76425711,0.13361389
sha256:4748babd2b6ac0706cd9ed4bcfd4855c8d2c5535f01813fb2e10b68b31a24c0f:row:1229,6suw|m0|J|201|-|FE|-,6suw,FE,0,3,0,0.45138120,0.05646918,0.18939517,0.30275446
sha256:4748babd2b6ac0706cd9ed4bcfd4855c8d2c5535f01813fb2e10b68b31a24c0f:row:1230,3m8y|m0|A|396|-|MN|-,3m8y,MN,0,0,0,0.62899601,0.04163562,0.14302860,0.18633977
sha256:4748babd2b6ac0706cd9ed4bcfd4855c8d2c5535f01813fb2e10b68b31a24c0f:row:1232,5ntd|m0|H|602|-|MN|-,5ntd,MN,0,0,0,0.59866415,0.04740465,0.11513746,0.23879374
sha256:4748babd2b6ac0706cd9ed4bcfd4855c8d2c5535f01813fb2e10b68b31a24c0f:row:1246,1ud9|m0|A|512|-|ZN|-,1ud9,ZN,0,2,2,0.09427909,0.06933618,0.51829034,0.31809438
sha256:4748babd2b6ac0706cd9ed4bcfd4855c8d2c5535f01813fb2e10b68b31a24c0f:row:1254,1jm0|m0|C|403|-|MN|-,1jm0,MN,0,0,0,0.61396289,0.05096010,0.08757057,0.24750644
sha256:4748babd2b6ac0706cd9ed4bcfd4855c8d2c5535f01813fb2e10b68b31a24c0f:row:1255,7oj5|m0|N|301|-|MN|-,7oj5,MN,0,0,0,0.56103421,0.06297986,0.08411094,0.29187498
sha256:4748babd2b6ac0706cd9ed4bcfd4855c8d2c5535f01813fb2e10b68b31a24c0f:row:1257,6omp|m0|A|407|-|MN|-,6omp,MN,0,0,0,0.69662733,0.04462601,0.09519504,0.16355163
sha256:4748babd2b6ac0706cd9ed4bcfd4855c8d2c5535f01813fb2e10b68b31a24c0f:row:1259,3zds|m0|K|2000|-|FE|-,3zds,FE,0,3,3,0.37114513,0.06553426,0.17216996,0.39115065
sha256:4748babd2b6ac0706cd9ed4bcfd4855c8d2c5535f01813fb2e10b68b31a24c0f:row:1261,8qax|m0|C|302|-|MN|-,8qax,MN,0,0,0,0.62307637,0.04495081,0.05814411,0.27382871
sha256:4748babd2b6ac0706cd9ed4bcfd4855c8d2c5535f01813fb2e10b68b31a24c0f:row:1270,5nsm|m0|I|602|-|MN|-,5nsm,MN,0,0,0,0.54578374,0.07767432,0.15096607,0.22557586
sha256:4748babd2b6ac0706cd9ed4bcfd4855c8d2c5535f01813fb2e10b68b31a24c0f:row:1275,3gcf|m0|C|501|-|FE|-,3gcf,FE,0,3,3,0.31251481,0.04926247,0.12383321,0.51438951
sha256:4748babd2b6ac0706cd9ed4bcfd4855c8d2c5535f01813fb2e10b68b31a24c0f:row:1277,7oj5|m0|X|302|-|MN|-,7oj5,MN,0,0,0,0.53785844,0.05794227,0.19445017,0.20974912
sha256:4748babd2b6ac0706cd9ed4bcfd4855c8d2c5535f01813fb2e10b68b31a24c0f:row:1293,4k1t|m0|A|301|-|ZN|-,4k1t,ZN,0,2,2,0.11019092,0.08797006,0.55887343,0.24296560
sha256:4748babd2b6ac0706cd9ed4bcfd4855c8d2c5535f01813fb2e10b68b31a24c0f:row:1294,7cj8|m0|E|301|-|MN|-,7cj8,MN,0,0,0,0.74317121,0.05155136,0.08513644,0.12014100
sha256:4748babd2b6ac0706cd9ed4bcfd4855c8d2c5535f01813fb2e10b68b31a24c0f:row:1307,7oi1|m0|B|402|-|NI|-,7oi1,NI,0,3,0,0.52170308,0.04428353,0.10350261,0.33051078
sha256:4748babd2b6ac0706cd9ed4bcfd4855c8d2c5535f01813fb2e10b68b31a24c0f:row:1309,6txa|m0|I|701|-|FE|-,6txa,FE,0,3,3,0.36120063,0.05955823,0.16878705,0.41045409
sha256:4748babd2b6ac0706cd9ed4bcfd4855c8d2c5535f01813fb2e10b68b31a24c0f:row:1317,3vnm|m0|B|304|-|MN|-,3vnm,MN,0,0,0,0.51218985,0.07761893,0.22009017,0.19010105
sha256:4748babd2b6ac0706cd9ed4bcfd4855c8d2c5535f01813fb2e10b68b31a24c0f:row:1319,5ntd|m0|D|602|-|MN|-,5ntd,MN,0,0,0,0.59561750,0.06361464,0.12017999,0.22058787
sha256:4748babd2b6ac0706cd9ed4bcfd4855c8d2c5535f01813fb2e10b68b31a24c0f:row:1322,2jec|m0|C|241|-|MN|-,2jec,MN,0,0,0,0.75319274,0.03677910,0.06032694,0.14970122
sha256:4748babd2b6ac0706cd9ed4bcfd4855c8d2c5535f01813fb2e10b68b31a24c0f:row:1324,4g3h|m0|D|501|-|MN|-,4g3h,MN,0,0,0,0.46387322,0.04365477,0.35287392,0.13959809
sha256:4748babd2b6ac0706cd9ed4bcfd4855c8d2c5535f01813fb2e10b68b31a24c0f:row:1333,7v25|m0|E|501|-|FE|-,7v25,FE,0,3,2,0.07864639,0.10452598,0.45050940,0.36631824
sha256:4748babd2b6ac0706cd9ed4bcfd4855c8d2c5535f01813fb2e10b68b31a24c0f:row:1334,4lrf|m0|A|402|-|MN|-,4lrf,MN,0,0,0,0.61703581,0.04107754,0.17313209,0.16875457
sha256:4748babd2b6ac0706cd9ed4bcfd4855c8d2c5535f01813fb2e10b68b31a24c0f:row:1349,3a6k|m0|E|300|-|MN|-,3a6k,MN,0,0,2,0.38535431,0.09310856,0.41115652,0.11038061
sha256:4748babd2b6ac0706cd9ed4bcfd4855c8d2c5535f01813fb2e10b68b31a24c0f:row:1353,6s0u|m0|D|302|-|NI|-,6s0u,NI,0,3,3,0.10340104,0.12467063,0.30504608,0.46688225
sha256:4748babd2b6ac0706cd9ed4bcfd4855c8d2c5535f01813fb2e10b68b31a24c0f:row:1354,4e2s|m0|C|301|-|MN|-,4e2s,MN,0,0,0,0.43512654,0.05336951,0.08467858,0.42682537
sha256:4748babd2b6ac0706cd9ed4bcfd4855c8d2c5535f01813fb2e10b68b31a24c0f:row:1366,1wog|m0|F|1612|-|MN|-,1wog,MN,0,0,0,0.50077953,0.04625248,0.24874475,0.20422324
sha256:4748babd2b6ac0706cd9ed4bcfd4855c8d2c5535f01813fb2e10b68b31a24c0f:row:1367,6b9v|m0|A|304|-|ZN|-,6b9v,ZN,0,2,2,0.03980298,0.09749222,0.76927231,0.09343249
sha256:4748babd2b6ac0706cd9ed4bcfd4855c8d2c5535f01813fb2e10b68b31a24c0f:row:1368,4rap|m0|D|501|-|FE|-,4rap,FE,0,3,2,0.06516812,0.06996060,0.71907024,0.14580104
sha256:4748babd2b6ac0706cd9ed4bcfd4855c8d2c5535f01813fb2e10b68b31a24c0f:row:1373,7oj5|m0|A|301|-|MN|-,7oj5,MN,0,0,0,0.56150156,0.06294304,0.08414044,0.29141496
sha256:4748babd2b6ac0706cd9ed4bcfd4855c8d2c5535f01813fb2e10b68b31a24c0f:row:1374,5nsm|m0|C|603|-|MN|-,5nsm,MN,0,0,0,0.54632828,0.06807054,0.13107074,0.25453044
sha256:4748babd2b6ac0706cd9ed4bcfd4855c8d2c5535f01813fb2e10b68b31a24c0f:row:1389,6s0s|m0|D|301|-|NI|-,6s0s,NI,0,3,3,0.14298646,0.12253167,0.28606884,0.44841303
sha256:4748babd2b6ac0706cd9ed4bcfd4855c8d2c5535f01813fb2e10b68b31a24c0f:row:1397,6xu1|m0|C|702|-|FE|-,6xu1,FE,0,3,3,0.36917829,0.06156746,0.09555587,0.47369839
sha256:4748babd2b6ac0706cd9ed4bcfd4855c8d2c5535f01813fb2e10b68b31a24c0f:row:1400,5ntd|m0|J|602|-|MN|-,5ntd,MN,0,0,0,0.56655666,0.05989181,0.15495479,0.21859674
sha256:4748babd2b6ac0706cd9ed4bcfd4855c8d2c5535f01813fb2e10b68b31a24c0f:row:1405,8qav|m0|T|301|-|MN|-,8qav,MN,0,0,0,0.66147615,0.06255021,0.08075881,0.19521483
sha256:4748babd2b6ac0706cd9ed4bcfd4855c8d2c5535f01813fb2e10b68b31a24c0f:row:1408,8jq6|m0|A|502|-|MN|-,8jq6,MN,0,0,0,0.63568722,0.04114906,0.12644186,0.19672187
sha256:4748babd2b6ac0706cd9ed4bcfd4855c8d2c5535f01813fb2e10b68b31a24c0f:row:1409,1f1g|m0|F|4011|-|CU|-,1f1g,CU,0,1,1,0.02970365,0.73304854,0.16133110,0.07591671
sha256:4748babd2b6ac0706cd9ed4bcfd4855c8d2c5535f01813fb2e10b68b31a24c0f:row:1414,1z03|m0|F|501|-|FE|-,1z03,FE,0,3,2,0.18480638,0.08148117,0.38102630,0.35268615
sha256:4748babd2b6ac0706cd9ed4bcfd4855c8d2c5535f01813fb2e10b68b31a24c0f:row:1422,5v3j|m0|E|1007|-|ZN|-,5v3j,ZN,0,2,2,0.04008612,0.13671649,0.71326119,0.10993620
sha256:4748babd2b6ac0706cd9ed4bcfd4855c8d2c5535f01813fb2e10b68b31a24c0f:row:1437,7oj5|m0|T|302|-|MN|-,7oj5,MN,0,0,0,0.53786592,0.05794226,0.19444476,0.20974707
sha256:4748babd2b6ac0706cd9ed4bcfd4855c8d2c5535f01813fb2e10b68b31a24c0f:row:1438,3un5|m0|B|395|-|MN|-,3un5,MN,0,0,0,0.59687326,0.05612614,0.12136698,0.22563362
sha256:4748babd2b6ac0706cd9ed4bcfd4855c8d2c5535f01813fb2e10b68b31a24c0f:row:1451,1q0k|m0|E|118|-|NI|-,1q0k,NI,0,3,2,0.03610219,0.16540329,0.57208144,0.22641307
sha256:4748babd2b6ac0706cd9ed4bcfd4855c8d2c5535f01813fb2e10b68b31a24c0f:row:1453,7oj5|m0|P|301|-|MN|-,7oj5,MN,0,0,0,0.56101845,0.06297935,0.08410815,0.29189405
sha256:4748babd2b6ac0706cd9ed4bcfd4855c8d2c5535f01813fb2e10b68b31a24c0f:row:1459,1ovv|m0|A|101|-|CO|-,1ovv,CO,0,3,3,0.28941005,0.09858984,0.27526151,0.33673860
sha256:4748babd2b6ac0706cd9ed4bcfd4855c8d2c5535f01813fb2e10b68b31a24c0f:row:1461,2yav|m0|A|402|-|FE|-,2yav,FE,0,3,3,0.10668135,0.05419504,0.14960496,0.68951865
sha256:4748babd2b6ac0706cd9ed4bcfd4855c8d2c5535f01813fb2e10b68b31a24c0f:row:1464,2yfj|m0|C|901|-|FE|-,2yfj,FE,0,3,3,0.26600743,0.05670798,0.18107889,0.49620569
sha256:4748babd2b6ac0706cd9ed4bcfd4855c8d2c5535f01813fb2e10b68b31a24c0f:row:1474,7mgb|m0|C|302|-|MN|-,7mgb,MN,0,0,0,0.82844539,0.03753647,0.06487826,0.06913988
sha256:4748babd2b6ac0706cd9ed4bcfd4855c8d2c5535f01813fb2e10b68b31a24c0f:row:1481,3un3|m0|B|395|-|MN|-,3un3,MN,0,0,0,0.60891435,0.05088060,0.10899965,0.23120540
sha256:4748babd2b6ac0706cd9ed4bcfd4855c8d2c5535f01813fb2e10b68b31a24c0f:row:1482,5nsm|m0|B|603|-|MN|-,5nsm,MN,0,0,0,0.53337046,0.06990224,0.12551684,0.27121045
sha256:4748babd2b6ac0706cd9ed4bcfd4855c8d2c5535f01813fb2e10b68b31a24c0f:row:1484,5nsm|m0|I|603|-|MN|-,5nsm,MN,0,0,0,0.54638513,0.06415830,0.15327634,0.23618024
sha256:4748babd2b6ac0706cd9ed4bcfd4855c8d2c5535f01813fb2e10b68b31a24c0f:row:1486,4ljq|m0|A|1101|-|ZN|-,4ljq,ZN,0,2,2,0.04571962,0.05156441,0.76190634,0.14080963
sha256:4748babd2b6ac0706cd9ed4bcfd4855c8d2c5535f01813fb2e10b68b31a24c0f:row:1501,4bif|m0|F|1132|-|MN|-,4bif,MN,0,0,0,0.46714380,0.06137539,0.08136859,0.39011222
sha256:4748babd2b6ac0706cd9ed4bcfd4855c8d2c5535f01813fb2e10b68b31a24c0f:row:1511,1q0m|m0|A|118|-|NI|-,1q0m,NI,0,3,2,0.04080247,0.14004352,0.58620150,0.23295252
sha256:4748babd2b6ac0706cd9ed4bcfd4855c8d2c5535f01813fb2e10b68b31a24c0f:row:1514,8qav|m0|D|301|-|MN|-,8qav,MN,0,0,0,0.67445557,0.06798477,0.07631250,0.18124716
sha256:4748babd2b6ac0706cd9ed4bcfd4855c8d2c5535f01813fb2e10b68b31a24c0f:row:1523,7cj8|m0|C|301|-|MN|-,7cj8,MN,0,0,0,0.76868091,0.04051746,0.06206018,0.12874144
sha256:4748babd2b6ac0706cd9ed4bcfd4855c8d2c5535f01813fb2e10b68b31a24c0f:row:1527,4e2q|m0|O|301|-|MN|-,4e2q,MN,0,0,0,0.52176356,0.07202315,0.07787827,0.32833502
sha256:4748babd2b6ac0706cd9ed4bcfd4855c8d2c5535f01813fb2e10b68b31a24c0f:row:1530,1vkm|m0|A|300|-|MN|-,1vkm,MN,0,0,0,0.47264376,0.04350169,0.08107521,0.40277935
sha256:4748babd2b6ac0706cd9ed4bcfd4855c8d2c5535f01813fb2e10b68b31a24c0f:row:1531,7aqs|m0|A|201|-|FE|-,7aqs,FE,0,3,0,0.39290858,0.11278408,0.26727107,0.22703626
sha256:4748babd2b6ac0706cd9ed4bcfd4855c8d2c5535f01813fb2e10b68b31a24c0f:row:1538,6sv1|m0|X|201|-|FE|-,6sv1,FE,0,3,0,0.45085647,0.06844177,0.23753888,0.24316287
sha256:4748babd2b6ac0706cd9ed4bcfd4855c8d2c5535f01813fb2e10b68b31a24c0f:row:1546,7oj5|m0|S|302|-|MN|-,7oj5,MN,0,0,0,0.53788838,0.05794222,0.19443099,0.20973841
sha256:4748babd2b6ac0706cd9ed4bcfd4855c8d2c5535f01813fb2e10b68b31a24c0f:row:1549,4lr7|m0|A|403|-|MN|-,4lr7,MN,0,0,0,0.53457488,0.09470510,0.18571622,0.18500381
sha256:4748babd2b6ac0706cd9ed4bcfd4855c8d2c5535f01813fb2e10b68b31a24c0f:row:1551,1wog|m0|F|1611|-|MN|-,1wog,MN,0,0,0,0.62300862,0.07413645,0.15314106,0.14971388
sha256:4748babd2b6ac0706cd9ed4bcfd4855c8d2c5535f01813fb2e10b68b31a24c0f:row:1553,6fwh|m0|E|201|-|MN|-,6fwh,MN,0,0,0,0.63113067,0.04459770,0.05862892,0.26564271
sha256:4748babd2b6ac0706cd9ed4bcfd4855c8d2c5535f01813fb2e10b68b31a24c0f:row:1565,2wyr|m0|B|1664|-|CO|-,2wyr,CO,0,3,0,0.48781527,0.05135068,0.30759255,0.15324151
sha256:4748babd2b6ac0706cd9ed4bcfd4855c8d2c5535f01813fb2e10b68b31a24c0f:row:1566,7cl6|m0|C|301|-|NI|-,7cl6,NI,0,3,3,0.29633592,0.10375062,0.09371566,0.50619780
sha256:4748babd2b6ac0706cd9ed4bcfd4855c8d2c5535f01813fb2e10b68b31a24c0f:row:1570,3ot9|m0|A|396|-|MN|-,3ot9,MN,0,0,0,0.70973956,0.04757928,0.09943520,0.14324595
sha256:4748babd2b6ac0706cd9ed4bcfd4855c8d2c5535f01813fb2e10b68b31a24c0f:row:1576,3un3|m0|B|396|-|MN|-,3un3,MN,0,0,0,0.57218315,0.05574531,0.18580185,0.18626969
sha256:4748babd2b6ac0706cd9ed4bcfd4855c8d2c5535f01813fb2e10b68b31a24c0f:row:1598,3un2|m0|C|395|-|MN|-,3un2,MN,0,0,0,0.56048075,0.04296047,0.10754450,0.28901428
sha256:4748babd2b6ac0706cd9ed4bcfd4855c8d2c5535f01813fb2e10b68b31a24c0f:row:1601,8qav|m0|K|301|-|MN|-,8qav,MN,0,0,0,0.66945727,0.06782987,0.07826981,0.18444305
sha256:4748babd2b6ac0706cd9ed4bcfd4855c8d2c5535f01813fb2e10b68b31a24c0f:row:1602,7aqs|m0|B|201|-|FE|-,7aqs,FE,0,3,0,0.43311687,0.08503491,0.25468636,0.22716185
sha256:4748babd2b6ac0706cd9ed4bcfd4855c8d2c5535f01813fb2e10b68b31a24c0f:row:1608,8qav|m0|W|301|-|MN|-,8qav,MN,0,0,0,0.66607523,0.06262894,0.07914755,0.19214829
sha256:4748babd2b6ac0706cd9ed4bcfd4855c8d2c5535f01813fb2e10b68b31a24c0f:row:1623,4b2o|m0|C|1266|-|FE|-,4b2o,FE,0,3,3,0.34444856,0.05325135,0.09616585,0.50613423
sha256:4748babd2b6ac0706cd9ed4bcfd4855c8d2c5535f01813fb2e10b68b31a24c0f:row:1624,8qav|m0|J|304|-|MN|-,8qav,MN,0,0,0,0.55718357,0.06625129,0.10780731,0.26875783
sha256:4748babd2b6ac0706cd9ed4bcfd4855c8d2c5535f01813fb2e10b68b31a24c0f:row:1625,2cb2|m0|E|1310|-|FE|-,2cb2,FE,0,3,3,0.32408160,0.06649783,0.13479679,0.47462378
sha256:4748babd2b6ac0706cd9ed4bcfd4855c8d2c5535f01813fb2e10b68b31a24c0f:row:1628,7oj5|m0|L|302|-|MN|-,7oj5,MN,0,0,0,0.53785831,0.05794227,0.19445083,0.20974859
sha256:4748babd2b6ac0706cd9ed4bcfd4855c8d2c5535f01813fb2e10b68b31a24c0f:row:1638,3uny|m0|E|395|-|MN|-,3uny,MN,0,0,0,0.61709176,0.06446297,0.10843086,0.21001442
sha256:4748babd2b6ac0706cd9ed4bcfd4855c8d2c5535f01813fb2e10b68b31a24c0f:row:1643,2yf3|m0|A|1145|-|MN|-,2yf3,MN,0,0,0,0.69265251,0.03787561,0.07477820,0.19469367
sha256:4748babd2b6ac0706cd9ed4bcfd4855c8d2c5535f01813fb2e10b68b31a24c0f:row:1644,5ui1|m0|B|502|-|MN|-,5ui1,MN,0,0,0,0.64542087,0.08578876,0.09644895,0.17234142
sha256:4748babd2b6ac0706cd9ed4bcfd4855c8d2c5535f01813fb2e10b68b31a24c0f:row:1646,7a5y|m0|E|701|-|FE|-,7a5y,FE,0,3,3,0.36100471,0.05947012,0.11589251,0.46363266
sha256:4748babd2b6ac0706cd9ed4bcfd4855c8d2c5535f01813fb2e10b68b31a24c0f:row:1654,3ak9|m0|J|168|-|FE|-,3ak9,FE,0,3,0,0.40199623,0.05053059,0.21395010,0.33352308
sha256:4748babd2b6ac0706cd9ed4bcfd4855c8d2c5535f01813fb2e10b68b31a24c0f:row:1660,8fty|m0|F|1000|-|FE|-,8fty,FE,0,3,3,0.10721193,0.09076024,0.33510267,0.46692516
sha256:4748babd2b6ac0706cd9ed4bcfd4855c8d2c5535f01813fb2e10b68b31a24c0f:row:1666,7aqs|m0|F|201|-|FE|-,7aqs,FE,0,3,0,0.39154467,0.10245747,0.31764551,0.18835235
sha256:4748babd2b6ac0706cd9ed4bcfd4855c8d2c5535f01813fb2e10b68b31a24c0f:row:1675,7oj5|m0|O|301|-|MN|-,7oj5,MN,0,0,0,0.56099296,0.06297775,0.08410472,0.29192457
sha256:4748babd2b6ac0706cd9ed4bcfd4855c8d2c5535f01813fb2e10b68b31a24c0f:row:1677,7wl0|m0|G|301|-|MN|-,7wl0,MN,0,0,0,0.56455467,0.06052244,0.09994480,0.27497809
sha256:4748babd2b6ac0706cd9ed4bcfd4855c8d2c5535f01813fb2e10b68b31a24c0f:row:1687,6m35|m0|H|401|-|FE|-,6m35,FE,0,3,3,0.22273985,0.05286185,0.10636669,0.61803162
sha256:4748babd2b6ac0706cd9ed4bcfd4855c8d2c5535f01813fb2e10b68b31a24c0f:row:1692,1vln|m0|H|238|-|MN|-,1vln,MN,0,0,0,0.79616652,0.03649304,0.06393622,0.10340423
sha256:4748babd2b6ac0706cd9ed4bcfd4855c8d2c5535f01813fb2e10b68b31a24c0f:row:1695,7a5y|m0|B|703|-|FE|-,7a5y,FE,0,3,3,0.34509632,0.06032985,0.13031792,0.46425590
sha256:4748babd2b6ac0706cd9ed4bcfd4855c8d2c5535f01813fb2e10b68b31a24c0f:row:1697,7oj5|m0|H|302|-|MN|-,7oj5,MN,0,0,0,0.53761566,0.05794436,0.19478689,0.20965309
sha256:4748babd2b6ac0706cd9ed4bcfd4855c8d2c5535f01813fb2e10b68b31a24c0f:row:1699,3a6e|m0|E|300|-|MN|-,3a6e,MN,0,0,0,0.71883652,0.05148757,0.09716000,0.13251591
sha256:4748babd2b6ac0706cd9ed4bcfd4855c8d2c5535f01813fb2e10b68b31a24c0f:row:1700,6m35|m0|E|401|-|FE|-,6m35,FE,0,3,3,0.20545601,0.05366363,0.10264314,0.63823721
sha256:4748babd2b6ac0706cd9ed4bcfd4855c8d2c5535f01813fb2e10b68b31a24c0f:row:1712,3vnm|m0|A|302|-|MN|-,3vnm,MN,0,0,0,0.75182524,0.03785795,0.07568334,0.13463347
sha256:4748babd2b6ac0706cd9ed4bcfd4855c8d2c5535f01813fb2e10b68b31a24c0f:row:1721,8qav|m0|B|302|-|MN|-,8qav,MN,0,0,0,0.55709361,0.06626235,0.10782947,0.26881458
sha256:4748babd2b6ac0706cd9ed4bcfd4855c8d2c5535f01813fb2e10b68b31a24c0f:row:1723,3un5|m0|F|395|-|MN|-,3un5,MN,0,0,0,0.64392517,0.06645284,0.09181567,0.19780632
sha256:4748babd2b6ac0706cd9ed4bcfd4855c8d2c5535f01813fb2e10b68b31a24c0f:row:1724,4lra|m0|C|402|-|MN|-,4lra,MN,0,0,0,0.61990964,0.05560229,0.18218716,0.14230091
sha256:4748babd2b6ac0706cd9ed4bcfd4855c8d2c5535f01813fb2e10b68b31a24c0f:row:1727,4lrf|m0|B|401|-|MN|-,4lrf,MN,0,0,0,0.59627738,0.04499684,0.07713978,0.28158600
sha256:4748babd2b6ac0706cd9ed4bcfd4855c8d2c5535f01813fb2e10b68b31a24c0f:row:1731,1ovv|m0|B|102|-|CO|-,1ovv,CO,0,3,3,0.12895316,0.09490851,0.36401286,0.41212547
sha256:4748babd2b6ac0706cd9ed4bcfd4855c8d2c5535f01813fb2e10b68b31a24c0f:row:1734,6txc|m0|O|702|-|FE|-,6txc,FE,0,3,0,0.37396153,0.05933093,0.21339616,0.35331139
sha256:4748babd2b6ac0706cd9ed4bcfd4855c8d2c5535f01813fb2e10b68b31a24c0f:row:1740,5e1r|m0|E|801|-|CU|-,5e1r,CU,0,1,2,0.03974759,0.24794171,0.50706224,0.20524846
sha256:4748babd2b6ac0706cd9ed4bcfd4855c8d2c5535f01813fb2e10b68b31a24c0f:row:1747,8jq6|m0|B|501|-|MN|-,8jq6,MN,0,0,0,0.72052654,0.06652133,0.09047600,0.12247612
sha256:4748babd2b6ac0706cd9ed4bcfd4855c8d2c5535f01813fb2e10b68b31a24c0f:row:1750,5ntd|m0|K|602|-|MN|-,5ntd,MN,0,0,0,0.61088115,0.04364462,0.11263444,0.23283979
sha256:4748babd2b6ac0706cd9ed4bcfd4855c8d2c5535f01813fb2e10b68b31a24c0f:row:1753,3a6g|m0|D|300|-|MN|-,3a6g,MN,0,0,0,0.69752492,0.04498429,0.10370220,0.15378860
sha256:4748babd2b6ac0706cd9ed4bcfd4855c8d2c5535f01813fb2e10b68b31a24c0f:row:1754,8qav|m0|V|302|-|MN|-,8qav,MN,0,0,0,0.54216668,0.06598403,0.11299842,0.27885087
sha256:4748babd2b6ac0706cd9ed4bcfd4855c8d2c5535f01813fb2e10b68b31a24c0f:row:1759,1lt1|m0|H|1108|-|MN|-,1lt1,MN,0,0,0,0.66977184,0.03749972,0.07035127,0.22237717
sha256:4748babd2b6ac0706cd9ed4bcfd4855c8d2c5535f01813fb2e10b68b31a24c0f:row:1765,3uo0|m0|C|396|-|MN|-,3uo0,MN,0,0,0,0.68533810,0.05682441,0.09892651,0.15891098
sha256:4748babd2b6ac0706cd9ed4bcfd4855c8d2c5535f01813fb2e10b68b31a24c0f:row:1774,4lre|m0|A|401|-|MN|-,4lre,MN,0,0,0,0.63726966,0.05473903,0.09600614,0.21198518
sha256:4748babd2b6ac0706cd9ed4bcfd4855c8d2c5535f01813fb2e10b68b31a24c0f:row:1777,5ntd|m0|E|602|-|MN|-,5ntd,MN,0,0,0,0.56832811,0.05177769,0.13684446,0.24304974
sha256:4748babd2b6ac0706cd9ed4bcfd4855c8d2c5535f01813fb2e10b68b31a24c0f:row:1793,7t92|m0|A|402|-|ZN|-,7t92,ZN,0,2,2,0.04527224,0.06602715,0.76421223,0.12448837
sha256:4748babd2b6ac0706cd9ed4bcfd4855c8d2c5535f01813fb2e10b68b31a24c0f:row:1796,1m35|m0|C|2005|-|MN|-,1m35,MN,0,0,0,0.72868481,0.03851813,0.10696890,0.12582817
sha256:4748babd2b6ac0706cd9ed4bcfd4855c8d2c5535f01813fb2e10b68b31a24c0f:row:1800,1f2i|m0|I|3202|-|ZN|-,1f2i,ZN,0,2,2,0.04204283,0.11490495,0.72003487,0.12301734
sha256:4748babd2b6ac0706cd9ed4bcfd4855c8d2c5535f01813fb2e10b68b31a24c0f:row:1811,7ynx|m0|A|307|-|ZN|-,7ynx,ZN,0,2,2,0.03451445,0.09745125,0.77036373,0.09767058
sha256:4748babd2b6ac0706cd9ed4bcfd4855c8d2c5535f01813fb2e10b68b31a24c0f:row:1812,7cl2|m0|B|301|-|NI|-,7cl2,NI,0,3,3,0.29379166,0.07430210,0.11130265,0.52060359
sha256:4748babd2b6ac0706cd9ed4bcfd4855c8d2c5535f01813fb2e10b68b31a24c0f:row:1817,4d0z|m0|B|1570|-|MN|-,4d0z,MN,0,0,0,0.73697131,0.04415282,0.07964118,0.13923469
sha256:4748babd2b6ac0706cd9ed4bcfd4855c8d2c5535f01813fb2e10b68b31a24c0f:row:1818,6sna|m0|G|401|-|MN|-,6sna,MN,0,0,2,0.28627262,0.09778329,0.42923918,0.18670491
sha256:4748babd2b6ac0706cd9ed4bcfd4855c8d2c5535f01813fb2e10b68b31a24c0f:row:1834,7m4m|m0|A|801|-|ZN|-,7m4m,ZN,0,2,2,0.04305875,0.05624559,0.51851236,0.38218330
sha256:4748babd2b6ac0706cd9ed4bcfd4855c8d2c5535f01813fb2e10b68b31a24c0f:row:1842,1q0k|m0|F|118|-|NI|-,1q0k,NI,0,3,2,0.03812245,0.13687727,0.61390693,0.21109335
sha256:4748babd2b6ac0706cd9ed4bcfd4855c8d2c5535f01813fb2e10b68b31a24c0f:row:1845,6hue|m0|A|507|-|ZN|-,6hue,ZN,0,2,2,0.04984508,0.04994556,0.77697122,0.12323814
sha256:4748babd2b6ac0706cd9ed4bcfd4855c8d2c5535f01813fb2e10b68b31a24c0f:row:1854,3ob8|m0|D|3005|-|MN|-,3ob8,MN,0,0,2,0.34655797,0.08455197,0.36028801,0.20860206
sha256:4748babd2b6ac0706cd9ed4bcfd4855c8d2c5535f01813fb2e10b68b31a24c0f:row:1870,3un2|m0|A|395|-|MN|-,3un2,MN,0,0,0,0.58584690,0.05062667,0.11954454,0.24398190
sha256:4748babd2b6ac0706cd9ed4bcfd4855c8d2c5535f01813fb2e10b68b31a24c0f:row:1871,4lra|m0|A|402|-|MN|-,4lra,MN,0,0,0,0.69360162,0.05580139,0.08232438,0.16827262
sha256:4748babd2b6ac0706cd9ed4bcfd4855c8d2c5535f01813fb2e10b68b31a24c0f:row:1874,6ov8|m0|D|502|-|MN|-,6ov8,MN,0,0,0,0.61294684,0.05672123,0.13950401,0.19082792
sha256:4748babd2b6ac0706cd9ed4bcfd4855c8d2c5535f01813fb2e10b68b31a24c0f:row:1881,5nsm|m0|C|602|-|MN|-,5nsm,MN,0,0,0,0.54690467,0.07359304,0.18162947,0.19787282
sha256:4748babd2b6ac0706cd9ed4bcfd4855c8d2c5535f01813fb2e10b68b31a24c0f:row:1882,4lr7|m0|B|404|-|MN|-,4lr7,MN,0,0,0,0.61497391,0.07646022,0.14808013,0.16048574
sha256:4748babd2b6ac0706cd9ed4bcfd4855c8d2c5535f01813fb2e10b68b31a24c0f:row:1893,7ynx|m0|A|305|-|ZN|-,7ynx,ZN,0,2,2,0.03841179,0.08352384,0.78878852,0.08927585
sha256:4748babd2b6ac0706cd9ed4bcfd4855c8d2c5535f01813fb2e10b68b31a24c0f:row:1895,3ob8|m0|B|3005|-|MN|-,3ob8,MN,0,0,2,0.33398626,0.07729665,0.39551296,0.19320413
sha256:4748babd2b6ac0706cd9ed4bcfd4855c8d2c5535f01813fb2e10b68b31a24c0f:row:1896,8qav|m0|C|302|-|MN|-,8qav,MN,0,0,0,0.55721481,0.06627407,0.10783475,0.26867636
sha256:4748babd2b6ac0706cd9ed4bcfd4855c8d2c5535f01813fb2e10b68b31a24c0f:row:1899,5aew|m0|E|461|-|FE|-,5aew,FE,0,3,3,0.08353690,0.07736377,0.34455282,0.49454650
sha256:4748babd2b6ac0706cd9ed4bcfd4855c8d2c5535f01813fb2e10b68b31a24c0f:row:1915,7y10|m0|A|403|-|NI|-,7y10,NI,0,3,2,0.05944186,0.13571672,0.56343038,0.24141104
sha256:4748babd2b6ac0706cd9ed4bcfd4855c8d2c5535f01813fb2e10b68b31a24c0f:row:1925,3gcf|m0|D|501|-|FE|-,3gcf,FE,0,3,3,0.28216067,0.07235025,0.30978173,0.33570735
sha256:4748babd2b6ac0706cd9ed4bcfd4855c8d2c5535f01813fb2e10b68b31a24c0f:row:1927,5cna|m0|D|239|-|MN|-,5cna,MN,0,0,0,0.74935914,0.03710767,0.06359085,0.14994234
sha256:4748babd2b6ac0706cd9ed4bcfd4855c8d2c5535f01813fb2e10b68b31a24c0f:row:1929,4d0t|m0|F|1566|-|MN|-,4d0t,MN,0,0,0,0.62069129,0.05898768,0.10393531,0.21638571
sha256:4748babd2b6ac0706cd9ed4bcfd4855c8d2c5535f01813fb2e10b68b31a24c0f:row:1931,5ui1|m0|C|501|-|MN|-,5ui1,MN,0,0,0,0.59277419,0.05705924,0.11020214,0.23996443
sha256:4748babd2b6ac0706cd9ed4bcfd4855c8d2c5535f01813fb2e10b68b31a24c0f:row:1934,5u8y|m0|D|601|-|CO|-,5u8y,CO,0,3,3,0.08518280,0.08836143,0.10538700,0.72106878
sha256:4748babd2b6ac0706cd9ed4bcfd4855c8d2c5535f01813fb2e10b68b31a24c0f:row:1946,1m35|m0|F|2012|-|MN|-,1m35,MN,0,0,0,0.58988926,0.05664493,0.13507255,0.21839326
sha256:4748babd2b6ac0706cd9ed4bcfd4855c8d2c5535f01813fb2e10b68b31a24c0f:row:1955,7cl2|m0|A|301|-|NI|-,7cl2,NI,0,3,3,0.33564484,0.07912131,0.10905775,0.47617610
sha256:4748babd2b6ac0706cd9ed4bcfd4855c8d2c5535f01813fb2e10b68b31a24c0f:row:1968,7fjl|m0|E|502|-|FE|-,7fjl,FE,0,3,3,0.08735603,0.05750080,0.31178149,0.54336168
sha256:4748babd2b6ac0706cd9ed4bcfd4855c8d2c5535f01813fb2e10b68b31a24c0f:row:1980,7mgd|m0|D|301|-|MN|-,7mgd,MN,0,0,0,0.77311497,0.03782151,0.06248625,0.12657727
sha256:4748babd2b6ac0706cd9ed4bcfd4855c8d2c5535f01813fb2e10b68b31a24c0f:row:1997,1z01|m0|C|501|-|FE|-,1z01,FE,0,3,3,0.31661084,0.06248788,0.15649401,0.46440726
sha256:4748babd2b6ac0706cd9ed4bcfd4855c8d2c5535f01813fb2e10b68b31a24c0f:row:1998,3a6f|m0|C|300|-|MN|-,3a6f,MN,0,0,0,0.68876425,0.04119763,0.12582689,0.14421124
sha256:4748babd2b6ac0706cd9ed4bcfd4855c8d2c5535f01813fb2e10b68b31a24c0f:row:2001,3m8z|m0|C|395|-|MN|-,3m8z,MN,0,0,0,0.59701928,0.05850010,0.12308318,0.22139744
sha256:4748babd2b6ac0706cd9ed4bcfd4855c8d2c5535f01813fb2e10b68b31a24c0f:row:2004,2yav|m0|D|402|-|FE|-,2yav,FE,0,3,3,0.13173292,0.04635811,0.11072863,0.71118034
sha256:4748babd2b6ac0706cd9ed4bcfd4855c8d2c5535f01813fb2e10b68b31a24c0f:row:2012,4qnk|m0|G|301|-|MN|-,4qnk,MN,0,0,0,0.61366821,0.04245488,0.06854460,0.27533231
sha256:4748babd2b6ac0706cd9ed4bcfd4855c8d2c5535f01813fb2e10b68b31a24c0f:row:2020,2yfc|m0|B|1146|-|MN|-,2yfc,MN,0,0,0,0.72563503,0.03847677,0.07755361,0.15833459
sha256:4748babd2b6ac0706cd9ed4bcfd4855c8d2c5535f01813fb2e10b68b31a24c0f:row:2032,5cna|m0|C|239|-|MN|-,5cna,MN,0,0,0,0.69989378,0.04133564,0.08035795,0.17841264
sha256:4748babd2b6ac0706cd9ed4bcfd4855c8d2c5535f01813fb2e10b68b31a24c0f:row:2034,3m8z|m0|A|396|-|MN|-,3m8z,MN,0,0,0,0.67854650,0.05429093,0.12604989,0.14111267
sha256:4748babd2b6ac0706cd9ed4bcfd4855c8d2c5535f01813fb2e10b68b31a24c0f:row:2045,2yav|m0|F|402|-|FE|-,2yav,FE,0,3,3,0.26041146,0.05493160,0.09428550,0.59037144
sha256:4748babd2b6ac0706cd9ed4bcfd4855c8d2c5535f01813fb2e10b68b31a24c0f:row:2046,6fwh|m0|G|201|-|MN|-,6fwh,MN,0,0,0,0.60994287,0.05023642,0.06827099,0.27154973
sha256:4748babd2b6ac0706cd9ed4bcfd4855c8d2c5535f01813fb2e10b68b31a24c0f:row:2049,1lt1|m0|A|1101|-|MN|-,1lt1,MN,0,0,0,0.62062852,0.05153202,0.07698906,0.25085040
sha256:4748babd2b6ac0706cd9ed4bcfd4855c8d2c5535f01813fb2e10b68b31a24c0f:row:2052,1t6u|m0|K|211|-|NI|-,1t6u,NI,0,3,3,0.04898512,0.10828447,0.32885939,0.51387102
sha256:4748babd2b6ac0706cd9ed4bcfd4855c8d2c5535f01813fb2e10b68b31a24c0f:row:2055,7oj5|m0|T|301|-|MN|-,7oj5,MN,0,0,0,0.56101734,0.06297993,0.08411148,0.29189125
sha256:4748babd2b6ac0706cd9ed4bcfd4855c8d2c5535f01813fb2e10b68b31a24c0f:row:2058,1m35|m0|E|2009|-|MN|-,1m35,MN,0,0,0,0.69005362,0.03839625,0.11362297,0.15792716
sha256:4748babd2b6ac0706cd9ed4bcfd4855c8d2c5535f01813fb2e10b68b31a24c0f:row:2060,5u7n|m0|E|1000|-|CU|-,5u7n,CU,0,1,1,0.04046687,0.58623294,0.25829464,0.11500555
sha256:4748babd2b6ac0706cd9ed4bcfd4855c8d2c5535f01813fb2e10b68b31a24c0f:row:2064,1f1g|m0|E|4010|-|ZN|-,1f1g,ZN,0,2,1,0.04481073,0.58643461,0.27257630,0.09617835
sha256:4748babd2b6ac0706cd9ed4bcfd4855c8d2c5535f01813fb2e10b68b31a24c0f:row:2065,6qne|m0|C|401|-|FE|-,6qne,FE,0,3,3,0.33094944,0.04641019,0.10355632,0.51908406
sha256:4748babd2b6ac0706cd9ed4bcfd4855c8d2c5535f01813fb2e10b68b31a24c0f:row:2069,4e2s|m0|N|301|-|MN|-,4e2s,MN,0,0,0,0.52305234,0.05806813,0.08528908,0.33359045
sha256:4748babd2b6ac0706cd9ed4bcfd4855c8d2c5535f01813fb2e10b68b31a24c0f:row:2076,4e9x|m0|C|3401|-|CU|-,4e9x,CU,0,1,1,0.04530482,0.38563017,0.34659578,0.22246923
sha256:4748babd2b6ac0706cd9ed4bcfd4855c8d2c5535f01813fb2e10b68b31a24c0f:row:2085,3gcf|m0|N|501|-|FE|-,3gcf,FE,0,3,3,0.16571025,0.05728587,0.12129819,0.65570570
sha256:4748babd2b6ac0706cd9ed4bcfd4855c8d2c5535f01813fb2e10b68b31a24c0f:row:2086,2p0n|m0|A|605|-|MN|-,2p0n,MN,0,0,0,0.55937577,0.04774918,0.08283429,0.31004076
sha256:4748babd2b6ac0706cd9ed4bcfd4855c8d2c5535f01813fb2e10b68b31a24c0f:row:2112,1lt1|m0|B|1102|-|MN|-,1lt1,MN,0,0,0,0.60407856,0.05517922,0.08783146,0.25291075
sha256:4748babd2b6ac0706cd9ed4bcfd4855c8d2c5535f01813fb2e10b68b31a24c0f:row:2128,2xgf|m0|A|2032|-|FE|-,2xgf,FE,0,3,3,0.13919260,0.09477078,0.16743169,0.59860493
sha256:4748babd2b6ac0706cd9ed4bcfd4855c8d2c5535f01813fb2e10b68b31a24c0f:row:2135,8qav|m0|H|301|-|MN|-,8qav,MN,0,0,0,0.66607266,0.06262869,0.07914526,0.19215338
sha256:4748babd2b6ac0706cd9ed4bcfd4855c8d2c5535f01813fb2e10b68b31a24c0f:row:2140,4uxa|m0|Q|200|-|MN|-,4uxa,MN,0,0,3,0.41604589,0.06607869,0.08704523,0.43083019
sha256:4748babd2b6ac0706cd9ed4bcfd4855c8d2c5535f01813fb2e10b68b31a24c0f:row:2144,6luh|m0|A|401|-|MN|-,6luh,MN,0,0,0,0.67858220,0.04788375,0.08176973,0.19176432
sha256:4748babd2b6ac0706cd9ed4bcfd4855c8d2c5535f01813fb2e10b68b31a24c0f:row:2149,3m8z|m0|B|395|-|MN|-,3m8z,MN,0,0,0,0.60241402,0.04922484,0.08783127,0.26052987
sha256:4748babd2b6ac0706cd9ed4bcfd4855c8d2c5535f01813fb2e10b68b31a24c0f:row:2153,8fty|m0|B|1000|-|FE|-,8fty,FE,0,3,3,0.12468380,0.11271065,0.32415317,0.43845237
sha256:4748babd2b6ac0706cd9ed4bcfd4855c8d2c5535f01813fb2e10b68b31a24c0f:row:2158,7oj5|m0|D|301|-|MN|-,7oj5,MN,0,0,0,0.56100982,0.06298000,0.08411026,0.29189992
sha256:4748babd2b6ac0706cd9ed4bcfd4855c8d2c5535f01813fb2e10b68b31a24c0f:row:2159,6sv1|m0|C|201|-|FE|-,6sv1,FE,0,3,0,0.50772648,0.04725958,0.15250788,0.29250605
sha256:4748babd2b6ac0706cd9ed4bcfd4855c8d2c5535f01813fb2e10b68b31a24c0f:row:2184,2y9x|m0|D|401|-|CU|-,2y9x,CU,0,1,1,0.04647284,0.48541359,0.20571436,0.26239920
sha256:4748babd2b6ac0706cd9ed4bcfd4855c8d2c5535f01813fb2e10b68b31a24c0f:row:2192,5fli|m0|A|300|-|NI|-,5fli,NI,0,3,3,0.32160249,0.09158624,0.13594710,0.45086417
sha256:4748babd2b6ac0706cd9ed4bcfd4855c8d2c5535f01813fb2e10b68b31a24c0f:row:2193,5ntd|m0|D|603|-|MN|-,5ntd,MN,0,0,0,0.53616872,0.06035306,0.11397467,0.28950355
sha256:4748babd2b6ac0706cd9ed4bcfd4855c8d2c5535f01813fb2e10b68b31a24c0f:row:2198,6s0u|m0|F|302|-|NI|-,6s0u,NI,0,3,3,0.10316918,0.11060215,0.21957410,0.56665457
sha256:4748babd2b6ac0706cd9ed4bcfd4855c8d2c5535f01813fb2e10b68b31a24c0f:row:2202,2yaw|m0|B|401|-|FE|-,2yaw,FE,0,3,3,0.31921555,0.05364132,0.10947166,0.51767148
sha256:4748babd2b6ac0706cd9ed4bcfd4855c8d2c5535f01813fb2e10b68b31a24c0f:row:2219,8jq3|m0|C|502|-|MN|-,8jq3,MN,0,0,0,0.62935493,0.04513613,0.13293461,0.19257433
sha256:4748babd2b6ac0706cd9ed4bcfd4855c8d2c5535f01813fb2e10b68b31a24c0f:row:2226,6ie2|m0|C|400|-|MN|-,6ie2,MN,0,0,2,0.30770672,0.07021742,0.31749992,0.30457594
sha256:4748babd2b6ac0706cd9ed4bcfd4855c8d2c5535f01813fb2e10b68b31a24c0f:row:2229,3a6k|m0|C|300|-|MN|-,3a6k,MN,0,0,0,0.69210426,0.07198206,0.12783157,0.10808210
sha256:4748babd2b6ac0706cd9ed4bcfd4855c8d2c5535f01813fb2e10b68b31a24c0f:row:2232,4lr8|m0|B|401|-|MN|-,4lr8,MN,0,0,0,0.63023126,0.05019878,0.06894054,0.25062942
sha256:4748babd2b6ac0706cd9ed4bcfd4855c8d2c5535f01813fb2e10b68b31a24c0f:row:2236,8dq3|m0|A|401|-|MN|-,8dq3,MN,0,0,0,0.68378839,0.04982853,0.14070344,0.12567965
sha256:4748babd2b6ac0706cd9ed4bcfd4855c8d2c5535f01813fb2e10b68b31a24c0f:row:2237,3zk4|m0|C|801|-|MN|-,3zk4,MN,0,0,0,0.70547972,0.05752350,0.08334201,0.15365476
sha256:4748babd2b6ac0706cd9ed4bcfd4855c8d2c5535f01813fb2e10b68b31a24c0f:row:2239,3m8w|m0|C|395|-|MN|-,3m8w,MN,0,0,0,0.62343081,0.05193032,0.09313281,0.23150607
sha256:4748babd2b6ac0706cd9ed4bcfd4855c8d2c5535f01813fb2e10b68b31a24c0f:row:2241,5ndf|m0|C|601|-|MN|-,5ndf,MN,0,0,3,0.41507444,0.06014438,0.10705361,0.41772757
sha256:4748babd2b6ac0706cd9ed4bcfd4855c8d2c5535f01813fb2e10b68b31a24c0f:row:2244,5ndf|m0|E|601|-|MN|-,5ndf,MN,0,0,0,0.68103414,0.06607403,0.09414044,0.15875139
sha256:4748babd2b6ac0706cd9ed4bcfd4855c8d2c5535f01813fb2e10b68b31a24c0f:row:2251,6sna|m0|F|401|-|MN|-,6sna,MN,0,0,2,0.27611245,0.09964923,0.46040774,0.16383058
sha256:4748babd2b6ac0706cd9ed4bcfd4855c8d2c5535f01813fb2e10b68b31a24c0f:row:2254,1woi|m0|A|1501|-|MN|-,1woi,MN,0,0,0,0.65751931,0.06428702,0.12741538,0.15077829
sha256:4748babd2b6ac0706cd9ed4bcfd4855c8d2c5535f01813fb2e10b68b31a24c0f:row:2255,3m8y|m0|C|395|-|MN|-,3m8y,MN,0,0,0,0.65930345,0.04231947,0.12191297,0.17646411
sha256:4748babd2b6ac0706cd9ed4bcfd4855c8d2c5535f01813fb2e10b68b31a24c0f:row:2260,1q0g|m0|A|118|-|NI|-,1q0g,NI,0,3,2,0.04149980,0.13883419,0.56681611,0.25284990
sha256:4748babd2b6ac0706cd9ed4bcfd4855c8d2c5535f01813fb2e10b68b31a24c0f:row:2262,5u7n|m0|F|201|-|CU|-,5u7n,CU,0,1,2,0.04747871,0.38202665,0.45540795,0.11508670
sha256:4748babd2b6ac0706cd9ed4bcfd4855c8d2c5535f01813fb2e10b68b31a24c0f:row:2265,7k3u|m0|C|402|-|MN|-,7k3u,MN,0,0,0,0.70411538,0.04726110,0.10869222,0.13993130
sha256:4748babd2b6ac0706cd9ed4bcfd4855c8d2c5535f01813fb2e10b68b31a24c0f:row:2270,8ssq|m0|A|706|-|ZN|-,8ssq,ZN,0,2,2,0.05099219,0.08281702,0.73616812,0.13002267
sha256:4748babd2b6ac0706cd9ed4bcfd4855c8d2c5535f01813fb2e10b68b31a24c0f:row:2271,6reg|m0|A|309|-|ZN|-,6reg,ZN,0,2,1,0.05432486,0.40326965,0.34572610,0.19667939
sha256:4748babd2b6ac0706cd9ed4bcfd4855c8d2c5535f01813fb2e10b68b31a24c0f:row:2274,8qaw|m0|G|303|-|MN|-,8qaw,MN,0,0,0,0.60946755,0.04712670,0.06351056,0.27989519
sha256:4748babd2b6ac0706cd9ed4bcfd4855c8d2c5535f01813fb2e10b68b31a24c0f:row:2279,7dt0|m0|A|502|-|FE|-,7dt0,FE,0,3,3,0.10488734,0.05148918,0.10390441,0.73971907
sha256:4748babd2b6ac0706cd9ed4bcfd4855c8d2c5535f01813fb2e10b68b31a24c0f:row:2280,3phx|m0|B|1|-|ZN|-,3phx,ZN,0,2,2,0.05151029,0.13585241,0.67157653,0.14106076
sha256:4748babd2b6ac0706cd9ed4bcfd4855c8d2c5535f01813fb2e10b68b31a24c0f:row:2281,8qax|m0|C|301|-|MN|-,8qax,MN,0,0,0,0.57211784,0.05056076,0.06969192,0.30762949
sha256:4748babd2b6ac0706cd9ed4bcfd4855c8d2c5535f01813fb2e10b68b31a24c0f:row:2286,1vam|m0|A|238|-|MN|-,1vam,MN,0,0,0,0.79713238,0.04358294,0.06634555,0.09293913
sha256:4748babd2b6ac0706cd9ed4bcfd4855c8d2c5535f01813fb2e10b68b31a24c0f:row:2287,4z6p|m0|C|401|-|FE|-,4z6p,FE,0,3,3,0.13076200,0.04802732,0.07260913,0.74860155
sha256:4748babd2b6ac0706cd9ed4bcfd4855c8d2c5535f01813fb2e10b68b31a24c0f:row:2295,7aqs|m0|I|201|-|FE|-,7aqs,FE,0,3,0,0.39859449,0.09306911,0.28804605,0.22029035
sha256:4748babd2b6ac0706cd9ed4bcfd4855c8d2c5535f01813fb2e10b68b31a24c0f:row:2300,6nlr|m0|B|303|-|FE|-,6nlr,FE,0,3,3,0.31523568,0.11419836,0.23801551,0.33255045
sha256:4748babd2b6ac0706cd9ed4bcfd4855c8d2c5535f01813fb2e10b68b31a24c0f:row:2305,2vzb|m0|D|6205|-|FE|-,2vzb,FE,0,3,0,0.46948148,0.05317765,0.13627894,0.34106194
sha256:4748babd2b6ac0706cd9ed4bcfd4855c8d2c5535f01813fb2e10b68b31a24c0f:row:2306,1z03|m0|E|501|-|FE|-,1z03,FE,0,3,3,0.33265815,0.07450964,0.21128299,0.38154922
sha256:4748babd2b6ac0706cd9ed4bcfd4855c8d2c5535f01813fb2e10b68b31a24c0f:row:2307,6vcf|m0|D|1000|-|FE|-,6vcf,FE,0,3,3,0.08109018,0.36499930,0.14570482,0.40820569
sha256:4748babd2b6ac0706cd9ed4bcfd4855c8d2c5535f01813fb2e10b68b31a24c0f:row:2309,2xso|m0|K|901|-|FE|-,2xso,FE,0,3,3,0.10063111,0.08119628,0.13817117,0.68000144
sha256:4748babd2b6ac0706cd9ed4bcfd4855c8d2c5535f01813fb2e10b68b31a24c0f:row:2316,6vcf|m0|F|1000|-|FE|-,6vcf,FE,0,3,3,0.06946302,0.36332077,0.14169780,0.42551840
sha256:4748babd2b6ac0706cd9ed4bcfd4855c8d2c5535f01813fb2e10b68b31a24c0f:row:2335,4lr7|m0|B|401|-|MN|-,4lr7,MN,0,0,0,0.60640441,0.05561171,0.09584695,0.24213693
sha256:4748babd2b6ac0706cd9ed4bcfd4855c8d2c5535f01813fb2e10b68b31a24c0f:row:2338,5da5|m0|X|201|-|FE|-,5da5,FE,0,3,0,0.50191879,0.05752305,0.09738809,0.34317007
sha256:4748babd2b6ac0706cd9ed4bcfd4855c8d2c5535f01813fb2e10b68b31a24c0f:row:2347,6s0r|m0|E|301|-|NI|-,6s0r,NI,0,3,3,0.08201363,0.10295911,0.34927238,0.46575488
sha256:4748babd2b6ac0706cd9ed4bcfd4855c8d2c5535f01813fb2e10b68b31a24c0f:row:2349,6suw|m0|C|201|-|FE|-,6suw,FE,0,3,0,0.45270902,0.04806131,0.19702885,0.30220082
sha256:4748babd2b6ac0706cd9ed4bcfd4855c8d2c5535f01813fb2e10b68b31a24c0f:row:2352,3ak9|m0|F|168|-|FE|-,3ak9,FE,0,3,0,0.42139544,0.06005229,0.21215218,0.30640009
sha256:4748babd2b6ac0706cd9ed4bcfd4855c8d2c5535f01813fb2e10b68b31a24c0f:row:2353,4aq6|m0|B|837|-|FE|-,4aq6,FE,0,3,0,0.39507743,0.07159800,0.22399993,0.30932463
sha256:4748babd2b6ac0706cd9ed4bcfd4855c8d2c5535f01813fb2e10b68b31a24c0f:row:2360,7uhy|m0|A|1001|-|ZN|-,7uhy,ZN,0,2,2,0.04399487,0.05723552,0.75212557,0.14664404
sha256:4748babd2b6ac0706cd9ed4bcfd4855c8d2c5535f01813fb2e10b68b31a24c0f:row:2363,3uny|m0|D|396|-|MN|-,3uny,MN,0,0,2,0.30032190,0.05641792,0.46485226,0.17840791
sha256:4748babd2b6ac0706cd9ed4bcfd4855c8d2c5535f01813fb2e10b68b31a24c0f:row:2366,1vln|m0|B|238|-|MN|-,1vln,MN,0,0,0,0.83327766,0.03488505,0.05412498,0.07771231
sha256:4748babd2b6ac0706cd9ed4bcfd4855c8d2c5535f01813fb2e10b68b31a24c0f:row:2377,3m8w|m0|C|396|-|MN|-,3m8w,MN,0,0,0,0.64495155,0.06765622,0.13803975,0.14935247
sha256:4748babd2b6ac0706cd9ed4bcfd4855c8d2c5535f01813fb2e10b68b31a24c0f:row:2378,2yf3|m0|F|1148|-|MN|-,2yf3,MN,0,0,0,0.61727134,0.03524301,0.09252680,0.25495885
sha256:4748babd2b6ac0706cd9ed4bcfd4855c8d2c5535f01813fb2e10b68b31a24c0f:row:2380,8qay|m0|G|303|-|MN|-,8qay,MN,0,0,0,0.59818135,0.05165620,0.09425189,0.25591055
sha256:4748babd2b6ac0706cd9ed4bcfd4855c8d2c5535f01813fb2e10b68b31a24c0f:row:2391,1z6o|m0|U|300|-|FE|-,1z6o,FE,0,3,2,0.10815560,0.06152164,0.45141117,0.37891159
sha256:4748babd2b6ac0706cd9ed4bcfd4855c8d2c5535f01813fb2e10b68b31a24c0f:row:2392,1m35|m0|B|2003|-|MN|-,1m35,MN,0,0,0,0.69079559,0.04036529,0.11202275,0.15681637
sha256:4748babd2b6ac0706cd9ed4bcfd4855c8d2c5535f01813fb2e10b68b31a24c0f:row:2393,8ssq|m0|A|701|-|ZN|-,8ssq,ZN,0,2,2,0.04493400,0.09109003,0.70886249,0.15511348
sha256:4748babd2b6ac0706cd9ed4bcfd4855c8d2c5535f01813fb2e10b68b31a24c0f:row:2395,4rap|m0|B|501|-|FE|-,4rap,FE,0,3,2,0.06122180,0.07417187,0.73584977,0.12875656
sha256:4748babd2b6ac0706cd9ed4bcfd4855c8d2c5535f01813fb2e10b68b31a24c0f:row:2397,7oj5|m0|J|301|-|MN|-,7oj5,MN,0,0,0,0.56099329,0.06297956,0.08410978,0.29191736
sha256:4748babd2b6ac0706cd9ed4bcfd4855c8d2c5535f01813fb2e10b68b31a24c0f:row:2402,8ssq|m0|A|702|-|ZN|-,8ssq,ZN,0,2,2,0.04382815,0.11375911,0.60841981,0.23399293
sha256:4748babd2b6ac0706cd9ed4bcfd4855c8d2c5535f01813fb2e10b68b31a24c0f:row:2405,3zk4|m0|B|800|-|FE|-,3zk4,FE,0,3,3,0.21293386,0.08347476,0.17313094,0.53046044
sha256:4748babd2b6ac0706cd9ed4bcfd4855c8d2c5535f01813fb2e10b68b31a24c0f:row:2410,6sv1|m0|Y|201|-|FE|-,6sv1,FE,0,3,0,0.45017905,0.04684581,0.11714738,0.38582776
sha256:4748babd2b6ac0706cd9ed4bcfd4855c8d2c5535f01813fb2e10b68b31a24c0f:row:2412,1vln|m0|G|238|-|MN|-,1vln,MN,0,0,0,0.81649885,0.03866430,0.05721826,0.08761859
sha256:4748babd2b6ac0706cd9ed4bcfd4855c8d2c5535f01813fb2e10b68b31a24c0f:row:2415,5fv9|m0|E|1571|-|MN|-,5fv9,MN,0,0,2,0.27223291,0.11525484,0.41750215,0.19501010
sha256:4748babd2b6ac0706cd9ed4bcfd4855c8d2c5535f01813fb2e10b68b31a24c0f:row:2416,3vyl|m0|G|1001|-|MN|-,3vyl,MN,0,0,0,0.61345995,0.06257300,0.17097836,0.15298869
sha256:4748babd2b6ac0706cd9ed4bcfd4855c8d2c5535f01813fb2e10b68b31a24c0f:row:2424,2wyr|m0|E|2657|-|CO|-,2wyr,CO,0,3,2,0.23185880,0.07558623,0.54157021,0.15098476
sha256:4748babd2b6ac0706cd9ed4bcfd4855c8d2c5535f01813fb2e10b68b31a24c0f:row:2427,7aqs|m0|P|201|-|FE|-,7aqs,FE,0,3,0,0.36175376,0.11778125,0.31007247,0.21039252
sha256:4748babd2b6ac0706cd9ed4bcfd4855c8d2c5535f01813fb2e10b68b31a24c0f:row:2437,4lrb|m0|A|401|-|MN|-,4lrb,MN,0,0,0,0.62301569,0.04306010,0.08672932,0.24719489
sha256:4748babd2b6ac0706cd9ed4bcfd4855c8d2c5535f01813fb2e10b68b31a24c0f:row:2442,4b2o|m0|A|1266|-|FE|-,4b2o,FE,0,3,0,0.46762410,0.05027030,0.12448977,0.35761582
sha256:4748babd2b6ac0706cd9ed4bcfd4855c8d2c5535f01813fb2e10b68b31a24c0f:row:2447,8qaw|m0|D|305|-|MN|-,8qaw,MN,0,0,0,0.59532727,0.04472730,0.06393575,0.29600969
sha256:4748babd2b6ac0706cd9ed4bcfd4855c8d2c5535f01813fb2e10b68b31a24c0f:row:2449,6nlr|m0|B|302|-|FE|-,6nlr,FE,0,3,2,0.08229146,0.13618847,0.49353022,0.28798985
sha256:4748babd2b6ac0706cd9ed4bcfd4855c8d2c5535f01813fb2e10b68b31a24c0f:row:2454,3gcf|m0|B|501|-|FE|-,3gcf,FE,0,3,3,0.26987402,0.04992160,0.12697479,0.55322959
sha256:4748babd2b6ac0706cd9ed4bcfd4855c8d2c5535f01813fb2e10b68b31a24c0f:row:2456,7oj5|m0|K|302|-|MN|-,7oj5,MN,0,0,0,0.53786924,0.05794225,0.19444276,0.20974574
sha256:4748babd2b6ac0706cd9ed4bcfd4855c8d2c5535f01813fb2e10b68b31a24c0f:row:2457,2ji1|m0|B|1127|-|FE|-,2ji1,FE,0,3,2,0.05456336,0.04875682,0.77288993,0.12378989
sha256:4748babd2b6ac0706cd9ed4bcfd4855c8d2c5535f01813fb2e10b68b31a24c0f:row:2459,1by4|m0|C|2330|-|ZN|-,1by4,ZN,0,2,2,0.04619820,0.05185998,0.77223531,0.12970652
sha256:4748babd2b6ac0706cd9ed4bcfd4855c8d2c5535f01813fb2e10b68b31a24c0f:row:2466,2ji3|m0|A|1127|-|FE|-,2ji3,FE,0,3,2,0.05682982,0.04566141,0.76807276,0.12943600
sha256:4748babd2b6ac0706cd9ed4bcfd4855c8d2c5535f01813fb2e10b68b31a24c0f:row:2473,4d0z|m0|E|1586|-|MN|-,4d0z,MN,0,0,0,0.70927053,0.05409428,0.08312229,0.15351290
sha256:4748babd2b6ac0706cd9ed4bcfd4855c8d2c5535f01813fb2e10b68b31a24c0f:row:2476,1vkm|m0|C|300|-|MN|-,1vkm,MN,0,0,0,0.53925395,0.04727776,0.09919449,0.31427380
sha256:4748babd2b6ac0706cd9ed4bcfd4855c8d2c5535f01813fb2e10b68b31a24c0f:row:2479,2p0n|m0|B|606|-|MN|-,2p0n,MN,0,0,0,0.64513120,0.04998618,0.09121041,0.21367221
sha256:4748babd2b6ac0706cd9ed4bcfd4855c8d2c5535f01813fb2e10b68b31a24c0f:row:2482,7aqs|m0|D|201|-|FE|-,7aqs,FE,0,3,0,0.40679816,0.09591810,0.30034255,0.19694119
sha256:4748babd2b6ac0706cd9ed4bcfd4855c8d2c5535f01813fb2e10b68b31a24c0f:row:2496,1z6o|m0|X|300|-|FE|-,1z6o,FE,0,3,2,0.10816035,0.06152445,0.45134077,0.37897443
sha256:4748babd2b6ac0706cd9ed4bcfd4855c8d2c5535f01813fb2e10b68b31a24c0f:row:2497,2y9x|m0|D|400|-|CU|-,2y9x,CU,0,1,3,0.09622081,0.23569812,0.17479520,0.49328587
sha256:4748babd2b6ac0706cd9ed4bcfd4855c8d2c5535f01813fb2e10b68b31a24c0f:row:2500,4aq6|m0|L|837|-|FE|-,4aq6,FE,0,3,3,0.35069609,0.07500646,0.18678193,0.38751552
sha256:4748babd2b6ac0706cd9ed4bcfd4855c8d2c5535f01813fb2e10b68b31a24c0f:row:2503,4aq6|m0|A|837|-|FE|-,4aq6,FE,0,3,0,0.40011584,0.08438418,0.18965883,0.32584114
sha256:4748babd2b6ac0706cd9ed4bcfd4855c8d2c5535f01813fb2e10b68b31a24c0f:row:2507,2xso|m0|C|901|-|FE|-,2xso,FE,0,3,3,0.11875540,0.09211274,0.21695048,0.57218138
sha256:4748babd2b6ac0706cd9ed4bcfd4855c8d2c5535f01813fb2e10b68b31a24c0f:row:2517,4z6p|m0|A|401|-|FE|-,4z6p,FE,0,3,3,0.19494727,0.04692601,0.06803674,0.69008998
sha256:4748babd2b6ac0706cd9ed4bcfd4855c8d2c5535f01813fb2e10b68b31a24c0f:row:2528,3phx|m0|A|186|-|ZN|-,3phx,ZN,0,2,0,0.39042688,0.05893622,0.26463967,0.28599723
sha256:4748babd2b6ac0706cd9ed4bcfd4855c8d2c5535f01813fb2e10b68b31a24c0f:row:2531,1j2t|m0|F|301|-|MN|-,1j2t,MN,0,0,0,0.66985545,0.04027516,0.11419843,0.17567097
sha256:4748babd2b6ac0706cd9ed4bcfd4855c8d2c5535f01813fb2e10b68b31a24c0f:row:2538,3m8y|m0|B|396|-|MN|-,3m8y,MN,0,0,0,0.64400751,0.04322792,0.13699479,0.17576978
sha256:4748babd2b6ac0706cd9ed4bcfd4855c8d2c5535f01813fb2e10b68b31a24c0f:row:2541,3vnm|m0|B|302|-|MN|-,3vnm,MN,0,0,0,0.72123157,0.03766710,0.08344299,0.15765834
sha256:4748babd2b6ac0706cd9ed4bcfd4855c8d2c5535f01813fb2e10b68b31a24c0f:row:2542,7oj5|m0|D|302|-|MN|-,7oj5,MN,0,0,0,0.53775462,0.05794233,0.19464914,0.20965391
sha256:4748babd2b6ac0706cd9ed4bcfd4855c8d2c5535f01813fb2e10b68b31a24c0f:row:2543,8qav|m0|P|303|-|MN|-,8qav,MN,0,0,0,0.54221578,0.06597280,0.11294322,0.27886820
sha256:4748babd2b6ac0706cd9ed4bcfd4855c8d2c5535f01813fb2e10b68b31a24c0f:row:2548,8qav|m0|S|303|-|MN|-,8qav,MN,0,0,0,0.55711588,0.06626286,0.10784143,0.26877983
sha256:4748babd2b6ac0706cd9ed4bcfd4855c8d2c5535f01813fb2e10b68b31a24c0f:row:2555,2gyq|m0|A|410|-|ZN|A,2gyq,ZN,0,2,2,0.07166562,0.07127736,0.68474757,0.17230945
sha256:4748babd2b6ac0706cd9ed4bcfd4855c8d2c5535f01813fb2e10b68b31a24c0f:row:2571,4z6p|m0|B|401|-|FE|-,4z6p,FE,0,3,3,0.23371233,0.04941428,0.06074916,0.65612424
sha256:4748babd2b6ac0706cd9ed4bcfd4855c8d2c5535f01813fb2e10b68b31a24c0f:row:2582,7td5|m0|A|1003|-|ZN|-,7td5,ZN,0,2,2,0.04167413,0.06534130,0.78633236,0.10665221
sha256:4748babd2b6ac0706cd9ed4bcfd4855c8d2c5535f01813fb2e10b68b31a24c0f:row:2586,4lr8|m0|A|402|-|MN|-,4lr8,MN,0,0,0,0.64244120,0.04875235,0.11835996,0.19044649
sha256:4748babd2b6ac0706cd9ed4bcfd4855c8d2c5535f01813fb2e10b68b31a24c0f:row:2588,4e2q|m0|P|301|-|MN|-,4e2q,MN,0,0,0,0.48366484,0.10295768,0.19156859,0.22180889
sha256:4748babd2b6ac0706cd9ed4bcfd4855c8d2c5535f01813fb2e10b68b31a24c0f:row:2595,6s0t|m0|B|302|-|NI|-,6s0t,NI,0,3,3,0.26056578,0.10162212,0.11002254,0.52778955
sha256:4748babd2b6ac0706cd9ed4bcfd4855c8d2c5535f01813fb2e10b68b31a24c0f:row:2600,5nsm|m0|B|602|-|MN|-,5nsm,MN,0,0,0,0.52856705,0.07761410,0.16530819,0.22851067
sha256:4748babd2b6ac0706cd9ed4bcfd4855c8d2c5535f01813fb2e10b68b31a24c0f:row:2603,4rap|m0|J|501|-|FE|-,4rap,FE,0,3,2,0.05664622,0.09053265,0.70759873,0.14522240
sha256:4748babd2b6ac0706cd9ed4bcfd4855c8d2c5535f01813fb2e10b68b31a24c0f:row:2619,1q0m|m0|E|118|-|NI|-,1q0m,NI,0,3,2,0.03977105,0.12018343,0.62519832,0.21484720
sha256:4748babd2b6ac0706cd9ed4bcfd4855c8d2c5535f01813fb2e10b68b31a24c0f:row:2620,1wog|m0|B|1604|-|MN|-,1wog,MN,0,0,0,0.59885120,0.04519926,0.21671079,0.13923875
sha256:4748babd2b6ac0706cd9ed4bcfd4855c8d2c5535f01813fb2e10b68b31a24c0f:row:2625,2ji2|m0|D|1128|-|FE|-,2ji2,FE,0,3,3,0.34978538,0.09098241,0.13709769,0.42213452
sha256:4748babd2b6ac0706cd9ed4bcfd4855c8d2c5535f01813fb2e10b68b31a24c0f:row:2628,8qav|m0|A|301|-|MN|-,8qav,MN,0,0,0,0.66609006,0.06262756,0.07914029,0.19214210
sha256:4748babd2b6ac0706cd9ed4bcfd4855c8d2c5535f01813fb2e10b68b31a24c0f:row:2629,4lra|m0|B|401|-|MN|-,4lra,MN,0,0,0,0.58717127,0.04340004,0.09459857,0.27483011
sha256:4748babd2b6ac0706cd9ed4bcfd4855c8d2c5535f01813fb2e10b68b31a24c0f:row:2638,7oj5|m0|H|301|-|MN|-,7oj5,MN,0,0,0,0.56109620,0.06298617,0.08411204,0.29180560
sha256:4748babd2b6ac0706cd9ed4bcfd4855c8d2c5535f01813fb2e10b68b31a24c0f:row:2639,4ljq|m0|B|1105|-|ZN|-,4ljq,ZN,0,2,1,0.04613473,0.34879238,0.28941491,0.31565798
sha256:4748babd2b6ac0706cd9ed4bcfd4855c8d2c5535f01813fb2e10b68b31a24c0f:row:2645,7k3u|m0|D|401|-|MN|-,7k3u,MN,0,0,0,0.68701153,0.04047326,0.10702718,0.16548802
sha256:4748babd2b6ac0706cd9ed4bcfd4855c8d2c5535f01813fb2e10b68b31a24c0f:row:2648,7uhy|m0|C|1003|-|ZN|-,7uhy,ZN,0,2,2,0.04796180,0.07780568,0.76025252,0.11398000
sha256:4748babd2b6ac0706cd9ed4bcfd4855c8d2c5535f01813fb2e10b68b31a24c0f:row:2654,1m35|m0|A|2001|-|MN|-,1m35,MN,0,0,0,0.71256656,0.03970452,0.13671270,0.11101622
sha256:4748babd2b6ac0706cd9ed4bcfd4855c8d2c5535f01813fb2e10b68b31a24c0f:row:2659,6ov8|m0|E|502|-|MN|-,6ov8,MN,0,0,0,0.68995629,0.04549271,0.07951016,0.18504084
sha256:4748babd2b6ac0706cd9ed4bcfd4855c8d2c5535f01813fb2e10b68b31a24c0f:row:2663,3m8w|m0|B|395|-|MN|-,3m8w,MN,0,0,0,0.59081529,0.04455221,0.07758691,0.28704558
sha256:4748babd2b6ac0706cd9ed4bcfd4855c8d2c5535f01813fb2e10b68b31a24c0f:row:2668,7ynx|m0|A|308|-|ZN|-,7ynx,ZN,0,2,2,0.04145272,0.08882245,0.76884392,0.10088090
sha256:4748babd2b6ac0706cd9ed4bcfd4855c8d2c5535f01813fb2e10b68b31a24c0f:row:2669,4k95|m0|A|506|-|ZN|-,4k95,ZN,0,2,2,0.03793644,0.22093614,0.64071674,0.10041068
sha256:4748babd2b6ac0706cd9ed4bcfd4855c8d2c5535f01813fb2e10b68b31a24c0f:row:2673,8qax|m0|F|302|-|MN|-,8qax,MN,0,0,0,0.52731129,0.06108701,0.06914506,0.34245664
sha256:4748babd2b6ac0706cd9ed4bcfd4855c8d2c5535f01813fb2e10b68b31a24c0f:row:2674,4bif|m0|B|1132|-|MN|-,4bif,MN,0,0,0,0.53283668,0.07358962,0.07315721,0.32041649
sha256:4748babd2b6ac0706cd9ed4bcfd4855c8d2c5535f01813fb2e10b68b31a24c0f:row:2677,6s0w|m0|B|302|-|NI|-,6s0w,NI,0,3,3,0.13286645,0.11121466,0.12182189,0.63409700
sha256:4748babd2b6ac0706cd9ed4bcfd4855c8d2c5535f01813fb2e10b68b31a24c0f:row:2683,1woi|m0|E|1510|-|MN|-,1woi,MN,0,0,0,0.68803608,0.04698399,0.12030669,0.14467325
sha256:4748babd2b6ac0706cd9ed4bcfd4855c8d2c5535f01813fb2e10b68b31a24c0f:row:2684,6vcf|m0|C|501|-|FE|-,6vcf,FE,0,3,3,0.08357827,0.36319260,0.14493439,0.40829474
sha256:4748babd2b6ac0706cd9ed4bcfd4855c8d2c5535f01813fb2e10b68b31a24c0f:row:2685,3phx|m0|A|185|-|ZN|-,3phx,ZN,0,2,3,0.05437500,0.17088716,0.36805915,0.40667869
sha256:4748babd2b6ac0706cd9ed4bcfd4855c8d2c5535f01813fb2e10b68b31a24c0f:row:2687,8eaz|m0|A|1002|-|ZN|-,8eaz,ZN,0,2,2,0.03620113,0.09130962,0.76796957,0.10451968
sha256:4748babd2b6ac0706cd9ed4bcfd4855c8d2c5535f01813fb2e10b68b31a24c0f:row:2690,7k3u|m0|G|401|-|MN|-,7k3u,MN,0,0,0,0.67038921,0.04678459,0.14153352,0.14129269
sha256:4748babd2b6ac0706cd9ed4bcfd4855c8d2c5535f01813fb2e10b68b31a24c0f:row:2692,7oj5|m0|E|301|-|MN|-,7oj5,MN,0,0,0,0.56100595,0.06297952,0.08410938,0.29190516
sha256:4748babd2b6ac0706cd9ed4bcfd4855c8d2c5535f01813fb2e10b68b31a24c0f:row:2693,8dq3|m0|A|402|-|MN|-,8dq3,MN,0,0,0,0.74977561,0.03897379,0.09312530,0.11812530
sha256:4748babd2b6ac0706cd9ed4bcfd4855c8d2c5535f01813fb2e10b68b31a24c0f:row:2700,6ie2|m0|E|400|-|MN|-,6ie2,MN,0,0,0,0.38220089,0.06485115,0.35879319,0.19415477
sha256:4748babd2b6ac0706cd9ed4bcfd4855c8d2c5535f01813fb2e10b68b31a24c0f:row:2707,7die|m0|A|201|-|FE|-,7die,FE,0,3,0,0.65923114,0.04908238,0.11795330,0.17373318
sha256:4748babd2b6ac0706cd9ed4bcfd4855c8d2c5535f01813fb2e10b68b31a24c0f:row:2713,6s0r|m0|C|301|-|NI|-,6s0r,NI,0,3,3,0.08404087,0.09879606,0.34389699,0.47326607
sha256:4748babd2b6ac0706cd9ed4bcfd4855c8d2c5535f01813fb2e10b68b31a24c0f:row:2714,8fty|m0|C|601|-|FE|-,8fty,FE,0,3,3,0.12792802,0.08722320,0.33853416,0.44631462
sha256:4748babd2b6ac0706cd9ed4bcfd4855c8d2c5535f01813fb2e10b68b31a24c0f:row:2715,8qay|m0|C|302|-|MN|-,8qay,MN,0,0,0,0.66746153,0.04727944,0.06372236,0.22153667
sha256:4748babd2b6ac0706cd9ed4bcfd4855c8d2c5535f01813fb2e10b68b31a24c0f:row:2718,7cl5|m0|A|301|-|NI|-,7cl5,NI,0,3,3,0.31549025,0.07960876,0.09839316,0.50650784
sha256:4748babd2b6ac0706cd9ed4bcfd4855c8d2c5535f01813fb2e10b68b31a24c0f:row:2721,2yax|m0|B|1309|-|FE|-,2yax,FE,0,3,3,0.18832065,0.05297916,0.10675443,0.65194576
sha256:4748babd2b6ac0706cd9ed4bcfd4855c8d2c5535f01813fb2e10b68b31a24c0f:row:2725,6qne|m0|B|401|-|FE|-,6qne,FE,0,3,3,0.29641710,0.04839429,0.11750186,0.53768676
sha256:4748babd2b6ac0706cd9ed4bcfd4855c8d2c5535f01813fb2e10b68b31a24c0f:row:2726,6reg|m0|A|305|-|ZN|-,6reg,ZN,0,2,2,0.07947992,0.21987323,0.48608962,0.21455724
sha256:4748babd2b6ac0706cd9ed4bcfd4855c8d2c5535f01813fb2e10b68b31a24c0f:row:2729,4d0t|m0|E|1570|-|MN|-,4d0t,MN,0,0,0,0.66531740,0.06654437,0.09355169,0.17458653
sha256:4748babd2b6ac0706cd9ed4bcfd4855c8d2c5535f01813fb2e10b68b31a24c0f:row:2733,7cl2|m0|E|301|-|NI|-,7cl2,NI,0,3,3,0.28554621,0.08608292,0.10981532,0.51855555
sha256:4748babd2b6ac0706cd9ed4bcfd4855c8d2c5535f01813fb2e10b68b31a24c0f:row:2737,2wyr|m0|H|3649|-|CO|-,2wyr,CO,0,3,0,0.44773113,0.05556698,0.29765753,0.19904436
sha256:4748babd2b6ac0706cd9ed4bcfd4855c8d2c5535f01813fb2e10b68b31a24c0f:row:2738,1dk4|m0|A|290|-|ZN|-,1dk4,ZN,0,2,0,0.47238010,0.06981304,0.27003663,0.18777023
sha256:4748babd2b6ac0706cd9ed4bcfd4855c8d2c5535f01813fb2e10b68b31a24c0f:row:2745,3dza|m0|A|503|-|ZN|-,3dza,ZN,0,2,0,0.48823062,0.04836441,0.28572291,0.17768207
sha256:4748babd2b6ac0706cd9ed4bcfd4855c8d2c5535f01813fb2e10b68b31a24c0f:row:2751,8qav|m0|D|302|-|MN|-,8qav,MN,0,0,0,0.55163996,0.06631400,0.10713281,0.27491324
sha256:4748babd2b6ac0706cd9ed4bcfd4855c8d2c5535f01813fb2e10b68b31a24c0f:row:2753,6hue|m0|A|504|-|ZN|-,6hue,ZN,0,2,2,0.03883538,0.08032959,0.79189517,0.08893985
sha256:4748babd2b6ac0706cd9ed4bcfd4855c8d2c5535f01813fb2e10b68b31a24c0f:row:2758,7cj9|m0|H|301|-|MN|-,7cj9,MN,0,0,0,0.73273118,0.03619329,0.05464818,0.17642735
sha256:4748babd2b6ac0706cd9ed4bcfd4855c8d2c5535f01813fb2e10b68b31a24c0f:row:2765,1wog|m0|D|1608|-|MN|-,1wog,MN,0,0,0,0.65670179,0.04086235,0.11328377,0.18915208
sha256:4748babd2b6ac0706cd9ed4bcfd4855c8d2c5535f01813fb2e10b68b31a24c0f:row:2769,6s0r|m0|F|301|-|NI|-,6s0r,NI,0,3,3,0.07473752,0.11777932,0.13718670,0.67029645
sha256:4748babd2b6ac0706cd9ed4bcfd4855c8d2c5535f01813fb2e10b68b31a24c0f:row:2772,1ona|m0|A|238|-|MN|-,1ona,MN,0,0,0,0.72901932,0.05049584,0.09256197,0.12792288
sha256:4748babd2b6ac0706cd9ed4bcfd4855c8d2c5535f01813fb2e10b68b31a24c0f:row:2774,1tei|m0|H|245|-|MN|-,1tei,MN,0,0,0,0.79320359,0.04131329,0.06587907,0.09960405
sha256:4748babd2b6ac0706cd9ed4bcfd4855c8d2c5535f01813fb2e10b68b31a24c0f:row:2798,6sna|m0|B|401|-|MN|-,6sna,MN,0,0,2,0.31091490,0.07021219,0.47656331,0.14230960
sha256:4748babd2b6ac0706cd9ed4bcfd4855c8d2c5535f01813fb2e10b68b31a24c0f:row:2801,6txc|m0|I|701|-|FE|-,6txc,FE,0,3,3,0.33042712,0.06189071,0.16246263,0.44521954
sha256:4748babd2b6ac0706cd9ed4bcfd4855c8d2c5535f01813fb2e10b68b31a24c0f:row:2802,2vzb|m0|A|6205|-|FE|-,2vzb,FE,0,3,0,0.56095187,0.04974477,0.10112083,0.28818253
sha256:4748babd2b6ac0706cd9ed4bcfd4855c8d2c5535f01813fb2e10b68b31a24c0f:row:2804,6nlr|m0|C|301|-|MN|-,6nlr,MN,0,0,0,0.50989560,0.10006251,0.21595301,0.17408888
sha256:4748babd2b6ac0706cd9ed4bcfd4855c8d2c5535f01813fb2e10b68b31a24c0f:row:2812,6txc|m0|L|702|-|FE|-,6txc,FE,0,3,3,0.20528288,0.05140218,0.17813572,0.56517922
sha256:4748babd2b6ac0706cd9ed4bcfd4855c8d2c5535f01813fb2e10b68b31a24c0f:row:2814,4ghh|m0|B|401|-|FE|-,4ghh,FE,0,3,3,0.09799595,0.04781385,0.05905711,0.79513310
sha256:4748babd2b6ac0706cd9ed4bcfd4855c8d2c5535f01813fb2e10b68b31a24c0f:row:2818,1t6u|m0|I|209|-|NI|-,1t6u,NI,0,3,2,0.05347859,0.11731106,0.50760931,0.32160104
sha256:4748babd2b6ac0706cd9ed4bcfd4855c8d2c5535f01813fb2e10b68b31a24c0f:row:2819,1jm0|m0|B|402|-|MN|-,1jm0,MN,0,0,0,0.57279263,0.04298598,0.08280407,0.30141732
sha256:4748babd2b6ac0706cd9ed4bcfd4855c8d2c5535f01813fb2e10b68b31a24c0f:row:2823,8qay|m0|F|303|-|MN|-,8qay,MN,0,0,0,0.57085705,0.04934347,0.07095068,0.30884879
sha256:4748babd2b6ac0706cd9ed4bcfd4855c8d2c5535f01813fb2e10b68b31a24c0f:row:2826,1f2i|m0|K|5201|-|ZN|-,1f2i,ZN,0,2,2,0.04479303,0.06720902,0.78725123,0.10074673
sha256:4748babd2b6ac0706cd9ed4bcfd4855c8d2c5535f01813fb2e10b68b31a24c0f:row:2828,3uny|m0|F|395|-|MN|-,3uny,MN,0,0,0,0.66334687,0.06839797,0.10284141,0.16541375
sha256:4748babd2b6ac0706cd9ed4bcfd4855c8d2c5535f01813fb2e10b68b31a24c0f:row:2830,5cna|m0|A|239|-|MN|-,5cna,MN,0,0,0,0.78911498,0.04161725,0.07358875,0.09567903
sha256:4748babd2b6ac0706cd9ed4bcfd4855c8d2c5535f01813fb2e10b68b31a24c0f:row:2833,6reg|m0|A|301|-|ZN|-,6reg,ZN,0,2,2,0.04634052,0.20078457,0.56902947,0.18384544
sha256:4748babd2b6ac0706cd9ed4bcfd4855c8d2c5535f01813fb2e10b68b31a24c0f:row:2835,7ody|m0|A|203|-|MN|-,7ody,MN,0,0,0,0.67989368,0.03728038,0.11483774,0.16798820
sha256:4748babd2b6ac0706cd9ed4bcfd4855c8d2c5535f01813fb2e10b68b31a24c0f:row:2846,4zvz|m0|A|502|-|MN|-,4zvz,MN,0,0,0,0.75239484,0.06481352,0.07559387,0.10719777
sha256:4748babd2b6ac0706cd9ed4bcfd4855c8d2c5535f01813fb2e10b68b31a24c0f:row:2851,3dza|m0|A|501|-|ZN|-,3dza,ZN,0,2,3,0.11947669,0.08632906,0.14905036,0.64514388
sha256:4748babd2b6ac0706cd9ed4bcfd4855c8d2c5535f01813fb2e10b68b31a24c0f:row:2853,7k3u|m0|I|402|-|MN|-,7k3u,MN,0,0,0,0.62607648,0.04753918,0.19274825,0.13363609
sha256:4748babd2b6ac0706cd9ed4bcfd4855c8d2c5535f01813fb2e10b68b31a24c0f:row:2854,4uxa|m0|F|200|-|MN|-,4uxa,MN,0,0,0,0.51281756,0.07253067,0.09008861,0.32456316
sha256:4748babd2b6ac0706cd9ed4bcfd4855c8d2c5535f01813fb2e10b68b31a24c0f:row:2856,1tei|m0|D|238|-|MN|-,1tei,MN,0,0,0,0.81057049,0.04140504,0.06527984,0.08274462
sha256:4748babd2b6ac0706cd9ed4bcfd4855c8d2c5535f01813fb2e10b68b31a24c0f:row:2857,7oj5|m0|B|301|-|MN|-,7oj5,MN,0,0,0,0.56101734,0.06297993,0.08411148,0.29189125
sha256:4748babd2b6ac0706cd9ed4bcfd4855c8d2c5535f01813fb2e10b68b31a24c0f:row:2869,7oj5|m0|V|302|-|MN|-,7oj5,MN,0,0,0,0.53785370,0.05794228,0.19445196,0.20975206
sha256:4748babd2b6ac0706cd9ed4bcfd4855c8d2c5535f01813fb2e10b68b31a24c0f:row:2872,2yfi|m0|E|901|-|FE|-,2yfi,FE,0,3,3,0.11193578,0.06955606,0.31019458,0.50831358
sha256:4748babd2b6ac0706cd9ed4bcfd4855c8d2c5535f01813fb2e10b68b31a24c0f:row:2874,3ot9|m0|B|396|-|MN|-,3ot9,MN,0,0,0,0.68918955,0.04703803,0.08194911,0.18182331
sha256:4748babd2b6ac0706cd9ed4bcfd4855c8d2c5535f01813fb2e10b68b31a24c0f:row:2875,3m8w|m0|A|396|-|MN|-,3m8w,MN,0,0,0,0.70864724,0.05067427,0.07048166,0.17019683
sha256:4748babd2b6ac0706cd9ed4bcfd4855c8d2c5535f01813fb2e10b68b31a24c0f:row:2880,6txa|m0|L|701|-|FE|-,6txa,FE,0,3,3,0.36795716,0.04964993,0.15929003,0.42310287
sha256:4748babd2b6ac0706cd9ed4bcfd4855c8d2c5535f01813fb2e10b68b31a24c0f:row:2890,7dt0|m0|G|502|-|FE|-,7dt0,FE,0,3,3,0.11558637,0.06991622,0.15249594,0.66200146
sha256:4748babd2b6ac0706cd9ed4bcfd4855c8d2c5535f01813fb2e10b68b31a24c0f:row:2894,1f2i|m0|I|3201|-|ZN|-,1f2i,ZN,0,2,2,0.03724383,0.13816389,0.73197426,0.09261802
sha256:4748babd2b6ac0706cd9ed4bcfd4855c8d2c5535f01813fb2e10b68b31a24c0f:row:2895,8jwu|m0|A|507|-|ZN|-,8jwu,ZN,0,2,2,0.05193168,0.16097775,0.66277268,0.12431788
sha256:4748babd2b6ac0706cd9ed4bcfd4855c8d2c5535f01813fb2e10b68b31a24c0f:row:2896,2y9x|m0|B|401|-|CU|-,2y9x,CU,0,1,1,0.04311584,0.51005557,0.17517358,0.27165501
sha256:4748babd2b6ac0706cd9ed4bcfd4855c8d2c5535f01813fb2e10b68b31a24c0f:row:2899,1jm0|m0|A|401|-|MN|-,1jm0,MN,0,0,0,0.57049863,0.04885951,0.11619825,0.26444362
sha256:4748babd2b6ac0706cd9ed4bcfd4855c8d2c5535f01813fb2e10b68b31a24c0f:row:2901,7oj5|m0|F|301|-|MN|-,7oj5,MN,0,0,0,0.56103421,0.06297986,0.08411094,0.29187498
sha256:4748babd2b6ac0706cd9ed4bcfd4855c8d2c5535f01813fb2e10b68b31a24c0f:row:2911,4b2o|m0|D|1266|-|FE|-,4b2o,FE,0,3,3,0.34775124,0.07878156,0.11310553,0.46036166
sha256:4748babd2b6ac0706cd9ed4bcfd4855c8d2c5535f01813fb2e10b68b31a24c0f:row:2917,1t6u|m0|G|207|-|NI|-,1t6u,NI,0,3,2,0.04928974,0.10975433,0.44813060,0.39282533
sha256:4748babd2b6ac0706cd9ed4bcfd4855c8d2c5535f01813fb2e10b68b31a24c0f:row:2918,3vyl|m0|B|1001|-|MN|-,3vyl,MN,0,0,0,0.61336032,0.04649411,0.09800632,0.24213925
sha256:4748babd2b6ac0706cd9ed4bcfd4855c8d2c5535f01813fb2e10b68b31a24c0f:row:2925,7cl6|m0|E|301|-|NI|-,7cl6,NI,0,3,3,0.23432171,0.10759118,0.10878915,0.54929796
sha256:4748babd2b6ac0706cd9ed4bcfd4855c8d2c5535f01813fb2e10b68b31a24c0f:row:2929,5ntd|m0|E|603|-|MN|-,5ntd,MN,0,0,0,0.54445093,0.05942174,0.12233899,0.27378834
sha256:4748babd2b6ac0706cd9ed4bcfd4855c8d2c5535f01813fb2e10b68b31a24c0f:row:2933,3zds|m0|B|2000|-|FE|-,3zds,FE,0,3,0,0.40290775,0.07413822,0.17884007,0.34411395
sha256:4748babd2b6ac0706cd9ed4bcfd4855c8d2c5535f01813fb2e10b68b31a24c0f:row:2940,6fwh|m0|A|201|-|MN|-,6fwh,MN,0,0,0,0.57546863,0.04821164,0.06255180,0.31376793
sha256:4748babd2b6ac0706cd9ed4bcfd4855c8d2c5535f01813fb2e10b68b31a24c0f:row:2941,6omp|m0|B|407|-|MN|-,6omp,MN,0,0,0,0.58587747,0.05811356,0.12882252,0.22718646
sha256:4748babd2b6ac0706cd9ed4bcfd4855c8d2c5535f01813fb2e10b68b31a24c0f:row:2943,4aq6|m0|I|837|-|FE|-,4aq6,FE,0,3,0,0.46992730,0.05891100,0.12031084,0.35085086
sha256:4748babd2b6ac0706cd9ed4bcfd4855c8d2c5535f01813fb2e10b68b31a24c0f:row:2944,1wog|m0|D|1607|-|MN|-,1wog,MN,0,0,0,0.60371534,0.06293887,0.18662842,0.14671738
sha256:4748babd2b6ac0706cd9ed4bcfd4855c8d2c5535f01813fb2e10b68b31a24c0f:row:2947,5v3j|m0|E|1009|-|ZN|-,5v3j,ZN,0,2,2,0.03908886,0.16758315,0.68627131,0.10705668
sha256:4748babd2b6ac0706cd9ed4bcfd4855c8d2c5535f01813fb2e10b68b31a24c0f:row:2950,1f2i|m0|L|6202|-|ZN|-,1f2i,ZN,0,2,2,0.06937937,0.15898578,0.57466919,0.19696565
sha256:4748babd2b6ac0706cd9ed4bcfd4855c8d2c5535f01813fb2e10b68b31a24c0f:row:2964,4g3h|m0|C|501|-|MN|-,4g3h,MN,0,0,0,0.60229212,0.05198279,0.24832466,0.09740043
sha256:4748babd2b6ac0706cd9ed4bcfd4855c8d2c5535f01813fb2e10b68b31a24c0f:row:2970,1jm0|m0|F|406|-|MN|-,1jm0,MN,0,0,0,0.53852690,0.03999086,0.13826291,0.28321933
sha256:4748babd2b6ac0706cd9ed4bcfd4855c8d2c5535f01813fb2e10b68b31a24c0f:row:2972,5da5|m0|X|204|-|FE|-,5da5,FE,0,3,0,0.46549269,0.07169704,0.15033805,0.31247222
sha256:4748babd2b6ac0706cd9ed4bcfd4855c8d2c5535f01813fb2e10b68b31a24c0f:row:2974,7uhy|m0|D|1004|-|ZN|-,7uhy,ZN,0,2,2,0.04398181,0.10320923,0.74379011,0.10901885
sha256:4748babd2b6ac0706cd9ed4bcfd4855c8d2c5535f01813fb2e10b68b31a24c0f:row:2977,4lr7|m0|C|401|-|MN|-,4lr7,MN,0,0,0,0.65781145,0.04950079,0.07831694,0.21437082
sha256:4748babd2b6ac0706cd9ed4bcfd4855c8d2c5535f01813fb2e10b68b31a24c0f:row:3009,4d0z|m0|A|1570|-|MN|-,4d0z,MN,0,0,0,0.72409252,0.05011660,0.08020931,0.14558157
sha256:4748babd2b6ac0706cd9ed4bcfd4855c8d2c5535f01813fb2e10b68b31a24c0f:row:3015,8jwj|m0|A|503|-|ZN|-,8jwj,ZN,0,2,2,0.03711069,0.07318533,0.80050146,0.08920253
sha256:4748babd2b6ac0706cd9ed4bcfd4855c8d2c5535f01813fb2e10b68b31a24c0f:row:3020,5nsm|m0|E|602|-|MN|-,5nsm,MN,0,0,0,0.63813815,0.04519802,0.09291217,0.22375166
sha256:4748babd2b6ac0706cd9ed4bcfd4855c8d2c5535f01813fb2e10b68b31a24c0f:row:3028,7oj5|m0|R|301|-|MN|-,7oj5,MN,0,0,0,0.56106339,0.06298015,0.08411170,0.29184476
sha256:4748babd2b6ac0706cd9ed4bcfd4855c8d2c5535f01813fb2e10b68b31a24c0f:row:3030,6ll7|m0|A|402|-|MN|-,6ll7,MN,0,0,0,0.68861081,0.04817493,0.11390170,0.14931257
sha256:4748babd2b6ac0706cd9ed4bcfd4855c8d2c5535f01813fb2e10b68b31a24c0f:row:3037,8qay|m0|H|302|-|MN|-,8qay,MN,0,0,0,0.63913770,0.04715963,0.05950837,0.25419429
sha256:4748babd2b6ac0706cd9ed4bcfd4855c8d2c5535f01813fb2e10b68b31a24c0f:row:3046,4d11|m0|D|1570|-|MN|-,4d11,MN,0,0,0,0.40502933,0.08193235,0.14468798,0.36835034
sha256:4748babd2b6ac0706cd9ed4bcfd4855c8d2c5535f01813fb2e10b68b31a24c0f:row:3047,3ak9|m0|H|168|-|FE|-,3ak9,FE,0,3,0,0.43067224,0.05635354,0.19595681,0.31701741
sha256:4748babd2b6ac0706cd9ed4bcfd4855c8d2c5535f01813fb2e10b68b31a24c0f:row:3056,2ji1|m0|A|1130|-|FE|-,2ji1,FE,0,3,3,0.09019191,0.10483337,0.13638894,0.66858579
sha256:4748babd2b6ac0706cd9ed4bcfd4855c8d2c5535f01813fb2e10b68b31a24c0f:row:3060,5k5l|m0|E|502|-|ZN|-,5k5l,ZN,0,2,2,0.03983941,0.11022448,0.74549944,0.10443666
sha256:4748babd2b6ac0706cd9ed4bcfd4855c8d2c5535f01813fb2e10b68b31a24c0f:row:3064,4lr9|m0|C|402|-|MN|-,4lr9,MN,0,0,2,0.36023168,0.10112580,0.41413563,0.12450689
sha256:4748babd2b6ac0706cd9ed4bcfd4855c8d2c5535f01813fb2e10b68b31a24c0f:row:3068,8ssq|m0|A|709|-|ZN|-,8ssq,ZN,0,2,2,0.04036134,0.27115016,0.57831041,0.11017809
sha256:4748babd2b6ac0706cd9ed4bcfd4855c8d2c5535f01813fb2e10b68b31a24c0f:row:3072,1q0g|m0|G|118|-|NI|-,1q0g,NI,0,3,2,0.04018724,0.13857788,0.57242520,0.24880968
sha256:4748babd2b6ac0706cd9ed4bcfd4855c8d2c5535f01813fb2e10b68b31a24c0f:row:3074,2yfj|m0|K|901|-|FE|-,2yfj,FE,0,3,3,0.29609874,0.06361215,0.23622050,0.40406861
sha256:4748babd2b6ac0706cd9ed4bcfd4855c8d2c5535f01813fb2e10b68b31a24c0f:row:3077,7die|m0|F|201|-|FE|-,7die,FE,0,3,0,0.67909024,0.05234444,0.15875637,0.10980896
sha256:4748babd2b6ac0706cd9ed4bcfd4855c8d2c5535f01813fb2e10b68b31a24c0f:row:3078,7mgb|m0|D|302|-|MN|-,7mgb,MN,0,0,0,0.76435737,0.04052508,0.06947894,0.12563861
sha256:4748babd2b6ac0706cd9ed4bcfd4855c8d2c5535f01813fb2e10b68b31a24c0f:row:3090,2gyq|m0|A|407|-|ZN|-,2gyq,ZN,0,2,2,0.21691625,0.05591141,0.39643823,0.33073411
sha256:4748babd2b6ac0706cd9ed4bcfd4855c8d2c5535f01813fb2e10b68b31a24c0f:row:3093,3g1p|m0|A|300|-|ZN|-,3g1p,ZN,0,2,2,0.04266947,0.27408848,0.58265193,0.10059013
sha256:4748babd2b6ac0706cd9ed4bcfd4855c8d2c5535f01813fb2e10b68b31a24c0f:row:3095,8qav|m0|B|301|-|MN|-,8qav,MN,0,0,0,0.67445723,0.06798578,0.07631265,0.18124434
sha256:4748babd2b6ac0706cd9ed4bcfd4855c8d2c5535f01813fb2e10b68b31a24c0f:row:3096,7v25|m0|A|501|-|FE|-,7v25,FE,0,3,3,0.08945874,0.08634589,0.29712484,0.52707053
sha256:4748babd2b6ac0706cd9ed4bcfd4855c8d2c5535f01813fb2e10b68b31a24c0f:row:3099,8adl|m0|A|1402|-|ZN|-,8adl,ZN,0,2,2,0.04061760,0.05336972,0.76737355,0.13863913
sha256:4748babd2b6ac0706cd9ed4bcfd4855c8d2c5535f01813fb2e10b68b31a24c0f:row:3102,7t92|m0|B|501|-|ZN|-,7t92,ZN,0,2,2,0.04137257,0.08925373,0.76521144,0.10416226
sha256:4748babd2b6ac0706cd9ed4bcfd4855c8d2c5535f01813fb2e10b68b31a24c0f:row:3104,8eaz|m0|A|1004|-|ZN|-,8eaz,ZN,0,2,2,0.04431294,0.06841369,0.79636246,0.09091091
sha256:4748babd2b6ac0706cd9ed4bcfd4855c8d2c5535f01813fb2e10b68b31a24c0f:row:3105,6txa|m0|D|702|-|FE|-,6txa,FE,0,3,3,0.37264428,0.04968042,0.17011938,0.40755591
sha256:4748babd2b6ac0706cd9ed4bcfd4855c8d2c5535f01813fb2e10b68b31a24c0f:row:3112,4k1t|m0|A|302|-|ZN|-,4k1t,ZN,0,2,2,0.12652169,0.07269398,0.62986121,0.17092312
sha256:4748babd2b6ac0706cd9ed4bcfd4855c8d2c5535f01813fb2e10b68b31a24c0f:row:3114,3a6f|m0|E|300|-|MN|-,3a6f,MN,0,0,0,0.61763833,0.05743665,0.15814141,0.16678362
sha256:4748babd2b6ac0706cd9ed4bcfd4855c8d2c5535f01813fb2e10b68b31a24c0f:row:3115,3a6f|m0|D|300|-|MN|-,3a6f,MN,0,0,0,0.72199726,0.06023755,0.10748216,0.11028303
sha256:4748babd2b6ac0706cd9ed4bcfd4855c8d2c5535f01813fb2e10b68b31a24c0f:row:3121,3dza|m0|C|504|-|ZN|-,3dza,ZN,0,2,2,0.12142854,0.09670714,0.64461254,0.13725178
sha256:4748babd2b6ac0706cd9ed4bcfd4855c8d2c5535f01813fb2e10b68b31a24c0f:row:3129,6vch|m0|A|501|-|CO|-,6vch,CO,0,3,3,0.06712972,0.15641492,0.29991776,0.47653760
sha256:4748babd2b6ac0706cd9ed4bcfd4855c8d2c5535f01813fb2e10b68b31a24c0f:row:3132,3a6d|m0|C|300|-|MN|-,3a6d,MN,0,0,0,0.68161818,0.04578051,0.13728848,0.13531283
sha256:4748babd2b6ac0706cd9ed4bcfd4855c8d2c5535f01813fb2e10b68b31a24c0f:row:3137,5hjh|m0|C|203|-|FE|-,5hjh,FE,0,3,0,0.52675003,0.17257181,0.13362284,0.16705531
sha256:4748babd2b6ac0706cd9ed4bcfd4855c8d2c5535f01813fb2e10b68b31a24c0f:row:3139,8qay|m0|C|303|-|MN|-,8qay,MN,0,0,0,0.58352793,0.04441531,0.06807073,0.30398603
sha256:4748babd2b6ac0706cd9ed4bcfd4855c8d2c5535f01813fb2e10b68b31a24c0f:row:3143,4qnk|m0|E|302|-|MN|-,4qnk,MN,0,0,0,0.57611672,0.05552416,0.07279534,0.29556378
sha256:4748babd2b6ac0706cd9ed4bcfd4855c8d2c5535f01813fb2e10b68b31a24c0f:row:3146,4g3h|m0|D|500|-|MN|-,4g3h,MN,0,0,0,0.50427425,0.09901123,0.24131190,0.15540262
sha256:4748babd2b6ac0706cd9ed4bcfd4855c8d2c5535f01813fb2e10b68b31a24c0f:row:3150,4k95|m0|A|505|-|ZN|-,4k95,ZN,0,2,2,0.04001607,0.05959146,0.76783376,0.13255871
sha256:4748babd2b6ac0706cd9ed4bcfd4855c8d2c5535f01813fb2e10b68b31a24c0f:row:3152,3mf3|m0|F|230|-|CO|-,3mf3,CO,0,3,2,0.06472115,0.11486393,0.61869863,0.20171630
sha256:4748babd2b6ac0706cd9ed4bcfd4855c8d2c5535f01813fb2e10b68b31a24c0f:row:3153,4z6t|m0|C|401|-|FE|-,4z6t,FE,0,3,3,0.15191932,0.04900072,0.06763995,0.73144002
sha256:4748babd2b6ac0706cd9ed4bcfd4855c8d2c5535f01813fb2e10b68b31a24c0f:row:3158,4lre|m0|C|402|-|MN|-,4lre,MN,0,0,0,0.57885050,0.08042261,0.19725438,0.14347252
sha256:4748babd2b6ac0706cd9ed4bcfd4855c8d2c5535f01813fb2e10b68b31a24c0f:row:3165,8qav|m0|Y|302|-|MN|-,8qav,MN,0,0,0,0.54221947,0.06597459,0.11297556,0.27883038
sha256:4748babd2b6ac0706cd9ed4bcfd4855c8d2c5535f01813fb2e10b68b31a24c0f:row:3167,8qaw|m0|C|305|-|MN|-,8qaw,MN,0,0,0,0.49192381,0.05230005,0.07640676,0.37936938
sha256:4748babd2b6ac0706cd9ed4bcfd4855c8d2c5535f01813fb2e10b68b31a24c0f:row:3177,6vch|m0|B|501|-|CO|-,6vch,CO,0,3,3,0.06855376,0.11861117,0.34947484,0.46336023
sha256:4748babd2b6ac0706cd9ed4bcfd4855c8d2c5535f01813fb2e10b68b31a24c0f:row:3180,4c8r|m0|C|501|-|NI|-,4c8r,NI,0,3,3,0.15655068,0.14429094,0.31779220,0.38136617
sha256:4748babd2b6ac0706cd9ed4bcfd4855c8d2c5535f01813fb2e10b68b31a24c0f:row:3184,8qav|m0|Q|301|-|MN|-,8qav,MN,0,0,0,0.66609992,0.06262779,0.07914441,0.19212788
sha256:4748babd2b6ac0706cd9ed4bcfd4855c8d2c5535f01813fb2e10b68b31a24c0f:row:3195,8qav|m0|F|302|-|MN|-,8qav,MN,0,0,0,0.66144887,0.06255227,0.08077227,0.19522658
sha256:4748babd2b6ac0706cd9ed4bcfd4855c8d2c5535f01813fb2e10b68b31a24c0f:row:3197,1f1g|m0|D|4007|-|CU|-,1f1g,CU,0,1,1,0.02997586,0.72928620,0.16519207,0.07554587
sha256:4748babd2b6ac0706cd9ed4bcfd4855c8d2c5535f01813fb2e10b68b31a24c0f:row:3202,2yfj|m0|A|901|-|FE|-,2yfj,FE,0,3,3,0.19628438,0.06066785,0.26671362,0.47633415
sha256:4748babd2b6ac0706cd9ed4bcfd4855c8d2c5535f01813fb2e10b68b31a24c0f:row:3206,1jqc|m0|A|403|-|MN|-,1jqc,MN,0,0,0,0.40014491,0.05667874,0.27013151,0.27304484
sha256:4748babd2b6ac0706cd9ed4bcfd4855c8d2c5535f01813fb2e10b68b31a24c0f:row:3216,7xyz|m0|A|503|-|ZN|-,7xyz,ZN,0,2,2,0.05348078,0.06061574,0.65500163,0.23090186
sha256:4748babd2b6ac0706cd9ed4bcfd4855c8d2c5535f01813fb2e10b68b31a24c0f:row:3229,6s0w|m0|A|302|-|NI|-,6s0w,NI,0,3,3,0.24831148,0.09610197,0.14448632,0.51110022
sha256:4748babd2b6ac0706cd9ed4bcfd4855c8d2c5535f01813fb2e10b68b31a24c0f:row:3251,3a6d|m0|E|300|-|MN|-,3a6d,MN,0,0,0,0.72384307,0.04289125,0.08996843,0.14329724
sha256:4748babd2b6ac0706cd9ed4bcfd4855c8d2c5535f01813fb2e10b68b31a24c0f:row:3256,8qav|m0|N|302|-|MN|-,8qav,MN,0,0,0,0.67444093,0.06799028,0.07632832,0.18124047
sha256:4748babd2b6ac0706cd9ed4bcfd4855c8d2c5535f01813fb2e10b68b31a24c0f:row:3263,6hue|m0|A|501|-|ZN|-,6hue,ZN,0,2,2,0.03996504,0.07973481,0.77820664,0.10209352
sha256:4748babd2b6ac0706cd9ed4bcfd4855c8d2c5535f01813fb2e10b68b31a24c0f:row:3268,3phx|m0|A|191|-|ZN|-,3phx,ZN,0,2,2,0.05197567,0.09818373,0.71725452,0.13258608
sha256:4748babd2b6ac0706cd9ed4bcfd4855c8d2c5535f01813fb2e10b68b31a24c0f:row:3284,8dq3|m0|B|401|-|MN|-,8dq3,MN,0,0,0,0.63103260,0.05315215,0.13682649,0.17898876
sha256:4748babd2b6ac0706cd9ed4bcfd4855c8d2c5535f01813fb2e10b68b31a24c0f:row:3290,7aqs|m0|N|201|-|FE|-,7aqs,FE,0,3,0,0.41700011,0.08374443,0.26087270,0.23838276
sha256:4748babd2b6ac0706cd9ed4bcfd4855c8d2c5535f01813fb2e10b68b31a24c0f:row:3295,3uny|m0|A|395|-|MN|-,3uny,MN,0,0,0,0.61027172,0.05256794,0.09554717,0.24161317
sha256:4748babd2b6ac0706cd9ed4bcfd4855c8d2c5535f01813fb2e10b68b31a24c0f:row:3316,4rap|m0|L|501|-|FE|-,4rap,FE,0,3,2,0.06113726,0.06700577,0.74706801,0.12478896
sha256:4748babd2b6ac0706cd9ed4bcfd4855c8d2c5535f01813fb2e10b68b31a24c0f:row:3330,7y10|m0|B|402|-|NI|-,7y10,NI,0,3,2,0.03667987,0.06993659,0.76759844,0.12578510
sha256:4748babd2b6ac0706cd9ed4bcfd4855c8d2c5535f01813fb2e10b68b31a24c0f:row:3331,8sss|m0|A|505|-|ZN|-,8sss,ZN,0,2,2,0.05685926,0.11107627,0.70137449,0.13068998
sha256:4748babd2b6ac0706cd9ed4bcfd4855c8d2c5535f01813fb2e10b68b31a24c0f:row:3342,1q0k|m0|H|118|-|NI|-,1q0k,NI,0,3,2,0.03847978,0.13306706,0.62028333,0.20816982
sha256:4748babd2b6ac0706cd9ed4bcfd4855c8d2c5535f01813fb2e10b68b31a24c0f:row:3353,1v7z|m0|C|4300|-|MN|-,1v7z,MN,0,0,0,0.70816618,0.03713528,0.13064232,0.12405621
sha256:4748babd2b6ac0706cd9ed4bcfd4855c8d2c5535f01813fb2e10b68b31a24c0f:row:3364,2xsh|m0|I|901|-|FE|-,2xsh,FE,0,3,2,0.17309001,0.07572287,0.41802321,0.33316391
sha256:4748babd2b6ac0706cd9ed4bcfd4855c8d2c5535f01813fb2e10b68b31a24c0f:row:3379,5ntd|m0|I|602|-|MN|-,5ntd,MN,0,0,0,0.56363301,0.07076891,0.13325245,0.23234564
sha256:4748babd2b6ac0706cd9ed4bcfd4855c8d2c5535f01813fb2e10b68b31a24c0f:row:3394,7oj5|m0|P|302|-|MN|-,7oj5,MN,0,0,0,0.53786954,0.05794225,0.19444203,0.20974618
sha256:4748babd2b6ac0706cd9ed4bcfd4855c8d2c5535f01813fb2e10b68b31a24c0f:row:3402,2ji1|m0|C|1130|-|FE|-,2ji1,FE,0,3,3,0.09845610,0.10451499,0.13653347,0.66049544
sha256:4748babd2b6ac0706cd9ed4bcfd4855c8d2c5535f01813fb2e10b68b31a24c0f:row:3404,4lrb|m0|A|402|-|MN|-,4lrb,MN,0,0,0,0.69185915,0.05468060,0.10351339,0.14994685
sha256:4748babd2b6ac0706cd9ed4bcfd4855c8d2c5535f01813fb2e10b68b31a24c0f:row:3409,6b9v|m0|B|301|-|MN|-,6b9v,MN,0,0,0,0.60172767,0.08115353,0.15438269,0.16273612
sha256:4748babd2b6ac0706cd9ed4bcfd4855c8d2c5535f01813fb2e10b68b31a24c0f:row:3415,1m35|m0|F|2011|-|MN|-,1m35,MN,0,0,0,0.66198377,0.03917098,0.11473986,0.18410538
sha256:4748babd2b6ac0706cd9ed4bcfd4855c8d2c5535f01813fb2e10b68b31a24c0f:row:3420,3m8z|m0|C|396|-|MN|-,3m8z,MN,0,0,0,0.54727811,0.05321860,0.22619348,0.17330981
sha256:4748babd2b6ac0706cd9ed4bcfd4855c8d2c5535f01813fb2e10b68b31a24c0f:row:3429,2yf3|m0|C|1149|-|MN|-,2yf3,MN,0,0,0,0.71744839,0.03787609,0.07542056,0.16925496
sha256:4748babd2b6ac0706cd9ed4bcfd4855c8d2c5535f01813fb2e10b68b31a24c0f:row:3434,7a5y|m0|F|703|-|FE|-,7a5y,FE,0,3,3,0.33120133,0.04959140,0.13218704,0.48702023
sha256:4748babd2b6ac0706cd9ed4bcfd4855c8d2c5535f01813fb2e10b68b31a24c0f:row:3437,1ud9|m0|A|503|-|ZN|-,1ud9,ZN,0,2,2,0.10848051,0.10475462,0.61091261,0.17585227
sha256:4748babd2b6ac0706cd9ed4bcfd4855c8d2c5535f01813fb2e10b68b31a24c0f:row:3442,6sv1|m0|Z|201|-|FE|-,6sv1,FE,0,3,3,0.31964941,0.05081083,0.22142572,0.40811404
sha256:4748babd2b6ac0706cd9ed4bcfd4855c8d2c5535f01813fb2e10b68b31a24c0f:row:3446,5cna|m0|B|239|-|MN|-,5cna,MN,0,0,0,0.81190069,0.03792642,0.06203733,0.08813557
sha256:4748babd2b6ac0706cd9ed4bcfd4855c8d2c5535f01813fb2e10b68b31a24c0f:row:3449,4c8r|m0|A|502|-|ZN|-,4c8r,ZN,0,2,2,0.08856721,0.10591153,0.69081866,0.11470260
sha256:4748babd2b6ac0706cd9ed4bcfd4855c8d2c5535f01813fb2e10b68b31a24c0f:row:3450,7cj9|m0|F|303|-|MN|-,7cj9,MN,0,0,0,0.72803282,0.04934263,0.07543451,0.14719004
sha256:4748babd2b6ac0706cd9ed4bcfd4855c8d2c5535f01813fb2e10b68b31a24c0f:row:3456,2yaw|m0|F|401|-|FE|-,2yaw,FE,0,3,3,0.32637275,0.05394287,0.12538223,0.49430215
sha256:4748babd2b6ac0706cd9ed4bcfd4855c8d2c5535f01813fb2e10b68b31a24c0f:row:3471,1jqc|m0|B|401|-|MN|-,1jqc,MN,0,0,0,0.62013328,0.04886929,0.06714600,0.26385143
sha256:4748babd2b6ac0706cd9ed4bcfd4855c8d2c5535f01813fb2e10b68b31a24c0f:row:3474,3m8y|m0|B|395|-|MN|-,3m8y,MN,0,0,0,0.61168187,0.04460759,0.08685967,0.25685086
sha256:4748babd2b6ac0706cd9ed4bcfd4855c8d2c5535f01813fb2e10b68b31a24c0f:row:3484,4aq6|m0|E|837|-|FE|-,4aq6,FE,0,3,0,0.44071145,0.06268976,0.15263789,0.34396090
sha256:4748babd2b6ac0706cd9ed4bcfd4855c8d2c5535f01813fb2e10b68b31a24c0f:row:3485,1m35|m0|E|2010|-|MN|-,1m35,MN,0,0,0,0.57354758,0.04939293,0.15461214,0.22244735
sha256:4748babd2b6ac0706cd9ed4bcfd4855c8d2c5535f01813fb2e10b68b31a24c0f:row:3491,8qav|m0|L|302|-|MN|-,8qav,MN,0,0,0,0.67444943,0.06798360,0.07630333,0.18126364
sha256:4748babd2b6ac0706cd9ed4bcfd4855c8d2c5535f01813fb2e10b68b31a24c0f:row:3493,7cl5|m0|C|301|-|NI|-,7cl5,NI,0,3,3,0.35175483,0.07341664,0.11300161,0.46182692
sha256:4748babd2b6ac0706cd9ed4bcfd4855c8d2c5535f01813fb2e10b68b31a24c0f:row:3498,8qav|m0|W|302|-|MN|-,8qav,MN,0,0,0,0.54225133,0.06597217,0.11295301,0.27882348
sha256:4748babd2b6ac0706cd9ed4bcfd4855c8d2c5535f01813fb2e10b68b31a24c0f:row:3501,3gcf|m0|M|501|-|FE|-,3gcf,FE,0,3,3,0.26927703,0.05860589,0.20315852,0.46895856
sha256:4748babd2b6ac0706cd9ed4bcfd4855c8d2c5535f01813fb2e10b68b31a24c0f:row:3510,2cb2|m0|A|1310|-|FE|-,2cb2,FE,0,3,3,0.35192443,0.05778266,0.12873481,0.46155810
sha256:4748babd2b6ac0706cd9ed4bcfd4855c8d2c5535f01813fb2e10b68b31a24c0f:row:3512,8ssq|m0|A|707|-|ZN|-,8ssq,ZN,0,2,2,0.04669102,0.12731087,0.70630840,0.11968972
sha256:4748babd2b6ac0706cd9ed4bcfd4855c8d2c5535f01813fb2e10b68b31a24c0f:row:3515,6xu1|m0|D|702|-|FE|-,6xu1,FE,0,3,3,0.40164459,0.05176693,0.08549786,0.46109063
sha256:4748babd2b6ac0706cd9ed4bcfd4855c8d2c5535f01813fb2e10b68b31a24c0f:row:3522,2yfj|m0|I|901|-|FE|-,2yfj,FE,0,3,3,0.13312223,0.06734453,0.37490450,0.42462874
sha256:4748babd2b6ac0706cd9ed4bcfd4855c8d2c5535f01813fb2e10b68b31a24c0f:row:3527,8qav|m0|E|302|-|MN|-,8qav,MN,0,0,0,0.55712053,0.06626373,0.10782066,0.26879507
sha256:4748babd2b6ac0706cd9ed4bcfd4855c8d2c5535f01813fb2e10b68b31a24c0f:row:3533,7oi1|m0|B|401|-|NI|-,7oi1,NI,0,3,0,0.55147969,0.05705562,0.14598245,0.24548224
sha256:4748babd2b6ac0706cd9ed4bcfd4855c8d2c5535f01813fb2e10b68b31a24c0f:row:3537,5nsm|m0|H|602|-|MN|-,5nsm,MN,0,0,0,0.54271713,0.06838188,0.15284632,0.23605467
sha256:4748babd2b6ac0706cd9ed4bcfd4855c8d2c5535f01813fb2e10b68b31a24c0f:row:3546,7oj5|m0|R|302|-|MN|-,7oj5,MN,0,0,0,0.53788410,0.05794222,0.19443307,0.20974060
sha256:4748babd2b6ac0706cd9ed4bcfd4855c8d2c5535f01813fb2e10b68b31a24c0f:row:3551,6txa|m0|B|701|-|FE|-,6txa,FE,0,3,3,0.37446483,0.05809746,0.12532132,0.44211639
sha256:4748babd2b6ac0706cd9ed4bcfd4855c8d2c5535f01813fb2e10b68b31a24c0f:row:3557,7oi1|m0|A|402|-|NI|-,7oi1,NI,0,3,0,0.48922554,0.04585778,0.12115942,0.34375726
sha256:4748babd2b6ac0706cd9ed4bcfd4855c8d2c5535f01813fb2e10b68b31a24c0f:row:3560,6ie2|m0|G|400|-|MN|-,6ie2,MN,0,0,0,0.58388382,0.06462215,0.07504502,0.27644901
sha256:4748babd2b6ac0706cd9ed4bcfd4855c8d2c5535f01813fb2e10b68b31a24c0f:row:3564,1v7z|m0|D|5300|-|MN|-,1v7z,MN,0,0,0,0.69115874,0.03879825,0.10771579,0.16232723
sha256:4748babd2b6ac0706cd9ed4bcfd4855c8d2c5535f01813fb2e10b68b31a24c0f:row:3565,2xrx|m0|G|1461|-|FE|-,2xrx,FE,0,3,3,0.12359443,0.06691693,0.18216546,0.62732319
sha256:4748babd2b6ac0706cd9ed4bcfd4855c8d2c5535f01813fb2e10b68b31a24c0f:row:3566,5k5l|m0|E|501|-|ZN|-,5k5l,ZN,0,2,2,0.05725210,0.10293870,0.70983788,0.12997133
sha256:4748babd2b6ac0706cd9ed4bcfd4855c8d2c5535f01813fb2e10b68b31a24c0f:row:3570,4rap|m0|C|501|-|FE|-,4rap,FE,0,3,2,0.06298065,0.08432567,0.69509455,0.15759913
sha256:4748babd2b6ac0706cd9ed4bcfd4855c8d2c5535f01813fb2e10b68b31a24c0f:row:3572,2yxo|m0|B|1502|-|FE|-,2yxo,FE,0,3,3,0.06712742,0.15344644,0.32068606,0.45874008
sha256:4748babd2b6ac0706cd9ed4bcfd4855c8d2c5535f01813fb2e10b68b31a24c0f:row:3579,5ntd|m0|B|602|-|MN|-,5ntd,MN,0,0,0,0.52165707,0.05882196,0.15882794,0.26069303
sha256:4748babd2b6ac0706cd9ed4bcfd4855c8d2c5535f01813fb2e10b68b31a24c0f:row:3580,2yfc|m0|A|1146|-|MN|-,2yfc,MN,0,0,0,0.71920298,0.04103952,0.10129003,0.13846747
sha256:4748babd2b6ac0706cd9ed4bcfd4855c8d2c5535f01813fb2e10b68b31a24c0f:row:3581,5ui1|m0|B|501|-|MN|-,5ui1,MN,0,0,0,0.67401056,0.04918192,0.09646286,0.18034466
sha256:4748babd2b6ac0706cd9ed4bcfd4855c8d2c5535f01813fb2e10b68b31a24c0f:row:3585,1t6u|m0|J|210|-|NI|-,1t6u,NI,0,3,3,0.05306307,0.10993062,0.29341446,0.54359186
sha256:4748babd2b6ac0706cd9ed4bcfd4855c8d2c5535f01813fb2e10b68b31a24c0f:row:3587,3ot9|m0|C|395|-|MN|-,3ot9,MN,0,0,0,0.57515685,0.04675011,0.09525790,0.28283514
sha256:4748babd2b6ac0706cd9ed4bcfd4855c8d2c5535f01813fb2e10b68b31a24c0f:row:3594,7cj9|m0|C|304|-|MN|-,7cj9,MN,0,0,0,0.66995985,0.03859067,0.07266753,0.21878194
sha256:4748babd2b6ac0706cd9ed4bcfd4855c8d2c5535f01813fb2e10b68b31a24c0f:row:3601,6vch|m0|E|501|-|CO|-,6vch,CO,0,3,3,0.06009476,0.25193448,0.19918788,0.48878289
sha256:4748babd2b6ac0706cd9ed4bcfd4855c8d2c5535f01813fb2e10b68b31a24c0f:row:3607,2jec|m0|B|241|-|MN|-,2jec,MN,0,0,0,0.74697028,0.03952658,0.07541713,0.13808601
sha256:4748babd2b6ac0706cd9ed4bcfd4855c8d2c5535f01813fb2e10b68b31a24c0f:row:3609,8dq3|m0|C|402|-|MN|-,8dq3,MN,0,0,0,0.76563978,0.03843804,0.09799738,0.09792481
sha256:4748babd2b6ac0706cd9ed4bcfd4855c8d2c5535f01813fb2e10b68b31a24c0f:row:3618,1jm0|m0|E|502|-|MN|-,1jm0,MN,0,0,0,0.63335083,0.04551242,0.11542866,0.20570809
sha256:4748babd2b6ac0706cd9ed4bcfd4855c8d2c5535f01813fb2e10b68b31a24c0f:row:3621,2wyr|m0|C|1995|-|CO|-,2wyr,CO,0,3,0,0.51897447,0.04866983,0.25656122,0.17579449
sha256:4748babd2b6ac0706cd9ed4bcfd4855c8d2c5535f01813fb2e10b68b31a24c0f:row:3622,4lr9|m0|A|402|-|MN|-,4lr9,MN,0,0,0,0.61041791,0.06873098,0.16858696,0.15226414
sha256:4748babd2b6ac0706cd9ed4bcfd4855c8d2c5535f01813fb2e10b68b31a24c0f:row:3623,1ona|m0|D|238|-|MN|-,1ona,MN,0,0,0,0.78205109,0.04115475,0.06913959,0.10765456
sha256:4748babd2b6ac0706cd9ed4bcfd4855c8d2c5535f01813fb2e10b68b31a24c0f:row:3627,1woi|m0|C|1506|-|MN|-,1woi,MN,0,0,0,0.65927510,0.04649271,0.15775226,0.13647994
sha256:4748babd2b6ac0706cd9ed4bcfd4855c8d2c5535f01813fb2e10b68b31a24c0f:row:3632,2ji1|m0|B|1128|-|FE|-,2ji1,FE,0,3,3,0.09413041,0.12840572,0.16430410,0.61315978
sha256:4748babd2b6ac0706cd9ed4bcfd4855c8d2c5535f01813fb2e10b68b31a24c0f:row:3637,8adl|m0|B|1102|-|ZN|-,8adl,ZN,0,2,2,0.04526098,0.05100269,0.75307644,0.15065989
sha256:4748babd2b6ac0706cd9ed4bcfd4855c8d2c5535f01813fb2e10b68b31a24c0f:row:3640,4b2o|m0|C|1267|-|FE|-,4b2o,FE,0,3,3,0.28157462,0.06004530,0.12247323,0.53590685
sha256:4748babd2b6ac0706cd9ed4bcfd4855c8d2c5535f01813fb2e10b68b31a24c0f:row:3645,4lr9|m0|B|402|-|MN|-,4lr9,MN,0,0,0,0.55381627,0.07172684,0.21866916,0.15578773
sha256:4748babd2b6ac0706cd9ed4bcfd4855c8d2c5535f01813fb2e10b68b31a24c0f:row:3646,8fty|m0|E|601|-|FE|-,8fty,FE,0,3,3,0.12022436,0.10449464,0.35440256,0.42087845
sha256:4748babd2b6ac0706cd9ed4bcfd4855c8d2c5535f01813fb2e10b68b31a24c0f:row:3652,7v25|m0|F|501|-|FE|-,7v25,FE,0,3,3,0.08696668,0.07547421,0.34994800,0.48761111
sha256:4748babd2b6ac0706cd9ed4bcfd4855c8d2c5535f01813fb2e10b68b31a24c0f:row:3655,1j2t|m0|B|301|-|MN|-,1j2t,MN,0,0,0,0.69383271,0.04109922,0.10287207,0.16219600
sha256:4748babd2b6ac0706cd9ed4bcfd4855c8d2c5535f01813fb2e10b68b31a24c0f:row:3657,4lrc|m0|B|402|-|MN|-,4lrc,MN,0,0,0,0.57537311,0.04470575,0.09077924,0.28914190
sha256:4748babd2b6ac0706cd9ed4bcfd4855c8d2c5535f01813fb2e10b68b31a24c0f:row:3660,8jq3|m0|D|501|-|MN|-,8jq3,MN,0,0,0,0.58206824,0.09173862,0.19720511,0.12898804
sha256:4748babd2b6ac0706cd9ed4bcfd4855c8d2c5535f01813fb2e10b68b31a24c0f:row:3661,1vkm|m0|D|300|-|MN|-,1vkm,MN,0,0,0,0.57154068,0.04592957,0.07971480,0.30281495
sha256:4748babd2b6ac0706cd9ed4bcfd4855c8d2c5535f01813fb2e10b68b31a24c0f:row:3676,8jwj|m0|A|501|-|ZN|-,8jwj,ZN,0,2,2,0.04163581,0.07343871,0.78548689,0.09943859
sha256:4748babd2b6ac0706cd9ed4bcfd4855c8d2c5535f01813fb2e10b68b31a24c0f:row:3679,6txc|m0|P|702|-|FE|-,6txc,FE,0,3,3,0.33284770,0.06170030,0.24855132,0.35690068
sha256:4748babd2b6ac0706cd9ed4bcfd4855c8d2c5535f01813fb2e10b68b31a24c0f:row:3681,6e4q|m0|D|701|-|MN|-,6e4q,MN,0,0,0,0.63174617,0.07969301,0.14938357,0.13917725
sha256:4748babd2b6ac0706cd9ed4bcfd4855c8d2c5535f01813fb2e10b68b31a24c0f:row:3694,6sv1|m0|d|201|-|FE|-,6sv1,FE,0,3,3,0.23176864,0.04588931,0.13179261,0.59054944
sha256:4748babd2b6ac0706cd9ed4bcfd4855c8d2c5535f01813fb2e10b68b31a24c0f:row:3701,7oj5|m0|Q|301|-|MN|-,7oj5,MN,0,0,0,0.56110075,0.06298052,0.08411154,0.29180719
sha256:4748babd2b6ac0706cd9ed4bcfd4855c8d2c5535f01813fb2e10b68b31a24c0f:row:3703,2cb2|m0|D|1310|-|FE|-,2cb2,FE,0,3,3,0.37755393,0.05487750,0.12761871,0.43994986
sha256:4748babd2b6ac0706cd9ed4bcfd4855c8d2c5535f01813fb2e10b68b31a24c0f:row:3707,5fli|m0|I|300|-|NI|-,5fli,NI,0,3,3,0.12410057,0.05627365,0.16749895,0.65212683
sha256:4748babd2b6ac0706cd9ed4bcfd4855c8d2c5535f01813fb2e10b68b31a24c0f:row:3719,5v3j|m0|E|1006|-|ZN|-,5v3j,ZN,0,2,2,0.07474501,0.08122327,0.59287270,0.25115902
sha256:4748babd2b6ac0706cd9ed4bcfd4855c8d2c5535f01813fb2e10b68b31a24c0f:row:3731,3gcf|m0|E|501|-|FE|-,3gcf,FE,0,3,3,0.28809840,0.04522836,0.12016862,0.54650463
sha256:4748babd2b6ac0706cd9ed4bcfd4855c8d2c5535f01813fb2e10b68b31a24c0f:row:3736,3un5|m0|F|396|-|MN|-,3un5,MN,0,0,2,0.33650375,0.05153197,0.41576668,0.19619760
sha256:4748babd2b6ac0706cd9ed4bcfd4855c8d2c5535f01813fb2e10b68b31a24c0f:row:3740,6e4q|m0|B|701|-|MN|-,6e4q,MN,0,0,0,0.72329200,0.05663229,0.09966549,0.12041022
sha256:4748babd2b6ac0706cd9ed4bcfd4855c8d2c5535f01813fb2e10b68b31a24c0f:row:3749,6xb9|m0|C|301|-|FE|-,6xb9,FE,0,3,3,0.10095502,0.08968866,0.06254284,0.74681348
sha256:4748babd2b6ac0706cd9ed4bcfd4855c8d2c5535f01813fb2e10b68b31a24c0f:row:3750,1ona|m0|B|238|-|MN|-,1ona,MN,0,0,0,0.66797104,0.05105755,0.07913868,0.20183272
sha256:4748babd2b6ac0706cd9ed4bcfd4855c8d2c5535f01813fb2e10b68b31a24c0f:row:3754,3a6g|m0|B|300|-|MN|-,3a6g,MN,0,0,0,0.64387187,0.05522536,0.17117144,0.12973134
sha256:4748babd2b6ac0706cd9ed4bcfd4855c8d2c5535f01813fb2e10b68b31a24c0f:row:3756,3kwo|m0|A|162|-|ZN|-,3kwo,ZN,0,2,2,0.19442652,0.07040745,0.57202173,0.16314431
sha256:4748babd2b6ac0706cd9ed4bcfd4855c8d2c5535f01813fb2e10b68b31a24c0f:row:3757,3zds|m0|A|2000|-|FE|-,3zds,FE,0,3,0,0.36786801,0.07726685,0.20814311,0.34672203
sha256:4748babd2b6ac0706cd9ed4bcfd4855c8d2c5535f01813fb2e10b68b31a24c0f:row:3758,5ui1|m0|A|502|-|MN|-,5ui1,MN,0,0,0,0.70287396,0.05944516,0.08820589,0.14947498
sha256:4748babd2b6ac0706cd9ed4bcfd4855c8d2c5535f01813fb2e10b68b31a24c0f:row:3760,3a6k|m0|A|300|-|MN|-,3a6k,MN,0,0,2,0.32025154,0.09381599,0.46864110,0.11729137
sha256:4748babd2b6ac0706cd9ed4bcfd4855c8d2c5535f01813fb2e10b68b31a24c0f:row:3770,2yxo|m0|A|501|-|ZN|-,2yxo,ZN,0,2,3,0.07839075,0.19875486,0.23361359,0.48924080
sha256:4748babd2b6ac0706cd9ed4bcfd4855c8d2c5535f01813fb2e10b68b31a24c0f:row:3782,8qaw|m0|E|305|-|MN|-,8qaw,MN,0,0,0,0.58766372,0.04925627,0.06822233,0.29485768
sha256:4748babd2b6ac0706cd9ed4bcfd4855c8d2c5535f01813fb2e10b68b31a24c0f:row:3785,8qay|m0|B|302|-|MN|-,8qay,MN,0,0,0,0.57693719,0.04605882,0.07068306,0.30632092
sha256:4748babd2b6ac0706cd9ed4bcfd4855c8d2c5535f01813fb2e10b68b31a24c0f:row:3789,6xb9|m0|F|301|-|FE|-,6xb9,FE,0,3,3,0.12135052,0.07205338,0.07733733,0.72925876
sha256:4748babd2b6ac0706cd9ed4bcfd4855c8d2c5535f01813fb2e10b68b31a24c0f:row:3790,3uny|m0|E|396|-|MN|-,3uny,MN,0,0,2,0.28202802,0.05190299,0.43510144,0.23096755
sha256:4748babd2b6ac0706cd9ed4bcfd4855c8d2c5535f01813fb2e10b68b31a24c0f:row:3797,7k3u|m0|E|401|-|MN|-,7k3u,MN,0,0,0,0.52866662,0.06948481,0.22272225,0.17912633
sha256:4748babd2b6ac0706cd9ed4bcfd4855c8d2c5535f01813fb2e10b68b31a24c0f:row:3799,7cj9|m0|B|301|-|MN|-,7cj9,MN,0,0,0,0.70438973,0.04692587,0.06004908,0.18863532
sha256:4748babd2b6ac0706cd9ed4bcfd4855c8d2c5535f01813fb2e10b68b31a24c0f:row:3813,1z02|m0|D|501|-|FE|-,1z02,FE,0,3,3,0.38130733,0.06089615,0.10370092,0.45409560
sha256:4748babd2b6ac0706cd9ed4bcfd4855c8d2c5535f01813fb2e10b68b31a24c0f:row:3819,4e2s|m0|D|301|-|MN|-,4e2s,MN,0,0,0,0.60145124,0.06073811,0.07744152,0.26036913
sha256:4748babd2b6ac0706cd9ed4bcfd4855c8d2c5535f01813fb2e10b68b31a24c0f:row:3820,8q3b|m0|J|101|-|ZN|-,8q3b,ZN,0,2,2,0.04294141,0.06454920,0.78146287,0.11104653
sha256:4748babd2b6ac0706cd9ed4bcfd4855c8d2c5535f01813fb2e10b68b31a24c0f:row:3829,1vln|m0|D|238|-|MN|-,1vln,MN,0,0,0,0.77258912,0.04450175,0.07282890,0.11008023
sha256:4748babd2b6ac0706cd9ed4bcfd4855c8d2c5535f01813fb2e10b68b31a24c0f:row:3831,1j2t|m0|C|301|-|MN|-,1j2t,MN,0,0,0,0.71487304,0.04079972,0.08919153,0.15513572
sha256:4748babd2b6ac0706cd9ed4bcfd4855c8d2c5535f01813fb2e10b68b31a24c0f:row:3832,3uny|m0|C|395|-|MN|-,3uny,MN,0,0,0,0.64020679,0.06306644,0.09792921,0.19879756
sha256:4748babd2b6ac0706cd9ed4bcfd4855c8d2c5535f01813fb2e10b68b31a24c0f:row:3834,6ie2|m0|B|400|-|MN|-,6ie2,MN,0,0,2,0.28850578,0.07793504,0.35031345,0.28324573
sha256:4748babd2b6ac0706cd9ed4bcfd4855c8d2c5535f01813fb2e10b68b31a24c0f:row:3835,8jq3|m0|D|502|-|MN|-,8jq3,MN,0,0,0,0.66030764,0.04362369,0.11587335,0.18019532
sha256:4748babd2b6ac0706cd9ed4bcfd4855c8d2c5535f01813fb2e10b68b31a24c0f:row:3836,3gcf|m0|J|501|-|FE|-,3gcf,FE,0,3,3,0.33978947,0.05357773,0.11575152,0.49088129
sha256:4748babd2b6ac0706cd9ed4bcfd4855c8d2c5535f01813fb2e10b68b31a24c0f:row:3837,2xso|m0|M|901|-|FE|-,2xso,FE,0,3,2,0.11090736,0.08577243,0.41612289,0.38719731
sha256:4748babd2b6ac0706cd9ed4bcfd4855c8d2c5535f01813fb2e10b68b31a24c0f:row:3850,2ji1|m0|D|1127|-|FE|-,2ji1,FE,0,3,2,0.05118635,0.04519993,0.77152602,0.13208769
sha256:4748babd2b6ac0706cd9ed4bcfd4855c8d2c5535f01813fb2e10b68b31a24c0f:row:3853,4lre|m0|B|401|-|MN|-,4lre,MN,0,0,0,0.59132717,0.04029946,0.10627824,0.26209513
sha256:4748babd2b6ac0706cd9ed4bcfd4855c8d2c5535f01813fb2e10b68b31a24c0f:row:3861,6vcf|m0|B|501|-|FE|-,6vcf,FE,0,3,3,0.07793055,0.36283057,0.15792036,0.40131852
sha256:4748babd2b6ac0706cd9ed4bcfd4855c8d2c5535f01813fb2e10b68b31a24c0f:row:3862,8qaw|m0|H|303|-|MN|-,8qaw,MN,0,0,0,0.56422533,0.05361379,0.07058761,0.31157326
sha256:4748babd2b6ac0706cd9ed4bcfd4855c8d2c5535f01813fb2e10b68b31a24c0f:row:3864,6fwh|m0|F|202|-|MN|-,6fwh,MN,0,0,0,0.61161700,0.04561436,0.06099455,0.28177409
sha256:4748babd2b6ac0706cd9ed4bcfd4855c8d2c5535f01813fb2e10b68b31a24c0f:row:3877,5fv9|m0|A|1571|-|MN|-,5fv9,MN,0,0,2,0.26224781,0.16350370,0.43428639,0.13996211
sha256:4748babd2b6ac0706cd9ed4bcfd4855c8d2c5535f01813fb2e10b68b31a24c0f:row:3882,5nsm|m0|J|602|-|MN|-,5nsm,MN,0,0,0,0.57586874,0.07014232,0.13530813,0.21868080
sha256:4748babd2b6ac0706cd9ed4bcfd4855c8d2c5535f01813fb2e10b68b31a24c0f:row:3892,7k3u|m0|D|402|-|MN|-,7k3u,MN,0,0,0,0.70127771,0.04903350,0.11635191,0.13333688
sha256:4748babd2b6ac0706cd9ed4bcfd4855c8d2c5535f01813fb2e10b68b31a24c0f:row:3899,7y10|m0|A|402|-|NI|-,7y10,NI,0,3,2,0.03908817,0.08652963,0.75655164,0.11783055
sha256:4748babd2b6ac0706cd9ed4bcfd4855c8d2c5535f01813fb2e10b68b31a24c0f:row:3904,7cj8|m0|B|301|-|MN|-,7cj8,MN,0,0,0,0.73693087,0.05063718,0.06812807,0.14430389
sha256:4748babd2b6ac0706cd9ed4bcfd4855c8d2c5535f01813fb2e10b68b31a24c0f:row:3909,4d11|m0|C|1570|-|MN|-,4d11,MN,0,0,0,0.56835906,0.07894441,0.11314473,0.23955181
sha256:4748babd2b6ac0706cd9ed4bcfd4855c8d2c5535f01813fb2e10b68b31a24c0f:row:3919,8jq6|m0|C|502|-|MN|-,8jq6,MN,0,0,0,0.71637944,0.03684267,0.08312971,0.16364818
sha256:4748babd2b6ac0706cd9ed4bcfd4855c8d2c5535f01813fb2e10b68b31a24c0f:row:3921,7k3u|m0|H|401|-|MN|-,7k3u,MN,0,0,0,0.59746272,0.04897889,0.14348813,0.21007026
sha256:4748babd2b6ac0706cd9ed4bcfd4855c8d2c5535f01813fb2e10b68b31a24c0f:row:3923,3gcf|m0|O|501|-|FE|-,3gcf,FE,0,3,3,0.13021405,0.04795980,0.24965127,0.57217488
sha256:4748babd2b6ac0706cd9ed4bcfd4855c8d2c5535f01813fb2e10b68b31a24c0f:row:3924,8sss|m0|A|506|-|ZN|-,8sss,ZN,0,2,2,0.05007526,0.07915152,0.68058101,0.19019221
sha256:4748babd2b6ac0706cd9ed4bcfd4855c8d2c5535f01813fb2e10b68b31a24c0f:row:3929,2yav|m0|C|402|-|FE|-,2yav,FE,0,3,3,0.21227436,0.05065060,0.11796748,0.61910755
sha256:4748babd2b6ac0706cd9ed4bcfd4855c8d2c5535f01813fb2e10b68b31a24c0f:row:3930,2xrx|m0|M|1461|-|FE|-,2xrx,FE,0,3,3,0.12905368,0.08992420,0.33443821,0.44658390
sha256:4748babd2b6ac0706cd9ed4bcfd4855c8d2c5535f01813fb2e10b68b31a24c0f:row:3933,8adl|m0|B|1104|-|ZN|-,8adl,ZN,0,2,2,0.03973982,0.06273124,0.80493633,0.09259261
sha256:4748babd2b6ac0706cd9ed4bcfd4855c8d2c5535f01813fb2e10b68b31a24c0f:row:3954,1f2i|m0|J|4201|-|ZN|-,1f2i,ZN,0,2,2,0.05153986,0.08950998,0.71870350,0.14024666
sha256:4748babd2b6ac0706cd9ed4bcfd4855c8d2c5535f01813fb2e10b68b31a24c0f:row:3955,2xsh|m0|E|902|-|FE|-,2xsh,FE,0,3,3,0.30642335,0.06137568,0.10909794,0.52310302
sha256:4748babd2b6ac0706cd9ed4bcfd4855c8d2c5535f01813fb2e10b68b31a24c0f:row:3964,6suw|m0|V|201|-|FE|-,6suw,FE,0,3,0,0.44536085,0.07036280,0.21466182,0.26961453
sha256:4748babd2b6ac0706cd9ed4bcfd4855c8d2c5535f01813fb2e10b68b31a24c0f:row:3965,7td5|m0|A|1001|-|ZN|-,7td5,ZN,0,2,2,0.04504580,0.06073938,0.80057600,0.09363882
sha256:4748babd2b6ac0706cd9ed4bcfd4855c8d2c5535f01813fb2e10b68b31a24c0f:row:3969,3uny|m0|F|396|-|MN|-,3uny,MN,0,0,2,0.28619731,0.04766294,0.45699446,0.20914529
sha256:4748babd2b6ac0706cd9ed4bcfd4855c8d2c5535f01813fb2e10b68b31a24c0f:row:3985,2y9x|m0|A|400|-|CU|-,2y9x,CU,0,1,1,0.05757718,0.45231385,0.21335416,0.27675480
sha256:4748babd2b6ac0706cd9ed4bcfd4855c8d2c5535f01813fb2e10b68b31a24c0f:row:3992,3gcf|m0|G|501|-|FE|-,3gcf,FE,0,3,3,0.12902691,0.05296358,0.16151808,0.65649143
sha256:4748babd2b6ac0706cd9ed4bcfd4855c8d2c5535f01813fb2e10b68b31a24c0f:row:4002,6sv1|m0|U|201|-|FE|-,6sv1,FE,0,3,0,0.45022244,0.04631584,0.14272839,0.36073333
sha256:4748babd2b6ac0706cd9ed4bcfd4855c8d2c5535f01813fb2e10b68b31a24c0f:row:4004,2yfl|m0|E|901|-|FE|-,2yfl,FE,0,3,3,0.31591752,0.09058172,0.16754950,0.42595126
sha256:4748babd2b6ac0706cd9ed4bcfd4855c8d2c5535f01813fb2e10b68b31a24c0f:row:4012,4d0t|m0|A|1571|-|MN|-,4d0t,MN,0,0,0,0.67875708,0.05707854,0.09806133,0.16610306
sha256:4748babd2b6ac0706cd9ed4bcfd4855c8d2c5535f01813fb2e10b68b31a24c0f:row:4017,1jm0|m0|D|504|-|MN|-,1jm0,MN,0,0,0,0.42504237,0.04027197,0.38792349,0.14676216
sha256:4748babd2b6ac0706cd9ed4bcfd4855c8d2c5535f01813fb2e10b68b31a24c0f:row:4022,4b2o|m0|B|1266|-|FE|-,4b2o,FE,0,3,3,0.30020301,0.05927767,0.14844450,0.49207482
sha256:4748babd2b6ac0706cd9ed4bcfd4855c8d2c5535f01813fb2e10b68b31a24c0f:row:4026,3un2|m0|B|395|-|MN|-,3un2,MN,0,0,0,0.59542270,0.05121517,0.08211612,0.27124601
sha256:4748babd2b6ac0706cd9ed4bcfd4855c8d2c5535f01813fb2e10b68b31a24c0f:row:4029,4lrf|m0|C|401|-|MN|-,4lrf,MN,0,0,0,0.60086814,0.04624549,0.10036145,0.25252492
sha256:4748babd2b6ac0706cd9ed4bcfd4855c8d2c5535f01813fb2e10b68b31a24c0f:row:4033,1q0k|m0|L|118|-|NI|-,1q0k,NI,0,3,2,0.03785442,0.14830282,0.59571043,0.21813234
sha256:4748babd2b6ac0706cd9ed4bcfd4855c8d2c5535f01813fb2e10b68b31a24c0f:row:4039,1wog|m0|A|1602|-|MN|-,1wog,MN,0,0,0,0.43580757,0.04771481,0.32457040,0.19190722
sha256:4748babd2b6ac0706cd9ed4bcfd4855c8d2c5535f01813fb2e10b68b31a24c0f:row:4041,8jwu|m0|A|504|-|ZN|-,8jwu,ZN,0,2,2,0.03624338,0.09689075,0.77911668,0.08774919
sha256:4748babd2b6ac0706cd9ed4bcfd4855c8d2c5535f01813fb2e10b68b31a24c0f:row:4045,4uxa|m0|C|200|-|MN|-,4uxa,MN,0,0,0,0.49108696,0.08347100,0.07897705,0.34646499
sha256:4748babd2b6ac0706cd9ed4bcfd4855c8d2c5535f01813fb2e10b68b31a24c0f:row:4046,3vyl|m0|D|1001|-|MN|-,3vyl,MN,0,0,0,0.67658924,0.03880369,0.10164225,0.18296482
sha256:4748babd2b6ac0706cd9ed4bcfd4855c8d2c5535f01813fb2e10b68b31a24c0f:row:4047,7aqs|m0|M|201|-|FE|-,7aqs,FE,0,3,0,0.42796169,0.09307768,0.27484459,0.20411603
sha256:4748babd2b6ac0706cd9ed4bcfd4855c8d2c5535f01813fb2e10b68b31a24c0f:row:4056,6sv1|m0|a|201|-|FE|-,6sv1,FE,0,3,0,0.44139599,0.04110114,0.11325685,0.40424602
sha256:4748babd2b6ac0706cd9ed4bcfd4855c8d2c5535f01813fb2e10b68b31a24c0f:row:4065,4uxa|m0|P|200|-|MN|-,4uxa,MN,0,0,0,0.46598540,0.07886471,0.07591189,0.37923800
sha256:4748babd2b6ac0706cd9ed4bcfd4855c8d2c5535f01813fb2e10b68b31a24c0f:row:4073,3tas|m0|A|7|-|CU|-,3tas,CU,0,1,2,0.08582989,0.33186058,0.46998575,0.11232377
sha256:4748babd2b6ac0706cd9ed4bcfd4855c8d2c5535f01813fb2e10b68b31a24c0f:row:4083,5ntd|m0|G|602|-|MN|-,5ntd,MN,0,0,0,0.55962591,0.04772329,0.17084272,0.22180808
sha256:4748babd2b6ac0706cd9ed4bcfd4855c8d2c5535f01813fb2e10b68b31a24c0f:row:4085,6fwh|m0|C|203|-|MN|-,6fwh,MN,0,0,0,0.60712845,0.05018287,0.07210573,0.27058296
sha256:4748babd2b6ac0706cd9ed4bcfd4855c8d2c5535f01813fb2e10b68b31a24c0f:row:4098,4qnk|m0|H|301|-|MN|-,4qnk,MN,0,0,0,0.56414943,0.04986590,0.06472594,0.32125872
sha256:4748babd2b6ac0706cd9ed4bcfd4855c8d2c5535f01813fb2e10b68b31a24c0f:row:4099,3uny|m0|A|396|-|MN|-,3uny,MN,0,0,2,0.28826291,0.04689005,0.44110044,0.22374660
sha256:4748babd2b6ac0706cd9ed4bcfd4855c8d2c5535f01813fb2e10b68b31a24c0f:row:4100,4uxa|m0|T|200|-|MN|-,4uxa,MN,0,0,0,0.53297424,0.07330521,0.08911170,0.30460885
sha256:4748babd2b6ac0706cd9ed4bcfd4855c8d2c5535f01813fb2e10b68b31a24c0f:row:4120,1z03|m0|B|501|-|FE|-,1z03,FE,0,3,3,0.23607253,0.09961099,0.31441568,0.34990081
sha256:4748babd2b6ac0706cd9ed4bcfd4855c8d2c5535f01813fb2e10b68b31a24c0f:row:4127,3a6f|m0|A|300|-|MN|-,3a6f,MN,0,0,0,0.51495814,0.06056714,0.30275180,0.12172292
sha256:4748babd2b6ac0706cd9ed4bcfd4855c8d2c5535f01813fb2e10b68b31a24c0f:row:4128,7m4m|m0|A|803|-|ZN|-,7m4m,ZN,0,2,2,0.04454726,0.05215942,0.67954000,0.22375332
sha256:4748babd2b6ac0706cd9ed4bcfd4855c8d2c5535f01813fb2e10b68b31a24c0f:row:4129,8sss|m0|A|503|-|ZN|-,8sss,ZN,0,2,2,0.04382295,0.10869471,0.74123231,0.10625004
sha256:4748babd2b6ac0706cd9ed4bcfd4855c8d2c5535f01813fb2e10b68b31a24c0f:row:4131,4uxa|m0|N|200|-|MN|-,4uxa,MN,0,0,3,0.26321280,0.07738904,0.09722637,0.56217179
sha256:4748babd2b6ac0706cd9ed4bcfd4855c8d2c5535f01813fb2e10b68b31a24c0f:row:4132,6s0r|m0|A|301|-|NI|-,6s0r,NI,0,3,3,0.08303860,0.11664641,0.26042923,0.53988576
sha256:4748babd2b6ac0706cd9ed4bcfd4855c8d2c5535f01813fb2e10b68b31a24c0f:row:4134,2yfi|m0|C|901|-|FE|-,2yfi,FE,0,3,3,0.09206860,0.06832053,0.39875591,0.44085496
sha256:4748babd2b6ac0706cd9ed4bcfd4855c8d2c5535f01813fb2e10b68b31a24c0f:row:4136,1q0m|m0|F|118|-|NI|-,1q0m,NI,0,3,2,0.04061868,0.12964790,0.62020793,0.20952549
sha256:4748babd2b6ac0706cd9ed4bcfd4855c8d2c5535f01813fb2e10b68b31a24c0f:row:4142,1m35|m0|D|2007|-|MN|-,1m35,MN,0,0,0,0.67636912,0.04388675,0.14663926,0.13310487
sha256:4748babd2b6ac0706cd9ed4bcfd4855c8d2c5535f01813fb2e10b68b31a24c0f:row:4143,2yfl|m0|K|901|-|FE|-,2yfl,FE,0,3,2,0.10956958,0.07937624,0.42856267,0.38249151
sha256:4748babd2b6ac0706cd9ed4bcfd4855c8d2c5535f01813fb2e10b68b31a24c0f:row:4152,7oi1|m0|C|403|-|NI|-,7oi1,NI,0,3,0,0.50667916,0.05650440,0.12954046,0.30727599
sha256:4748babd2b6ac0706cd9ed4bcfd4855c8d2c5535f01813fb2e10b68b31a24c0f:row:4158,7ody|m0|C|203|-|MN|-,7ody,MN,0,0,0,0.73921710,0.03544323,0.07950976,0.14582991
sha256:4748babd2b6ac0706cd9ed4bcfd4855c8d2c5535f01813fb2e10b68b31a24c0f:row:4160,8qav|m0|O|302|-|MN|-,8qav,MN,0,0,0,0.54215312,0.06601094,0.11302377,0.27881217
sha256:4748babd2b6ac0706cd9ed4bcfd4855c8d2c5535f01813fb2e10b68b31a24c0f:row:4163,2yf3|m0|D|1148|-|MN|-,2yf3,MN,0,0,0,0.64752937,0.03572748,0.07714097,0.23960218
sha256:4748babd2b6ac0706cd9ed4bcfd4855c8d2c5535f01813fb2e10b68b31a24c0f:row:4164,3zds|m0|E|2000|-|FE|-,3zds,FE,0,3,0,0.43645412,0.07744814,0.13252456,0.35357318
sha256:4748babd2b6ac0706cd9ed4bcfd4855c8d2c5535f01813fb2e10b68b31a24c0f:row:4171,4uxa|m0|E|200|-|MN|-,4uxa,MN,0,0,3,0.33705525,0.07148064,0.08111677,0.51034734
sha256:4748babd2b6ac0706cd9ed4bcfd4855c8d2c5535f01813fb2e10b68b31a24c0f:row:4172,6txc|m0|F|701|-|FE|-,6txc,FE,0,3,3,0.22244826,0.05157393,0.20370933,0.52226848
sha256:4748babd2b6ac0706cd9ed4bcfd4855c8d2c5535f01813fb2e10b68b31a24c0f:row:4176,8fty|m0|D|601|-|FE|-,8fty,FE,0,3,3,0.13789697,0.08920380,0.31815675,0.45474247
sha256:4748babd2b6ac0706cd9ed4bcfd4855c8d2c5535f01813fb2e10b68b31a24c0f:row:4196,4e2q|m0|B|301|-|MN|-,4e2q,MN,0,0,0,0.54142208,0.07730748,0.11032581,0.27094463
sha256:4748babd2b6ac0706cd9ed4bcfd4855c8d2c5535f01813fb2e10b68b31a24c0f:row:4209,4lrc|m0|C|401|-|MN|-,4lrc,MN,0,0,0,0.48975717,0.10546373,0.27545833,0.12932077
sha256:4748babd2b6ac0706cd9ed4bcfd4855c8d2c5535f01813fb2e10b68b31a24c0f:row:4210,5fli|m0|C|300|-|NI|-,5fli,NI,0,3,3,0.14200888,0.10112469,0.12860414,0.62826230
sha256:4748babd2b6ac0706cd9ed4bcfd4855c8d2c5535f01813fb2e10b68b31a24c0f:row:4216,7mgb|m0|A|302|-|MN|-,7mgb,MN,0,0,0,0.76475926,0.04301632,0.08071950,0.11150492
sha256:4748babd2b6ac0706cd9ed4bcfd4855c8d2c5535f01813fb2e10b68b31a24c0f:row:4217,7oj5|m0|N|302|-|MN|-,7oj5,MN,0,0,0,0.53786336,0.05794226,0.19444698,0.20974739
sha256:4748babd2b6ac0706cd9ed4bcfd4855c8d2c5535f01813fb2e10b68b31a24c0f:row:4218,3ot9|m0|C|396|-|MN|-,3ot9,MN,0,0,0,0.63959922,0.04742838,0.13798697,0.17498543
sha256:4748babd2b6ac0706cd9ed4bcfd4855c8d2c5535f01813fb2e10b68b31a24c0f:row:4222,3ak9|m0|E|168|-|FE|-,3ak9,FE,0,3,0,0.42941203,0.05763559,0.21718575,0.29576663
sha256:4748babd2b6ac0706cd9ed4bcfd4855c8d2c5535f01813fb2e10b68b31a24c0f:row:4224,1t6u|m0|D|204|-|NI|-,1t6u,NI,0,3,3,0.05229289,0.10830834,0.30783045,0.53156832
sha256:4748babd2b6ac0706cd9ed4bcfd4855c8d2c5535f01813fb2e10b68b31a24c0f:row:4230,1tei|m0|B|238|-|MN|-,1tei,MN,0,0,0,0.78313975,0.04654803,0.07919104,0.09112118
sha256:4748babd2b6ac0706cd9ed4bcfd4855c8d2c5535f01813fb2e10b68b31a24c0f:row:4231,4qnk|m0|A|302|-|MN|-,4qnk,MN,0,0,0,0.54141291,0.04914143,0.06532518,0.34412049
sha256:4748babd2b6ac0706cd9ed4bcfd4855c8d2c5535f01813fb2e10b68b31a24c0f:row:4232,3uo0|m0|B|395|-|MN|-,3uo0,MN,0,0,0,0.61190750,0.06530800,0.10452996,0.21825453
sha256:4748babd2b6ac0706cd9ed4bcfd4855c8d2c5535f01813fb2e10b68b31a24c0f:row:4236,4e2q|m0|N|301|-|MN|-,4e2q,MN,0,0,3,0.38495430,0.06973188,0.10341940,0.44189442
sha256:4748babd2b6ac0706cd9ed4bcfd4855c8d2c5535f01813fb2e10b68b31a24c0f:row:4238,8jq3|m0|B|501|-|MN|-,8jq3,MN,0,0,0,0.47105860,0.11681821,0.27575282,0.13637038
sha256:4748babd2b6ac0706cd9ed4bcfd4855c8d2c5535f01813fb2e10b68b31a24c0f:row:4240,1m35|m0|B|2004|-|MN|-,1m35,MN,0,0,0,0.57501946,0.04520096,0.15755185,0.22222773
sha256:4748babd2b6ac0706cd9ed4bcfd4855c8d2c5535f01813fb2e10b68b31a24c0f:row:4259,6suw|m0|H|201|-|FE|-,6suw,FE,0,3,0,0.45800149,0.05610034,0.21639699,0.26950118
sha256:4748babd2b6ac0706cd9ed4bcfd4855c8d2c5535f01813fb2e10b68b31a24c0f:row:4260,1vkm|m0|B|300|-|MN|-,1vkm,MN,0,0,0,0.54974949,0.04940945,0.09245836,0.30838271
sha256:4748babd2b6ac0706cd9ed4bcfd4855c8d2c5535f01813fb2e10b68b31a24c0f:row:4265,6txc|m0|B|701|-|FE|-,6txc,FE,0,3,3,0.30143400,0.05691232,0.22254113,0.41911255
sha256:4748babd2b6ac0706cd9ed4bcfd4855c8d2c5535f01813fb2e10b68b31a24c0f:row:4267,2vzb|m0|B|6204|-|FE|-,2vzb,FE,0,3,0,0.54347360,0.04263980,0.09841082,0.31547578
sha256:4748babd2b6ac0706cd9ed4bcfd4855c8d2c5535f01813fb2e10b68b31a24c0f:row:4274,6s0s|m0|A|301|-|NI|-,6s0s,NI,0,3,3,0.10861237,0.10988371,0.13322887,0.64827505
sha256:4748babd2b6ac0706cd9ed4bcfd4855c8d2c5535f01813fb2e10b68b31a24c0f:row:4286,6suw|m0|b|201|-|FE|-,6suw,FE,0,3,0,0.45699442,0.06366193,0.25703252,0.22231113
sha256:4748babd2b6ac0706cd9ed4bcfd4855c8d2c5535f01813fb2e10b68b31a24c0f:row:4290,2yfl|m0|G|901|-|FE|-,2yfl,FE,0,3,3,0.08669476,0.08662345,0.29065211,0.53602968
sha256:4748babd2b6ac0706cd9ed4bcfd4855c8d2c5535f01813fb2e10b68b31a24c0f:row:4292,7cl6|m0|B|301|-|NI|-,7cl6,NI,0,3,3,0.33699557,0.09717863,0.13406924,0.43175657
sha256:4748babd2b6ac0706cd9ed4bcfd4855c8d2c5535f01813fb2e10b68b31a24c0f:row:4295,1v7z|m0|B|3300|-|MN|-,1v7z,MN,0,0,0,0.69090583,0.04076390,0.11118086,0.15714941
sha256:4748babd2b6ac0706cd9ed4bcfd4855c8d2c5535f01813fb2e10b68b31a24c0f:row:4298,4bif|m0|A|1132|-|MN|-,4bif,MN,0,0,3,0.32833931,0.07936630,0.08525344,0.50704095
sha256:4748babd2b6ac0706cd9ed4bcfd4855c8d2c5535f01813fb2e10b68b31a24c0f:row:4302,2cb2|m0|F|1310|-|FE|-,2cb2,FE,0,3,3,0.36502983,0.06221834,0.15886582,0.41388601
sha256:4748babd2b6ac0706cd9ed4bcfd4855c8d2c5535f01813fb2e10b68b31a24c0f:row:4305,4zvz|m0|D|501|-|MN|-,4zvz,MN,0,0,0,0.66525586,0.05365535,0.10328370,0.17780509
sha256:4748babd2b6ac0706cd9ed4bcfd4855c8d2c5535f01813fb2e10b68b31a24c0f:row:4310,1m35|m0|A|2002|-|MN|-,1m35,MN,0,0,0,0.59305309,0.05094110,0.15095530,0.20505051
sha256:4748babd2b6ac0706cd9ed4bcfd4855c8d2c5535f01813fb2e10b68b31a24c0f:row:4329,2yav|m0|E|402|-|FE|-,2yav,FE,0,3,3,0.24397058,0.05369228,0.10971413,0.59262302
sha256:4748babd2b6ac0706cd9ed4bcfd4855c8d2c5535f01813fb2e10b68b31a24c0f:row:4331,6s0t|m0|D|301|-|NI|-,6s0t,NI,0,3,3,0.28521014,0.10680146,0.11658070,0.49140770
sha256:4748babd2b6ac0706cd9ed4bcfd4855c8d2c5535f01813fb2e10b68b31a24c0f:row:4335,4lra|m0|B|402|-|MN|-,4lra,MN,0,0,0,0.66109798,0.05287111,0.09036394,0.19566696
sha256:4748babd2b6ac0706cd9ed4bcfd4855c8d2c5535f01813fb2e10b68b31a24c0f:row:4347,2ji3|m0|C|1128|-|FE|-,2ji3,FE,0,3,0,0.41024371,0.08418034,0.11117319,0.39440276
sha256:4748babd2b6ac0706cd9ed4bcfd4855c8d2c5535f01813fb2e10b68b31a24c0f:row:4349,7die|m0|B|201|-|FE|-,7die,FE,0,3,0,0.68626942,0.06201369,0.14687209,0.10484480
sha256:4748babd2b6ac0706cd9ed4bcfd4855c8d2c5535f01813fb2e10b68b31a24c0f:row:4351,3g1p|m0|B|402|-|MN|-,3g1p,MN,0,0,0,0.65804041,0.06611307,0.08619991,0.18964660
sha256:4748babd2b6ac0706cd9ed4bcfd4855c8d2c5535f01813fb2e10b68b31a24c0f:row:4360,4q7r|m0|B|301|-|ZN|-,4q7r,ZN,0,2,2,0.10021411,0.09272638,0.62485429,0.18220521
sha256:4748babd2b6ac0706cd9ed4bcfd4855c8d2c5535f01813fb2e10b68b31a24c0f:row:4374,6fwh|m0|F|201|-|MN|-,6fwh,MN,0,0,0,0.56732714,0.06117682,0.07333981,0.29815624
sha256:4748babd2b6ac0706cd9ed4bcfd4855c8d2c5535f01813fb2e10b68b31a24c0f:row:4383,2ji2|m0|A|2000|-|FE|-,2ji2,FE,0,3,3,0.31407745,0.09696863,0.11449156,0.47446236
sha256:4748babd2b6ac0706cd9ed4bcfd4855c8d2c5535f01813fb2e10b68b31a24c0f:row:4393,7fjl|m0|D|501|-|FE|-,7fjl,FE,0,3,3,0.30708375,0.05211994,0.12204507,0.51875123
sha256:4748babd2b6ac0706cd9ed4bcfd4855c8d2c5535f01813fb2e10b68b31a24c0f:row:4397,7aqs|m0|L|201|-|FE|-,7aqs,FE,0,3,0,0.41903389,0.08300017,0.28026278,0.21770316
sha256:4748babd2b6ac0706cd9ed4bcfd4855c8d2c5535f01813fb2e10b68b31a24c0f:row:4403,2gyq|m0|A|402|-|FE|-,2gyq,FE,0,3,2,0.31028842,0.06274066,0.40229066,0.22468027
sha256:4748babd2b6ac0706cd9ed4bcfd4855c8d2c5535f01813fb2e10b68b31a24c0f:row:4410,7k3u|m0|F|402|-|MN|-,7k3u,MN,0,0,0,0.56542933,0.04370268,0.14209201,0.24877597
sha256:4748babd2b6ac0706cd9ed4bcfd4855c8d2c5535f01813fb2e10b68b31a24c0f:row:4412,6suw|m0|E|201|-|FE|-,6suw,FE,0,3,3,0.24215613,0.08060377,0.17431710,0.50292300
sha256:4748babd2b6ac0706cd9ed4bcfd4855c8d2c5535f01813fb2e10b68b31a24c0f:row:4439,2xso|m0|O|901|-|FE|-,2xso,FE,0,3,3,0.11617061,0.07750068,0.22449795,0.58183076
sha256:4748babd2b6ac0706cd9ed4bcfd4855c8d2c5535f01813fb2e10b68b31a24c0f:row:4446,3uo0|m0|C|395|-|MN|-,3uo0,MN,0,0,0,0.67126787,0.04236992,0.07375020,0.21261202
sha256:4748babd2b6ac0706cd9ed4bcfd4855c8d2c5535f01813fb2e10b68b31a24c0f:row:4449,3uny|m0|C|396|-|MN|-,3uny,MN,0,0,2,0.29310221,0.04924818,0.42479913,0.23285048
sha256:4748babd2b6ac0706cd9ed4bcfd4855c8d2c5535f01813fb2e10b68b31a24c0f:row:4453,3uo0|m0|A|396|-|MN|-,3uo0,MN,0,0,0,0.57595663,0.08005618,0.12581190,0.21817528
sha256:4748babd2b6ac0706cd9ed4bcfd4855c8d2c5535f01813fb2e10b68b31a24c0f:row:4454,4ghh|m0|A|401|-|FE|-,4ghh,FE,0,3,3,0.23758575,0.05482011,0.07683229,0.63076185
sha256:4748babd2b6ac0706cd9ed4bcfd4855c8d2c5535f01813fb2e10b68b31a24c0f:row:4455,5ui1|m0|D|502|-|MN|-,5ui1,MN,0,0,0,0.69796558,0.05218586,0.08073362,0.16911495
sha256:4748babd2b6ac0706cd9ed4bcfd4855c8d2c5535f01813fb2e10b68b31a24c0f:row:4456,1j2t|m0|D|301|-|MN|-,1j2t,MN,0,0,0,0.43881564,0.04372099,0.33705209,0.18041128
sha256:4748babd2b6ac0706cd9ed4bcfd4855c8d2c5535f01813fb2e10b68b31a24c0f:row:4459,8dq3|m0|C|401|-|MN|-,8dq3,MN,0,0,0,0.66931439,0.05054021,0.14888220,0.13126319
sha256:4748babd2b6ac0706cd9ed4bcfd4855c8d2c5535f01813fb2e10b68b31a24c0f:row:4460,4c8r|m0|A|501|-|NI|-,4c8r,NI,0,3,0,0.40645449,0.08934187,0.12000427,0.38419937
sha256:4748babd2b6ac0706cd9ed4bcfd4855c8d2c5535f01813fb2e10b68b31a24c0f:row:4468,7aqs|m0|K|201|-|FE|-,7aqs,FE,0,3,2,0.30879001,0.10371571,0.35126827,0.23622601
sha256:4748babd2b6ac0706cd9ed4bcfd4855c8d2c5535f01813fb2e10b68b31a24c0f:row:4480,4d11|m0|B|1571|-|MN|-,4d11,MN,0,0,2,0.34387770,0.07618693,0.36504885,0.21488651
sha256:4748babd2b6ac0706cd9ed4bcfd4855c8d2c5535f01813fb2e10b68b31a24c0f:row:4482,7cj8|m0|A|301|-|MN|-,7cj8,MN,0,0,0,0.70169468,0.05323559,0.07479057,0.17027915
sha256:4748babd2b6ac0706cd9ed4bcfd4855c8d2c5535f01813fb2e10b68b31a24c0f:row:4484,5aew|m0|O|461|-|FE|-,5aew,FE,0,3,2,0.11901246,0.07471848,0.40524349,0.40102557
sha256:4748babd2b6ac0706cd9ed4bcfd4855c8d2c5535f01813fb2e10b68b31a24c0f:row:4486,2xgf|m0|A|2030|-|FE|-,2xgf,FE,0,3,3,0.13172450,0.08511256,0.12578952,0.65737341
sha256:4748babd2b6ac0706cd9ed4bcfd4855c8d2c5535f01813fb2e10b68b31a24c0f:row:4494,2xsh|m0|K|901|-|FE|-,2xsh,FE,0,3,3,0.11552787,0.06128664,0.24892696,0.57425853
sha256:4748babd2b6ac0706cd9ed4bcfd4855c8d2c5535f01813fb2e10b68b31a24c0f:row:4497,1f1g|m0|C|4005|-|CU|-,1f1g,CU,0,1,1,0.02998639,0.74661514,0.14348738,0.07991109
sha256:4748babd2b6ac0706cd9ed4bcfd4855c8d2c5535f01813fb2e10b68b31a24c0f:row:4500,5u7n|m0|H|1000|-|CU|-,5u7n,CU,0,1,2,0.04620461,0.35423468,0.45813727,0.14142345
sha256:4748babd2b6ac0706cd9ed4bcfd4855c8d2c5535f01813fb2e10b68b31a24c0f:row:4506,6txa|m0|C|702|-|FE|-,6txa,FE,0,3,0,0.40794645,0.04876668,0.18960374,0.35368313
sha256:4748babd2b6ac0706cd9ed4bcfd4855c8d2c5535f01813fb2e10b68b31a24c0f:row:4507,4zvz|m0|B|501|-|MN|-,4zvz,MN,0,0,0,0.61271511,0.05413513,0.08807644,0.24507332
sha256:4748babd2b6ac0706cd9ed4bcfd4855c8d2c5535f01813fb2e10b68b31a24c0f:row:4509,1wog|m0|B|1603|-|MN|-,1wog,MN,0,0,0,0.64590338,0.05957081,0.12711703,0.16740879
sha256:4748babd2b6ac0706cd9ed4bcfd4855c8d2c5535f01813fb2e10b68b31a24c0f:row:4523,4zvz|m0|D|502|-|MN|-,4zvz,MN,0,0,0,0.71646300,0.04646261,0.08106400,0.15601039
sha256:4748babd2b6ac0706cd9ed4bcfd4855c8d2c5535f01813fb2e10b68b31a24c0f:row:4525,7aqs|m0|Q|201|-|FE|-,7aqs,FE,0,3,0,0.39995731,0.12048448,0.31910002,0.16045819
sha256:4748babd2b6ac0706cd9ed4bcfd4855c8d2c5535f01813fb2e10b68b31a24c0f:row:4529,6xu1|m0|F|701|-|FE|-,6xu1,FE,0,3,3,0.40891689,0.05261966,0.09385262,0.44461083
sha256:4748babd2b6ac0706cd9ed4bcfd4855c8d2c5535f01813fb2e10b68b31a24c0f:row:4544,6ie2|m0|H|400|-|MN|-,6ie2,MN,0,0,0,0.57502843,0.08031744,0.13126391,0.21339022
sha256:4748babd2b6ac0706cd9ed4bcfd4855c8d2c5535f01813fb2e10b68b31a24c0f:row:4551,7k3u|m0|H|402|-|MN|-,7k3u,MN,0,0,0,0.53523718,0.04434056,0.16361375,0.25680851
sha256:4748babd2b6ac0706cd9ed4bcfd4855c8d2c5535f01813fb2e10b68b31a24c0f:row:4556,1q0k|m0|G|118|-|NI|-,1q0k,NI,0,3,2,0.03885404,0.16335452,0.57276586,0.22502559
sha256:4748babd2b6ac0706cd9ed4bcfd4855c8d2c5535f01813fb2e10b68b31a24c0f:row:4559,2ji2|m0|D|1003|-|FE|-,2ji2,FE,0,3,2,0.05134257,0.04743222,0.78123296,0.11999225
sha256:4748babd2b6ac0706cd9ed4bcfd4855c8d2c5535f01813fb2e10b68b31a24c0f:row:4562,5fli|m0|J|300|-|NI|-,5fli,NI,0,3,3,0.11629865,0.09186151,0.31472243,0.47711741
sha256:4748babd2b6ac0706cd9ed4bcfd4855c8d2c5535f01813fb2e10b68b31a24c0f:row:4568,1j2t|m0|E|301|-|MN|-,1j2t,MN,0,0,0,0.47248350,0.04758322,0.33046632,0.14946696
sha256:4748babd2b6ac0706cd9ed4bcfd4855c8d2c5535f01813fb2e10b68b31a24c0f:row:4569,8qay|m0|G|302|-|MN|-,8qay,MN,0,0,0,0.56432456,0.04958599,0.07244960,0.31363986
sha256:4748babd2b6ac0706cd9ed4bcfd4855c8d2c5535f01813fb2e10b68b31a24c0f:row:4570,7aqs|m0|V|201|-|FE|-,7aqs,FE,0,3,0,0.41520009,0.09443415,0.26959552,0.22077025
sha256:4748babd2b6ac0706cd9ed4bcfd4855c8d2c5535f01813fb2e10b68b31a24c0f:row:4573,7fjl|m0|F|502|-|FE|-,7fjl,FE,0,3,3,0.08954431,0.06009009,0.26844224,0.58192337
sha256:4748babd2b6ac0706cd9ed4bcfd4855c8d2c5535f01813fb2e10b68b31a24c0f:row:4577,3vnm|m0|D|302|-|MN|-,3vnm,MN,0,0,0,0.73797424,0.03709955,0.09298809,0.13193812
sha256:4748babd2b6ac0706cd9ed4bcfd4855c8d2c5535f01813fb2e10b68b31a24c0f:row:4581,4qnk|m0|F|302|-|MN|-,4qnk,MN,0,0,0,0.59587382,0.05072653,0.06749047,0.28590918
sha256:4748babd2b6ac0706cd9ed4bcfd4855c8d2c5535f01813fb2e10b68b31a24c0f:row:4583,2y9x|m0|C|400|-|CU|-,2y9x,CU,0,1,1,0.05755077,0.45522717,0.29332482,0.19389724
sha256:4748babd2b6ac0706cd9ed4bcfd4855c8d2c5535f01813fb2e10b68b31a24c0f:row:4587,7v25|m0|D|501|-|FE|-,7v25,FE,0,3,2,0.06654207,0.09437724,0.46382136,0.37525933
sha256:4748babd2b6ac0706cd9ed4bcfd4855c8d2c5535f01813fb2e10b68b31a24c0f:row:4592,8qav|m0|P|302|-|MN|-,8qav,MN,0,0,0,0.66948094,0.06782528,0.07825578,0.18443800
sha256:4748babd2b6ac0706cd9ed4bcfd4855c8d2c5535f01813fb2e10b68b31a24c0f:row:4599,4q7r|m0|B|304|-|ZN|-,4q7r,ZN,0,2,2,0.12572844,0.05356708,0.66560112,0.15510337
sha256:4748babd2b6ac0706cd9ed4bcfd4855c8d2c5535f01813fb2e10b68b31a24c0f:row:4600,5nsm|m0|K|603|-|MN|-,5nsm,MN,0,0,0,0.52980786,0.07134610,0.13339614,0.26544990
sha256:4748babd2b6ac0706cd9ed4bcfd4855c8d2c5535f01813fb2e10b68b31a24c0f:row:4603,6txc|m0|N|701|-|FE|-,6txc,FE,0,3,0,0.40208801,0.05453567,0.17673439,0.36664193
sha256:4748babd2b6ac0706cd9ed4bcfd4855c8d2c5535f01813fb2e10b68b31a24c0f:row:4607,2yfi|m0|A|901|-|FE|-,2yfi,FE,0,3,2,0.08326385,0.07086953,0.43086174,0.41500487
sha256:4748babd2b6ac0706cd9ed4bcfd4855c8d2c5535f01813fb2e10b68b31a24c0f:row:4615,6xu1|m0|A|701|-|FE|-,6xu1,FE,0,3,3,0.41545984,0.05565044,0.09262994,0.43625977
sha256:4748babd2b6ac0706cd9ed4bcfd4855c8d2c5535f01813fb2e10b68b31a24c0f:row:4623,3uny|m0|D|395|-|MN|-,3uny,MN,0,0,0,0.65301312,0.06308537,0.08952399,0.19437751
sha256:4748babd2b6ac0706cd9ed4bcfd4855c8d2c5535f01813fb2e10b68b31a24c0f:row:4632,8qaw|m0|B|304|-|MN|-,8qaw,MN,0,0,0,0.52396521,0.05072116,0.08523821,0.34007541
sha256:4748babd2b6ac0706cd9ed4bcfd4855c8d2c5535f01813fb2e10b68b31a24c0f:row:4638,1f1g|m0|C|4006|-|ZN|-,1f1g,ZN,0,2,1,0.04502639,0.59038116,0.26697022,0.09762222
sha256:4748babd2b6ac0706cd9ed4bcfd4855c8d2c5535f01813fb2e10b68b31a24c0f:row:4651,5nsm|m0|L|602|-|MN|-,5nsm,MN,0,0,0,0.54385037,0.06462817,0.14705606,0.24446540
sha256:4748babd2b6ac0706cd9ed4bcfd4855c8d2c5535f01813fb2e10b68b31a24c0f:row:4652,6s0r|m0|B|301|-|NI|-,6s0r,NI,0,3,3,0.08475420,0.11278010,0.22138135,0.58108436
sha256:4748babd2b6ac0706cd9ed4bcfd4855c8d2c5535f01813fb2e10b68b31a24c0f:row:4655,5aew|m0|C|461|-|FE|-,5aew,FE,0,3,3,0.07496639,0.11022982,0.39393873,0.42086506
sha256:4748babd2b6ac0706cd9ed4bcfd4855c8d2c5535f01813fb2e10b68b31a24c0f:row:4656,2yaw|m0|E|401|-|FE|-,2yaw,FE,0,3,3,0.30238084,0.05291281,0.10701057,0.53769578
sha256:4748babd2b6ac0706cd9ed4bcfd4855c8d2c5535f01813fb2e10b68b31a24c0f:row:4659,3ak9|m0|B|168|-|FE|-,3ak9,FE,0,3,0,0.43897269,0.05885242,0.18189146,0.32028343
sha256:4748babd2b6ac0706cd9ed4bcfd4855c8d2c5535f01813fb2e10b68b31a24c0f:row:4662,1f1g|m0|B|4003|-|CU|-,1f1g,CU,0,1,1,0.02960232,0.69061096,0.19898613,0.08080060
sha256:4748babd2b6ac0706cd9ed4bcfd4855c8d2c5535f01813fb2e10b68b31a24c0f:row:4663,5da5|m0|B|201|-|FE|-,5da5,FE,0,3,0,0.51145833,0.06123321,0.11916062,0.30814784
sha256:4748babd2b6ac0706cd9ed4bcfd4855c8d2c5535f01813fb2e10b68b31a24c0f:row:4666,2wyr|m0|H|3650|-|CO|-,2wyr,CO,0,3,2,0.22215541,0.04941036,0.54739758,0.18103665
sha256:4748babd2b6ac0706cd9ed4bcfd4855c8d2c5535f01813fb2e10b68b31a24c0f:row:4669,1lt1|m0|F|1106|-|MN|-,1lt1,MN,0,0,0,0.57147254,0.05511875,0.12396357,0.24944515
sha256:4748babd2b6ac0706cd9ed4bcfd4855c8d2c5535f01813fb2e10b68b31a24c0f:row:4676,6txc|m0|A|701|-|FE|-,6txc,FE,0,3,3,0.19889179,0.05947623,0.22092984,0.52070215
sha256:4748babd2b6ac0706cd9ed4bcfd4855c8d2c5535f01813fb2e10b68b31a24c0f:row:4686,8qav|m0|Q|302|-|MN|-,8qav,MN,0,0,0,0.54230146,0.06596985,0.11291631,0.27881238
sha256:4748babd2b6ac0706cd9ed4bcfd4855c8d2c5535f01813fb2e10b68b31a24c0f:row:4688,6suw|m0|U|201|-|FE|-,6suw,FE,0,3,0,0.47417700,0.05821313,0.16796833,0.29964153
sha256:4748babd2b6ac0706cd9ed4bcfd4855c8d2c5535f01813fb2e10b68b31a24c0f:row:4691,6m35|m0|A|401|-|FE|-,6m35,FE,0,3,3,0.26486539,0.05136376,0.09369035,0.59008049
sha256:4748babd2b6ac0706cd9ed4bcfd4855c8d2c5535f01813fb2e10b68b31a24c0f:row:4701,1by4|m0|A|1330|-|ZN|-,1by4,ZN,0,2,2,0.05519199,0.05444487,0.81016454,0.08019861
sha256:4748babd2b6ac0706cd9ed4bcfd4855c8d2c5535f01813fb2e10b68b31a24c0f:row:4705,3a6e|m0|D|300|-|MN|-,3a6e,MN,0,0,0,0.72481501,0.04675392,0.10709664,0.12133443
sha256:4748babd2b6ac0706cd9ed4bcfd4855c8d2c5535f01813fb2e10b68b31a24c0f:row:4711,5ntd|m0|G|603|-|MN|-,5ntd,MN,0,0,0,0.55709863,0.06031221,0.11766803,0.26492113
sha256:4748babd2b6ac0706cd9ed4bcfd4855c8d2c5535f01813fb2e10b68b31a24c0f:row:4714,8dq3|m0|D|401|-|MN|-,8dq3,MN,0,0,0,0.69023001,0.04754780,0.11964945,0.14257274
sha256:4748babd2b6ac0706cd9ed4bcfd4855c8d2c5535f01813fb2e10b68b31a24c0f:row:4718,1q0g|m0|F|118|-|NI|-,1q0g,NI,0,3,2,0.04190086,0.13788095,0.59405840,0.22615978
sha256:4748babd2b6ac0706cd9ed4bcfd4855c8d2c5535f01813fb2e10b68b31a24c0f:row:4728,4b2o|m0|A|1267|-|FE|-,4b2o,FE,0,3,3,0.34609283,0.06056815,0.10732492,0.48601410
sha256:4748babd2b6ac0706cd9ed4bcfd4855c8d2c5535f01813fb2e10b68b31a24c0f:row:4741,6sv1|m0|O|201|-|FE|-,6sv1,FE,0,3,0,0.53430948,0.05595318,0.15684196,0.25289538
sha256:4748babd2b6ac0706cd9ed4bcfd4855c8d2c5535f01813fb2e10b68b31a24c0f:row:4742,7oj5|m0|C|302|-|MN|-,7oj5,MN,0,0,0,0.53785370,0.05794228,0.19445196,0.20975206
sha256:4748babd2b6ac0706cd9ed4bcfd4855c8d2c5535f01813fb2e10b68b31a24c0f:row:4743,5u7n|m0|G|1000|-|CU|-,5u7n,CU,0,1,2,0.04117201,0.37485862,0.47657712,0.10739224
sha256:4748babd2b6ac0706cd9ed4bcfd4855c8d2c5535f01813fb2e10b68b31a24c0f:row:4753,5fv9|m0|F|1571|-|MN|-,5fv9,MN,0,0,2,0.27177552,0.13736429,0.38883137,0.20202881
sha256:4748babd2b6ac0706cd9ed4bcfd4855c8d2c5535f01813fb2e10b68b31a24c0f:row:4756,8ssq|m0|A|703|-|ZN|-,8ssq,ZN,0,2,2,0.04690741,0.10267233,0.62550053,0.22491973
sha256:4748babd2b6ac0706cd9ed4bcfd4855c8d2c5535f01813fb2e10b68b31a24c0f:row:4760,4uxa|m0|J|200|-|MN|-,4uxa,MN,0,0,0,0.55087973,0.07417896,0.07939397,0.29554734
sha256:4748babd2b6ac0706cd9ed4bcfd4855c8d2c5535f01813fb2e10b68b31a24c0f:row:4762,6sv1|m0|F|201|-|FE|-,6sv1,FE,0,3,0,0.50719218,0.05837605,0.13492606,0.29950570
sha256:4748babd2b6ac0706cd9ed4bcfd4855c8d2c5535f01813fb2e10b68b31a24c0f:row:4779,6ie2|m0|D|400|-|MN|-,6ie2,MN,0,0,0,0.48502623,0.07825273,0.12280562,0.31391543
sha256:4748babd2b6ac0706cd9ed4bcfd4855c8d2c5535f01813fb2e10b68b31a24c0f:row:4790,1q0g|m0|C|118|-|NI|-,1q0g,NI,0,3,2,0.04126620,0.12927255,0.60727752,0.22218373
sha256:4748babd2b6ac0706cd9ed4bcfd4855c8d2c5535f01813fb2e10b68b31a24c0f:row:4791,8qav|m0|C|301|-|MN|-,8qav,MN,0,0,0,0.66609102,0.06262740,0.07913684,0.19214474
sha256:4748babd2b6ac0706cd9ed4bcfd4855c8d2c5535f01813fb2e10b68b31a24c0f:row:4792,5e1r|m0|B|801|-|CU|-,5e1r,CU,0,1,2,0.06132525,0.23200053,0.44856300,0.25811122
sha256:4748babd2b6ac0706cd9ed4bcfd4855c8d2c5535f01813fb2e10b68b31a24c0f:row:4796,2ji2|m0|B|1001|-|FE|-,2ji2,FE,0,3,2,0.05685438,0.04603849,0.58515271,0.31195442
sha256:4748babd2b6ac0706cd9ed4bcfd4855c8d2c5535f01813fb2e10b68b31a24c0f:row:4797,8dq3|m0|B|402|-|MN|-,8dq3,MN,0,0,0,0.74227557,0.03934849,0.07791167,0.14046427
sha256:4748babd2b6ac0706cd9ed4bcfd4855c8d2c5535f01813fb2e10b68b31a24c0f:row:4798,5u8z|m0|A|601|-|FE|-,5u8z,FE,0,3,3,0.06872147,0.09679890,0.07841278,0.75606685
sha256:4748babd2b6ac0706cd9ed4bcfd4855c8d2c5535f01813fb2e10b68b31a24c0f:row:4802,1q0g|m0|L|118|-|NI|-,1q0g,NI,0,3,2,0.04104845,0.13435388,0.57080038,0.25379729
sha256:4748babd2b6ac0706cd9ed4bcfd4855c8d2c5535f01813fb2e10b68b31a24c0f:row:4806,5v3j|m0|E|1002|-|ZN|-,5v3j,ZN,0,2,2,0.04656427,0.12137729,0.67507176,0.15698667
sha256:4748babd2b6ac0706cd9ed4bcfd4855c8d2c5535f01813fb2e10b68b31a24c0f:row:4814,8qax|m0|E|302|-|MN|-,8qax,MN,0,0,0,0.64671675,0.04537412,0.05746922,0.25043991
sha256:4748babd2b6ac0706cd9ed4bcfd4855c8d2c5535f01813fb2e10b68b31a24c0f:row:4820,3m8w|m0|A|395|-|MN|-,3m8w,MN,0,0,0,0.61358566,0.04475884,0.08637595,0.25527955
sha256:4748babd2b6ac0706cd9ed4bcfd4855c8d2c5535f01813fb2e10b68b31a24c0f:row:4822,6sv1|m0|J|201|-|FE|-,6sv1,FE,0,3,0,0.45572189,0.05350882,0.14447116,0.34629813
sha256:4748babd2b6ac0706cd9ed4bcfd4855c8d2c5535f01813fb2e10b68b31a24c0f:row:4824,3vyl|m0|E|1001|-|MN|-,3vyl,MN,0,0,0,0.72817604,0.05695699,0.10362368,0.11124328
sha256:4748babd2b6ac0706cd9ed4bcfd4855c8d2c5535f01813fb2e10b68b31a24c0f:row:4832,7mgd|m0|A|301|-|MN|-,7mgd,MN,0,0,0,0.76226698,0.03806991,0.06240949,0.13725362
sha256:4748babd2b6ac0706cd9ed4bcfd4855c8d2c5535f01813fb2e10b68b31a24c0f:row:4833,1t6u|m0|L|212|-|NI|-,1t6u,NI,0,3,3,0.05318532,0.11357603,0.29595840,0.53728025
sha256:4748babd2b6ac0706cd9ed4bcfd4855c8d2c5535f01813fb2e10b68b31a24c0f:row:4834,2ji3|m0|B|1127|-|FE|-,2ji3,FE,0,3,2,0.05554515,0.04756325,0.78224523,0.11464636
sha256:4748babd2b6ac0706cd9ed4bcfd4855c8d2c5535f01813fb2e10b68b31a24c0f:row:4838,3ot9|m0|A|395|-|MN|-,3ot9,MN,0,0,0,0.58474838,0.04387460,0.09108258,0.28029445
sha256:4748babd2b6ac0706cd9ed4bcfd4855c8d2c5535f01813fb2e10b68b31a24c0f:row:4839,2ji1|m0|D|1128|-|FE|-,2ji1,FE,0,3,3,0.08394345,0.12839057,0.17391136,0.61375462
sha256:4748babd2b6ac0706cd9ed4bcfd4855c8d2c5535f01813fb2e10b68b31a24c0f:row:4840,4rap|m0|H|501|-|FE|-,4rap,FE,0,3,2,0.06184287,0.08654714,0.70617634,0.14543365
sha256:4748babd2b6ac0706cd9ed4bcfd4855c8d2c5535f01813fb2e10b68b31a24c0f:row:4843,5hjh|m0|A|203|-|FE|-,5hjh,FE,0,3,3,0.16902729,0.08242435,0.17361822,0.57493013
sha256:4748babd2b6ac0706cd9ed4bcfd4855c8d2c5535f01813fb2e10b68b31a24c0f:row:4848,8eaz|m0|A|1003|-|ZN|-,8eaz,ZN,0,2,2,0.04216151,0.06215885,0.79387423,0.10180540
sha256:4748babd2b6ac0706cd9ed4bcfd4855c8d2c5535f01813fb2e10b68b31a24c0f:row:4850,5aew|m0|A|461|-|FE|-,5aew,FE,0,3,3,0.15112832,0.05141766,0.12146321,0.67599080
sha256:4748babd2b6ac0706cd9ed4bcfd4855c8d2c5535f01813fb2e10b68b31a24c0f:row:4865,5ntd|m0|F|603|-|MN|-,5ntd,MN,0,0,0,0.54170278,0.07328302,0.10358382,0.28143039
sha256:4748babd2b6ac0706cd9ed4bcfd4855c8d2c5535f01813fb2e10b68b31a24c0f:row:4880,3uny|m0|B|396|-|MN|-,3uny,MN,0,0,2,0.26848066,0.06218438,0.46161217,0.20772279
sha256:4748babd2b6ac0706cd9ed4bcfd4855c8d2c5535f01813fb2e10b68b31a24c0f:row:4891,7a5y|m0|H|703|-|FE|-,7a5y,FE,0,3,3,0.36318734,0.04978384,0.09983007,0.48719876
sha256:4748babd2b6ac0706cd9ed4bcfd4855c8d2c5535f01813fb2e10b68b31a24c0f:row:4897,7ynx|m0|A|303|-|ZN|-,7ynx,ZN,0,2,2,0.05776696,0.07456318,0.79429074,0.07337912
sha256:4748babd2b6ac0706cd9ed4bcfd4855c8d2c5535f01813fb2e10b68b31a24c0f:row:4899,4qnk|m0|B|302|-|MN|-,4qnk,MN,0,0,0,0.55069602,0.05479134,0.06877714,0.32573549
sha256:4748babd2b6ac0706cd9ed4bcfd4855c8d2c5535f01813fb2e10b68b31a24c0f:row:4900,1q0g|m0|D|118|-|NI|-,1q0g,NI,0,3,2,0.04155874,0.13238172,0.56970452,0.25635502
sha256:4748babd2b6ac0706cd9ed4bcfd4855c8d2c5535f01813fb2e10b68b31a24c0f:row:4901,1z6o|m0|O|300|-|FE|-,1z6o,FE,0,3,2,0.10815257,0.06151648,0.45127583,0.37905512
sha256:4748babd2b6ac0706cd9ed4bcfd4855c8d2c5535f01813fb2e10b68b31a24c0f:row:4911,4ghh|m0|C|401|-|FE|-,4ghh,FE,0,3,3,0.08204948,0.04937328,0.06635351,0.80222373
sha256:4748babd2b6ac0706cd9ed4bcfd4855c8d2c5535f01813fb2e10b68b31a24c0f:row:4918,4qnk|m0|G|302|-|MN|-,4qnk,MN,0,0,0,0.55146489,0.04744854,0.06472325,0.33636331
sha256:4748babd2b6ac0706cd9ed4bcfd4855c8d2c5535f01813fb2e10b68b31a24c0f:row:4919,6s0w|m0|C|302|-|NI|-,6s0w,NI,0,3,3,0.15145294,0.09104873,0.14719887,0.61029946
sha256:4748babd2b6ac0706cd9ed4bcfd4855c8d2c5535f01813fb2e10b68b31a24c0f:row:4922,7oj5|m0|Y|302|-|MN|-,7oj5,MN,0,0,0,0.53782642,0.05794232,0.19447062,0.20976063
sha256:4748babd2b6ac0706cd9ed4bcfd4855c8d2c5535f01813fb2e10b68b31a24c0f:row:4923,4k95|m0|A|503|-|ZN|-,4k95,ZN,0,2,2,0.03840628,0.05686097,0.78625637,0.11847637
sha256:4748babd2b6ac0706cd9ed4bcfd4855c8d2c5535f01813fb2e10b68b31a24c0f:row:4931,2p0n|m0|A|604|-|MN|-,2p0n,MN,0,0,0,0.42793498,0.04779472,0.10374370,0.42052660
sha256:4748babd2b6ac0706cd9ed4bcfd4855c8d2c5535f01813fb2e10b68b31a24c0f:row:4933,3un2|m0|B|396|-|MN|-,3un2,MN,0,0,0,0.53020479,0.06537619,0.22296556,0.18145346
sha256:4748babd2b6ac0706cd9ed4bcfd4855c8d2c5535f01813fb2e10b68b31a24c0f:row:4937,4z6t|m0|A|401|-|FE|-,4z6t,FE,0,3,3,0.14612661,0.04916575,0.06930315,0.73540448
sha256:4748babd2b6ac0706cd9ed4bcfd4855c8d2c5535f01813fb2e10b68b31a24c0f:row:4947,3un5|m0|A|395|-|MN|-,3un5,MN,0,0,0,0.58167304,0.05460095,0.11405216,0.24967385
sha256:4748babd2b6ac0706cd9ed4bcfd4855c8d2c5535f01813fb2e10b68b31a24c0f:row:4948,4lrc|m0|C|402|-|MN|-,4lrc,MN,0,0,0,0.60363318,0.04917274,0.10286357,0.24433051
sha256:4748babd2b6ac0706cd9ed4bcfd4855c8d2c5535f01813fb2e10b68b31a24c0f:row:4949,4lre|m0|C|401|-|MN|-,4lre,MN,0,0,0,0.60301691,0.03725203,0.10350602,0.25622504
sha256:4748babd2b6ac0706cd9ed4bcfd4855c8d2c5535f01813fb2e10b68b31a24c0f:row:4950,8qay|m0|A|304|-|MN|-,8qay,MN,0,0,0,0.65020662,0.04560286,0.06007679,0.24411373
sha256:4748babd2b6ac0706cd9ed4bcfd4855c8d2c5535f01813fb2e10b68b31a24c0f:row:4958,3tas|m0|A|11|-|CU|-,3tas,CU,0,1,2,0.04404209,0.36238664,0.50605761,0.08751366
sha256:4748babd2b6ac0706cd9ed4bcfd4855c8d2c5535f01813fb2e10b68b31a24c0f:row:4960,3dza|m0|C|503|-|ZN|-,3dza,ZN,0,2,2,0.09868186,0.06486409,0.72789676,0.10855730
sha256:4748babd2b6ac0706cd9ed4bcfd4855c8d2c5535f01813fb2e10b68b31a24c0f:row:4964,3ak9|m0|G|168|-|FE|-,3ak9,FE,0,3,0,0.43629513,0.05269205,0.19206788,0.31894495
sha256:4748babd2b6ac0706cd9ed4bcfd4855c8d2c5535f01813fb2e10b68b31a24c0f:row:4972,4e2s|m0|K|301|-|MN|-,4e2s,MN,0,0,0,0.31470721,0.19793719,0.26853403,0.21882157
sha256:4748babd2b6ac0706cd9ed4bcfd4855c8d2c5535f01813fb2e10b68b31a24c0f:row:4975,6fwh|m0|I|201|-|MN|-,6fwh,MN,0,0,0,0.63917273,0.04663332,0.06111375,0.25308019
sha256:4748babd2b6ac0706cd9ed4bcfd4855c8d2c5535f01813fb2e10b68b31a24c0f:row:4980,3a6k|m0|F|300|-|MN|-,3a6k,MN,0,0,0,0.42133735,0.09522421,0.36836486,0.11507358
sha256:4748babd2b6ac0706cd9ed4bcfd4855c8d2c5535f01813fb2e10b68b31a24c0f:row:4982,5fv9|m0|B|1571|-|MN|-,5fv9,MN,0,0,3,0.27492474,0.11657689,0.22647355,0.38202482
sha256:4748babd2b6ac0706cd9ed4bcfd4855c8d2c5535f01813fb2e10b68b31a24c0f:row:4986,5fli|m0|K|300|-|NI|-,5fli,NI,0,3,3,0.10037795,0.30351509,0.26537254,0.33073442
sha256:4748babd2b6ac0706cd9ed4bcfd4855c8d2c5535f01813fb2e10b68b31a24c0f:row:4997,8qax|m0|E|301|-|MN|-,8qax,MN,0,0,0,0.60105345,0.05293843,0.06780638,0.27820174
sha256:4748babd2b6ac0706cd9ed4bcfd4855c8d2c5535f01813fb2e10b68b31a24c0f:row:4998,6sv1|m0|M|201|-|FE|-,6sv1,FE,0,3,0,0.47485509,0.08630462,0.20825193,0.23058836
sha256:4748babd2b6ac0706cd9ed4bcfd4855c8d2c5535f01813fb2e10b68b31a24c0f:row:5002,4aq6|m0|F|837|-|FE|-,4aq6,FE,0,3,0,0.45557790,0.07220458,0.16648929,0.30572823
sha256:4748babd2b6ac0706cd9ed4bcfd4855c8d2c5535f01813fb2e10b68b31a24c0f:row:5004,5kkq|m0|A|501|-|ZN|-,5kkq,ZN,0,2,2,0.04398217,0.13041357,0.67830297,0.14730129
sha256:4748babd2b6ac0706cd9ed4bcfd4855c8d2c5535f01813fb2e10b68b31a24c0f:row:5006,4q7r|m0|A|305|-|ZN|-,4q7r,ZN,0,2,2,0.06695485,0.07936335,0.66490065,0.18878116
sha256:4748babd2b6ac0706cd9ed4bcfd4855c8d2c5535f01813fb2e10b68b31a24c0f:row:5016,6s0s|m0|C|301|-|NI|-,6s0s,NI,0,3,3,0.15199135,0.10220774,0.29065251,0.45514840
sha256:4748babd2b6ac0706cd9ed4bcfd4855c8d2c5535f01813fb2e10b68b31a24c0f:row:5017,8jq6|m0|B|502|-|MN|-,8jq6,MN,0,0,0,0.62188337,0.04014720,0.10352228,0.23444715
sha256:4748babd2b6ac0706cd9ed4bcfd4855c8d2c5535f01813fb2e10b68b31a24c0f:row:5026,1f1g|m0|B|4004|-|ZN|-,1f1g,ZN,0,2,1,0.04415098,0.59814308,0.27332008,0.08438585
sha256:4748babd2b6ac0706cd9ed4bcfd4855c8d2c5535f01813fb2e10b68b31a24c0f:row:5043,2wyr|m0|B|1663|-|CO|-,2wyr,CO,0,3,2,0.33752145,0.07472658,0.39509795,0.19265401
sha256:4748babd2b6ac0706cd9ed4bcfd4855c8d2c5535f01813fb2e10b68b31a24c0f:row:5049,5u7n|m0|C|201|-|CU|-,5u7n,CU,0,1,2,0.03921451,0.33576906,0.51612771,0.10888872
sha256:4748babd2b6ac0706cd9ed4bcfd4855c8d2c5535f01813fb2e10b68b31a24c0f:row:5052,8qaw|m0|A|305|-|MN|-,8qaw,MN,0,0,0,0.64789570,0.04637973,0.06043439,0.24529018
sha256:4748babd2b6ac0706cd9ed4bcfd4855c8d2c5535f01813fb2e10b68b31a24c0f:row:5054,2ji2|m0|C|1002|-|FE|-,2ji2,FE,0,3,2,0.05220960,0.04609391,0.78925522,0.11244126
sha256:4748babd2b6ac0706cd9ed4bcfd4855c8d2c5535f01813fb2e10b68b31a24c0f:row:5060,2ji1|m0|C|1127|-|FE|-,2ji1,FE,0,3,2,0.05236383,0.04528026,0.78786838,0.11448754
sha256:4748babd2b6ac0706cd9ed4bcfd4855c8d2c5535f01813fb2e10b68b31a24c0f:row:5069,3m8z|m0|A|395|-|MN|-,3m8z,MN,0,0,0,0.60969841,0.04353638,0.09026472,0.25650049
sha256:4748babd2b6ac0706cd9ed4bcfd4855c8d2c5535f01813fb2e10b68b31a24c0f:row:5083,4lr8|m0|B|402|-|MN|-,4lr8,MN,0,0,0,0.69359463,0.05911032,0.08148101,0.16581405
sha256:4748babd2b6ac0706cd9ed4bcfd4855c8d2c5535f01813fb2e10b68b31a24c0f:row:5085,6luh|m0|B|402|-|MN|-,6luh,MN,0,0,0,0.75433218,0.03426519,0.07064829,0.14075433
sha256:4748babd2b6ac0706cd9ed4bcfd4855c8d2c5535f01813fb2e10b68b31a24c0f:row:5091,4z6t|m0|B|401|-|FE|-,4z6t,FE,0,3,3,0.12961559,0.04923144,0.06384835,0.75730462
sha256:4748babd2b6ac0706cd9ed4bcfd4855c8d2c5535f01813fb2e10b68b31a24c0f:row:5111,8jq6|m0|C|501|-|MN|-,8jq6,MN,0,0,0,0.72591455,0.08291199,0.10470677,0.08646669
sha256:4748babd2b6ac0706cd9ed4bcfd4855c8d2c5535f01813fb2e10b68b31a24c0f:row:5112,4lr8|m0|C|401|-|MN|-,4lr8,MN,0,0,0,0.58754362,0.04612443,0.09757200,0.26875995
sha256:4748babd2b6ac0706cd9ed4bcfd4855c8d2c5535f01813fb2e10b68b31a24c0f:row:5115,1v7z|m0|F|7300|-|MN|-,1v7z,MN,0,0,0,0.71114527,0.03882339,0.08909606,0.16093528
sha256:4748babd2b6ac0706cd9ed4bcfd4855c8d2c5535f01813fb2e10b68b31a24c0f:row:5116,5ntd|m0|L|603|-|MN|-,5ntd,MN,0,0,0,0.56298605,0.05035948,0.18254391,0.20411056
sha256:4748babd2b6ac0706cd9ed4bcfd4855c8d2c5535f01813fb2e10b68b31a24c0f:row:5119,2yax|m0|D|1309|-|FE|-,2yax,FE,0,3,3,0.19780607,0.05298173,0.11361147,0.63560073
sha256:4748babd2b6ac0706cd9ed4bcfd4855c8d2c5535f01813fb2e10b68b31a24c0f:row:5123,3un5|m0|E|395|-|MN|-,3un5,MN,0,0,0,0.60534952,0.05728950,0.10829474,0.22906624
sha256:4748babd2b6ac0706cd9ed4bcfd4855c8d2c5535f01813fb2e10b68b31a24c0f:row:5124,5nsm|m0|A|602|-|MN|-,5nsm,MN,0,0,0,0.59146417,0.05893317,0.12008750,0.22951516
sha256:4748babd2b6ac0706cd9ed4bcfd4855c8d2c5535f01813fb2e10b68b31a24c0f:row:5130,5ndf|m0|A|601|-|MN|-,5ndf,MN,0,0,0,0.47829842,0.05864063,0.29054271,0.17251824
sha256:4748babd2b6ac0706cd9ed4bcfd4855c8d2c5535f01813fb2e10b68b31a24c0f:row:5137,6suw|m0|I|201|-|FE|-,6suw,FE,0,3,0,0.49946079,0.05469617,0.14592794,0.29991510
sha256:4748babd2b6ac0706cd9ed4bcfd4855c8d2c5535f01813fb2e10b68b31a24c0f:row:5142,1woi|m0|F|1512|-|MN|-,1woi,MN,0,0,0,0.57756801,0.05783732,0.21487345,0.14972122
sha256:4748babd2b6ac0706cd9ed4bcfd4855c8d2c5535f01813fb2e10b68b31a24c0f:row:5143,5nsm|m0|H|603|-|MN|-,5nsm,MN,0,0,0,0.55638922,0.06185141,0.11891004,0.26284933
sha256:4748babd2b6ac0706cd9ed4bcfd4855c8d2c5535f01813fb2e10b68b31a24c0f:row:5154,5ntd|m0|L|604|-|MN|-,5ntd,MN,0,0,0,0.54345612,0.07470671,0.10573292,0.27610425
sha256:4748babd2b6ac0706cd9ed4bcfd4855c8d2c5535f01813fb2e10b68b31a24c0f:row:5161,4d11|m0|A|1570|-|MN|-,4d11,MN,0,0,0,0.36431348,0.05562290,0.30135421,0.27870941
sha256:4748babd2b6ac0706cd9ed4bcfd4855c8d2c5535f01813fb2e10b68b31a24c0f:row:5164,1z6o|m0|R|300|-|FE|-,1z6o,FE,0,3,2,0.10821971,0.06151437,0.45122569,0.37904023
sha256:4748babd2b6ac0706cd9ed4bcfd4855c8d2c5535f01813fb2e10b68b31a24c0f:row:5166,8q3b|m0|I|201|-|ZN|-,8q3b,ZN,0,2,2,0.04612211,0.05083567,0.76219139,0.14085084
sha256:4748babd2b6ac0706cd9ed4bcfd4855c8d2c5535f01813fb2e10b68b31a24c0f:row:5170,3ak9|m0|I|168|-|FE|-,3ak9,FE,0,3,0,0.44835584,0.05239774,0.17810398,0.32114243
sha256:4748babd2b6ac0706cd9ed4bcfd4855c8d2c5535f01813fb2e10b68b31a24c0f:row:5174,1ovv|m0|E|105|-|CO|-,1ovv,CO,0,3,2,0.26934832,0.07332429,0.34035429,0.31697309
sha256:4748babd2b6ac0706cd9ed4bcfd4855c8d2c5535f01813fb2e10b68b31a24c0f:row:5189,4lrb|m0|B|401|-|MN|-,4lrb,MN,0,0,0,0.62309829,0.04174517,0.07658579,0.25857075
sha256:4748babd2b6ac0706cd9ed4bcfd4855c8d2c5535f01813fb2e10b68b31a24c0f:row:5194,8jwu|m0|A|505|-|ZN|-,8jwu,ZN,0,2,2,0.04295213,0.07332416,0.77540563,0.10831808
sha256:4748babd2b6ac0706cd9ed4bcfd4855c8d2c5535f01813fb2e10b68b31a24c0f:row:5199,7ody|m0|D|202|-|MN|-,7ody,MN,0,0,0,0.71220471,0.03425658,0.06531507,0.18822365
sha256:4748babd2b6ac0706cd9ed4bcfd4855c8d2c5535f01813fb2e10b68b31a24c0f:row:5220,1q0k|m0|J|118|-|NI|-,1q0k,NI,0,3,2,0.03427704,0.15421812,0.61066336,0.20084147
sha256:4748babd2b6ac0706cd9ed4bcfd4855c8d2c5535f01813fb2e10b68b31a24c0f:row:5223,4uxa|m0|L|200|-|MN|-,4uxa,MN,0,0,0,0.46146269,0.07078077,0.08628473,0.38147181
sha256:4748babd2b6ac0706cd9ed4bcfd4855c8d2c5535f01813fb2e10b68b31a24c0f:row:5224,1t6u|m0|H|208|-|NI|-,1t6u,NI,0,3,2,0.05251279,0.10582215,0.49257500,0.34909007
sha256:4748babd2b6ac0706cd9ed4bcfd4855c8d2c5535f01813fb2e10b68b31a24c0f:row:5227,4lr7|m0|A|402|-|MN|-,4lr7,MN,0,0,0,0.70479530,0.05742559,0.10140901,0.13637009
sha256:4748babd2b6ac0706cd9ed4bcfd4855c8d2c5535f01813fb2e10b68b31a24c0f:row:5231,4ghh|m0|D|401|-|FE|-,4ghh,FE,0,3,3,0.07241206,0.04868472,0.06715454,0.81174868
sha256:4748babd2b6ac0706cd9ed4bcfd4855c8d2c5535f01813fb2e10b68b31a24c0f:row:5239,5u8z|m0|C|601|-|FE|-,5u8z,FE,0,3,3,0.08353211,0.08330598,0.08825957,0.74490234
sha256:4748babd2b6ac0706cd9ed4bcfd4855c8d2c5535f01813fb2e10b68b31a24c0f:row:5242,8qaw|m0|G|304|-|MN|-,8qaw,MN,0,0,0,0.56444233,0.05496881,0.06925273,0.31133613
sha256:4748babd2b6ac0706cd9ed4bcfd4855c8d2c5535f01813fb2e10b68b31a24c0f:row:5247,5fv9|m0|C|1571|-|MN|-,5fv9,MN,0,0,2,0.26372350,0.13925144,0.40647985,0.19054520
sha256:4748babd2b6ac0706cd9ed4bcfd4855c8d2c5535f01813fb2e10b68b31a24c0f:row:5250,2jec|m0|D|241|-|MN|-,2jec,MN,0,0,0,0.79692141,0.03996492,0.05969195,0.10342172
sha256:4748babd2b6ac0706cd9ed4bcfd4855c8d2c5535f01813fb2e10b68b31a24c0f:row:5251,2yax|m0|E|1309|-|FE|-,2yax,FE,0,3,3,0.24499019,0.05764744,0.11195621,0.58540616
sha256:4748babd2b6ac0706cd9ed4bcfd4855c8d2c5535f01813fb2e10b68b31a24c0f:row:5254,1jm0|m0|D|404|-|MN|-,1jm0,MN,0,0,0,0.64887692,0.04370772,0.07059474,0.23682062
sha256:4748babd2b6ac0706cd9ed4bcfd4855c8d2c5535f01813fb2e10b68b31a24c0f:row:5255,6suw|m0|d|201|-|FE|-,6suw,FE,0,3,0,0.48155134,0.05822942,0.19790573,0.26231351
sha256:4748babd2b6ac0706cd9ed4bcfd4855c8d2c5535f01813fb2e10b68b31a24c0f:row:5258,2yfj|m0|G|901|-|FE|-,2yfj,FE,0,3,3,0.29667108,0.07372753,0.18128955,0.44831184
sha256:4748babd2b6ac0706cd9ed4bcfd4855c8d2c5535f01813fb2e10b68b31a24c0f:row:5263,4e2s|m0|A|301|-|MN|-,4e2s,MN,0,0,0,0.57558346,0.05990184,0.06499688,0.29951781
sha256:4748babd2b6ac0706cd9ed4bcfd4855c8d2c5535f01813fb2e10b68b31a24c0f:row:5266,3m8z|m0|B|396|-|MN|-,3m8z,MN,0,0,0,0.68461782,0.04759105,0.12283275,0.14495837
sha256:4748babd2b6ac0706cd9ed4bcfd4855c8d2c5535f01813fb2e10b68b31a24c0f:row:5268,6s0t|m0|A|301|-|NI|-,6s0t,NI,0,3,3,0.29780374,0.10401691,0.12015409,0.47802526
sha256:4748babd2b6ac0706cd9ed4bcfd4855c8d2c5535f01813fb2e10b68b31a24c0f:row:5269,6s0u|m0|B|302|-|NI|-,6s0u,NI,0,3,3,0.10132310,0.10765425,0.31082487,0.48019777
sha256:4748babd2b6ac0706cd9ed4bcfd4855c8d2c5535f01813fb2e10b68b31a24c0f:row:5270,7aqs|m0|J|201|-|FE|-,7aqs,FE,0,3,0,0.37674351,0.09733361,0.28077386,0.24514903
sha256:4748babd2b6ac0706cd9ed4bcfd4855c8d2c5535f01813fb2e10b68b31a24c0f:row:5271,1woi|m0|A|1502|-|MN|-,1woi,MN,0,0,0,0.66351074,0.03892493,0.11151791,0.18604642
sha256:4748babd2b6ac0706cd9ed4bcfd4855c8d2c5535f01813fb2e10b68b31a24c0f:row:5282,4lrf|m0|C|402|-|MN|-,4lrf,MN,0,0,0,0.60928699,0.06705137,0.16297459,0.16068705
sha256:4748babd2b6ac0706cd9ed4bcfd4855c8d2c5535f01813fb2e10b68b31a24c0f:row:5285,4ytr|m0|D|401|-|MN|-,4ytr,MN,0,0,0,0.71990360,0.05257502,0.10881891,0.11870248
sha256:4748babd2b6ac0706cd9ed4bcfd4855c8d2c5535f01813fb2e10b68b31a24c0f:row:5286,8eaz|m0|A|1005|-|ZN|-,8eaz,ZN,0,2,2,0.04696557,0.05824933,0.77549237,0.11929274
sha256:4748babd2b6ac0706cd9ed4bcfd4855c8d2c5535f01813fb2e10b68b31a24c0f:row:5287,5kkq|m0|A|502|-|ZN|-,5kkq,ZN,0,2,2,0.04925177,0.10721802,0.69187810,0.15165211
sha256:4748babd2b6ac0706cd9ed4bcfd4855c8d2c5535f01813fb2e10b68b31a24c0f:row:5290,3a6d|m0|F|300|-|MN|-,3a6d,MN,0,0,0,0.60216294,0.04413886,0.19449247,0.15920573
sha256:4748babd2b6ac0706cd9ed4bcfd4855c8d2c5535f01813fb2e10b68b31a24c0f:row:5294,6sv1|m0|R|201|-|FE|-,6sv1,FE,0,3,0,0.51836029,0.05299703,0.15648263,0.27216005
sha256:4748babd2b6ac0706cd9ed4bcfd4855c8d2c5535f01813fb2e10b68b31a24c0f:row:5298,2wyr|m0|F|2987|-|CO|-,2wyr,CO,0,3,0,0.44104584,0.06867362,0.29283312,0.19744742
sha256:4748babd2b6ac0706cd9ed4bcfd4855c8d2c5535f01813fb2e10b68b31a24c0f:row:5299,6sv1|m0|V|201|-|FE|-,6sv1,FE,0,3,3,0.31496444,0.04656131,0.17445556,0.46401870
sha256:4748babd2b6ac0706cd9ed4bcfd4855c8d2c5535f01813fb2e10b68b31a24c0f:row:5300,8jwj|m0|A|506|-|ZN|-,8jwj,ZN,0,2,2,0.04347469,0.09130778,0.77815228,0.08706525
sha256:4748babd2b6ac0706cd9ed4bcfd4855c8d2c5535f01813fb2e10b68b31a24c0f:row:5301,8fty|m0|G|601|-|FE|-,8fty,FE,0,3,3,0.11393107,0.07216566,0.35028204,0.46362123
sha256:4748babd2b6ac0706cd9ed4bcfd4855c8d2c5535f01813fb2e10b68b31a24c0f:row:5304,6txc|m0|G|702|-|FE|-,6txc,FE,0,3,3,0.27446170,0.05550109,0.18008374,0.48995346
sha256:4748babd2b6ac0706cd9ed4bcfd4855c8d2c5535f01813fb2e10b68b31a24c0f:row:5312,8sss|m0|A|502|-|ZN|-,8sss,ZN,0,2,2,0.05158343,0.11503238,0.70791655,0.12546764
sha256:4748babd2b6ac0706cd9ed4bcfd4855c8d2c5535f01813fb2e10b68b31a24c0f:row:5319,1tei|m0|G|238|-|MN|-,1tei,MN,0,0,0,0.81328277,0.03951855,0.06236483,0.08483386
sha256:4748babd2b6ac0706cd9ed4bcfd4855c8d2c5535f01813fb2e10b68b31a24c0f:row:5324,7t92|m0|C|501|-|ZN|-,7t92,ZN,0,2,2,0.04658936,0.07274970,0.77503553,0.10562541
sha256:4748babd2b6ac0706cd9ed4bcfd4855c8d2c5535f01813fb2e10b68b31a24c0f:row:5325,5ntd|m0|C|603|-|MN|-,5ntd,MN,0,0,0,0.54777106,0.05883260,0.11298811,0.28040823
sha256:4748babd2b6ac0706cd9ed4bcfd4855c8d2c5535f01813fb2e10b68b31a24c0f:row:5326,5ndf|m0|D|601|-|MN|-,5ndf,MN,0,0,0,0.47512036,0.05631402,0.29562761,0.17293801
sha256:4748babd2b6ac0706cd9ed4bcfd4855c8d2c5535f01813fb2e10b68b31a24c0f:row:5336,7xyz|m0|A|501|-|ZN|-,7xyz,ZN,0,2,2,0.04742527,0.06119853,0.74637032,0.14500588
sha256:4748babd2b6ac0706cd9ed4bcfd4855c8d2c5535f01813fb2e10b68b31a24c0f:row:5339,8qav|m0|G|302|-|MN|-,8qav,MN,0,0,0,0.55713737,0.06625093,0.10781639,0.26879530
sha256:4748babd2b6ac0706cd9ed4bcfd4855c8d2c5535f01813fb2e10b68b31a24c0f:row:5349,4e2q|m0|H|301|-|MN|-,4e2q,MN,0,0,0,0.57317427,0.08399942,0.08382744,0.25899887
sha256:4748babd2b6ac0706cd9ed4bcfd4855c8d2c5535f01813fb2e10b68b31a24c0f:row:5356,2wyr|m0|E|2656|-|CO|-,2wyr,CO,0,3,0,0.36718171,0.08142982,0.27917540,0.27221307
sha256:4748babd2b6ac0706cd9ed4bcfd4855c8d2c5535f01813fb2e10b68b31a24c0f:row:5357,2yaw|m0|D|401|-|FE|-,2yaw,FE,0,3,3,0.21080854,0.06252739,0.13801053,0.58865354
sha256:4748babd2b6ac0706cd9ed4bcfd4855c8d2c5535f01813fb2e10b68b31a24c0f:row:5359,1by4|m0|A|1331|-|ZN|-,1by4,ZN,0,2,2,0.04289849,0.06520129,0.79043378,0.10146643
sha256:4748babd2b6ac0706cd9ed4bcfd4855c8d2c5535f01813fb2e10b68b31a24c0f:row:5367,2yfc|m0|B|1147|-|MN|-,2yfc,MN,0,0,0,0.78110926,0.04331071,0.07554796,0.10003207
sha256:4748babd2b6ac0706cd9ed4bcfd4855c8d2c5535f01813fb2e10b68b31a24c0f:row:5377,4e2s|m0|L|301|-|MN|-,4e2s,MN,0,0,0,0.52025571,0.05283691,0.07256023,0.35434714
sha256:4748babd2b6ac0706cd9ed4bcfd4855c8d2c5535f01813fb2e10b68b31a24c0f:row:5382,1vln|m0|F|238|-|MN|-,1vln,MN,0,0,0,0.76297143,0.04083842,0.06369510,0.13249505
sha256:4748babd2b6ac0706cd9ed4bcfd4855c8d2c5535f01813fb2e10b68b31a24c0f:row:5388,4d11|m0|F|1363|-|MN|-,4d11,MN,0,0,0,0.57625510,0.06336760,0.10413177,0.25624554
sha256:4748babd2b6ac0706cd9ed4bcfd4855c8d2c5535f01813fb2e10b68b31a24c0f:row:5389,6reg|m0|A|308|-|ZN|-,6reg,ZN,0,2,2,0.04700495,0.32468322,0.49106549,0.13724634
sha256:4748babd2b6ac0706cd9ed4bcfd4855c8d2c5535f01813fb2e10b68b31a24c0f:row:5390,7ynx|m0|A|301|-|ZN|-,7ynx,ZN,0,2,2,0.07435662,0.16082969,0.61670802,0.14810567
sha256:4748babd2b6ac0706cd9ed4bcfd4855c8d2c5535f01813fb2e10b68b31a24c0f:row:5401,6omp|m0|B|406|-|MN|-,6omp,MN,0,0,0,0.73136204,0.04376745,0.06899639,0.15587413
sha256:4748babd2b6ac0706cd9ed4bcfd4855c8d2c5535f01813fb2e10b68b31a24c0f:row:5405,6suw|m0|c|201|-|FE|-,6suw,FE,0,3,0,0.44731632,0.05445187,0.21228666,0.28594515
sha256:4748babd2b6ac0706cd9ed4bcfd4855c8d2c5535f01813fb2e10b68b31a24c0f:row:5408,3g1p|m0|A|401|-|MN|-,3g1p,MN,0,0,0,0.62829124,0.03874132,0.09671781,0.23624963
sha256:4748babd2b6ac0706cd9ed4bcfd4855c8d2c5535f01813fb2e10b68b31a24c0f:row:5417,7oj5|m0|A|302|-|MN|-,7oj5,MN,0,0,0,0.53791329,0.05794218,0.19441464,0.20972989
sha256:4748babd2b6ac0706cd9ed4bcfd4855c8d2c5535f01813fb2e10b68b31a24c0f:row:5437,1q0g|m0|B|118|-|NI|-,1q0g,NI,0,3,2,0.04159165,0.12850010,0.60550181,0.22440645
sha256:4748babd2b6ac0706cd9ed4bcfd4855c8d2c5535f01813fb2e10b68b31a24c0f:row:5443,7cj8|m0|F|301|-|MN|-,7cj8,MN,0,0,0,0.74925207,0.04264417,0.06517648,0.14292728
sha256:4748babd2b6ac0706cd9ed4bcfd4855c8d2c5535f01813fb2e10b68b31a24c0f:row:5448,1t6u|m0|A|201|-|NI|-,1t6u,NI,0,3,2,0.05301361,0.09796650,0.47301219,0.37600770
sha256:4748babd2b6ac0706cd9ed4bcfd4855c8d2c5535f01813fb2e10b68b31a24c0f:row:5449,4zvz|m0|A|501|-|MN|-,4zvz,MN,0,0,0,0.64816444,0.04714939,0.10775096,0.19693521
sha256:4748babd2b6ac0706cd9ed4bcfd4855c8d2c5535f01813fb2e10b68b31a24c0f:row:5456,8qax|m0|D|301|-|MN|-,8qax,MN,0,0,0,0.55318068,0.05241830,0.07302073,0.32138029
sha256:4748babd2b6ac0706cd9ed4bcfd4855c8d2c5535f01813fb2e10b68b31a24c0f:row:5458,6vcf|m0|A|501|-|FE|-,6vcf,FE,0,3,3,0.07177253,0.36191433,0.17819119,0.38812195
sha256:4748babd2b6ac0706cd9ed4bcfd4855c8d2c5535f01813fb2e10b68b31a24c0f:row:5459,8qaw|m0|A|304|-|MN|-,8qaw,MN,0,0,0,0.55490205,0.04830885,0.06850913,0.32827997
sha256:4748babd2b6ac0706cd9ed4bcfd4855c8d2c5535f01813fb2e10b68b31a24c0f:row:5462,2vzb|m0|B|6205|-|FE|-,2vzb,FE,0,3,0,0.51352822,0.05928109,0.13575228,0.29143840
sha256:4748babd2b6ac0706cd9ed4bcfd4855c8d2c5535f01813fb2e10b68b31a24c0f:row:5469,3a6f|m0|B|300|-|MN|-,3a6f,MN,0,0,0,0.71799313,0.05265627,0.12029612,0.10905448
sha256:4748babd2b6ac0706cd9ed4bcfd4855c8d2c5535f01813fb2e10b68b31a24c0f:row:5472,6qne|m0|A|401|-|FE|-,6qne,FE,0,3,3,0.32050523,0.06443761,0.18154944,0.43350772
sha256:4748babd2b6ac0706cd9ed4bcfd4855c8d2c5535f01813fb2e10b68b31a24c0f:row:5475,6qne|m0|E|401|-|FE|-,6qne,FE,0,3,3,0.29003761,0.04756222,0.11019646,0.55220370
sha256:4748babd2b6ac0706cd9ed4bcfd4855c8d2c5535f01813fb2e10b68b31a24c0f:row:5482,7ody|m0|B|202|-|MN|-,7ody,MN,0,0,0,0.75249989,0.03598579,0.05979372,0.15172059
sha256:4748babd2b6ac0706cd9ed4bcfd4855c8d2c5535f01813fb2e10b68b31a24c0f:row:5485,8qav|m0|K|302|-|MN|-,8qav,MN,0,0,0,0.55710757,0.06627275,0.10780962,0.26881007
sha256:4748babd2b6ac0706cd9ed4bcfd4855c8d2c5535f01813fb2e10b68b31a24c0f:row:5491,3a6h|m0|A|300|-|MN|-,3a6h,MN,0,0,0,0.70607713,0.06438894,0.09462864,0.13490528
sha256:4748babd2b6ac0706cd9ed4bcfd4855c8d2c5535f01813fb2e10b68b31a24c0f:row:5492,1ud9|m0|A|502|-|ZN|-,1ud9,ZN,0,2,2,0.13318036,0.07599243,0.64244911,0.14837810
sha256:4748babd2b6ac0706cd9ed4bcfd4855c8d2c5535f01813fb2e10b68b31a24c0f:row:5494,8qav|m0|H|302|-|MN|-,8qav,MN,0,0,0,0.54221221,0.06597520,0.11297126,0.27884133
sha256:4748babd2b6ac0706cd9ed4bcfd4855c8d2c5535f01813fb2e10b68b31a24c0f:row:5499,2vzb|m0|D|6204|-|FE|-,2vzb,FE,0,3,3,0.20410086,0.04290955,0.35374593,0.39924366
sha256:4748babd2b6ac0706cd9ed4bcfd4855c8d2c5535f01813fb2e10b68b31a24c0f:row:5500,6fwh|m0|H|203|-|MN|-,6fwh,MN,0,0,0,0.57661086,0.05969886,0.07558215,0.28810814
sha256:4748babd2b6ac0706cd9ed4bcfd4855c8d2c5535f01813fb2e10b68b31a24c0f:row:5504,6xb9|m0|A|301|-|FE|-,6xb9,FE,0,3,3,0.10727776,0.06703830,0.07641029,0.74927365
sha256:4748babd2b6ac0706cd9ed4bcfd4855c8d2c5535f01813fb2e10b68b31a24c0f:row:5509,4k95|m0|A|504|-|ZN|-,4k95,ZN,0,2,2,0.03917587,0.08707016,0.78652249,0.08723149
sha256:4748babd2b6ac0706cd9ed4bcfd4855c8d2c5535f01813fb2e10b68b31a24c0f:row:5510,1tei|m0|F|238|-|MN|-,1tei,MN,0,0,0,0.80412163,0.03704927,0.06178841,0.09704069
sha256:4748babd2b6ac0706cd9ed4bcfd4855c8d2c5535f01813fb2e10b68b31a24c0f:row:5513,1f1g|m0|A|4001|-|CU|-,1f1g,CU,0,1,1,0.02995238,0.72492373,0.16344089,0.08168301
sha256:4748babd2b6ac0706cd9ed4bcfd4855c8d2c5535f01813fb2e10b68b31a24c0f:row:5514,4d0t|m0|C|1570|-|MN|-,4d0t,MN,0,0,0,0.72160758,0.04669602,0.08897230,0.14272410
sha256:4748babd2b6ac0706cd9ed4bcfd4855c8d2c5535f01813fb2e10b68b31a24c0f:row:5515,5ntd|m0|F|602|-|MN|-,5ntd,MN,0,0,0,0.56731917,0.05184054,0.13508122,0.24575907
sha256:4748babd2b6ac0706cd9ed4bcfd4855c8d2c5535f01813fb2e10b68b31a24c0f:row:5520,2y9x|m0|C|401|-|CU|-,2y9x,CU,0,1,1,0.04029671,0.54657361,0.15209215,0.26103753
sha256:4748babd2b6ac0706cd9ed4bcfd4855c8d2c5535f01813fb2e10b68b31a24c0f:row:5522,1z03|m0|D|501|-|FE|-,1z03,FE,0,3,2,0.12245875,0.08080082,0.40594813,0.39079230
sha256:4748babd2b6ac0706cd9ed4bcfd4855c8d2c5535f01813fb2e10b68b31a24c0f:row:5524,2y9x|m0|A|401|-|CU|-,2y9x,CU,0,1,1,0.04182072,0.53066671,0.21002982,0.21748275
sha256:4748babd2b6ac0706cd9ed4bcfd4855c8d2c5535f01813fb2e10b68b31a24c0f:row:5535,6suw|m0|A|201|-|FE|-,6suw,FE,0,3,0,0.49172485,0.06090336,0.13844987,0.30892192
sha256:4748babd2b6ac0706cd9ed4bcfd4855c8d2c5535f01813fb2e10b68b31a24c0f:row:5537,8q3b|m0|B|1301|-|ZN|-,8q3b,ZN,0,2,2,0.04399565,0.04992461,0.75257877,0.15350097
sha256:4748babd2b6ac0706cd9ed4bcfd4855c8d2c5535f01813fb2e10b68b31a24c0f:row:5570,2gyq|m0|A|409|-|ZN|-,2gyq,ZN,0,2,3,0.07510758,0.11023646,0.32323884,0.49141712
sha256:4748babd2b6ac0706cd9ed4bcfd4855c8d2c5535f01813fb2e10b68b31a24c0f:row:5577,2ji3|m0|B|1128|-|FE|-,2ji3,FE,0,3,3,0.37849547,0.08002525,0.11811656,0.42336272
sha256:4748babd2b6ac0706cd9ed4bcfd4855c8d2c5535f01813fb2e10b68b31a24c0f:row:5578,3a6g|m0|E|300|-|MN|-,3a6g,MN,0,0,0,0.71416145,0.04608824,0.10522727,0.13452305
sha256:4748babd2b6ac0706cd9ed4bcfd4855c8d2c5535f01813fb2e10b68b31a24c0f:row:5581,6s0r|m0|D|301|-|NI|-,6s0r,NI,0,3,3,0.07892883,0.10734627,0.18089198,0.63283292
sha256:4748babd2b6ac0706cd9ed4bcfd4855c8d2c5535f01813fb2e10b68b31a24c0f:row:5582,1woi|m0|D|1508|-|MN|-,1woi,MN,0,0,0,0.60547585,0.04948389,0.19557134,0.14946892
sha256:4748babd2b6ac0706cd9ed4bcfd4855c8d2c5535f01813fb2e10b68b31a24c0f:row:5587,7fjl|m0|C|501|-|FE|-,7fjl,FE,0,3,3,0.08607129,0.07387098,0.20703051,0.63302722
sha256:4748babd2b6ac0706cd9ed4bcfd4855c8d2c5535f01813fb2e10b68b31a24c0f:row:5594,6fwh|m0|L|201|-|MN|-,6fwh,MN,0,0,0,0.58623958,0.06064849,0.06321393,0.28989800
sha256:4748babd2b6ac0706cd9ed4bcfd4855c8d2c5535f01813fb2e10b68b31a24c0f:row:5597,6sv1|m0|Q|201|-|FE|-,6sv1,FE,0,3,0,0.46210332,0.05770397,0.12593321,0.35425950
sha256:4748babd2b6ac0706cd9ed4bcfd4855c8d2c5535f01813fb2e10b68b31a24c0f:row:5616,6suw|m0|P|201|-|FE|-,6suw,FE,0,3,3,0.25231003,0.06052462,0.20854356,0.47862179
sha256:4748babd2b6ac0706cd9ed4bcfd4855c8d2c5535f01813fb2e10b68b31a24c0f:row:5617,8qav|m0|F|303|-|MN|-,8qav,MN,0,0,0,0.55716631,0.06626069,0.10777878,0.26879422
sha256:4748babd2b6ac0706cd9ed4bcfd4855c8d2c5535f01813fb2e10b68b31a24c0f:row:5618,7aqs|m0|W|201|-|FE|-,7aqs,FE,0,3,2,0.35386176,0.08633281,0.35742158,0.20238384
sha256:4748babd2b6ac0706cd9ed4bcfd4855c8d2c5535f01813fb2e10b68b31a24c0f:row:5627,3kwo|m0|A|156|-|ZN|-,3kwo,ZN,0,2,2,0.08749474,0.11385555,0.50055650,0.29809321
sha256:4748babd2b6ac0706cd9ed4bcfd4855c8d2c5535f01813fb2e10b68b31a24c0f:row:5644,8qay|m0|D|304|-|MN|-,8qay,MN,0,0,0,0.55303808,0.05254628,0.08213252,0.31228313
sha256:4748babd2b6ac0706cd9ed4bcfd4855c8d2c5535f01813fb2e10b68b31a24c0f:row:5660,7k3u|m0|B|402|-|MN|-,7k3u,MN,0,0,2,0.37651383,0.05384784,0.41991883,0.14971950
sha256:4748babd2b6ac0706cd9ed4bcfd4855c8d2c5535f01813fb2e10b68b31a24c0f:row:5662,6fwh|m0|B|201|-|MN|-,6fwh,MN,0,0,0,0.63424364,0.04454861,0.06617335,0.25503441
sha256:4748babd2b6ac0706cd9ed4bcfd4855c8d2c5535f01813fb2e10b68b31a24c0f:row:5663,7aqs|m0|R|201|-|FE|-,7aqs,FE,0,3,2,0.33819014,0.09901946,0.33994676,0.22284363
sha256:4748babd2b6ac0706cd9ed4bcfd4855c8d2c5535f01813fb2e10b68b31a24c0f:row:5672,4q7r|m0|B|302|-|ZN|-,4q7r,ZN,0,2,2,0.11494027,0.09127181,0.54800079,0.24578713
sha256:4748babd2b6ac0706cd9ed4bcfd4855c8d2c5535f01813fb2e10b68b31a24c0f:row:5676,6hue|m0|B|505|-|ZN|-,6hue,ZN,0,2,2,0.10667107,0.09490105,0.69142099,0.10700689
sha256:4748babd2b6ac0706cd9ed4bcfd4855c8d2c5535f01813fb2e10b68b31a24c0f:row:5679,1vkm|m0|F|300|-|MN|-,1vkm,MN,0,0,0,0.60429990,0.05209053,0.08332960,0.26027997
sha256:4748babd2b6ac0706cd9ed4bcfd4855c8d2c5535f01813fb2e10b68b31a24c0f:row:5680,7dt0|m0|D|502|-|FE|-,7dt0,FE,0,3,3,0.17175907,0.05358560,0.09498444,0.67967089
sha256:4748babd2b6ac0706cd9ed4bcfd4855c8d2c5535f01813fb2e10b68b31a24c0f:row:5689,7oj5|m0|W|301|-|MN|-,7oj5,MN,0,0,0,0.56148756,0.06294310,0.08414089,0.29142845
sha256:4748babd2b6ac0706cd9ed4bcfd4855c8d2c5535f01813fb2e10b68b31a24c0f:row:5694,6suw|m0|S|201|-|FE|-,6suw,FE,0,3,0,0.48550376,0.04814241,0.18072947,0.28562435
sha256:4748babd2b6ac0706cd9ed4bcfd4855c8d2c5535f01813fb2e10b68b31a24c0f:row:5705,1q0g|m0|K|118|-|NI|-,1q0g,NI,0,3,2,0.04073993,0.14121241,0.56025695,0.25779071
sha256:4748babd2b6ac0706cd9ed4bcfd4855c8d2c5535f01813fb2e10b68b31a24c0f:row:5711,5da5|m0|D|205|-|FE|-,5da5,FE,0,3,0,0.46772331,0.05676146,0.13516847,0.34034676
sha256:4748babd2b6ac0706cd9ed4bcfd4855c8d2c5535f01813fb2e10b68b31a24c0f:row:5713,6b9v|m0|A|301|-|MN|-,6b9v,MN,0,0,0,0.61200550,0.04175504,0.10920681,0.23703265
sha256:4748babd2b6ac0706cd9ed4bcfd4855c8d2c5535f01813fb2e10b68b31a24c0f:row:5715,1lt1|m0|E|1105|-|MN|-,1lt1,MN,0,0,0,0.67320575,0.04411936,0.09833295,0.18434194
sha256:4748babd2b6ac0706cd9ed4bcfd4855c8d2c5535f01813fb2e10b68b31a24c0f:row:5716,4k1t|m0|A|303|-|ZN|-,4k1t,ZN,0,2,0,0.42571641,0.10003978,0.30729197,0.16695183
sha256:4748babd2b6ac0706cd9ed4bcfd4855c8d2c5535f01813fb2e10b68b31a24c0f:row:5718,2ji2|m0|C|1131|-|FE|-,2ji2,FE,0,3,3,0.35920465,0.09014243,0.15753923,0.39311370
sha256:4748babd2b6ac0706cd9ed4bcfd4855c8d2c5535f01813fb2e10b68b31a24c0f:row:5720,2xrx|m0|O|1461|-|FE|-,2xrx,FE,0,3,3,0.10755179,0.06822426,0.31958293,0.50464102
sha256:4748babd2b6ac0706cd9ed4bcfd4855c8d2c5535f01813fb2e10b68b31a24c0f:row:5722,3gcf|m0|L|501|-|FE|-,3gcf,FE,0,3,3,0.31277549,0.05482007,0.14349558,0.48890887
sha256:4748babd2b6ac0706cd9ed4bcfd4855c8d2c5535f01813fb2e10b68b31a24c0f:row:5727,5fli|m0|E|300|-|NI|-,5fli,NI,0,3,3,0.22729781,0.08119026,0.13928544,0.55222649
sha256:4748babd2b6ac0706cd9ed4bcfd4855c8d2c5535f01813fb2e10b68b31a24c0f:row:5728,8qav|m0|R|301|-|MN|-,8qav,MN,0,0,0,0.66144834,0.06255062,0.08076151,0.19523953
sha256:4748babd2b6ac0706cd9ed4bcfd4855c8d2c5535f01813fb2e10b68b31a24c0f:row:5742,6txc|m0|C|702|-|FE|-,6txc,FE,0,3,3,0.38235673,0.05194309,0.10226197,0.46343821
sha256:4748babd2b6ac0706cd9ed4bcfd4855c8d2c5535f01813fb2e10b68b31a24c0f:row:5746,7td5|m0|A|1005|-|ZN|-,7td5,ZN,0,2,2,0.06541062,0.09379180,0.72850399,0.11229359
sha256:4748babd2b6ac0706cd9ed4bcfd4855c8d2c5535f01813fb2e10b68b31a24c0f:row:5747,1q0m|m0|C|118|-|NI|-,1q0m,NI,0,3,2,0.04456218,0.13127300,0.59412109,0.23004373
sha256:4748babd2b6ac0706cd9ed4bcfd4855c8d2c5535f01813fb2e10b68b31a24c0f:row:5757,3gcf|m0|K|501|-|FE|-,3gcf,FE,0,3,3,0.21837049,0.05385492,0.14048472,0.58728988
sha256:4748babd2b6ac0706cd9ed4bcfd4855c8d2c5535f01813fb2e10b68b31a24c0f:row:5761,7uhy|m0|D|1003|-|ZN|-,7uhy,ZN,0,2,2,0.05448401,0.27038140,0.43669213,0.23844246
sha256:4748babd2b6ac0706cd9ed4bcfd4855c8d2c5535f01813fb2e10b68b31a24c0f:row:5764,4z6t|m0|D|401|-|FE|-,4z6t,FE,0,3,3,0.12850791,0.04916849,0.06484917,0.75747444
sha256:4748babd2b6ac0706cd9ed4bcfd4855c8d2c5535f01813fb2e10b68b31a24c0f:row:5769,3un2|m0|C|396|-|MN|-,3un2,MN,0,0,2,0.38840712,0.08416169,0.39115006,0.13628112
sha256:4748babd2b6ac0706cd9ed4bcfd4855c8d2c5535f01813fb2e10b68b31a24c0f:row:5771,2vzb|m0|A|6204|-|FE|-,2vzb,FE,0,3,0,0.52913828,0.04710485,0.11448329,0.30927358
sha256:4748babd2b6ac0706cd9ed4bcfd4855c8d2c5535f01813fb2e10b68b31a24c0f:row:5776,2ji1|m0|A|1127|-|FE|-,2ji1,FE,0,3,2,0.05805197,0.04567478,0.75951044,0.13676281
sha256:4748babd2b6ac0706cd9ed4bcfd4855c8d2c5535f01813fb2e10b68b31a24c0f:row:5777,1wog|m0|E|1610|-|MN|-,1wog,MN,0,0,0,0.61655455,0.05828849,0.15348966,0.17166731
sha256:4748babd2b6ac0706cd9ed4bcfd4855c8d2c5535f01813fb2e10b68b31a24c0f:row:5782,8eaz|m0|A|1001|-|ZN|-,8eaz,ZN,0,2,2,0.04013110,0.05852432,0.79663088,0.10471369
sha256:4748babd2b6ac0706cd9ed4bcfd4855c8d2c5535f01813fb2e10b68b31a24c0f:row:5785,4lr8|m0|A|401|-|MN|-,4lr8,MN,0,0,0,0.61410404,0.04208319,0.10214794,0.24166483
sha256:4748babd2b6ac0706cd9ed4bcfd4855c8d2c5535f01813fb2e10b68b31a24c0f:row:5793,4uxa|m0|K|200|-|MN|-,4uxa,MN,0,0,3,0.41171669,0.08023989,0.09190836,0.41613507
sha256:4748babd2b6ac0706cd9ed4bcfd4855c8d2c5535f01813fb2e10b68b31a24c0f:row:5794,4e2s|m0|F|301|-|MN|-,4e2s,MN,0,0,0,0.53745336,0.04775567,0.06435557,0.35043540
sha256:4748babd2b6ac0706cd9ed4bcfd4855c8d2c5535f01813fb2e10b68b31a24c0f:row:5800,3mf3|m0|E|230|-|CO|-,3mf3,CO,0,3,2,0.08164511,0.08932045,0.63358186,0.19545258
sha256:4748babd2b6ac0706cd9ed4bcfd4855c8d2c5535f01813fb2e10b68b31a24c0f:row:5802,5hjh|m0|C|202|-|FE|-,5hjh,FE,0,3,0,0.46914456,0.12613128,0.20900209,0.19572207
sha256:4748babd2b6ac0706cd9ed4bcfd4855c8d2c5535f01813fb2e10b68b31a24c0f:row:5803,6s0s|m0|E|301|-|NI|-,6s0s,NI,0,3,3,0.08686564,0.10725834,0.19047844,0.61539758
sha256:4748babd2b6ac0706cd9ed4bcfd4855c8d2c5535f01813fb2e10b68b31a24c0f:row:5806,4c8r|m0|E|501|-|NI|-,4c8r,NI,0,3,3,0.31304756,0.12179899,0.12153625,0.44361720
sha256:4748babd2b6ac0706cd9ed4bcfd4855c8d2c5535f01813fb2e10b68b31a24c0f:row:5818,5nsm|m0|D|603|-|MN|-,5nsm,MN,0,0,0,0.53635790,0.06693458,0.12002068,0.27668683
sha256:4748babd2b6ac0706cd9ed4bcfd4855c8d2c5535f01813fb2e10b68b31a24c0f:row:5822,8qav|m0|S|302|-|MN|-,8qav,MN,0,0,0,0.66145687,0.06254967,0.08076004,0.19523342
sha256:4748babd2b6ac0706cd9ed4bcfd4855c8d2c5535f01813fb2e10b68b31a24c0f:row:5827,5aew|m0|M|461|-|FE|-,5aew,FE,0,3,3,0.39947752,0.04739542,0.09835674,0.45477032
sha256:4748babd2b6ac0706cd9ed4bcfd4855c8d2c5535f01813fb2e10b68b31a24c0f:row:5835,4zvz|m0|C|501|-|MN|-,4zvz,MN,0,0,0,0.63587795,0.06610839,0.10931915,0.18869451
sha256:4748babd2b6ac0706cd9ed4bcfd4855c8d2c5535f01813fb2e10b68b31a24c0f:row:5852,7cj9|m0|G|301|-|MN|-,7cj9,MN,0,0,0,0.71852625,0.04291981,0.06121501,0.17733893
sha256:4748babd2b6ac0706cd9ed4bcfd4855c8d2c5535f01813fb2e10b68b31a24c0f:row:5853,1wog|m0|C|1605|-|MN|-,1wog,MN,0,0,0,0.62905262,0.07380281,0.13074276,0.16640181
sha256:4748babd2b6ac0706cd9ed4bcfd4855c8d2c5535f01813fb2e10b68b31a24c0f:row:5862,2xso|m0|G|901|-|FE|-,2xso,FE,0,3,3,0.11293465,0.07640094,0.39475700,0.41590741
sha256:4748babd2b6ac0706cd9ed4bcfd4855c8d2c5535f01813fb2e10b68b31a24c0f:row:5870,6suw|m0|N|201|-|FE|-,6suw,FE,0,3,0,0.47715228,0.06927905,0.15592451,0.29764417
sha256:4748babd2b6ac0706cd9ed4bcfd4855c8d2c5535f01813fb2e10b68b31a24c0f:row:5880,1q0g|m0|J|118|-|NI|-,1q0g,NI,0,3,2,0.04186414,0.12895906,0.60938788,0.21978892
sha256:4748babd2b6ac0706cd9ed4bcfd4855c8d2c5535f01813fb2e10b68b31a24c0f:row:5890,3a6h|m0|C|300|-|MN|-,3a6h,MN,0,0,0,0.65381273,0.07642079,0.12828025,0.14148622
sha256:4748babd2b6ac0706cd9ed4bcfd4855c8d2c5535f01813fb2e10b68b31a24c0f:row:5894,5nsm|m0|F|602|-|MN|-,5nsm,MN,0,0,0,0.56419798,0.06367966,0.11691206,0.25521030
sha256:4748babd2b6ac0706cd9ed4bcfd4855c8d2c5535f01813fb2e10b68b31a24c0f:row:5895,5ndf|m0|B|601|-|MN|-,5ndf,MN,0,0,0,0.45294742,0.05215645,0.17864439,0.31625174
sha256:4748babd2b6ac0706cd9ed4bcfd4855c8d2c5535f01813fb2e10b68b31a24c0f:row:5905,7uhy|m0|A|1004|-|ZN|-,7uhy,ZN,0,2,2,0.04520944,0.12166533,0.74208321,0.09104202
sha256:4748babd2b6ac0706cd9ed4bcfd4855c8d2c5535f01813fb2e10b68b31a24c0f:row:5924,6qne|m0|D|401|-|FE|-,6qne,FE,0,3,3,0.34498191,0.06369100,0.13914383,0.45218326
sha256:4748babd2b6ac0706cd9ed4bcfd4855c8d2c5535f01813fb2e10b68b31a24c0f:row:5925,7die|m0|D|201|-|FE|-,7die,FE,0,3,0,0.69955827,0.04969611,0.10650934,0.14423629
sha256:4748babd2b6ac0706cd9ed4bcfd4855c8d2c5535f01813fb2e10b68b31a24c0f:row:5930,2yfi|m0|G|901|-|FE|-,2yfi,FE,0,3,3,0.12448804,0.08984977,0.26741953,0.51824266
sha256:4748babd2b6ac0706cd9ed4bcfd4855c8d2c5535f01813fb2e10b68b31a24c0f:row:5934,5u8z|m0|D|601|-|FE|-,5u8z,FE,0,3,3,0.07238685,0.08598245,0.07349032,0.76814038
sha256:4748babd2b6ac0706cd9ed4bcfd4855c8d2c5535f01813fb2e10b68b31a24c0f:row:5940,3zds|m0|J|2000|-|FE|-,3zds,FE,0,3,0,0.45550019,0.07398522,0.12412086,0.34639374
sha256:4748babd2b6ac0706cd9ed4bcfd4855c8d2c5535f01813fb2e10b68b31a24c0f:row:5947,1f2i|m0|H|2202|-|ZN|-,1f2i,ZN,0,2,2,0.05393496,0.07618625,0.74103767,0.12884112
sha256:4748babd2b6ac0706cd9ed4bcfd4855c8d2c5535f01813fb2e10b68b31a24c0f:row:5964,1z02|m0|B|501|-|FE|-,1z02,FE,0,3,3,0.37919382,0.05446954,0.10390103,0.46243562
sha256:4748babd2b6ac0706cd9ed4bcfd4855c8d2c5535f01813fb2e10b68b31a24c0f:row:5965,7cl5|m0|B|301|-|NI|-,7cl5,NI,0,3,3,0.21056096,0.12585246,0.12871848,0.53486810
sha256:4748babd2b6ac0706cd9ed4bcfd4855c8d2c5535f01813fb2e10b68b31a24c0f:row:5977,4e2s|m0|H|301|-|MN|-,4e2s,MN,0,0,0,0.60709585,0.04898802,0.06376056,0.28015557
sha256:4748babd2b6ac0706cd9ed4bcfd4855c8d2c5535f01813fb2e10b68b31a24c0f:row:5982,6suw|m0|Q|201|-|FE|-,6suw,FE,0,3,0,0.51303653,0.05681211,0.17890651,0.25124485
sha256:4748babd2b6ac0706cd9ed4bcfd4855c8d2c5535f01813fb2e10b68b31a24c0f:row:5986,8qaw|m0|F|304|-|MN|-,8qaw,MN,0,0,0,0.60227268,0.04707087,0.06933879,0.28131767
sha256:4748babd2b6ac0706cd9ed4bcfd4855c8d2c5535f01813fb2e10b68b31a24c0f:row:5989,4lrb|m0|C|402|-|MN|-,4lrb,MN,0,0,0,0.45960096,0.11920237,0.27694872,0.14424795
sha256:4748babd2b6ac0706cd9ed4bcfd4855c8d2c5535f01813fb2e10b68b31a24c0f:row:5998,2cb2|m0|C|1310|-|FE|-,2cb2,FE,0,3,3,0.35325424,0.06549571,0.12340812,0.45784193
sha256:4748babd2b6ac0706cd9ed4bcfd4855c8d2c5535f01813fb2e10b68b31a24c0f:row:6000,4z6s|m0|C|401|-|FE|-,4z6s,FE,0,3,3,0.11082409,0.04945954,0.06091228,0.77880409
sha256:4748babd2b6ac0706cd9ed4bcfd4855c8d2c5535f01813fb2e10b68b31a24c0f:row:6007,5u8y|m0|C|601|-|CO|-,5u8y,CO,0,3,3,0.04228175,0.12148666,0.13520232,0.70102927
sha256:4748babd2b6ac0706cd9ed4bcfd4855c8d2c5535f01813fb2e10b68b31a24c0f:row:6028,3mf3|m0|D|230|-|CO|-,3mf3,CO,0,3,2,0.06719612,0.11266818,0.62899139,0.19114431
sha256:4748babd2b6ac0706cd9ed4bcfd4855c8d2c5535f01813fb2e10b68b31a24c0f:row:6032,1ud9|m0|D|519|-|ZN|-,1ud9,ZN,0,2,2,0.34179977,0.08536617,0.35807002,0.21476404
sha256:4748babd2b6ac0706cd9ed4bcfd4855c8d2c5535f01813fb2e10b68b31a24c0f:row:6033,4ljq|m0|A|1104|-|ZN|-,4ljq,ZN,0,2,2,0.04231878,0.08615279,0.76516467,0.10636376
sha256:4748babd2b6ac0706cd9ed4bcfd4855c8d2c5535f01813fb2e10b68b31a24c0f:row:6034,4c8r|m0|F|501|-|NI|-,4c8r,NI,0,3,3,0.28286074,0.08067332,0.10392492,0.53254101
sha256:4748babd2b6ac0706cd9ed4bcfd4855c8d2c5535f01813fb2e10b68b31a24c0f:row:6035,2yfi|m0|K|901|-|FE|-,2yfi,FE,0,3,3,0.24869937,0.06915711,0.19263622,0.48950730
sha256:4748babd2b6ac0706cd9ed4bcfd4855c8d2c5535f01813fb2e10b68b31a24c0f:row:6038,1q0k|m0|A|118|-|NI|-,1q0k,NI,0,3,2,0.03822567,0.16099661,0.55245806,0.24831966
sha256:4748babd2b6ac0706cd9ed4bcfd4855c8d2c5535f01813fb2e10b68b31a24c0f:row:6040,6txc|m0|K|702|-|FE|-,6txc,FE,0,3,3,0.35291386,0.06214990,0.16039618,0.42454006
sha256:4748babd2b6ac0706cd9ed4bcfd4855c8d2c5535f01813fb2e10b68b31a24c0f:row:6046,7k3u|m0|J|401|-|MN|-,7k3u,MN,0,0,0,0.61617117,0.05534322,0.17648929,0.15199633
sha256:4748babd2b6ac0706cd9ed4bcfd4855c8d2c5535f01813fb2e10b68b31a24c0f:row:6047,1f1g|m0|F|4012|-|ZN|-,1f1g,ZN,0,2,1,0.05121916,0.60896205,0.24109313,0.09872566
sha256:4748babd2b6ac0706cd9ed4bcfd4855c8d2c5535f01813fb2e10b68b31a24c0f:row:6049,2cb2|m0|B|1310|-|FE|-,2cb2,FE,0,3,3,0.35230402,0.05790079,0.12985132,0.45994387
sha256:4748babd2b6ac0706cd9ed4bcfd4855c8d2c5535f01813fb2e10b68b31a24c0f:row:6051,6txa|m0|M|701|-|FE|-,6txa,FE,0,3,0,0.38457039,0.06405985,0.19535753,0.35601223
sha256:4748babd2b6ac0706cd9ed4bcfd4855c8d2c5535f01813fb2e10b68b31a24c0f:row:6069,3g1p|m0|A|400|-|MN|-,3g1p,MN,0,0,0,0.66373308,0.08556206,0.10127230,0.14943256
sha256:4748babd2b6ac0706cd9ed4bcfd4855c8d2c5535f01813fb2e10b68b31a24c0f:row:6075,5nsm|m0|L|603|-|MN|-,5nsm,MN,0,0,0,0.54171657,0.06204776,0.13117648,0.26505919
sha256:4748babd2b6ac0706cd9ed4bcfd4855c8d2c5535f01813fb2e10b68b31a24c0f:row:6089,6m35|m0|F|401|-|FE|-,6m35,FE,0,3,3,0.23370572,0.05316525,0.11148388,0.60164514
sha256:4748babd2b6ac0706cd9ed4bcfd4855c8d2c5535f01813fb2e10b68b31a24c0f:row:6094,6s0w|m0|E|302|-|NI|-,6s0w,NI,0,3,3,0.10572628,0.10689755,0.33615473,0.45122144
sha256:4748babd2b6ac0706cd9ed4bcfd4855c8d2c5535f01813fb2e10b68b31a24c0f:row:6098,4lrc|m0|A|402|-|MN|-,4lrc,MN,0,0,0,0.59474585,0.04192193,0.08983231,0.27349991
sha256:4748babd2b6ac0706cd9ed4bcfd4855c8d2c5535f01813fb2e10b68b31a24c0f:row:6113,3ot9|m0|B|395|-|MN|-,3ot9,MN,0,0,0,0.58823333,0.04478397,0.09083230,0.27615040
sha256:4748babd2b6ac0706cd9ed4bcfd4855c8d2c5535f01813fb2e10b68b31a24c0f:row:6116,5ntd|m0|J|603|-|MN|-,5ntd,MN,0,0,0,0.55523305,0.05392837,0.12114796,0.26969062
sha256:4748babd2b6ac0706cd9ed4bcfd4855c8d2c5535f01813fb2e10b68b31a24c0f:row:6118,4d0t|m0|B|1570|-|MN|-,4d0t,MN,0,0,0,0.70688764,0.06239945,0.08917574,0.14153717
sha256:4748babd2b6ac0706cd9ed4bcfd4855c8d2c5535f01813fb2e10b68b31a24c0f:row:6121,4uxa|m0|B|200|-|MN|-,4uxa,MN,0,0,0,0.54773198,0.08406311,0.07103079,0.29717412
sha256:4748babd2b6ac0706cd9ed4bcfd4855c8d2c5535f01813fb2e10b68b31a24c0f:row:6124,4e9x|m0|B|2402|-|CU|-,4e9x,CU,0,1,1,0.04537885,0.57222988,0.26515116,0.11724011
sha256:4748babd2b6ac0706cd9ed4bcfd4855c8d2c5535f01813fb2e10b68b31a24c0f:row:6130,6ie2|m0|A|400|-|MN|-,6ie2,MN,0,0,0,0.31777213,0.08985393,0.27915597,0.31321796
sha256:4748babd2b6ac0706cd9ed4bcfd4855c8d2c5535f01813fb2e10b68b31a24c0f:row:6131,1z01|m0|E|501|-|FE|-,1z01,FE,0,3,3,0.31369622,0.07970814,0.18670005,0.41989559
sha256:4748babd2b6ac0706cd9ed4bcfd4855c8d2c5535f01813fb2e10b68b31a24c0f:row:6140,7mgd|m0|B|301|-|MN|-,7mgd,MN,0,0,0,0.81006799,0.03960771,0.05836005,0.09196424
sha256:4748babd2b6ac0706cd9ed4bcfd4855c8d2c5535f01813fb2e10b68b31a24c0f:row:6142,7k3u|m0|G|402|-|MN|-,7k3u,MN,0,0,0,0.38971779,0.08224543,0.38675167,0.14128511
sha256:4748babd2b6ac0706cd9ed4bcfd4855c8d2c5535f01813fb2e10b68b31a24c0f:row:6159,2jec|m0|A|241|-|MN|-,2jec,MN,0,0,0,0.78246540,0.03752802,0.05696033,0.12304624
sha256:4748babd2b6ac0706cd9ed4bcfd4855c8d2c5535f01813fb2e10b68b31a24c0f:row:6161,3vnm|m0|C|302|-|MN|-,3vnm,MN,0,0,0,0.79469577,0.03851616,0.06656601,0.10022206
sha256:4748babd2b6ac0706cd9ed4bcfd4855c8d2c5535f01813fb2e10b68b31a24c0f:row:6166,7cj8|m0|D|301|-|MN|-,7cj8,MN,0,0,0,0.76651981,0.04107502,0.05582225,0.13658293
sha256:4748babd2b6ac0706cd9ed4bcfd4855c8d2c5535f01813fb2e10b68b31a24c0f:row:6175,4lr9|m0|B|401|-|MN|-,4lr9,MN,0,0,0,0.54985972,0.05603831,0.09403805,0.30006391
sha256:4748babd2b6ac0706cd9ed4bcfd4855c8d2c5535f01813fb2e10b68b31a24c0f:row:6178,8qaw|m0|H|304|-|MN|-,8qaw,MN,0,0,0,0.60021912,0.04691055,0.06365631,0.28921403
sha256:4748babd2b6ac0706cd9ed4bcfd4855c8d2c5535f01813fb2e10b68b31a24c0f:row:6189,8q3b|m0|I|202|-|ZN|-,8q3b,ZN,0,2,2,0.04510171,0.05742986,0.55559240,0.34187603
sha256:4748babd2b6ac0706cd9ed4bcfd4855c8d2c5535f01813fb2e10b68b31a24c0f:row:6191,2yfj|m0|E|901|-|FE|-,2yfj,FE,0,3,3,0.11451461,0.06839599,0.26185602,0.55523338
sha256:4748babd2b6ac0706cd9ed4bcfd4855c8d2c5535f01813fb2e10b68b31a24c0f:row:6192,5ntd|m0|I|603|-|MN|-,5ntd,MN,0,0,0,0.57865964,0.05558865,0.09896267,0.26678904
sha256:4748babd2b6ac0706cd9ed4bcfd4855c8d2c5535f01813fb2e10b68b31a24c0f:row:6194,3ob8|m0|A|3005|-|MN|-,3ob8,MN,0,0,2,0.25209542,0.08759517,0.49248702,0.16782239
sha256:4748babd2b6ac0706cd9ed4bcfd4855c8d2c5535f01813fb2e10b68b31a24c0f:row:6197,4rap|m0|I|501|-|FE|-,4rap,FE,0,3,2,0.05680626,0.07624576,0.72531742,0.14163055
sha256:4748babd2b6ac0706cd9ed4bcfd4855c8d2c5535f01813fb2e10b68b31a24c0f:row:6198,2yfc|m0|C|1145|-|MN|-,2yfc,MN,0,0,0,0.76936538,0.03880205,0.06314832,0.12868425
sha256:4748babd2b6ac0706cd9ed4bcfd4855c8d2c5535f01813fb2e10b68b31a24c0f:row:6205,1dk4|m0|B|590|-|ZN|-,1dk4,ZN,0,2,0,0.43929201,0.04763286,0.23459234,0.27848278
sha256:4748babd2b6ac0706cd9ed4bcfd4855c8d2c5535f01813fb2e10b68b31a24c0f:row:6206,1q0k|m0|K|118|-|NI|-,1q0k,NI,0,3,2,0.03819470,0.14067925,0.57953310,0.24159296
sha256:4748babd2b6ac0706cd9ed4bcfd4855c8d2c5535f01813fb2e10b68b31a24c0f:row:6210,7wl0|m0|C|301|-|MN|-,7wl0,MN,0,0,0,0.63127853,0.04232350,0.07818529,0.24821267
sha256:4748babd2b6ac0706cd9ed4bcfd4855c8d2c5535f01813fb2e10b68b31a24c0f:row:6211,4bif|m0|D|1132|-|MN|-,4bif,MN,0,0,3,0.41418674,0.06574005,0.08601079,0.43406243
sha256:4748babd2b6ac0706cd9ed4bcfd4855c8d2c5535f01813fb2e10b68b31a24c0f:row:6217,6xb9|m0|I|301|-|FE|-,6xb9,FE,0,3,3,0.11866952,0.05849612,0.07727253,0.74556184
sha256:4748babd2b6ac0706cd9ed4bcfd4855c8d2c5535f01813fb2e10b68b31a24c0f:row:6220,3zk4|m0|B|801|-|MN|-,3zk4,MN,0,0,0,0.58626321,0.08135697,0.11886695,0.21351287
sha256:4748babd2b6ac0706cd9ed4bcfd4855c8d2c5535f01813fb2e10b68b31a24c0f:row:6233,4e2q|m0|J|301|-|MN|-,4e2q,MN,0,0,3,0.32648199,0.08073018,0.16424765,0.42854017
sha256:4748babd2b6ac0706cd9ed4bcfd4855c8d2c5535f01813fb2e10b68b31a24c0f:row:6237,6xb9|m0|D|301|-|FE|-,6xb9,FE,0,3,3,0.10536882,0.06029494,0.07037202,0.76396421
sha256:4748babd2b6ac0706cd9ed4bcfd4855c8d2c5535f01813fb2e10b68b31a24c0f:row:6238,3hcs|m0|A|302|-|ZN|-,3hcs,ZN,0,2,0,0.38902433,0.15267150,0.33924434,0.11905983
sha256:4748babd2b6ac0706cd9ed4bcfd4855c8d2c5535f01813fb2e10b68b31a24c0f:row:6239,7cl5|m0|F|301|-|NI|-,7cl5,NI,0,3,3,0.30853284,0.08886048,0.10288193,0.49972475
sha256:4748babd2b6ac0706cd9ed4bcfd4855c8d2c5535f01813fb2e10b68b31a24c0f:row:6242,7oj5|m0|I|302|-|MN|-,7oj5,MN,0,0,0,0.53789075,0.05794221,0.19442834,0.20973869
sha256:4748babd2b6ac0706cd9ed4bcfd4855c8d2c5535f01813fb2e10b68b31a24c0f:row:6248,7xyz|m0|A|502|-|ZN|-,7xyz,ZN,0,2,2,0.04517148,0.06400551,0.80771590,0.08310711
sha256:4748babd2b6ac0706cd9ed4bcfd4855c8d2c5535f01813fb2e10b68b31a24c0f:row:6253,8dq3|m0|D|402|-|MN|-,8dq3,MN,0,0,0,0.56998798,0.05893726,0.16355459,0.20752016
sha256:4748babd2b6ac0706cd9ed4bcfd4855c8d2c5535f01813fb2e10b68b31a24c0f:row:6255,8qaw|m0|B|305|-|MN|-,8qaw,MN,0,0,0,0.64732366,0.04391525,0.06107733,0.24768376
sha256:4748babd2b6ac0706cd9ed4bcfd4855c8d2c5535f01813fb2e10b68b31a24c0f:row:6258,5e1r|m0|D|801|-|CU|-,5e1r,CU,0,1,2,0.04011072,0.28012518,0.53402640,0.14573771
sha256:4748babd2b6ac0706cd9ed4bcfd4855c8d2c5535f01813fb2e10b68b31a24c0f:row:6261,8jq3|m0|B|502|-|MN|-,8jq3,MN,0,0,0,0.62480961,0.04457922,0.12699310,0.20361808
sha256:4748babd2b6ac0706cd9ed4bcfd4855c8d2c5535f01813fb2e10b68b31a24c0f:row:6264,6ie2|m0|F|400|-|MN|-,6ie2,MN,0,0,0,0.44688046,0.05372264,0.20272579,0.29667111
sha256:4748babd2b6ac0706cd9ed4bcfd4855c8d2c5535f01813fb2e10b68b31a24c0f:row:6268,7k3u|m0|J|402|-|MN|-,7k3u,MN,0,0,0,0.60083834,0.05879245,0.13583518,0.20453404
sha256:4748babd2b6ac0706cd9ed4bcfd4855c8d2c5535f01813fb2e10b68b31a24c0f:row:6272,7m4m|m0|A|802|-|ZN|-,7m4m,ZN,0,2,2,0.04171560,0.08329486,0.77602155,0.09896799
sha256:4748babd2b6ac0706cd9ed4bcfd4855c8d2c5535f01813fb2e10b68b31a24c0f:row:6277,5u7n|m0|B|1000|-|CU|-,5u7n,CU,0,1,2,0.04019125,0.35449217,0.47871923,0.12659735
sha256:4748babd2b6ac0706cd9ed4bcfd4855c8d2c5535f01813fb2e10b68b31a24c0f:row:6279,4e2s|m0|M|301|-|MN|-,4e2s,MN,0,0,0,0.58830673,0.06315746,0.08490540,0.26363040
sha256:4748babd2b6ac0706cd9ed4bcfd4855c8d2c5535f01813fb2e10b68b31a24c0f:row:6281,3m8y|m0|C|396|-|MN|-,3m8y,MN,0,0,0,0.70853789,0.04528305,0.09993004,0.14624901
sha256:4748babd2b6ac0706cd9ed4bcfd4855c8d2c5535f01813fb2e10b68b31a24c0f:row:6291,3ob8|m0|C|3005|-|MN|-,3ob8,MN,0,0,2,0.33515106,0.09564895,0.37664021,0.19255977
sha256:4748babd2b6ac0706cd9ed4bcfd4855c8d2c5535f01813fb2e10b68b31a24c0f:row:6299,6s0u|m0|C|302|-|NI|-,6s0u,NI,0,3,3,0.10962834,0.11368074,0.31086485,0.46582607
sha256:4748babd2b6ac0706cd9ed4bcfd4855c8d2c5535f01813fb2e10b68b31a24c0f:row:6300,5fv9|m0|D|1556|-|MN|-,5fv9,MN,0,0,2,0.27156627,0.10742206,0.38929212,0.23171954
sha256:4748babd2b6ac0706cd9ed4bcfd4855c8d2c5535f01813fb2e10b68b31a24c0f:row:6302,2y9x|m0|B|400|-|CU|-,2y9x,CU,0,1,3,0.06016959,0.36719652,0.20075480,0.37187908
sha256:4748babd2b6ac0706cd9ed4bcfd4855c8d2c5535f01813fb2e10b68b31a24c0f:row:6305,5aew|m0|G|461|-|FE|-,5aew,FE,0,3,3,0.10672530,0.07748830,0.20200389,0.61378251
sha256:4748babd2b6ac0706cd9ed4bcfd4855c8d2c5535f01813fb2e10b68b31a24c0f:row:6312,8qav|m0|T|302|-|MN|-,8qav,MN,0,0,0,0.54226766,0.06598273,0.11296248,0.27878713
sha256:4748babd2b6ac0706cd9ed4bcfd4855c8d2c5535f01813fb2e10b68b31a24c0f:row:6313,4rap|m0|F|501|-|FE|-,4rap,FE,0,3,2,0.06155686,0.07422747,0.72955938,0.13465628
sha256:4748babd2b6ac0706cd9ed4bcfd4855c8d2c5535f01813fb2e10b68b31a24c0f:row:6314,8qay|m0|H|301|-|MN|-,8qay,MN,0,0,0,0.53535154,0.04764165,0.07317095,0.34383585
sha256:4748babd2b6ac0706cd9ed4bcfd4855c8d2c5535f01813fb2e10b68b31a24c0f:row:6319,7dt0|m0|E|502|-|FE|-,7dt0,FE,0,3,3,0.09661011,0.06037636,0.11130844,0.73170509
sha256:4748babd2b6ac0706cd9ed4bcfd4855c8d2c5535f01813fb2e10b68b31a24c0f:row:6323,6vch|m0|C|501|-|CO|-,6vch,CO,0,3,3,0.07881439,0.13246810,0.35023133,0.43848619
sha256:4748babd2b6ac0706cd9ed4bcfd4855c8d2c5535f01813fb2e10b68b31a24c0f:row:6337,7cl6|m0|D|301|-|NI|-,7cl6,NI,0,3,3,0.31681788,0.07912701,0.10322363,0.50083148
sha256:4748babd2b6ac0706cd9ed4bcfd4855c8d2c5535f01813fb2e10b68b31a24c0f:row:6343,3kwo|m0|A|168|-|ZN|-,3kwo,ZN,0,2,2,0.06074088,0.15762840,0.66660524,0.11502548
sha256:4748babd2b6ac0706cd9ed4bcfd4855c8d2c5535f01813fb2e10b68b31a24c0f:row:6344,7m4m|m0|A|804|-|ZN|-,7m4m,ZN,0,2,2,0.04842071,0.08126965,0.71422108,0.15608856
sha256:4748babd2b6ac0706cd9ed4bcfd4855c8d2c5535f01813fb2e10b68b31a24c0f:row:6346,4lre|m0|B|402|-|MN|-,4lre,MN,0,0,0,0.71228318,0.05168538,0.09309925,0.14293220
sha256:4748babd2b6ac0706cd9ed4bcfd4855c8d2c5535f01813fb2e10b68b31a24c0f:row:6352,4e2s|m0|B|301|-|MN|-,4e2s,MN,0,0,0,0.59411942,0.06484620,0.08005410,0.26098028
sha256:4748babd2b6ac0706cd9ed4bcfd4855c8d2c5535f01813fb2e10b68b31a24c0f:row:6353,2yxo|m0|B|1501|-|ZN|-,2yxo,ZN,0,2,2,0.18089174,0.07476554,0.44469807,0.29964465
sha256:4748babd2b6ac0706cd9ed4bcfd4855c8d2c5535f01813fb2e10b68b31a24c0f:row:6360,8jwu|m0|A|503|-|ZN|-,8jwu,ZN,0,2,2,0.03572289,0.08609154,0.76973766,0.10844791
sha256:4748babd2b6ac0706cd9ed4bcfd4855c8d2c5535f01813fb2e10b68b31a24c0f:row:6365,2xrx|m0|I|1461|-|FE|-,2xrx,FE,0,3,3,0.25450059,0.11873120,0.21842916,0.40833905
sha256:4748babd2b6ac0706cd9ed4bcfd4855c8d2c5535f01813fb2e10b68b31a24c0f:row:6367,3mf3|m0|C|230|-|CO|-,3mf3,CO,0,3,2,0.05288077,0.11126706,0.65715309,0.17869908
sha256:4748babd2b6ac0706cd9ed4bcfd4855c8d2c5535f01813fb2e10b68b31a24c0f:row:6369,7cj9|m0|D|302|-|MN|-,7cj9,MN,0,0,0,0.69318175,0.04596674,0.05955429,0.20129722
sha256:4748babd2b6ac0706cd9ed4bcfd4855c8d2c5535f01813fb2e10b68b31a24c0f:row:6375,4e2q|m0|M|301|-|MN|-,4e2q,MN,0,0,0,0.46530397,0.09426978,0.18800584,0.25242042
sha256:4748babd2b6ac0706cd9ed4bcfd4855c8d2c5535f01813fb2e10b68b31a24c0f:row:6378,1vkm|m0|C|401|-|MN|-,1vkm,MN,0,0,0,0.76401004,0.04017542,0.06180132,0.13401322
sha256:4748babd2b6ac0706cd9ed4bcfd4855c8d2c5535f01813fb2e10b68b31a24c0f:row:6384,7oi1|m0|C|402|-|NI|-,7oi1,NI,0,3,0,0.47712008,0.04695391,0.13853864,0.33738737
sha256:4748babd2b6ac0706cd9ed4bcfd4855c8d2c5535f01813fb2e10b68b31a24c0f:row:6393,1v7z|m0|A|300|-|MN|-,1v7z,MN,0,0,0,0.70904197,0.03812476,0.09119536,0.16163791
sha256:4748babd2b6ac0706cd9ed4bcfd4855c8d2c5535f01813fb2e10b68b31a24c0f:row:6396,5e1r|m0|A|801|-|CU|-,5e1r,CU,0,1,2,0.04545343,0.24071164,0.50429559,0.20953934
sha256:4748babd2b6ac0706cd9ed4bcfd4855c8d2c5535f01813fb2e10b68b31a24c0f:row:6400,8jq3|m0|A|502|-|MN|-,8jq3,MN,0,0,0,0.55634987,0.04930770,0.19777883,0.19656360
sha256:4748babd2b6ac0706cd9ed4bcfd4855c8d2c5535f01813fb2e10b68b31a24c0f:row:6402,2wyr|m0|A|1332|-|CO|-,2wyr,CO,0,3,0,0.46338532,0.05362013,0.25733538,0.22565916
sha256:4748babd2b6ac0706cd9ed4bcfd4855c8d2c5535f01813fb2e10b68b31a24c0f:row:6417,7cl2|m0|F|301|-|NI|-,7cl2,NI,0,3,3,0.34546172,0.08819855,0.10845427,0.45788545
sha256:4748babd2b6ac0706cd9ed4bcfd4855c8d2c5535f01813fb2e10b68b31a24c0f:row:6426,5fli|m0|D|300|-|NI|-,5fli,NI,0,3,3,0.08194161,0.09283014,0.14580165,0.67942660
sha256:4748babd2b6ac0706cd9ed4bcfd4855c8d2c5535f01813fb2e10b68b31a24c0f:row:6429,7uhy|m0|C|1001|-|ZN|-,7uhy,ZN,0,2,2,0.05053605,0.05588998,0.70426849,0.18930548
sha256:4748babd2b6ac0706cd9ed4bcfd4855c8d2c5535f01813fb2e10b68b31a24c0f:row:6442,3vyl|m0|F|1001|-|MN|-,3vyl,MN,0,0,0,0.62745865,0.06001407,0.13941153,0.17311575
sha256:4748babd2b6ac0706cd9ed4bcfd4855c8d2c5535f01813fb2e10b68b31a24c0f:row:6458,7oj5|m0|C|301|-|MN|-,7oj5,MN,0,0,0,0.56103141,0.06297988,0.08411104,0.29187768
sha256:4748babd2b6ac0706cd9ed4bcfd4855c8d2c5535f01813fb2e10b68b31a24c0f:row:6462,4e2s|m0|I|301|-|MN|-,4e2s,MN,0,0,0,0.59238762,0.05692589,0.07073671,0.27994979
sha256:4748babd2b6ac0706cd9ed4bcfd4855c8d2c5535f01813fb2e10b68b31a24c0f:row:6467,4ljq|m0|A|1102|-|ZN|-,4ljq,ZN,0,2,2,0.04461152,0.07443885,0.76289148,0.11805816
sha256:4748babd2b6ac0706cd9ed4bcfd4855c8d2c5535f01813fb2e10b68b31a24c0f:row:6471,1q0k|m0|B|118|-|NI|-,1q0k,NI,0,3,2,0.03650398,0.15505030,0.59034775,0.21809796
sha256:4748babd2b6ac0706cd9ed4bcfd4855c8d2c5535f01813fb2e10b68b31a24c0f:row:6473,8qav|m0|G|301|-|MN|-,8qav,MN,0,0,0,0.66145552,0.06254913,0.08075717,0.19523818
sha256:4748babd2b6ac0706cd9ed4bcfd4855c8d2c5535f01813fb2e10b68b31a24c0f:row:6478,4d0z|m0|C|1570|-|MN|-,4d0z,MN,0,0,0,0.52019417,0.11380421,0.20723297,0.15876865
sha256:4748babd2b6ac0706cd9ed4bcfd4855c8d2c5535f01813fb2e10b68b31a24c0f:row:6481,3vyl|m0|C|1001|-|MN|-,3vyl,MN,0,0,0,0.64449001,0.04626166,0.09357828,0.21567005
sha256:4748babd2b6ac0706cd9ed4bcfd4855c8d2c5535f01813fb2e10b68b31a24c0f:row:6489,1dk4|m0|B|591|-|ZN|-,1dk4,ZN,0,2,0,0.38819757,0.07036443,0.20818539,0.33325261
sha256:4748babd2b6ac0706cd9ed4bcfd4855c8d2c5535f01813fb2e10b68b31a24c0f:row:6491,3a6e|m0|B|300|-|MN|-,3a6e,MN,0,0,0,0.64248751,0.06336382,0.16097582,0.13317286
sha256:4748babd2b6ac0706cd9ed4bcfd4855c8d2c5535f01813fb2e10b68b31a24c0f:row:6492,6nlr|m0|A|303|-|CO|-,6nlr,CO,0,3,3,0.25377914,0.06786176,0.13260147,0.54575763
sha256:4748babd2b6ac0706cd9ed4bcfd4855c8d2c5535f01813fb2e10b68b31a24c0f:row:6495,4lr9|m0|C|401|-|MN|-,4lr9,MN,0,0,0,0.64808488,0.05775548,0.08669756,0.20746207
sha256:4748babd2b6ac0706cd9ed4bcfd4855c8d2c5535f01813fb2e10b68b31a24c0f:row:6505,4uxa|m0|M|200|-|MN|-,4uxa,MN,0,0,0,0.59326952,0.08243057,0.07738345,0.24691646
sha256:4748babd2b6ac0706cd9ed4bcfd4855c8d2c5535f01813fb2e10b68b31a24c0f:row:6528,2xgf|m0|A|2028|-|FE|-,2xgf,FE,0,3,3,0.41419804,0.07897239,0.07767220,0.42915737
sha256:4748babd2b6ac0706cd9ed4bcfd4855c8d2c5535f01813fb2e10b68b31a24c0f:row:6531,1f1g|m0|A|4002|-|ZN|-,1f1g,ZN,0,2,1,0.04500987,0.56580178,0.27085269,0.11833566
sha256:4748babd2b6ac0706cd9ed4bcfd4855c8d2c5535f01813fb2e10b68b31a24c0f:row:6538,4e2q|m0|G|301|-|MN|-,4e2q,MN,0,0,0,0.58797856,0.08365762,0.10185440,0.22650942
sha256:4748babd2b6ac0706cd9ed4bcfd4855c8d2c5535f01813fb2e10b68b31a24c0f:row:6539,8qav|m0|A|302|-|MN|-,8qav,MN,0,0,0,0.55719993,0.06624806,0.10776660,0.26878540
sha256:4748babd2b6ac0706cd9ed4bcfd4855c8d2c5535f01813fb2e10b68b31a24c0f:row:6545,8q3b|m0|A|1502|-|ZN|-,8q3b,ZN,0,2,2,0.03921263,0.05669551,0.79322064,0.11087121
sha256:4748babd2b6ac0706cd9ed4bcfd4855c8d2c5535f01813fb2e10b68b31a24c0f:row:6547,5fli|m0|G|300|-|NI|-,5fli,NI,0,3,3,0.09668294,0.09755475,0.10419254,0.70156977
sha256:4748babd2b6ac0706cd9ed4bcfd4855c8d2c5535f01813fb2e10b68b31a24c0f:row:6555,3a6e|m0|F|300|-|MN|-,3a6e,MN,0,0,0,0.70830926,0.04744942,0.10199111,0.14225021
sha256:4748babd2b6ac0706cd9ed4bcfd4855c8d2c5535f01813fb2e10b68b31a24c0f:row:6560,7t92|m0|C|502|-|ZN|-,7t92,ZN,0,2,2,0.11219857,0.09491465,0.63488005,0.15800674
sha256:4748babd2b6ac0706cd9ed4bcfd4855c8d2c5535f01813fb2e10b68b31a24c0f:row:6562,3ak9|m0|K|168|-|FE|-,3ak9,FE,0,3,0,0.39825728,0.05144147,0.22889455,0.32140671
sha256:4748babd2b6ac0706cd9ed4bcfd4855c8d2c5535f01813fb2e10b68b31a24c0f:row:6569,6s0s|m0|B|301|-|NI|-,6s0s,NI,0,3,3,0.09123538,0.11667445,0.18483867,0.60725150
sha256:4748babd2b6ac0706cd9ed4bcfd4855c8d2c5535f01813fb2e10b68b31a24c0f:row:6571,4k1t|m0|B|301|-|ZN|-,4k1t,ZN,0,2,2,0.06051344,0.11814319,0.45033006,0.37101331
sha256:4748babd2b6ac0706cd9ed4bcfd4855c8d2c5535f01813fb2e10b68b31a24c0f:row:6572,2ji2|m0|B|1129|-|FE|-,2ji2,FE,0,3,3,0.35353547,0.12991806,0.14383533,0.37271113
sha256:4748babd2b6ac0706cd9ed4bcfd4855c8d2c5535f01813fb2e10b68b31a24c0f:row:6573,6xb9|m0|K|301|-|FE|-,6xb9,FE,0,3,3,0.09011733,0.06049592,0.07935181,0.77003494
sha256:4748babd2b6ac0706cd9ed4bcfd4855c8d2c5535f01813fb2e10b68b31a24c0f:row:6574,6txa|m0|E|701|-|FE|-,6txa,FE,0,3,0,0.38559241,0.05843509,0.23621698,0.31975552
sha256:4748babd2b6ac0706cd9ed4bcfd4855c8d2c5535f01813fb2e10b68b31a24c0f:row:6579,2yfl|m0|I|901|-|FE|-,2yfl,FE,0,3,2,0.07318335,0.12892233,0.40694419,0.39095012
sha256:4748babd2b6ac0706cd9ed4bcfd4855c8d2c5535f01813fb2e10b68b31a24c0f:row:6585,5nsm|m0|D|602|-|MN|-,5nsm,MN,0,0,0,0.58250236,0.05476521,0.12416669,0.23856574
sha256:4748babd2b6ac0706cd9ed4bcfd4855c8d2c5535f01813fb2e10b68b31a24c0f:row:6605,1dk4|m0|A|291|-|ZN|-,1dk4,ZN,0,2,0,0.43995563,0.05100424,0.22793941,0.28110072
sha256:4748babd2b6ac0706cd9ed4bcfd4855c8d2c5535f01813fb2e10b68b31a24c0f:row:6612,1t6u|m0|E|205|-|NI|-,1t6u,NI,0,3,3,0.05286514,0.11168051,0.31627725,0.51917710
sha256:4748babd2b6ac0706cd9ed4bcfd4855c8d2c5535f01813fb2e10b68b31a24c0f:row:6614,7ynx|m0|A|306|-|ZN|-,7ynx,ZN,0,2,2,0.03356495,0.12607976,0.73505544,0.10529985
sha256:4748babd2b6ac0706cd9ed4bcfd4855c8d2c5535f01813fb2e10b68b31a24c0f:row:6615,2xgf|m0|A|2027|-|FE|-,2xgf,FE,0,3,0,0.42954823,0.09096581,0.09135057,0.38813539
sha256:4748babd2b6ac0706cd9ed4bcfd4855c8d2c5535f01813fb2e10b68b31a24c0f:row:6620,6suw|m0|T|201|-|FE|-,6suw,FE,0,3,0,0.49422276,0.06620858,0.18194992,0.25761874
sha256:4748babd2b6ac0706cd9ed4bcfd4855c8d2c5535f01813fb2e10b68b31a24c0f:row:6623,5ntd|m0|A|603|-|MN|-,5ntd,MN,0,0,0,0.59235085,0.04798002,0.11868332,0.24098581
sha256:4748babd2b6ac0706cd9ed4bcfd4855c8d2c5535f01813fb2e10b68b31a24c0f:row:6628,3hcs|m0|A|303|-|ZN|-,3hcs,ZN,0,2,2,0.04072325,0.07070683,0.72238763,0.16618229
sha256:4748babd2b6ac0706cd9ed4bcfd4855c8d2c5535f01813fb2e10b68b31a24c0f:row:6630,7oj5|m0|X|301|-|MN|-,7oj5,MN,0,0,0,0.56099318,0.06297944,0.08410896,0.29191843
sha256:4748babd2b6ac0706cd9ed4bcfd4855c8d2c5535f01813fb2e10b68b31a24c0f:row:6632,2xso|m0|E|901|-|FE|-,2xso,FE,0,3,3,0.08447806,0.05550548,0.24618193,0.61383453
sha256:4748babd2b6ac0706cd9ed4bcfd4855c8d2c5535f01813fb2e10b68b31a24c0f:row:6637,8qav|m0|I|302|-|MN|-,8qav,MN,0,0,0,0.66145205,0.06255113,0.08076198,0.19523484
sha256:4748babd2b6ac0706cd9ed4bcfd4855c8d2c5535f01813fb2e10b68b31a24c0f:row:6641,5kkq|m0|A|504|-|ZN|-,5kkq,ZN,0,2,2,0.05613858,0.09597513,0.64239679,0.20548950
sha256:4748babd2b6ac0706cd9ed4bcfd4855c8d2c5535f01813fb2e10b68b31a24c0f:row:6643,2yax|m0|A|1309|-|FE|-,2yax,FE,0,3,3,0.18881508,0.05257567,0.10231229,0.65629697
sha256:4748babd2b6ac0706cd9ed4bcfd4855c8d2c5535f01813fb2e10b68b31a24c0f:row:6650,6xb9|m0|B|301|-|FE|-,6xb9,FE,0,3,3,0.10033964,0.07143461,0.06985474,0.75837101
sha256:4748babd2b6ac0706cd9ed4bcfd4855c8d2c5535f01813fb2e10b68b31a24c0f:row:6653,2xrx|m0|E|1461|-|FE|-,2xrx,FE,0,3,3,0.10725657,0.11444440,0.33854865,0.43975038
sha256:4748babd2b6ac0706cd9ed4bcfd4855c8d2c5535f01813fb2e10b68b31a24c0f:row:6660,4qnk|m0|F|301|-|MN|-,4qnk,MN,0,0,0,0.61224484,0.04110784,0.07055619,0.27609113
sha256:4748babd2b6ac0706cd9ed4bcfd4855c8d2c5535f01813fb2e10b68b31a24c0f:row:6666,1q0g|m0|I|118|-|NI|-,1q0g,NI,0,3,2,0.04111975,0.13145949,0.61208703,0.21533374
sha256:4748babd2b6ac0706cd9ed4bcfd4855c8d2c5535f01813fb2e10b68b31a24c0f:row:6671,7oj5|m0|K|301|-|MN|-,7oj5,MN,0,0,0,0.56101885,0.06297934,0.08410814,0.29189367
sha256:4748babd2b6ac0706cd9ed4bcfd4855c8d2c5535f01813fb2e10b68b31a24c0f:row:6674,3un5|m0|D|395|-|MN|-,3un5,MN,0,0,0,0.63741224,0.06483009,0.09022540,0.20753227
sha256:4748babd2b6ac0706cd9ed4bcfd4855c8d2c5535f01813fb2e10b68b31a24c0f:row:6683,4ytr|m0|C|401|-|MN|-,4ytr,MN,0,0,0,0.75863107,0.04394812,0.09192279,0.10549803
sha256:4748babd2b6ac0706cd9ed4bcfd4855c8d2c5535f01813fb2e10b68b31a24c0f:row:6722,6sna|m0|X|401|-|MN|-,6sna,MN,0,0,2,0.30799065,0.06190834,0.47308412,0.15701689
sha256:4748babd2b6ac0706cd9ed4bcfd4855c8d2c5535f01813fb2e10b68b31a24c0f:row:6726,8qaw|m0|F|303|-|MN|-,8qaw,MN,0,0,0,0.55312115,0.05371047,0.07329589,0.31987249
sha256:4748babd2b6ac0706cd9ed4bcfd4855c8d2c5535f01813fb2e10b68b31a24c0f:row:6737,3kwo|m0|A|164|-|ZN|-,3kwo,ZN,0,2,2,0.16624710,0.11091578,0.63244279,0.09039432
sha256:4748babd2b6ac0706cd9ed4bcfd4855c8d2c5535f01813fb2e10b68b31a24c0f:row:6747,3a6g|m0|A|300|-|MN|-,3a6g,MN,0,0,0,0.46269267,0.05774399,0.28401063,0.19555271
sha256:4748babd2b6ac0706cd9ed4bcfd4855c8d2c5535f01813fb2e10b68b31a24c0f:row:6752,4q7r|m0|B|305|-|ZN|-,4q7r,ZN,0,2,2,0.07616034,0.06575061,0.66877369,0.18931536
sha256:4748babd2b6ac0706cd9ed4bcfd4855c8d2c5535f01813fb2e10b68b31a24c0f:row:6754,5nsm|m0|K|602|-|MN|-,5nsm,MN,0,0,0,0.54323520,0.07150999,0.16724564,0.21800917
sha256:4748babd2b6ac0706cd9ed4bcfd4855c8d2c5535f01813fb2e10b68b31a24c0f:row:6756,4g3h|m0|B|501|-|MN|-,4g3h,MN,0,0,0,0.52339083,0.04769570,0.29028575,0.13862773
sha256:4748babd2b6ac0706cd9ed4bcfd4855c8d2c5535f01813fb2e10b68b31a24c0f:row:6758,4ljq|m0|A|1103|-|ZN|-,4ljq,ZN,0,2,2,0.05654524,0.07885636,0.69510634,0.16949206
sha256:4748babd2b6ac0706cd9ed4bcfd4855c8d2c5535f01813fb2e10b68b31a24c0f:row:6768,8qav|m0|X|302|-|MN|-,8qav,MN,0,0,0,0.54220453,0.06598195,0.11294072,0.27887281
sha256:4748babd2b6ac0706cd9ed4bcfd4855c8d2c5535f01813fb2e10b68b31a24c0f:row:6770,7a5y|m0|A|701|-|FE|-,7a5y,FE,0,3,3,0.36696760,0.05181874,0.09620859,0.48500507
sha256:4748babd2b6ac0706cd9ed4bcfd4855c8d2c5535f01813fb2e10b68b31a24c0f:row:6771,1j2t|m0|A|301|-|MN|-,1j2t,MN,0,0,0,0.73313671,0.03856069,0.09472914,0.13357345
sha256:4748babd2b6ac0706cd9ed4bcfd4855c8d2c5535f01813fb2e10b68b31a24c0f:row:6774,1z02|m0|C|501|-|FE|-,1z02,FE,0,3,3,0.32639769,0.06169626,0.10202505,0.50988100
sha256:4748babd2b6ac0706cd9ed4bcfd4855c8d2c5535f01813fb2e10b68b31a24c0f:row:6781,3un3|m0|C|395|-|MN|-,3un3,MN,0,0,0,0.61351935,0.04952081,0.07651958,0.26044027
sha256:4748babd2b6ac0706cd9ed4bcfd4855c8d2c5535f01813fb2e10b68b31a24c0f:row:6782,1q0k|m0|D|118|-|NI|-,1q0k,NI,0,3,2,0.04315686,0.15701441,0.57707537,0.22275336
sha256:4748babd2b6ac0706cd9ed4bcfd4855c8d2c5535f01813fb2e10b68b31a24c0f:row:6785,5da5|m0|U|203|-|FE|-,5da5,FE,0,3,0,0.44524768,0.05717443,0.11684641,0.38073148
sha256:4748babd2b6ac0706cd9ed4bcfd4855c8d2c5535f01813fb2e10b68b31a24c0f:row:6793,4uxa|m0|I|200|-|MN|-,4uxa,MN,0,0,0,0.55415245,0.08299910,0.07565994,0.28718851
sha256:4748babd2b6ac0706cd9ed4bcfd4855c8d2c5535f01813fb2e10b68b31a24c0f:row:6797,6txc|m0|J|701|-|FE|-,6txc,FE,0,3,3,0.33223829,0.06278889,0.26799699,0.33697583
sha256:4748babd2b6ac0706cd9ed4bcfd4855c8d2c5535f01813fb2e10b68b31a24c0f:row:6817,3un3|m0|A|396|-|MN|-,3un3,MN,0,0,0,0.55345964,0.05309798,0.19750829,0.19593408
sha256:4748babd2b6ac0706cd9ed4bcfd4855c8d2c5535f01813fb2e10b68b31a24c0f:row:6823,3un5|m0|C|396|-|MN|-,3un5,MN,0,0,2,0.30172075,0.05225783,0.41577993,0.23024149
sha256:4748babd2b6ac0706cd9ed4bcfd4855c8d2c5535f01813fb2e10b68b31a24c0f:row:6825,6e4q|m0|A|701|-|MN|-,6e4q,MN,0,0,0,0.72173153,0.06403105,0.09492348,0.11931394
sha256:4748babd2b6ac0706cd9ed4bcfd4855c8d2c5535f01813fb2e10b68b31a24c0f:row:6842,6reg|m0|A|312|-|ZN|-,6reg,ZN,0,2,2,0.04873677,0.23283923,0.50710315,0.21132084
sha256:4748babd2b6ac0706cd9ed4bcfd4855c8d2c5535f01813fb2e10b68b31a24c0f:row:6847,7cl5|m0|E|301|-|NI|-,7cl5,NI,0,3,3,0.23551493,0.13376319,0.12681453,0.50390735
sha256:4748babd2b6ac0706cd9ed4bcfd4855c8d2c5535f01813fb2e10b68b31a24c0f:row:6848,7k3u|m0|I|401|-|MN|-,7k3u,MN,0,0,0,0.75332087,0.04126648,0.11035203,0.09506062
sha256:4748babd2b6ac0706cd9ed4bcfd4855c8d2c5535f01813fb2e10b68b31a24c0f:row:6865,3m8w|m0|B|396|-|MN|-,3m8w,MN,0,0,0,0.68325096,0.05390330,0.08405197,0.17879377
sha256:4748babd2b6ac0706cd9ed4bcfd4855c8d2c5535f01813fb2e10b68b31a24c0f:row:6872,6s0s|m0|F|301|-|NI|-,6s0s,NI,0,3,3,0.08995927,0.11580405,0.19016475,0.60407192
sha256:4748babd2b6ac0706cd9ed4bcfd4855c8d2c5535f01813fb2e10b68b31a24c0f:row:6876,8qay|m0|D|305|-|MN|-,8qay,MN,0,0,0,0.62890395,0.04775132,0.05840270,0.26494203
sha256:4748babd2b6ac0706cd9ed4bcfd4855c8d2c5535f01813fb2e10b68b31a24c0f:row:6889,1jqc|m0|B|402|-|MN|-,1jqc,MN,0,0,0,0.64887815,0.04157318,0.08941785,0.22013082
sha256:4748babd2b6ac0706cd9ed4bcfd4855c8d2c5535f01813fb2e10b68b31a24c0f:row:6921,8qay|m0|E|303|-|MN|-,8qay,MN,0,0,0,0.54779870,0.05301525,0.08206608,0.31711996
sha256:4748babd2b6ac0706cd9ed4bcfd4855c8d2c5535f01813fb2e10b68b31a24c0f:row:6928,3gcf|m0|I|501|-|FE|-,3gcf,FE,0,3,3,0.22872963,0.05387627,0.16274441,0.55464969
sha256:4748babd2b6ac0706cd9ed4bcfd4855c8d2c5535f01813fb2e10b68b31a24c0f:row:6931,5u7n|m0|A|1000|-|CU|-,5u7n,CU,0,1,1,0.04803890,0.58912295,0.26638820,0.09644995
sha256:4748babd2b6ac0706cd9ed4bcfd4855c8d2c5535f01813fb2e10b68b31a24c0f:row:6936,4k95|m0|A|508|-|ZN|-,4k95,ZN,0,2,2,0.03797838,0.09270656,0.77051666,0.09879840
sha256:4748babd2b6ac0706cd9ed4bcfd4855c8d2c5535f01813fb2e10b68b31a24c0f:row:6940,8jq6|m0|A|501|-|MN|-,8jq6,MN,0,0,0,0.77194857,0.04805476,0.07677410,0.10322257
sha256:4748babd2b6ac0706cd9ed4bcfd4855c8d2c5535f01813fb2e10b68b31a24c0f:row:6942,3mf3|m0|A|230|-|CO|-,3mf3,CO,0,3,2,0.06942601,0.13668638,0.66059390,0.13329371
sha256:4748babd2b6ac0706cd9ed4bcfd4855c8d2c5535f01813fb2e10b68b31a24c0f:row:6956,1z02|m0|F|501|-|FE|-,1z02,FE,0,3,3,0.38219712,0.05266007,0.09535191,0.46979090
sha256:4748babd2b6ac0706cd9ed4bcfd4855c8d2c5535f01813fb2e10b68b31a24c0f:row:6962,6sna|m0|J|401|-|MN|-,6sna,MN,0,0,2,0.35213588,0.08304053,0.37335289,0.19147070
sha256:4748babd2b6ac0706cd9ed4bcfd4855c8d2c5535f01813fb2e10b68b31a24c0f:row:6972,7cj9|m0|E|302|-|MN|-,7cj9,MN,0,0,0,0.66166118,0.03856848,0.06622590,0.23354444
sha256:4748babd2b6ac0706cd9ed4bcfd4855c8d2c5535f01813fb2e10b68b31a24c0f:row:6973,3gcf|m0|A|501|-|FE|-,3gcf,FE,0,3,3,0.35815556,0.04418451,0.11009166,0.48756826
sha256:4748babd2b6ac0706cd9ed4bcfd4855c8d2c5535f01813fb2e10b68b31a24c0f:row:6977,4lrf|m0|B|402|-|MN|-,4lrf,MN,0,0,0,0.70740218,0.05113959,0.08616815,0.15529007
sha256:4748babd2b6ac0706cd9ed4bcfd4855c8d2c5535f01813fb2e10b68b31a24c0f:row:6978,3ak9|m0|D|168|-|FE|-,3ak9,FE,0,3,0,0.42737085,0.05815027,0.22319426,0.29128462
sha256:4748babd2b6ac0706cd9ed4bcfd4855c8d2c5535f01813fb2e10b68b31a24c0f:row:6982,6sv1|m0|S|201|-|FE|-,6sv1,FE,0,3,0,0.46613773,0.04930423,0.11405724,0.37050079
sha256:4748babd2b6ac0706cd9ed4bcfd4855c8d2c5535f01813fb2e10b68b31a24c0f:row:6990,8qav|m0|I|303|-|MN|-,8qav,MN,0,0,0,0.55715163,0.06626137,0.10777626,0.26881074
sha256:4748babd2b6ac0706cd9ed4bcfd4855c8d2c5535f01813fb2e10b68b31a24c0f:row:7005,8qaw|m0|E|304|-|MN|-,8qaw,MN,0,0,0,0.61979342,0.04644048,0.05892382,0.27484227
sha256:4748babd2b6ac0706cd9ed4bcfd4855c8d2c5535f01813fb2e10b68b31a24c0f:row:7012,1t6u|m0|C|203|-|NI|-,1t6u,NI,0,3,3,0.05282621,0.11918716,0.29956432,0.52842231
sha256:4748babd2b6ac0706cd9ed4bcfd4855c8d2c5535f01813fb2e10b68b31a24c0f:row:7016,6fwh|m0|J|201|-|MN|-,6fwh,MN,0,0,0,0.60870703,0.04838847,0.06407723,0.27882727
sha256:4748babd2b6ac0706cd9ed4bcfd4855c8d2c5535f01813fb2e10b68b31a24c0f:row:7018,5ui1|m0|D|501|-|MN|-,5ui1,MN,0,0,0,0.72113728,0.06727959,0.09265992,0.11892322
sha256:4748babd2b6ac0706cd9ed4bcfd4855c8d2c5535f01813fb2e10b68b31a24c0f:row:7024,5hjh|m0|A|201|-|FE|-,5hjh,FE,0,3,3,0.21756049,0.08215714,0.18116548,0.51911689
sha256:4748babd2b6ac0706cd9ed4bcfd4855c8d2c5535f01813fb2e10b68b31a24c0f:row:7029,5da5|m0|Q|202|-|FE|-,5da5,FE,0,3,0,0.47280242,0.05041838,0.11247397,0.36430522
sha256:4748babd2b6ac0706cd9ed4bcfd4855c8d2c5535f01813fb2e10b68b31a24c0f:row:7044,1by4|m0|B|1336|-|ZN|-,1by4,ZN,0,2,2,0.05454503,0.06161989,0.55908306,0.32475202
sha256:4748babd2b6ac0706cd9ed4bcfd4855c8d2c5535f01813fb2e10b68b31a24c0f:row:7048,6ll7|m0|C|401|-|MN|-,6ll7,MN,0,0,0,0.66550142,0.05314514,0.14826161,0.13309183
sha256:4748babd2b6ac0706cd9ed4bcfd4855c8d2c5535f01813fb2e10b68b31a24c0f:row:7051,8jwj|m0|A|504|-|ZN|-,8jwj,ZN,0,2,2,0.03835153,0.31608634,0.56129869,0.08426345
sha256:4748babd2b6ac0706cd9ed4bcfd4855c8d2c5535f01813fb2e10b68b31a24c0f:row:7052,7oj5|m0|S|301|-|MN|-,7oj5,MN,0,0,0,0.56105474,0.06298024,0.08411055,0.29185447
sha256:4748babd2b6ac0706cd9ed4bcfd4855c8d2c5535f01813fb2e10b68b31a24c0f:row:7091,2yfc|m0|D|1146|-|MN|-,2yfc,MN,0,0,0,0.70459335,0.04310630,0.08398379,0.16831656
sha256:4748babd2b6ac0706cd9ed4bcfd4855c8d2c5535f01813fb2e10b68b31a24c0f:row:7093,1lt1|m0|C|1103|-|MN|-,1lt1,MN,0,0,0,0.72602678,0.04614468,0.06820249,0.15962606
sha256:4748babd2b6ac0706cd9ed4bcfd4855c8d2c5535f01813fb2e10b68b31a24c0f:row:7098,6ll7|m0|B|401|-|MN|-,6ll7,MN,0,0,0,0.56268631,0.07018353,0.23725523,0.12987493
sha256:4748babd2b6ac0706cd9ed4bcfd4855c8d2c5535f01813fb2e10b68b31a24c0f:row:7122,3un2|m0|A|396|-|MN|-,3un2,MN,0,0,0,0.60761130,0.05603046,0.13471082,0.20164743
sha256:4748babd2b6ac0706cd9ed4bcfd4855c8d2c5535f01813fb2e10b68b31a24c0f:row:7124,7oj5|m0|O|302|-|MN|-,7oj5,MN,0,0,0,0.53786703,0.05794226,0.19444485,0.20974586
sha256:4748babd2b6ac0706cd9ed4bcfd4855c8d2c5535f01813fb2e10b68b31a24c0f:row:7127,5ntd|m0|A|604|-|MN|-,5ntd,MN,0,0,0,0.57049870,0.05451361,0.12030715,0.25468055
sha256:4748babd2b6ac0706cd9ed4bcfd4855c8d2c5535f01813fb2e10b68b31a24c0f:row:7132,3mf3|m0|B|230|-|CO|-,3mf3,CO,0,3,2,0.04554701,0.13014392,0.59872325,0.22558582
sha256:4748babd2b6ac0706cd9ed4bcfd4855c8d2c5535f01813fb2e10b68b31a24c0f:row:7133,5kkq|m0|A|503|-|ZN|-,5kkq,ZN,0,2,2,0.05232864,0.09978292,0.61580580,0.23208264
sha256:4748babd2b6ac0706cd9ed4bcfd4855c8d2c5535f01813fb2e10b68b31a24c0f:row:7141,1f2i|m0|J|4202|-|ZN|-,1f2i,ZN,0,2,2,0.05834230,0.10882658,0.70855832,0.12427280
sha256:4748babd2b6ac0706cd9ed4bcfd4855c8d2c5535f01813fb2e10b68b31a24c0f:row:7143,7mgb|m0|B|302|-|MN|-,7mgb,MN,0,0,0,0.74723948,0.04303266,0.07667181,0.13305605
sha256:4748babd2b6ac0706cd9ed4bcfd4855c8d2c5535f01813fb2e10b68b31a24c0f:row:7145,1lt1|m0|D|1104|-|MN|-,1lt1,MN,0,0,0,0.65207828,0.04471750,0.10317657,0.20002766
sha256:4748babd2b6ac0706cd9ed4bcfd4855c8d2c5535f01813fb2e10b68b31a24c0f:row:7146,6vcf|m0|E|1000|-|FE|-,6vcf,FE,0,3,3,0.06801205,0.35040552,0.16104614,0.42053629
sha256:4748babd2b6ac0706cd9ed4bcfd4855c8d2c5535f01813fb2e10b68b31a24c0f:row:7149,3tas|m0|A|8|-|CU|-,3tas,CU,0,1,3,0.06878818,0.17404808,0.24771908,0.50944466
sha256:4748babd2b6ac0706cd9ed4bcfd4855c8d2c5535f01813fb2e10b68b31a24c0f:row:7160,7cl2|m0|C|301|-|NI|-,7cl2,NI,0,3,3,0.33295395,0.08613754,0.12164279,0.45926573
sha256:4748babd2b6ac0706cd9ed4bcfd4855c8d2c5535f01813fb2e10b68b31a24c0f:row:7168,6s0u|m0|E|302|-|NI|-,6s0u,NI,0,3,3,0.09382601,0.11692199,0.20041613,0.58883587
sha256:4748babd2b6ac0706cd9ed4bcfd4855c8d2c5535f01813fb2e10b68b31a24c0f:row:7173,8qax|m0|F|303|-|MN|-,8qax,MN,0,0,0,0.58552886,0.04979258,0.06241493,0.30226364
sha256:4748babd2b6ac0706cd9ed4bcfd4855c8d2c5535f01813fb2e10b68b31a24c0f:row:7177,2yax|m0|C|1309|-|FE|-,2yax,FE,0,3,3,0.24507118,0.05280081,0.10334968,0.59877833
sha256:4748babd2b6ac0706cd9ed4bcfd4855c8d2c5535f01813fb2e10b68b31a24c0f:row:7183,3phx|m0|B|3|-|ZN|-,3phx,ZN,0,2,2,0.11100266,0.06167192,0.68071798,0.14660744
sha256:4748babd2b6ac0706cd9ed4bcfd4855c8d2c5535f01813fb2e10b68b31a24c0f:row:7186,5u8y|m0|A|601|-|CO|-,5u8y,CO,0,3,3,0.07875771,0.10615627,0.09645013,0.71863589
sha256:4748babd2b6ac0706cd9ed4bcfd4855c8d2c5535f01813fb2e10b68b31a24c0f:row:7188,8jwu|m0|A|506|-|ZN|-,8jwu,ZN,0,2,2,0.04310748,0.05133540,0.76373894,0.14181818
sha256:4748babd2b6ac0706cd9ed4bcfd4855c8d2c5535f01813fb2e10b68b31a24c0f:row:7192,5nsm|m0|A|603|-|MN|-,5nsm,MN,0,0,0,0.55089923,0.06504874,0.13750257,0.24654946
sha256:4748babd2b6ac0706cd9ed4bcfd4855c8d2c5535f01813fb2e10b68b31a24c0f:row:7199,4e2s|m0|G|301|-|MN|-,4e2s,MN,0,0,0,0.56847256,0.05249439,0.07110465,0.30792840
sha256:4748babd2b6ac0706cd9ed4bcfd4855c8d2c5535f01813fb2e10b68b31a24c0f:row:7209,1v7z|m0|E|6300|-|MN|-,1v7z,MN,0,0,0,0.66222964,0.04932878,0.12097738,0.16746420
sha256:4748babd2b6ac0706cd9ed4bcfd4855c8d2c5535f01813fb2e10b68b31a24c0f:row:7212,3a6g|m0|F|300|-|MN|-,3a6g,MN,0,0,0,0.63416488,0.05830138,0.16143184,0.14610189
sha256:4748babd2b6ac0706cd9ed4bcfd4855c8d2c5535f01813fb2e10b68b31a24c0f:row:7227,8qav|m0|V|301|-|MN|-,8qav,MN,0,0,0,0.66945807,0.06782605,0.07826224,0.18445365
sha256:4748babd2b6ac0706cd9ed4bcfd4855c8d2c5535f01813fb2e10b68b31a24c0f:row:7230,7a5y|m0|C|702|-|FE|-,7a5y,FE,0,3,3,0.37791206,0.05560116,0.14513333,0.42135345
sha256:4748babd2b6ac0706cd9ed4bcfd4855c8d2c5535f01813fb2e10b68b31a24c0f:row:7232,5da5|m0|V|201|-|FE|-,5da5,FE,0,3,0,0.50411855,0.04922674,0.10396297,0.34269173
sha256:4748babd2b6ac0706cd9ed4bcfd4855c8d2c5535f01813fb2e10b68b31a24c0f:row:7240,3un5|m0|B|396|-|MN|-,3un5,MN,0,0,2,0.30995283,0.05611216,0.44579785,0.18813717
sha256:4748babd2b6ac0706cd9ed4bcfd4855c8d2c5535f01813fb2e10b68b31a24c0f:row:7241,2yxo|m0|B|1503|-|FE|-,2yxo,FE,0,3,3,0.34542006,0.05591461,0.11754874,0.48111659
sha256:4748babd2b6ac0706cd9ed4bcfd4855c8d2c5535f01813fb2e10b68b31a24c0f:row:7247,2yxo|m0|A|503|-|FE|-,2yxo,FE,0,3,3,0.26578207,0.05853118,0.11913275,0.55655400
sha256:4748babd2b6ac0706cd9ed4bcfd4855c8d2c5535f01813fb2e10b68b31a24c0f:row:7254,7oj5|m0|I|301|-|MN|-,7oj5,MN,0,0,0,0.56110074,0.06298052,0.08411154,0.29180720
sha256:4748babd2b6ac0706cd9ed4bcfd4855c8d2c5535f01813fb2e10b68b31a24c0f:row:7255,6suw|m0|O|201|-|FE|-,6suw,FE,0,3,2,0.33255830,0.05864522,0.34389102,0.26490546
sha256:4748babd2b6ac0706cd9ed4bcfd4855c8d2c5535f01813fb2e10b68b31a24c0f:row:7272,3gcf|m0|H|501|-|FE|-,3gcf,FE,0,3,3,0.15866579,0.05881395,0.15226776,0.63025250
sha256:4748babd2b6ac0706cd9ed4bcfd4855c8d2c5535f01813fb2e10b68b31a24c0f:row:7275,7ody|m0|D|203|-|MN|-,7ody,MN,0,0,0,0.75883712,0.03559300,0.06778239,0.13778749
sha256:4748babd2b6ac0706cd9ed4bcfd4855c8d2c5535f01813fb2e10b68b31a24c0f:row:7277,7cl6|m0|F|301|-|NI|-,7cl6,NI,0,3,3,0.33144320,0.08408111,0.10534907,0.47912662
sha256:4748babd2b6ac0706cd9ed4bcfd4855c8d2c5535f01813fb2e10b68b31a24c0f:row:7283,6omp|m0|A|406|-|MN|-,6omp,MN,0,0,0,0.75215556,0.03596493,0.08067297,0.13120653
sha256:4748babd2b6ac0706cd9ed4bcfd4855c8d2c5535f01813fb2e10b68b31a24c0f:row:7284,6sv1|m0|G|201|-|FE|-,6sv1,FE,0,3,0,0.55828377,0.07408708,0.15383931,0.21378984
sha256:4748babd2b6ac0706cd9ed4bcfd4855c8d2c5535f01813fb2e10b68b31a24c0f:row:7286,5ntd|m0|B|603|-|MN|-,5ntd,MN,0,0,0,0.55720503,0.05957755,0.11063426,0.27258315
sha256:4748babd2b6ac0706cd9ed4bcfd4855c8d2c5535f01813fb2e10b68b31a24c0f:row:7288,2xsh|m0|G|901|-|FE|-,2xsh,FE,0,3,3,0.30770809,0.07784878,0.26913814,0.34530499
sha256:4748babd2b6ac0706cd9ed4bcfd4855c8d2c5535f01813fb2e10b68b31a24c0f:row:7302,6fwh|m0|G|202|-|MN|-,6fwh,MN,0,0,0,0.58418829,0.04714937,0.07071791,0.29794442
sha256:4748babd2b6ac0706cd9ed4bcfd4855c8d2c5535f01813fb2e10b68b31a24c0f:row:7303,6fwh|m0|D|201|-|MN|-,6fwh,MN,0,0,0,0.60769651,0.04717370,0.07021724,0.27491255
sha256:4748babd2b6ac0706cd9ed4bcfd4855c8d2c5535f01813fb2e10b68b31a24c0f:row:7310,3phx|m0|A|188|-|ZN|-,3phx,ZN,0,2,2,0.07731203,0.09344037,0.70257639,0.12667121
sha256:4748babd2b6ac0706cd9ed4bcfd4855c8d2c5535f01813fb2e10b68b31a24c0f:row:7316,8fty|m0|H|1000|-|FE|-,8fty,FE,0,3,3,0.13276536,0.08009680,0.31142856,0.47570928
sha256:4748babd2b6ac0706cd9ed4bcfd4855c8d2c5535f01813fb2e10b68b31a24c0f:row:7324,4lrb|m0|C|401|-|MN|-,4lrb,MN,0,0,0,0.59115752,0.04235685,0.09221853,0.27426711
sha256:4748babd2b6ac0706cd9ed4bcfd4855c8d2c5535f01813fb2e10b68b31a24c0f:row:7329,2p0n|m0|B|607|-|MN|-,2p0n,MN,0,0,0,0.48469551,0.05321234,0.16323474,0.29885740
sha256:4748babd2b6ac0706cd9ed4bcfd4855c8d2c5535f01813fb2e10b68b31a24c0f:row:7334,8jq3|m0|A|501|-|MN|-,8jq3,MN,0,0,0,0.56245647,0.09756142,0.21775937,0.12222274
sha256:4748babd2b6ac0706cd9ed4bcfd4855c8d2c5535f01813fb2e10b68b31a24c0f:row:7337,6fwh|m0|B|202|-|MN|-,6fwh,MN,0,0,0,0.57798310,0.06334552,0.07899048,0.27968090
sha256:4748babd2b6ac0706cd9ed4bcfd4855c8d2c5535f01813fb2e10b68b31a24c0f:row:7340,4lrc|m0|B|401|-|MN|-,4lrc,MN,0,0,0,0.68883427,0.06100028,0.11819379,0.13197166
sha256:4748babd2b6ac0706cd9ed4bcfd4855c8d2c5535f01813fb2e10b68b31a24c0f:row:7346,7aqs|m0|G|201|-|FE|-,7aqs,FE,0,3,0,0.41306624,0.07669658,0.25888079,0.25135638
sha256:4748babd2b6ac0706cd9ed4bcfd4855c8d2c5535f01813fb2e10b68b31a24c0f:row:7350,7aqs|m0|H|201|-|FE|-,7aqs,FE,0,3,0,0.37831978,0.09208558,0.28697954,0.24261510
sha256:4748babd2b6ac0706cd9ed4bcfd4855c8d2c5535f01813fb2e10b68b31a24c0f:row:7351,7wl0|m0|I|301|-|MN|-,7wl0,MN,0,0,0,0.56874466,0.06157967,0.07803084,0.29164483
sha256:4748babd2b6ac0706cd9ed4bcfd4855c8d2c5535f01813fb2e10b68b31a24c0f:row:7353,4lrf|m0|A|401|-|MN|-,4lrf,MN,0,0,0,0.62219878,0.04420813,0.07886922,0.25472388
sha256:4748babd2b6ac0706cd9ed4bcfd4855c8d2c5535f01813fb2e10b68b31a24c0f:row:7355,8sss|m0|A|507|-|ZN|-,8sss,ZN,0,2,2,0.05883304,0.09763467,0.72962780,0.11390449
sha256:4748babd2b6ac0706cd9ed4bcfd4855c8d2c5535f01813fb2e10b68b31a24c0f:row:7365,1q0k|m0|I|118|-|NI|-,1q0k,NI,0,3,2,0.03763556,0.20009307,0.58673418,0.17553719
sha256:4748babd2b6ac0706cd9ed4bcfd4855c8d2c5535f01813fb2e10b68b31a24c0f:row:7377,5nsm|m0|G|603|-|MN|-,5nsm,MN,0,0,0,0.53399738,0.06252198,0.15662277,0.24685786
sha256:4748babd2b6ac0706cd9ed4bcfd4855c8d2c5535f01813fb2e10b68b31a24c0f:row:7381,3zds|m0|G|2000|-|FE|-,3zds,FE,0,3,0,0.42577160,0.06109005,0.16513649,0.34800185
sha256:4748babd2b6ac0706cd9ed4bcfd4855c8d2c5535f01813fb2e10b68b31a24c0f:row:7382,5e1r|m0|C|801|-|CU|-,5e1r,CU,0,1,2,0.05038258,0.25676586,0.46711988,0.22573169
sha256:4748babd2b6ac0706cd9ed4bcfd4855c8d2c5535f01813fb2e10b68b31a24c0f:row:7389,7v25|m0|B|501|-|FE|-,7v25,FE,0,3,3,0.08756067,0.07051373,0.40096635,0.44095925
sha256:4748babd2b6ac0706cd9ed4bcfd4855c8d2c5535f01813fb2e10b68b31a24c0f:row:7395,3un5|m0|E|396|-|MN|-,3un5,MN,0,0,2,0.30498263,0.06559183,0.43003447,0.19939107
sha256:4748babd2b6ac0706cd9ed4bcfd4855c8d2c5535f01813fb2e10b68b31a24c0f:row:7409,5aew|m0|I|461|-|FE|-,5aew,FE,0,3,0,0.42754535,0.05963947,0.11831102,0.39450416
sha256:4748babd2b6ac0706cd9ed4bcfd4855c8d2c5535f01813fb2e10b68b31a24c0f:row:7414,7uhy|m0|D|1001|-|ZN|-,7uhy,ZN,0,2,2,0.04953317,0.04962560,0.52300636,0.37783488
sha256:4748babd2b6ac0706cd9ed4bcfd4855c8d2c5535f01813fb2e10b68b31a24c0f:row:7418,6hue|m0|A|502|-|ZN|-,6hue,ZN,0,2,2,0.04727333,0.05967184,0.78208698,0.11096785
sha256:4748babd2b6ac0706cd9ed4bcfd4855c8d2c5535f01813fb2e10b68b31a24c0f:row:7422,8qav|m0|N|303|-|MN|-,8qav,MN,0,0,0,0.54220850,0.06598473,0.11294859,0.27885818
sha256:4748babd2b6ac0706cd9ed4bcfd4855c8d2c5535f01813fb2e10b68b31a24c0f:row:7429,4k1t|m0|C|303|-|ZN|-,4k1t,ZN,0,2,2,0.10615839,0.08493401,0.57439530,0.23451231
sha256:4748babd2b6ac0706cd9ed4bcfd4855c8d2c5535f01813fb2e10b68b31a24c0f:row:7434,5ui1|m0|A|501|-|MN|-,5ui1,MN,0,0,0,0.72308609,0.06426487,0.07463332,0.13801572
sha256:4748babd2b6ac0706cd9ed4bcfd4855c8d2c5535f01813fb2e10b68b31a24c0f:row:7438,3a6d|m0|D|300|-|MN|-,3a6d,MN,0,0,0,0.67069550,0.04740167,0.14526943,0.13663340
sha256:4748babd2b6ac0706cd9ed4bcfd4855c8d2c5535f01813fb2e10b68b31a24c0f:row:7439,3uo0|m0|A|395|-|MN|-,3uo0,MN,0,0,0,0.62758804,0.04201807,0.07977800,0.25061589
sha256:4748babd2b6ac0706cd9ed4bcfd4855c8d2c5535f01813fb2e10b68b31a24c0f:row:7449,2yfl|m0|C|901|-|FE|-,2yfl,FE,0,3,3,0.24765387,0.08456442,0.22511417,0.44266754
sha256:4748babd2b6ac0706cd9ed4bcfd4855c8d2c5535f01813fb2e10b68b31a24c0f:row:7454,1z6o|m0|Q|300|-|FE|-,1z6o,FE,0,3,2,0.10813200,0.06152684,0.45142958,0.37891157
sha256:4748babd2b6ac0706cd9ed4bcfd4855c8d2c5535f01813fb2e10b68b31a24c0f:row:7457,7k3u|m0|B|401|-|MN|-,7k3u,MN,0,0,0,0.63684571,0.04245705,0.17614883,0.14454841
sha256:4748babd2b6ac0706cd9ed4bcfd4855c8d2c5535f01813fb2e10b68b31a24c0f:row:7459,8jwu|m0|A|502|-|ZN|-,8jwu,ZN,0,2,2,0.03634316,0.10437766,0.77707111,0.08220807
sha256:4748babd2b6ac0706cd9ed4bcfd4855c8d2c5535f01813fb2e10b68b31a24c0f:row:7464,7oj5|m0|W|302|-|MN|-,7oj5,MN,0,0,0,0.53786206,0.05794226,0.19444810,0.20974757
sha256:4748babd2b6ac0706cd9ed4bcfd4855c8d2c5535f01813fb2e10b68b31a24c0f:row:7465,6b9v|m0|A|302|-|MN|-,6b9v,MN,0,0,0,0.61043724,0.07789802,0.14025660,0.17140814
sha256:4748babd2b6ac0706cd9ed4bcfd4855c8d2c5535f01813fb2e10b68b31a24c0f:row:7467,2wyr|m0|F|2988|-|CO|-,2wyr,CO,0,3,2,0.33301140,0.05135946,0.47547886,0.14015028
sha256:4748babd2b6ac0706cd9ed4bcfd4855c8d2c5535f01813fb2e10b68b31a24c0f:row:7471,7td5|m0|A|1002|-|ZN|-,7td5,ZN,0,2,2,0.07301634,0.09109570,0.69141986,0.14446810
sha256:4748babd2b6ac0706cd9ed4bcfd4855c8d2c5535f01813fb2e10b68b31a24c0f:row:7472,8jq6|m0|D|501|-|MN|-,8jq6,MN,0,0,0,0.70263716,0.10431926,0.10387315,0.08917043
sha256:4748babd2b6ac0706cd9ed4bcfd4855c8d2c5535f01813fb2e10b68b31a24c0f:row:7475,4bif|m0|E|1132|-|MN|-,4bif,MN,0,0,3,0.32820306,0.05854780,0.08711028,0.52613887
sha256:4748babd2b6ac0706cd9ed4bcfd4855c8d2c5535f01813fb2e10b68b31a24c0f:row:7482,7td5|m0|A|1006|-|ZN|-,7td5,ZN,0,2,2,0.04760902,0.05269252,0.73234274,0.16735572
sha256:4748babd2b6ac0706cd9ed4bcfd4855c8d2c5535f01813fb2e10b68b31a24c0f:row:7489,6ll7|m0|B|402|-|MN|-,6ll7,MN,0,0,0,0.69680742,0.04226796,0.11299434,0.14793028
sha256:4748babd2b6ac0706cd9ed4bcfd4855c8d2c5535f01813fb2e10b68b31a24c0f:row:7490,4e2s|m0|O|301|-|MN|-,4e2s,MN,0,0,0,0.57491819,0.05665130,0.09905201,0.26937851
sha256:4748babd2b6ac0706cd9ed4bcfd4855c8d2c5535f01813fb2e10b68b31a24c0f:row:7498,7cl2|m0|D|301|-|NI|-,7cl2,NI,0,3,3,0.33775414,0.08060405,0.11346287,0.46817894
sha256:4748babd2b6ac0706cd9ed4bcfd4855c8d2c5535f01813fb2e10b68b31a24c0f:row:7501,2xrx|m0|Q|1461|-|FE|-,2xrx,FE,0,3,3,0.40375850,0.05303948,0.10188365,0.44131836
sha256:4748babd2b6ac0706cd9ed4bcfd4855c8d2c5535f01813fb2e10b68b31a24c0f:row:7517,6suw|m0|B|201|-|FE|-,6suw,FE,0,3,0,0.52791003,0.06021010,0.16070787,0.25117201
sha256:4748babd2b6ac0706cd9ed4bcfd4855c8d2c5535f01813fb2e10b68b31a24c0f:row:7524,2xsh|m0|C|901|-|FE|-,2xsh,FE,0,3,3,0.31124174,0.05930752,0.15300805,0.47644268
sha256:4748babd2b6ac0706cd9ed4bcfd4855c8d2c5535f01813fb2e10b68b31a24c0f:row:7526,6luh|m0|A|402|-|MN|-,6luh,MN,0,0,0,0.74290293,0.03674485,0.08168992,0.13866229
sha256:4748babd2b6ac0706cd9ed4bcfd4855c8d2c5535f01813fb2e10b68b31a24c0f:row:7530,4lre|m0|A|402|-|MN|-,4lre,MN,0,0,0,0.68270297,0.06547668,0.11686218,0.13495817
sha256:4748babd2b6ac0706cd9ed4bcfd4855c8d2c5535f01813fb2e10b68b31a24c0f:row:7531,4d0z|m0|F|1570|-|MN|-,4d0z,MN,0,0,0,0.69683334,0.05766076,0.09153766,0.15396824
sha256:4748babd2b6ac0706cd9ed4bcfd4855c8d2c5535f01813fb2e10b68b31a24c0f:row:7533,7wl0|m0|E|301|-|MN|-,7wl0,MN,0,0,0,0.64913621,0.05007312,0.08740560,0.21338507
sha256:4748babd2b6ac0706cd9ed4bcfd4855c8d2c5535f01813fb2e10b68b31a24c0f:row:7538,8jwu|m0|A|508|-|ZN|-,8jwu,ZN,0,2,2,0.14548169,0.06979064,0.56062075,0.22410693
sha256:4748babd2b6ac0706cd9ed4bcfd4855c8d2c5535f01813fb2e10b68b31a24c0f:row:7549,3un3|m0|C|396|-|MN|-,3un3,MN,0,0,0,0.57825047,0.04889441,0.19909553,0.17375958
sha256:4748babd2b6ac0706cd9ed4bcfd4855c8d2c5535f01813fb2e10b68b31a24c0f:row:7555,4z6s|m0|B|401|-|FE|-,4z6s,FE,0,3,3,0.10863871,0.05060236,0.06013746,0.78062148
sha256:4748babd2b6ac0706cd9ed4bcfd4855c8d2c5535f01813fb2e10b68b31a24c0f:row:7557,5ui1|m0|C|502|-|MN|-,5ui1,MN,0,0,0,0.64766009,0.06665441,0.08991170,0.19577380
sha256:4748babd2b6ac0706cd9ed4bcfd4855c8d2c5535f01813fb2e10b68b31a24c0f:row:7565,4d0z|m0|D|1570|-|MN|-,4d0z,MN,0,0,0,0.69417333,0.05571083,0.08362536,0.16649048
sha256:4748babd2b6ac0706cd9ed4bcfd4855c8d2c5535f01813fb2e10b68b31a24c0f:row:7569,3m8y|m0|A|395|-|MN|-,3m8y,MN,0,0,0,0.60408194,0.04161834,0.08722347,0.26707624
sha256:4748babd2b6ac0706cd9ed4bcfd4855c8d2c5535f01813fb2e10b68b31a24c0f:row:7574,1f2i|m0|H|2201|-|ZN|-,1f2i,ZN,0,2,2,0.04385105,0.09197315,0.75863503,0.10554077
sha256:4748babd2b6ac0706cd9ed4bcfd4855c8d2c5535f01813fb2e10b68b31a24c0f:row:7579,8qav|m0|L|303|-|MN|-,8qav,MN,0,0,0,0.55709142,0.06627487,0.10784417,0.26878954
sha256:4748babd2b6ac0706cd9ed4bcfd4855c8d2c5535f01813fb2e10b68b31a24c0f:row:7581,6m35|m0|C|401|-|FE|-,6m35,FE,0,3,3,0.18775764,0.05612113,0.11405483,0.64206641
sha256:4748babd2b6ac0706cd9ed4bcfd4855c8d2c5535f01813fb2e10b68b31a24c0f:row:7587,7oj5|m0|Q|302|-|MN|-,7oj5,MN,0,0,0,0.53788996,0.05794222,0.19442952,0.20973831
sha256:4748babd2b6ac0706cd9ed4bcfd4855c8d2c5535f01813fb2e10b68b31a24c0f:row:7588,4k95|m0|A|502|-|ZN|-,4k95,ZN,0,2,2,0.03779087,0.06528255,0.77758049,0.11934609
sha256:4748babd2b6ac0706cd9ed4bcfd4855c8d2c5535f01813fb2e10b68b31a24c0f:row:7592,4z6s|m0|D|401|-|FE|-,4z6s,FE,0,3,3,0.09181613,0.04765917,0.06244260,0.79808211
sha256:4748babd2b6ac0706cd9ed4bcfd4855c8d2c5535f01813fb2e10b68b31a24c0f:row:7595,4e9x|m0|B|2401|-|CU|-,4e9x,CU,0,1,1,0.04532226,0.43843536,0.30045493,0.21578745
sha256:4748babd2b6ac0706cd9ed4bcfd4855c8d2c5535f01813fb2e10b68b31a24c0f:row:7596,4bif|m0|G|1132|-|MN|-,4bif,MN,0,0,0,0.50851805,0.06359180,0.08525869,0.34263145
sha256:4748babd2b6ac0706cd9ed4bcfd4855c8d2c5535f01813fb2e10b68b31a24c0f:row:7603,6vch|m0|D|501|-|CO|-,6vch,CO,0,3,3,0.06926683,0.09706005,0.37709606,0.45657706
sha256:4748babd2b6ac0706cd9ed4bcfd4855c8d2c5535f01813fb2e10b68b31a24c0f:row:7609,4qnk|m0|B|301|-|MN|-,4qnk,MN,0,0,0,0.63668352,0.04160396,0.06123517,0.26047735
sha256:4748babd2b6ac0706cd9ed4bcfd4855c8d2c5535f01813fb2e10b68b31a24c0f:row:7613,6sv1|m0|E|201|-|FE|-,6sv1,FE,0,3,0,0.43052014,0.04846038,0.12044562,0.40057386
sha256:4748babd2b6ac0706cd9ed4bcfd4855c8d2c5535f01813fb2e10b68b31a24c0f:row:7622,3a6e|m0|A|300|-|MN|-,3a6e,MN,0,0,0,0.46438094,0.05190118,0.32529924,0.15841863
sha256:4748babd2b6ac0706cd9ed4bcfd4855c8d2c5535f01813fb2e10b68b31a24c0f:row:7631,5da5|m0|Z|201|-|FE|-,5da5,FE,0,3,0,0.56268092,0.07192301,0.14396610,0.22142997
sha256:4748babd2b6ac0706cd9ed4bcfd4855c8d2c5535f01813fb2e10b68b31a24c0f:row:7637,6ll7|m0|A|401|-|MN|-,6ll7,MN,0,0,0,0.58121865,0.05937634,0.22939088,0.13001413
sha256:4748babd2b6ac0706cd9ed4bcfd4855c8d2c5535f01813fb2e10b68b31a24c0f:row:7638,8qav|m0|O|301|-|MN|-,8qav,MN,0,0,0,0.66145457,0.06255139,0.08076214,0.19523190
sha256:4748babd2b6ac0706cd9ed4bcfd4855c8d2c5535f01813fb2e10b68b31a24c0f:row:7645,5e1r|m0|F|801|-|CU|-,5e1r,CU,0,1,2,0.03845166,0.24387093,0.55011561,0.16756180
sha256:4748babd2b6ac0706cd9ed4bcfd4855c8d2c5535f01813fb2e10b68b31a24c0f:row:7647,1z01|m0|A|501|-|FE|-,1z01,FE,0,3,3,0.14364966,0.09669584,0.29816819,0.46148631
sha256:4748babd2b6ac0706cd9ed4bcfd4855c8d2c5535f01813fb2e10b68b31a24c0f:row:7648,4lra|m0|A|401|-|MN|-,4lra,MN,0,0,0,0.62703075,0.04705036,0.08317220,0.24274669
sha256:4748babd2b6ac0706cd9ed4bcfd4855c8d2c5535f01813fb2e10b68b31a24c0f:row:7654,5nsm|m0|F|603|-|MN|-,5nsm,MN,0,0,0,0.53775441,0.07211851,0.12562214,0.26450495
sha256:4748babd2b6ac0706cd9ed4bcfd4855c8d2c5535f01813fb2e10b68b31a24c0f:row:7673,1wog|m0|C|1606|-|MN|-,1wog,MN,0,0,0,0.43570636,0.05225451,0.32049965,0.19153948
sha256:4748babd2b6ac0706cd9ed4bcfd4855c8d2c5535f01813fb2e10b68b31a24c0f:row:7685,6s0w|m0|F|302|-|NI|-,6s0w,NI,0,3,3,0.35136155,0.07796875,0.11383321,0.45683649
sha256:4748babd2b6ac0706cd9ed4bcfd4855c8d2c5535f01813fb2e10b68b31a24c0f:row:7686,4qnk|m0|E|301|-|MN|-,4qnk,MN,0,0,0,0.63070518,0.04076844,0.06052864,0.26799774
sha256:4748babd2b6ac0706cd9ed4bcfd4855c8d2c5535f01813fb2e10b68b31a24c0f:row:7689,4ytr|m0|A|401|-|MN|-,4ytr,MN,0,0,0,0.66360432,0.05382643,0.13384957,0.14871969
sha256:4748babd2b6ac0706cd9ed4bcfd4855c8d2c5535f01813fb2e10b68b31a24c0f:row:7690,5aew|m0|S|461|-|FE|-,5aew,FE,0,3,3,0.33714001,0.05514973,0.15249986,0.45521040
sha256:4748babd2b6ac0706cd9ed4bcfd4855c8d2c5535f01813fb2e10b68b31a24c0f:row:7697,1by4|m0|D|2335|-|ZN|-,1by4,ZN,0,2,2,0.05474908,0.05581915,0.76700278,0.12242899
sha256:4748babd2b6ac0706cd9ed4bcfd4855c8d2c5535f01813fb2e10b68b31a24c0f:row:7701,7k3u|m0|F|401|-|MN|-,7k3u,MN,0,0,0,0.68668719,0.04413252,0.10686182,0.16231847
sha256:4748babd2b6ac0706cd9ed4bcfd4855c8d2c5535f01813fb2e10b68b31a24c0f:row:7715,4e2s|m0|J|301|-|MN|-,4e2s,MN,0,0,0,0.61908135,0.05781239,0.07421177,0.24889449
sha256:4748babd2b6ac0706cd9ed4bcfd4855c8d2c5535f01813fb2e10b68b31a24c0f:row:7719,4e9x|m0|A|1404|-|CU|-,4e9x,CU,0,1,2,0.04048864,0.36685782,0.48059060,0.11206294
sha256:4748babd2b6ac0706cd9ed4bcfd4855c8d2c5535f01813fb2e10b68b31a24c0f:row:7723,8jq3|m0|C|501|-|MN|-,8jq3,MN,0,0,0,0.64702215,0.08608694,0.14166866,0.12522225
sha256:4748babd2b6ac0706cd9ed4bcfd4855c8d2c5535f01813fb2e10b68b31a24c0f:row:7726,7oj5|m0|G|301|-|MN|-,7oj5,MN,0,0,0,0.56100506,0.06297952,0.08410939,0.29190602
sha256:4748babd2b6ac0706cd9ed4bcfd4855c8d2c5535f01813fb2e10b68b31a24c0f:row:7729,2yfc|m0|D|1145|-|MN|-,2yfc,MN,0,0,0,0.78080473,0.04297665,0.07169902,0.10451961
sha256:4748babd2b6ac0706cd9ed4bcfd4855c8d2c5535f01813fb2e10b68b31a24c0f:row:7730,5da5|m0|Z|204|-|FE|-,5da5,FE,0,3,3,0.29394610,0.06590719,0.31761231,0.32253441
sha256:4748babd2b6ac0706cd9ed4bcfd4855c8d2c5535f01813fb2e10b68b31a24c0f:row:7748,7oj5|m0|B|302|-|MN|-,7oj5,MN,0,0,0,0.53786592,0.05794226,0.19444476,0.20974707
sha256:4748babd2b6ac0706cd9ed4bcfd4855c8d2c5535f01813fb2e10b68b31a24c0f:row:7752,7td5|m0|A|1008|-|ZN|-,7td5,ZN,0,2,2,0.03798680,0.07311250,0.74004422,0.14885648
sha256:4748babd2b6ac0706cd9ed4bcfd4855c8d2c5535f01813fb2e10b68b31a24c0f:row:7757,4uxa|m0|O|200|-|MN|-,4uxa,MN,0,0,0,0.57748142,0.07932713,0.08614150,0.25704995
sha256:4748babd2b6ac0706cd9ed4bcfd4855c8d2c5535f01813fb2e10b68b31a24c0f:row:7764,8adl|m0|A|1401|-|ZN|-,8adl,ZN,0,2,2,0.03834444,0.06816571,0.80706007,0.08642979
sha256:4748babd2b6ac0706cd9ed4bcfd4855c8d2c5535f01813fb2e10b68b31a24c0f:row:7765,4e9x|m0|C|3403|-|CU|-,4e9x,CU,0,1,2,0.04308097,0.38840541,0.47798943,0.09052420
sha256:4748babd2b6ac0706cd9ed4bcfd4855c8d2c5535f01813fb2e10b68b31a24c0f:row:7767,6vch|m0|F|1000|-|CO|-,6vch,CO,0,3,3,0.07360744,0.34872388,0.15042269,0.42724599
sha256:4748babd2b6ac0706cd9ed4bcfd4855c8d2c5535f01813fb2e10b68b31a24c0f:row:7771,6suw|m0|a|201|-|FE|-,6suw,FE,0,3,0,0.48313878,0.06601918,0.14008352,0.31075851
sha256:4748babd2b6ac0706cd9ed4bcfd4855c8d2c5535f01813fb2e10b68b31a24c0f:row:7778,6b9v|m0|B|302|-|MN|-,6b9v,MN,0,0,0,0.63334202,0.06023279,0.10454174,0.20188345
sha256:4748babd2b6ac0706cd9ed4bcfd4855c8d2c5535f01813fb2e10b68b31a24c0f:row:7780,4qnk|m0|C|302|-|MN|-,4qnk,MN,0,0,0,0.55794575,0.04925149,0.07124152,0.32156125
sha256:4748babd2b6ac0706cd9ed4bcfd4855c8d2c5535f01813fb2e10b68b31a24c0f:row:7788,1t6u|m0|B|202|-|NI|-,1t6u,NI,0,3,3,0.04875592,0.10793227,0.31317975,0.53013206
sha256:4748babd2b6ac0706cd9ed4bcfd4855c8d2c5535f01813fb2e10b68b31a24c0f:row:7792,4uxa|m0|G|200|-|MN|-,4uxa,MN,0,0,0,0.54955895,0.08382119,0.09053630,0.27608356
sha256:4748babd2b6ac0706cd9ed4bcfd4855c8d2c5535f01813fb2e10b68b31a24c0f:row:7796,4uxa|m0|S|200|-|MN|-,4uxa,MN,0,0,0,0.56077150,0.08454159,0.08275999,0.27192692
sha256:4748babd2b6ac0706cd9ed4bcfd4855c8d2c5535f01813fb2e10b68b31a24c0f:row:7803,6ll7|m0|D|401|-|MN|-,6ll7,MN,0,0,0,0.53256851,0.07212826,0.25156478,0.14373845
sha256:4748babd2b6ac0706cd9ed4bcfd4855c8d2c5535f01813fb2e10b68b31a24c0f:row:7815,3vyl|m0|H|1001|-|MN|-,3vyl,MN,0,0,0,0.68738843,0.04978519,0.07922448,0.18360190
sha256:4748babd2b6ac0706cd9ed4bcfd4855c8d2c5535f01813fb2e10b68b31a24c0f:row:7824,7wl0|m0|A|301|-|MN|-,7wl0,MN,0,0,0,0.58074855,0.06313354,0.07519319,0.28092472
sha256:4748babd2b6ac0706cd9ed4bcfd4855c8d2c5535f01813fb2e10b68b31a24c0f:row:7831,1ovv|m0|F|106|-|CO|-,1ovv,CO,0,3,3,0.26449497,0.08147704,0.27404915,0.37997884
sha256:4748babd2b6ac0706cd9ed4bcfd4855c8d2c5535f01813fb2e10b68b31a24c0f:row:7839,7a5y|m0|D|703|-|FE|-,7a5y,FE,0,3,3,0.40354632,0.04906040,0.08991368,0.45747961
sha256:4748babd2b6ac0706cd9ed4bcfd4855c8d2c5535f01813fb2e10b68b31a24c0f:row:7845,5fli|m0|B|300|-|NI|-,5fli,NI,0,3,3,0.30817587,0.09774608,0.11494397,0.47913408
sha256:4748babd2b6ac0706cd9ed4bcfd4855c8d2c5535f01813fb2e10b68b31a24c0f:row:7848,2yf3|m0|B|1148|-|MN|-,2yf3,MN,0,0,0,0.69973502,0.03689262,0.07280354,0.19056882
sha256:4748babd2b6ac0706cd9ed4bcfd4855c8d2c5535f01813fb2e10b68b31a24c0f:row:7855,4lr8|m0|C|402|-|MN|-,4lr8,MN,0,0,0,0.56236614,0.06479109,0.21502351,0.15781926
sha256:4748babd2b6ac0706cd9ed4bcfd4855c8d2c5535f01813fb2e10b68b31a24c0f:row:7865,6txa|m0|P|702|-|FE|-,6txa,FE,0,3,3,0.38803419,0.06662361,0.14085105,0.40449115
sha256:4748babd2b6ac0706cd9ed4bcfd4855c8d2c5535f01813fb2e10b68b31a24c0f:row:7871,4lr7|m0|C|402|-|MN|-,4lr7,MN,0,0,0,0.67214073,0.04839476,0.12211631,0.15734820
sha256:4748babd2b6ac0706cd9ed4bcfd4855c8d2c5535f01813fb2e10b68b31a24c0f:row:7874,7v25|m0|C|501|-|FE|-,7v25,FE,0,3,2,0.06781653,0.10269724,0.44149920,0.38798703
sha256:4748babd2b6ac0706cd9ed4bcfd4855c8d2c5535f01813fb2e10b68b31a24c0f:row:7879,6ov8|m0|F|502|-|MN|-,6ov8,MN,0,0,0,0.66598136,0.04777173,0.09001659,0.19623032
sha256:4748babd2b6ac0706cd9ed4bcfd4855c8d2c5535f01813fb2e10b68b31a24c0f:row:7884,1q0g|m0|E|118|-|NI|-,1q0g,NI,0,3,2,0.04550069,0.13646897,0.57779471,0.24023564
sha256:4748babd2b6ac0706cd9ed4bcfd4855c8d2c5535f01813fb2e10b68b31a24c0f:row:7885,6sna|m0|A|401|-|MN|-,6sna,MN,0,0,2,0.25663949,0.08219049,0.47246597,0.18870406
sha256:4748babd2b6ac0706cd9ed4bcfd4855c8d2c5535f01813fb2e10b68b31a24c0f:row:7889,8qay|m0|A|303|-|MN|-,8qay,MN,0,0,0,0.57907067,0.05068557,0.07684609,0.29339766
sha256:4748babd2b6ac0706cd9ed4bcfd4855c8d2c5535f01813fb2e10b68b31a24c0f:row:7893,5nsm|m0|G|602|-|MN|-,5nsm,MN,0,0,0,0.54715504,0.07560383,0.16483390,0.21240723
sha256:4748babd2b6ac0706cd9ed4bcfd4855c8d2c5535f01813fb2e10b68b31a24c0f:row:7895,6xu1|m0|G|702|-|FE|-,6xu1,FE,0,3,3,0.42002802,0.05266239,0.08981134,0.43749825
sha256:4748babd2b6ac0706cd9ed4bcfd4855c8d2c5535f01813fb2e10b68b31a24c0f:row:7898,5fli|m0|L|300|-|NI|-,5fli,NI,0,3,3,0.11421175,0.08807389,0.22454193,0.57317244
sha256:4748babd2b6ac0706cd9ed4bcfd4855c8d2c5535f01813fb2e10b68b31a24c0f:row:7899,8qay|m0|B|303|-|MN|-,8qay,MN,0,0,0,0.55293028,0.05240245,0.07868091,0.31598636
sha256:4748babd2b6ac0706cd9ed4bcfd4855c8d2c5535f01813fb2e10b68b31a24c0f:row:7907,7m4m|m0|A|805|-|ZN|-,7m4m,ZN,0,2,2,0.05367005,0.10820604,0.75001292,0.08811100
sha256:4748babd2b6ac0706cd9ed4bcfd4855c8d2c5535f01813fb2e10b68b31a24c0f:row:7916,6ov8|m0|A|502|-|MN|-,6ov8,MN,0,0,0,0.66197987,0.04499913,0.09282873,0.20019227
