source_uid,physical_ion_id,group_id,native_element,fold,y_common4,pred_common4,p_common4_Mn,p_common4_Cu,p_common4_Zn,p_common4_Class_VIII
sha256:4748babd2b6ac0706cd9ed4bcfd4855c8d2c5535f01813fb2e10b68b31a24c0f:row:12,2hr5|m0|A|202|-|FE|-,2hr5,FE,4,3,0,0.46083527,0.04786900,0.09006162,0.40123411
sha256:4748babd2b6ac0706cd9ed4bcfd4855c8d2c5535f01813fb2e10b68b31a24c0f:row:14,2drr|m0|A|1400|-|NI|-,2drr,NI,4,3,2,0.07519413,0.05909083,0.66501013,0.20070491
sha256:4748babd2b6ac0706cd9ed4bcfd4855c8d2c5535f01813fb2e10b68b31a24c0f:row:15,3g50|m0|A|201|-|NI|-,3g50,NI,4,3,3,0.09324742,0.12920375,0.19672269,0.58082614
sha256:4748babd2b6ac0706cd9ed4bcfd4855c8d2c5535f01813fb2e10b68b31a24c0f:row:16,2d7i|m0|A|706|-|MN|-,2d7i,MN,4,0,0,0.72173516,0.05093405,0.09589066,0.13144013
sha256:4748babd2b6ac0706cd9ed4bcfd4855c8d2c5535f01813fb2e10b68b31a24c0f:row:22,4onx|m0|A|201|-|ZN|-,4onx,ZN,4,2,2,0.15036852,0.07926980,0.54571346,0.22464822
sha256:4748babd2b6ac0706cd9ed4bcfd4855c8d2c5535f01813fb2e10b68b31a24c0f:row:32,8a1c|m0|A|401|-|MN|-,8a1c,MN,4,0,2,0.27581007,0.13177831,0.40479701,0.18761461
sha256:4748babd2b6ac0706cd9ed4bcfd4855c8d2c5535f01813fb2e10b68b31a24c0f:row:39,1twf|m0|A|3009|-|MN|-,1twf,MN,4,0,0,0.66456456,0.06031178,0.13473765,0.14038601
sha256:4748babd2b6ac0706cd9ed4bcfd4855c8d2c5535f01813fb2e10b68b31a24c0f:row:77,4mca|m0|A|1000|-|ZN|-,4mca,ZN,4,2,3,0.09494503,0.07816813,0.38613850,0.44074833
sha256:4748babd2b6ac0706cd9ed4bcfd4855c8d2c5535f01813fb2e10b68b31a24c0f:row:79,4q0v|m0|A|501|-|CO|-,4q0v,CO,4,3,3,0.10243736,0.09532760,0.29333510,0.50889993
sha256:4748babd2b6ac0706cd9ed4bcfd4855c8d2c5535f01813fb2e10b68b31a24c0f:row:83,3vj9|m0|A|402|-|NI|-,3vj9,NI,4,3,2,0.11602206,0.05565479,0.50023026,0.32809289
sha256:4748babd2b6ac0706cd9ed4bcfd4855c8d2c5535f01813fb2e10b68b31a24c0f:row:84,4jiw|m0|D|101|-|ZN|-,4jiw,ZN,4,2,2,0.07220376,0.16762827,0.64745253,0.11271545
sha256:4748babd2b6ac0706cd9ed4bcfd4855c8d2c5535f01813fb2e10b68b31a24c0f:row:88,1i8j|m0|A|400|-|ZN|-,1i8j,ZN,4,2,2,0.03588054,0.08949715,0.73443317,0.14018914
sha256:4748babd2b6ac0706cd9ed4bcfd4855c8d2c5535f01813fb2e10b68b31a24c0f:row:89,7v2x|m0|A|1302|-|FE|-,7v2x,FE,4,3,3,0.22414615,0.04594512,0.07960468,0.65030405
sha256:4748babd2b6ac0706cd9ed4bcfd4855c8d2c5535f01813fb2e10b68b31a24c0f:row:101,5f6k|m0|C|5001|-|ZN|-,5f6k,ZN,4,2,2,0.03867922,0.05447237,0.59354253,0.31330588
sha256:4748babd2b6ac0706cd9ed4bcfd4855c8d2c5535f01813fb2e10b68b31a24c0f:row:102,4f3a|m0|A|602|-|FE|-,4f3a,FE,4,3,3,0.07596650,0.11023477,0.09764804,0.71615069
sha256:4748babd2b6ac0706cd9ed4bcfd4855c8d2c5535f01813fb2e10b68b31a24c0f:row:105,4ay7|m0|A|500|-|ZN|-,4ay7,ZN,4,2,2,0.07753411,0.16531136,0.64545677,0.11169776
sha256:4748babd2b6ac0706cd9ed4bcfd4855c8d2c5535f01813fb2e10b68b31a24c0f:row:108,3dby|m0|A|306|-|FE|-,3dby,FE,4,3,3,0.24618667,0.05176492,0.12255282,0.57949558
sha256:4748babd2b6ac0706cd9ed4bcfd4855c8d2c5535f01813fb2e10b68b31a24c0f:row:116,2fdh|m0|A|300|-|MN|-,2fdh,MN,4,0,3,0.37715857,0.06461890,0.07706261,0.48115992
sha256:4748babd2b6ac0706cd9ed4bcfd4855c8d2c5535f01813fb2e10b68b31a24c0f:row:118,1wwr|m0|A|201|-|ZN|-,1wwr,ZN,4,2,2,0.04528554,0.10618132,0.73874796,0.10978518
sha256:4748babd2b6ac0706cd9ed4bcfd4855c8d2c5535f01813fb2e10b68b31a24c0f:row:119,7exb|m0|A|301|-|MN|-,7exb,MN,4,0,0,0.79350263,0.03624512,0.06961990,0.10063235
sha256:4748babd2b6ac0706cd9ed4bcfd4855c8d2c5535f01813fb2e10b68b31a24c0f:row:120,5n1t|m0|W|201|-|CU|-,5n1t,CU,4,1,2,0.03712173,0.35139495,0.49303178,0.11845154
sha256:4748babd2b6ac0706cd9ed4bcfd4855c8d2c5535f01813fb2e10b68b31a24c0f:row:127,5obo|m0|A|501|-|CU|-,5obo,CU,4,1,1,0.04289632,0.64840261,0.22977696,0.07892412
sha256:4748babd2b6ac0706cd9ed4bcfd4855c8d2c5535f01813fb2e10b68b31a24c0f:row:136,1shr|m0|B|801|-|FE|-,1shr,FE,4,3,2,0.03535220,0.35949829,0.47188392,0.13326560
sha256:4748babd2b6ac0706cd9ed4bcfd4855c8d2c5535f01813fb2e10b68b31a24c0f:row:138,3fxj|m0|A|391|-|MN|-,3fxj,MN,4,0,0,0.73573414,0.03846573,0.10913615,0.11666398
sha256:4748babd2b6ac0706cd9ed4bcfd4855c8d2c5535f01813fb2e10b68b31a24c0f:row:156,7rei|m0|A|301|-|NI|-,7rei,NI,4,3,3,0.06034666,0.07539498,0.14475246,0.71950589
sha256:4748babd2b6ac0706cd9ed4bcfd4855c8d2c5535f01813fb2e10b68b31a24c0f:row:157,6zyk|m0|A|301|-|NI|-,6zyk,NI,4,3,3,0.33699610,0.10830989,0.14172146,0.41297256
sha256:4748babd2b6ac0706cd9ed4bcfd4855c8d2c5535f01813fb2e10b68b31a24c0f:row:165,5ezw|m0|A|301|-|FE|-,5ezw,FE,4,3,2,0.04860491,0.18282396,0.52317731,0.24539382
sha256:4748babd2b6ac0706cd9ed4bcfd4855c8d2c5535f01813fb2e10b68b31a24c0f:row:168,1ksi|m0|A|702|-|CU|-,1ksi,CU,4,1,2,0.05388217,0.25086527,0.43136707,0.26388549
sha256:4748babd2b6ac0706cd9ed4bcfd4855c8d2c5535f01813fb2e10b68b31a24c0f:row:175,2au8|m0|A|201|-|MN|-,2au8,MN,4,0,0,0.74716275,0.03364131,0.07697447,0.14222147
sha256:4748babd2b6ac0706cd9ed4bcfd4855c8d2c5535f01813fb2e10b68b31a24c0f:row:183,6dqf|m0|A|602|-|MN|-,6dqf,MN,4,0,0,0.45027512,0.04036216,0.06714972,0.44221300
sha256:4748babd2b6ac0706cd9ed4bcfd4855c8d2c5535f01813fb2e10b68b31a24c0f:row:184,1zu0|m0|A|801|-|MN|-,1zu0,MN,4,0,0,0.69942775,0.03627234,0.06667891,0.19762100
sha256:4748babd2b6ac0706cd9ed4bcfd4855c8d2c5535f01813fb2e10b68b31a24c0f:row:192,4igo|m0|A|1000|-|FE|-,4igo,FE,4,3,3,0.12730183,0.06780865,0.08780482,0.71708470
sha256:4748babd2b6ac0706cd9ed4bcfd4855c8d2c5535f01813fb2e10b68b31a24c0f:row:195,6iht|m0|A|303|-|MN|-,6iht,MN,4,0,0,0.69058985,0.04999980,0.08491999,0.17449036
sha256:4748babd2b6ac0706cd9ed4bcfd4855c8d2c5535f01813fb2e10b68b31a24c0f:row:201,1ik3|m0|A|858|-|FE|-,1ik3,FE,4,3,3,0.17517451,0.10260380,0.08329705,0.63892465
sha256:4748babd2b6ac0706cd9ed4bcfd4855c8d2c5535f01813fb2e10b68b31a24c0f:row:204,3tcy|m0|A|298|-|CO|-,3tcy,CO,4,3,3,0.10385128,0.06179132,0.20586737,0.62849003
sha256:4748babd2b6ac0706cd9ed4bcfd4855c8d2c5535f01813fb2e10b68b31a24c0f:row:208,8jbm|m0|A|1102|-|MN|-,8jbm,MN,4,0,2,0.30937180,0.08614162,0.38987165,0.21461494
sha256:4748babd2b6ac0706cd9ed4bcfd4855c8d2c5535f01813fb2e10b68b31a24c0f:row:209,6g35|m0|A|804|-|CO|-,6g35,CO,4,3,2,0.05022903,0.22905566,0.57191869,0.14879661
sha256:4748babd2b6ac0706cd9ed4bcfd4855c8d2c5535f01813fb2e10b68b31a24c0f:row:221,2y7d|m0|A|301|-|ZN|-,2y7d,ZN,4,2,2,0.18037309,0.11766146,0.47605567,0.22590978
sha256:4748babd2b6ac0706cd9ed4bcfd4855c8d2c5535f01813fb2e10b68b31a24c0f:row:231,7yr9|m0|A|201|-|ZN|-,7yr9,ZN,4,2,2,0.05081399,0.13955780,0.43754212,0.37208608
sha256:4748babd2b6ac0706cd9ed4bcfd4855c8d2c5535f01813fb2e10b68b31a24c0f:row:233,7wh1|m0|A|601|-|FE|-,7wh1,FE,4,3,3,0.10141529,0.08214054,0.07708500,0.73935917
sha256:4748babd2b6ac0706cd9ed4bcfd4855c8d2c5535f01813fb2e10b68b31a24c0f:row:239,1taf|m0|A|2003|-|ZN|-,1taf,ZN,4,2,2,0.07640638,0.06562532,0.72093721,0.13703110
sha256:4748babd2b6ac0706cd9ed4bcfd4855c8d2c5535f01813fb2e10b68b31a24c0f:row:243,5eiu|m0|A|702|-|ZN|-,5eiu,ZN,4,2,2,0.04403762,0.07084631,0.78773371,0.09738236
sha256:4748babd2b6ac0706cd9ed4bcfd4855c8d2c5535f01813fb2e10b68b31a24c0f:row:252,3hxt|m0|A|205|-|NI|-,3hxt,NI,4,3,2,0.14689678,0.07510210,0.43546824,0.34253287
sha256:4748babd2b6ac0706cd9ed4bcfd4855c8d2c5535f01813fb2e10b68b31a24c0f:row:253,5c13|m0|A|1002|-|ZN|-,5c13,ZN,4,2,2,0.04041351,0.11502241,0.73564908,0.10891500
sha256:4748babd2b6ac0706cd9ed4bcfd4855c8d2c5535f01813fb2e10b68b31a24c0f:row:270,8e85|m0|A|502|-|MN|-,8e85,MN,4,0,0,0.67030109,0.03398209,0.18129357,0.11442325
sha256:4748babd2b6ac0706cd9ed4bcfd4855c8d2c5535f01813fb2e10b68b31a24c0f:row:273,4j3q|m0|A|1002|-|CU|-,4j3q,CU,4,1,2,0.03991422,0.32940077,0.38663623,0.24404878
sha256:4748babd2b6ac0706cd9ed4bcfd4855c8d2c5535f01813fb2e10b68b31a24c0f:row:286,6f1q|m0|A|501|-|CU|-,6f1q,CU,4,1,1,0.05368824,0.62390397,0.23920003,0.08320776
sha256:4748babd2b6ac0706cd9ed4bcfd4855c8d2c5535f01813fb2e10b68b31a24c0f:row:291,6dq9|m0|A|602|-|MN|-,6dq9,MN,4,0,3,0.37923418,0.04537670,0.06382646,0.51156266
sha256:4748babd2b6ac0706cd9ed4bcfd4855c8d2c5535f01813fb2e10b68b31a24c0f:row:294,7rcz|m0|A|808|-|ZN|-,7rcz,ZN,4,2,2,0.04216115,0.12177758,0.70162344,0.13443783
sha256:4748babd2b6ac0706cd9ed4bcfd4855c8d2c5535f01813fb2e10b68b31a24c0f:row:296,8drp|m0|A|5103|-|ZN|-,8drp,ZN,4,2,2,0.04538292,0.08670586,0.73357751,0.13433372
sha256:4748babd2b6ac0706cd9ed4bcfd4855c8d2c5535f01813fb2e10b68b31a24c0f:row:297,3t9q|m0|A|1|-|MN|-,3t9q,MN,4,0,0,0.70232919,0.04033862,0.09281130,0.16452090
sha256:4748babd2b6ac0706cd9ed4bcfd4855c8d2c5535f01813fb2e10b68b31a24c0f:row:302,4m73|m0|B|403|-|FE|-,4m73,FE,4,3,3,0.14078636,0.05674882,0.30240050,0.50006431
sha256:4748babd2b6ac0706cd9ed4bcfd4855c8d2c5535f01813fb2e10b68b31a24c0f:row:305,1dq5|m0|A|301|-|MN|-,1dq5,MN,4,0,0,0.80566996,0.03826673,0.06026371,0.09579961
sha256:4748babd2b6ac0706cd9ed4bcfd4855c8d2c5535f01813fb2e10b68b31a24c0f:row:333,7u7e|m0|A|501|-|MN|-,7u7e,MN,4,0,0,0.74518750,0.03481178,0.08129633,0.13870439
sha256:4748babd2b6ac0706cd9ed4bcfd4855c8d2c5535f01813fb2e10b68b31a24c0f:row:341,3jyg|m0|A|200|-|ZN|-,3jyg,ZN,4,2,3,0.15019177,0.09746123,0.13288954,0.61945747
sha256:4748babd2b6ac0706cd9ed4bcfd4855c8d2c5535f01813fb2e10b68b31a24c0f:row:348,4xez|m0|A|501|-|FE|-,4xez,FE,4,3,3,0.06964816,0.11920081,0.18013877,0.63101225
sha256:4748babd2b6ac0706cd9ed4bcfd4855c8d2c5535f01813fb2e10b68b31a24c0f:row:361,2q09|m0|A|500|-|FE|-,2q09,FE,4,3,3,0.15108193,0.08719941,0.12224737,0.63947129
sha256:4748babd2b6ac0706cd9ed4bcfd4855c8d2c5535f01813fb2e10b68b31a24c0f:row:365,1f30|m0|A|201|-|ZN|-,1f30,ZN,4,2,3,0.16674489,0.05605660,0.22238616,0.55481236
sha256:4748babd2b6ac0706cd9ed4bcfd4855c8d2c5535f01813fb2e10b68b31a24c0f:row:367,8ius|m0|A|401|-|MN|-,8ius,MN,4,0,0,0.43536084,0.05230580,0.26788911,0.24444425
sha256:4748babd2b6ac0706cd9ed4bcfd4855c8d2c5535f01813fb2e10b68b31a24c0f:row:370,6wv2|m0|A|401|-|NI|-,6wv2,NI,4,3,3,0.17419686,0.08890625,0.10371593,0.63318097
sha256:4748babd2b6ac0706cd9ed4bcfd4855c8d2c5535f01813fb2e10b68b31a24c0f:row:374,8eip|m0|A|402|-|ZN|-,8eip,ZN,4,2,2,0.09579037,0.16674109,0.46915666,0.26831188
sha256:4748babd2b6ac0706cd9ed4bcfd4855c8d2c5535f01813fb2e10b68b31a24c0f:row:376,3c0y|m0|A|402|-|ZN|-,3c0y,ZN,4,2,2,0.03693401,0.11398271,0.77323311,0.07585017
sha256:4748babd2b6ac0706cd9ed4bcfd4855c8d2c5535f01813fb2e10b68b31a24c0f:row:380,4n7s|m0|A|502|-|ZN|-,4n7s,ZN,4,2,2,0.23852209,0.05865815,0.42104679,0.28177298
sha256:4748babd2b6ac0706cd9ed4bcfd4855c8d2c5535f01813fb2e10b68b31a24c0f:row:381,4tpu|m0|A|303|-|FE|-,4tpu,FE,4,3,2,0.05651598,0.04720750,0.75750353,0.13877299
sha256:4748babd2b6ac0706cd9ed4bcfd4855c8d2c5535f01813fb2e10b68b31a24c0f:row:383,3lpe|m0|B|60|-|ZN|-,3lpe,ZN,4,2,2,0.04128706,0.06060744,0.77918801,0.11891749
sha256:4748babd2b6ac0706cd9ed4bcfd4855c8d2c5535f01813fb2e10b68b31a24c0f:row:384,6we0|m0|A|201|-|MN|-,6we0,MN,4,0,2,0.30221657,0.07698622,0.35571083,0.26508639
sha256:4748babd2b6ac0706cd9ed4bcfd4855c8d2c5535f01813fb2e10b68b31a24c0f:row:385,4d9q|m0|D|303|-|ZN|-,4d9q,ZN,4,2,2,0.07923455,0.19605125,0.59331223,0.13140197
sha256:4748babd2b6ac0706cd9ed4bcfd4855c8d2c5535f01813fb2e10b68b31a24c0f:row:390,3q6v|m0|A|2|-|ZN|-,3q6v,ZN,4,2,2,0.09007907,0.10974133,0.56436385,0.23581575
sha256:4748babd2b6ac0706cd9ed4bcfd4855c8d2c5535f01813fb2e10b68b31a24c0f:row:391,6llm|m0|A|501|-|FE|-,6llm,FE,4,3,3,0.08365679,0.06465182,0.32686501,0.52482638
sha256:4748babd2b6ac0706cd9ed4bcfd4855c8d2c5535f01813fb2e10b68b31a24c0f:row:395,1qy4|m0|A|210|-|NI|-,1qy4,NI,4,3,3,0.16749095,0.10139651,0.31939146,0.41172108
sha256:4748babd2b6ac0706cd9ed4bcfd4855c8d2c5535f01813fb2e10b68b31a24c0f:row:397,7a23|m0|P|201|-|ZN|-,7a23,ZN,4,2,2,0.02826176,0.18390172,0.70780302,0.08003351
sha256:4748babd2b6ac0706cd9ed4bcfd4855c8d2c5535f01813fb2e10b68b31a24c0f:row:406,6ghc|m0|A|301|-|ZN|-,6ghc,ZN,4,2,2,0.03771883,0.21375529,0.63398175,0.11454413
sha256:4748babd2b6ac0706cd9ed4bcfd4855c8d2c5535f01813fb2e10b68b31a24c0f:row:409,2qb0|m0|B|257|-|MN|-,2qb0,MN,4,0,0,0.75162312,0.03703758,0.06053234,0.15080697
sha256:4748babd2b6ac0706cd9ed4bcfd4855c8d2c5535f01813fb2e10b68b31a24c0f:row:416,3w6w|m0|A|702|-|CU|-,3w6w,CU,4,1,1,0.05138174,0.50601124,0.12559532,0.31701171
sha256:4748babd2b6ac0706cd9ed4bcfd4855c8d2c5535f01813fb2e10b68b31a24c0f:row:420,3tk4|m0|A|298|-|CO|-,3tk4,CO,4,3,3,0.09011533,0.05543257,0.17678605,0.67766604
sha256:4748babd2b6ac0706cd9ed4bcfd4855c8d2c5535f01813fb2e10b68b31a24c0f:row:424,8ehn|m0|A|601|-|ZN|-,8ehn,ZN,4,2,2,0.04013441,0.09206884,0.72939864,0.13839811
sha256:4748babd2b6ac0706cd9ed4bcfd4855c8d2c5535f01813fb2e10b68b31a24c0f:row:436,2yeq|m0|A|1524|-|FE|-,2yeq,FE,4,3,2,0.09942505,0.29044828,0.32796968,0.28215699
sha256:4748babd2b6ac0706cd9ed4bcfd4855c8d2c5535f01813fb2e10b68b31a24c0f:row:437,1inn|m0|A|167|-|ZN|-,1inn,ZN,4,2,3,0.07615765,0.18066800,0.25722778,0.48594657
sha256:4748babd2b6ac0706cd9ed4bcfd4855c8d2c5535f01813fb2e10b68b31a24c0f:row:441,5kfz|m0|A|508|-|MN|-,5kfz,MN,4,0,0,0.74209597,0.03229951,0.11566840,0.10993611
sha256:4748babd2b6ac0706cd9ed4bcfd4855c8d2c5535f01813fb2e10b68b31a24c0f:row:443,3vex|m0|A|601|-|FE|-,3vex,FE,4,3,3,0.20153704,0.05334739,0.10003443,0.64508114
sha256:4748babd2b6ac0706cd9ed4bcfd4855c8d2c5535f01813fb2e10b68b31a24c0f:row:445,2itb|m0|A|501|-|FE|-,2itb,FE,4,3,0,0.49425340,0.05901752,0.15356206,0.29316702
sha256:4748babd2b6ac0706cd9ed4bcfd4855c8d2c5535f01813fb2e10b68b31a24c0f:row:459,6e7i|m0|A|602|-|MN|-,6e7i,MN,4,0,0,0.71761413,0.05110494,0.09714005,0.13414087
sha256:4748babd2b6ac0706cd9ed4bcfd4855c8d2c5535f01813fb2e10b68b31a24c0f:row:464,6l6w|m0|A|401|-|FE|-,6l6w,FE,4,3,0,0.44336750,0.04773731,0.11316774,0.39572745
sha256:4748babd2b6ac0706cd9ed4bcfd4855c8d2c5535f01813fb2e10b68b31a24c0f:row:471,6o7l|m0|B|602|-|FE|-,6o7l,FE,4,3,3,0.25360089,0.04996125,0.12733362,0.56910424
sha256:4748babd2b6ac0706cd9ed4bcfd4855c8d2c5535f01813fb2e10b68b31a24c0f:row:472,7mk2|m0|A|701|-|ZN|-,7mk2,ZN,4,2,2,0.03703834,0.06786356,0.78981380,0.10528431
sha256:4748babd2b6ac0706cd9ed4bcfd4855c8d2c5535f01813fb2e10b68b31a24c0f:row:473,1h79|m0|A|1588|-|FE|-,1h79,FE,4,3,2,0.04568788,0.07112935,0.71900746,0.16417530
sha256:4748babd2b6ac0706cd9ed4bcfd4855c8d2c5535f01813fb2e10b68b31a24c0f:row:478,1nw2|m0|B|6002|-|ZN|-,1nw2,ZN,4,2,2,0.16373921,0.05688771,0.51676741,0.26260566
sha256:4748babd2b6ac0706cd9ed4bcfd4855c8d2c5535f01813fb2e10b68b31a24c0f:row:479,6qwo|m0|A|301|-|ZN|-,6qwo,ZN,4,2,3,0.16384478,0.06175464,0.16906164,0.60533893
sha256:4748babd2b6ac0706cd9ed4bcfd4855c8d2c5535f01813fb2e10b68b31a24c0f:row:489,3kcy|m0|A|1350|-|FE|-,3kcy,FE,4,3,3,0.22720189,0.05710689,0.27205897,0.44363225
sha256:4748babd2b6ac0706cd9ed4bcfd4855c8d2c5535f01813fb2e10b68b31a24c0f:row:496,7upn|m0|C|301|-|ZN|-,7upn,ZN,4,2,2,0.04292011,0.05312152,0.77506516,0.12889321
sha256:4748babd2b6ac0706cd9ed4bcfd4855c8d2c5535f01813fb2e10b68b31a24c0f:row:498,3bji|m0|A|1|-|ZN|-,3bji,ZN,4,2,2,0.04801174,0.05724518,0.72047556,0.17426752
sha256:4748babd2b6ac0706cd9ed4bcfd4855c8d2c5535f01813fb2e10b68b31a24c0f:row:500,4urr|m0|A|1623|-|MN|-,4urr,MN,4,0,0,0.66008369,0.04993451,0.14753479,0.14244701
sha256:4748babd2b6ac0706cd9ed4bcfd4855c8d2c5535f01813fb2e10b68b31a24c0f:row:507,2ixd|m0|A|1234|-|ZN|-,2ixd,ZN,4,2,2,0.11935311,0.06910336,0.50057823,0.31096530
sha256:4748babd2b6ac0706cd9ed4bcfd4855c8d2c5535f01813fb2e10b68b31a24c0f:row:508,1enq|m0|A|238|-|ZN|-,1enq,ZN,4,2,2,0.25925834,0.05087032,0.35923535,0.33063599
sha256:4748babd2b6ac0706cd9ed4bcfd4855c8d2c5535f01813fb2e10b68b31a24c0f:row:514,6y8z|m0|A|601|-|NI|-,6y8z,NI,4,3,2,0.19296730,0.05921723,0.52026264,0.22755283
sha256:4748babd2b6ac0706cd9ed4bcfd4855c8d2c5535f01813fb2e10b68b31a24c0f:row:522,6s0p|m0|A|301|-|FE|-,6s0p,FE,4,3,3,0.10762441,0.07194473,0.09159483,0.72883603
sha256:4748babd2b6ac0706cd9ed4bcfd4855c8d2c5535f01813fb2e10b68b31a24c0f:row:524,5y9y|m0|A|401|-|CO|-,5y9y,CO,4,3,3,0.13392558,0.07401336,0.08625072,0.70581034
sha256:4748babd2b6ac0706cd9ed4bcfd4855c8d2c5535f01813fb2e10b68b31a24c0f:row:529,3vf2|m0|A|601|-|FE|-,3vf2,FE,4,3,3,0.39612033,0.04299487,0.08546996,0.47541484
sha256:4748babd2b6ac0706cd9ed4bcfd4855c8d2c5535f01813fb2e10b68b31a24c0f:row:539,6xo3|m0|A|402|-|FE|-,6xo3,FE,4,3,3,0.15878044,0.06413075,0.06975834,0.70733046
sha256:4748babd2b6ac0706cd9ed4bcfd4855c8d2c5535f01813fb2e10b68b31a24c0f:row:540,6x11|m0|A|203|-|FE|-,6x11,FE,4,3,2,0.04432615,0.04719524,0.71620773,0.19227088
sha256:4748babd2b6ac0706cd9ed4bcfd4855c8d2c5535f01813fb2e10b68b31a24c0f:row:541,6cnb|m0|R|1001|-|ZN|-,6cnb,ZN,4,2,2,0.04119677,0.05152299,0.68579528,0.22148496
sha256:4748babd2b6ac0706cd9ed4bcfd4855c8d2c5535f01813fb2e10b68b31a24c0f:row:542,6nuf|m0|A|401|-|FE|-,6nuf,FE,4,3,3,0.26890772,0.05428867,0.27814042,0.39866319
sha256:4748babd2b6ac0706cd9ed4bcfd4855c8d2c5535f01813fb2e10b68b31a24c0f:row:548,4z82|m0|A|301|-|FE|-,4z82,FE,4,3,3,0.12429339,0.08686867,0.30931798,0.47951996
sha256:4748babd2b6ac0706cd9ed4bcfd4855c8d2c5535f01813fb2e10b68b31a24c0f:row:552,7u75|m0|A|501|-|MN|-,7u75,MN,4,0,0,0.68784052,0.03690812,0.09664570,0.17860566
sha256:4748babd2b6ac0706cd9ed4bcfd4855c8d2c5535f01813fb2e10b68b31a24c0f:row:559,8ajq|m0|A|206|-|ZN|-,8ajq,ZN,4,2,2,0.04867447,0.05350887,0.73285550,0.16496116
sha256:4748babd2b6ac0706cd9ed4bcfd4855c8d2c5535f01813fb2e10b68b31a24c0f:row:571,6xn6|m0|A|405|-|FE|-,6xn6,FE,4,3,3,0.17001892,0.06032627,0.06137618,0.70827863
sha256:4748babd2b6ac0706cd9ed4bcfd4855c8d2c5535f01813fb2e10b68b31a24c0f:row:572,5sbi|m0|C|101|-|CO|-,5sbi,CO,4,3,2,0.04488127,0.05664225,0.51775218,0.38072429
sha256:4748babd2b6ac0706cd9ed4bcfd4855c8d2c5535f01813fb2e10b68b31a24c0f:row:578,6lz1|m0|A|1201|-|ZN|-,6lz1,ZN,4,2,2,0.19569809,0.08933283,0.51538200,0.19958709
sha256:4748babd2b6ac0706cd9ed4bcfd4855c8d2c5535f01813fb2e10b68b31a24c0f:row:579,4m6r|m0|A|301|-|ZN|-,4m6r,ZN,4,2,3,0.09117088,0.08213255,0.08257356,0.74412301
sha256:4748babd2b6ac0706cd9ed4bcfd4855c8d2c5535f01813fb2e10b68b31a24c0f:row:589,8fjm|m0|A|302|-|ZN|-,8fjm,ZN,4,2,2,0.04557820,0.06291747,0.77153996,0.11996438
sha256:4748babd2b6ac0706cd9ed4bcfd4855c8d2c5535f01813fb2e10b68b31a24c0f:row:590,3fc3|m0|A|302|-|ZN|-,3fc3,ZN,4,2,2,0.04867721,0.05475522,0.80292804,0.09363954
sha256:4748babd2b6ac0706cd9ed4bcfd4855c8d2c5535f01813fb2e10b68b31a24c0f:row:592,6t6j|m0|A|302|-|NI|-,6t6j,NI,4,3,3,0.07776082,0.07747106,0.08013124,0.76463688
sha256:4748babd2b6ac0706cd9ed4bcfd4855c8d2c5535f01813fb2e10b68b31a24c0f:row:602,4ht4|m0|A|201|-|NI|-,4ht4,NI,4,3,3,0.05428005,0.14647063,0.26006898,0.53918033
sha256:4748babd2b6ac0706cd9ed4bcfd4855c8d2c5535f01813fb2e10b68b31a24c0f:row:607,2p2l|m0|A|901|-|ZN|-,2p2l,ZN,4,2,2,0.14506588,0.05093006,0.63941695,0.16458711
sha256:4748babd2b6ac0706cd9ed4bcfd4855c8d2c5535f01813fb2e10b68b31a24c0f:row:610,2xev|m0|A|1123|-|ZN|-,2xev,ZN,4,2,2,0.09217437,0.06177025,0.66293136,0.18312402
sha256:4748babd2b6ac0706cd9ed4bcfd4855c8d2c5535f01813fb2e10b68b31a24c0f:row:613,6bh3|m0|A|602|-|MN|-,6bh3,MN,4,0,3,0.36301779,0.04418617,0.05865069,0.53414535
sha256:4748babd2b6ac0706cd9ed4bcfd4855c8d2c5535f01813fb2e10b68b31a24c0f:row:628,5ln5|m0|B|201|-|NI|-,5ln5,NI,4,3,3,0.11105506,0.11269029,0.30536199,0.47089266
sha256:4748babd2b6ac0706cd9ed4bcfd4855c8d2c5535f01813fb2e10b68b31a24c0f:row:639,8cjc|m0|B|803|-|NI|-,8cjc,NI,4,3,3,0.04324471,0.08392546,0.37870624,0.49412359
sha256:4748babd2b6ac0706cd9ed4bcfd4855c8d2c5535f01813fb2e10b68b31a24c0f:row:641,1btk|m0|A|1|-|ZN|-,1btk,ZN,4,2,2,0.03830195,0.15375536,0.50199456,0.30594814
sha256:4748babd2b6ac0706cd9ed4bcfd4855c8d2c5535f01813fb2e10b68b31a24c0f:row:644,5mtc|m0|A|201|-|ZN|-,5mtc,ZN,4,2,3,0.22984440,0.10693634,0.25676130,0.40645795
sha256:4748babd2b6ac0706cd9ed4bcfd4855c8d2c5535f01813fb2e10b68b31a24c0f:row:648,6p5q|m0|A|303|-|FE|-,6p5q,FE,4,3,3,0.16319702,0.07251111,0.27797348,0.48631838
sha256:4748babd2b6ac0706cd9ed4bcfd4855c8d2c5535f01813fb2e10b68b31a24c0f:row:651,8eno|m0|D|601|-|FE|-,8eno,FE,4,3,2,0.24221826,0.04908323,0.51459773,0.19410078
sha256:4748babd2b6ac0706cd9ed4bcfd4855c8d2c5535f01813fb2e10b68b31a24c0f:row:654,8ey4|m0|I|101|-|FE|-,8ey4,FE,4,3,2,0.05642156,0.04979326,0.76155269,0.13223249
sha256:4748babd2b6ac0706cd9ed4bcfd4855c8d2c5535f01813fb2e10b68b31a24c0f:row:655,1hb2|m0|A|1334|-|FE|-,1hb2,FE,4,3,3,0.13239044,0.05359836,0.06322582,0.75078537
sha256:4748babd2b6ac0706cd9ed4bcfd4855c8d2c5535f01813fb2e10b68b31a24c0f:row:663,4d7v|m0|B|1228|-|ZN|-,4d7v,ZN,4,2,2,0.08030119,0.19423058,0.39682291,0.32864532
sha256:4748babd2b6ac0706cd9ed4bcfd4855c8d2c5535f01813fb2e10b68b31a24c0f:row:665,4fah|m0|A|401|-|FE|-,4fah,FE,4,3,3,0.07663036,0.11693403,0.14004948,0.66638613
sha256:4748babd2b6ac0706cd9ed4bcfd4855c8d2c5535f01813fb2e10b68b31a24c0f:row:668,6j63|m0|A|501|-|FE|-,6j63,FE,4,3,3,0.15774731,0.06160885,0.21691470,0.56372914
sha256:4748babd2b6ac0706cd9ed4bcfd4855c8d2c5535f01813fb2e10b68b31a24c0f:row:670,3hci|m0|A|1000|-|ZN|-,3hci,ZN,4,2,2,0.04111411,0.05778696,0.72981657,0.17128236
sha256:4748babd2b6ac0706cd9ed4bcfd4855c8d2c5535f01813fb2e10b68b31a24c0f:row:676,5k73|m0|A|402|-|ZN|-,5k73,ZN,4,2,2,0.20767342,0.14750729,0.47738783,0.16743146
sha256:4748babd2b6ac0706cd9ed4bcfd4855c8d2c5535f01813fb2e10b68b31a24c0f:row:681,6y9d|m0|A|401|-|FE|-,6y9d,FE,4,3,3,0.15220181,0.05325391,0.12006654,0.67447774
sha256:4748babd2b6ac0706cd9ed4bcfd4855c8d2c5535f01813fb2e10b68b31a24c0f:row:684,4z1v|m0|A|604|-|FE|-,4z1v,FE,4,3,3,0.10777323,0.06836053,0.31729732,0.50656892
sha256:4748babd2b6ac0706cd9ed4bcfd4855c8d2c5535f01813fb2e10b68b31a24c0f:row:698,6u4v|m0|A|301|-|FE|-,6u4v,FE,4,3,2,0.05185190,0.21897602,0.48630764,0.24286444
sha256:4748babd2b6ac0706cd9ed4bcfd4855c8d2c5535f01813fb2e10b68b31a24c0f:row:700,5xqz|m0|A|1001|-|ZN|-,5xqz,ZN,4,2,2,0.03537149,0.19256938,0.67834085,0.09371828
sha256:4748babd2b6ac0706cd9ed4bcfd4855c8d2c5535f01813fb2e10b68b31a24c0f:row:703,2o6i|m0|A|501|-|ZN|-,2o6i,ZN,4,2,3,0.10371342,0.06474009,0.12961123,0.70193526
sha256:4748babd2b6ac0706cd9ed4bcfd4855c8d2c5535f01813fb2e10b68b31a24c0f:row:708,2ivi|m0|B|1335|-|FE|-,2ivi,FE,4,3,3,0.12900928,0.06098466,0.07323704,0.73676901
sha256:4748babd2b6ac0706cd9ed4bcfd4855c8d2c5535f01813fb2e10b68b31a24c0f:row:716,2x3b|m0|A|1341|-|ZN|-,2x3b,ZN,4,2,2,0.06655734,0.10063008,0.45568162,0.37713095
sha256:4748babd2b6ac0706cd9ed4bcfd4855c8d2c5535f01813fb2e10b68b31a24c0f:row:720,7lc7|m0|A|303|-|FE|-,7lc7,FE,4,3,2,0.05834786,0.10452315,0.72051476,0.11661423
sha256:4748babd2b6ac0706cd9ed4bcfd4855c8d2c5535f01813fb2e10b68b31a24c0f:row:725,6wfi|m0|A|201|-|CO|-,6wfi,CO,4,3,3,0.18327176,0.04397369,0.09410816,0.67864639
sha256:4748babd2b6ac0706cd9ed4bcfd4855c8d2c5535f01813fb2e10b68b31a24c0f:row:741,5tk5|m0|A|301|-|FE|-,5tk5,FE,4,3,3,0.21925142,0.06527254,0.34358108,0.37189497
sha256:4748babd2b6ac0706cd9ed4bcfd4855c8d2c5535f01813fb2e10b68b31a24c0f:row:744,4gbd|m0|A|503|-|ZN|-,4gbd,ZN,4,2,3,0.38715629,0.04893156,0.17137793,0.39253422
sha256:4748babd2b6ac0706cd9ed4bcfd4855c8d2c5535f01813fb2e10b68b31a24c0f:row:747,6e87|m0|A|301|-|FE|-,6e87,FE,4,3,3,0.14945981,0.07273719,0.10519230,0.67261070
sha256:4748babd2b6ac0706cd9ed4bcfd4855c8d2c5535f01813fb2e10b68b31a24c0f:row:749,5syd|m0|A|202|-|CU|-,5syd,CU,4,1,1,0.12622125,0.58038692,0.20493772,0.08845412
sha256:4748babd2b6ac0706cd9ed4bcfd4855c8d2c5535f01813fb2e10b68b31a24c0f:row:753,2fdg|m0|A|300|-|FE|-,2fdg,FE,4,3,3,0.16602591,0.07065149,0.07600049,0.68732212
sha256:4748babd2b6ac0706cd9ed4bcfd4855c8d2c5535f01813fb2e10b68b31a24c0f:row:754,4k1r|m0|A|503|-|ZN|-,4k1r,ZN,4,2,2,0.04153170,0.13213235,0.58457660,0.24175936
sha256:4748babd2b6ac0706cd9ed4bcfd4855c8d2c5535f01813fb2e10b68b31a24c0f:row:757,1hr6|m0|B|501|-|ZN|-,1hr6,ZN,4,2,3,0.10332991,0.06687716,0.20347802,0.62631491
sha256:4748babd2b6ac0706cd9ed4bcfd4855c8d2c5535f01813fb2e10b68b31a24c0f:row:761,6deh|m0|A|402|-|NI|-,6deh,NI,4,3,1,0.04581931,0.34684343,0.27284080,0.33449647
sha256:4748babd2b6ac0706cd9ed4bcfd4855c8d2c5535f01813fb2e10b68b31a24c0f:row:765,5zyw|m0|A|402|-|MN|-,5zyw,MN,4,0,0,0.43660991,0.04017028,0.10224471,0.42097509
sha256:4748babd2b6ac0706cd9ed4bcfd4855c8d2c5535f01813fb2e10b68b31a24c0f:row:767,2wjd|m0|A|1253|-|MN|-,2wjd,MN,4,0,2,0.27065390,0.08596384,0.50396114,0.13942112
sha256:4748babd2b6ac0706cd9ed4bcfd4855c8d2c5535f01813fb2e10b68b31a24c0f:row:768,3nst|m0|A|369|-|FE|-,3nst,FE,4,3,3,0.09996616,0.11150789,0.13289492,0.65563104
sha256:4748babd2b6ac0706cd9ed4bcfd4855c8d2c5535f01813fb2e10b68b31a24c0f:row:776,5yox|m0|A|300|-|ZN|-,5yox,ZN,4,2,3,0.23291484,0.08895310,0.14937173,0.52876033
sha256:4748babd2b6ac0706cd9ed4bcfd4855c8d2c5535f01813fb2e10b68b31a24c0f:row:779,5mwl|m0|A|503|-|ZN|-,5mwl,ZN,4,2,2,0.05716242,0.08603711,0.66892267,0.18787781
sha256:4748babd2b6ac0706cd9ed4bcfd4855c8d2c5535f01813fb2e10b68b31a24c0f:row:789,4i6v|m0|A|501|-|ZN|-,4i6v,ZN,4,2,3,0.14075125,0.06869317,0.12627641,0.66427917
sha256:4748babd2b6ac0706cd9ed4bcfd4855c8d2c5535f01813fb2e10b68b31a24c0f:row:793,2uyu|m0|A|1276|-|FE|-,2uyu,FE,4,3,3,0.13507610,0.04703282,0.30918988,0.50870121
sha256:4748babd2b6ac0706cd9ed4bcfd4855c8d2c5535f01813fb2e10b68b31a24c0f:row:795,2w0x|m0|A|1350|-|FE|-,2w0x,FE,4,3,3,0.20449110,0.05980170,0.09405216,0.64165504
sha256:4748babd2b6ac0706cd9ed4bcfd4855c8d2c5535f01813fb2e10b68b31a24c0f:row:811,6z74|m0|A|301|-|ZN|-,6z74,ZN,4,2,3,0.11556145,0.09428498,0.08303043,0.70712313
sha256:4748babd2b6ac0706cd9ed4bcfd4855c8d2c5535f01813fb2e10b68b31a24c0f:row:833,6bh5|m0|A|602|-|MN|-,6bh5,MN,4,0,3,0.42082781,0.04611150,0.06305091,0.47000978
sha256:4748babd2b6ac0706cd9ed4bcfd4855c8d2c5535f01813fb2e10b68b31a24c0f:row:836,6bvp|m0|A|201|-|FE|-,6bvp,FE,4,3,2,0.05531542,0.05893919,0.71130585,0.17443954
sha256:4748babd2b6ac0706cd9ed4bcfd4855c8d2c5535f01813fb2e10b68b31a24c0f:row:843,1dq6|m0|A|301|-|MN|-,1dq6,MN,4,0,0,0.79465862,0.03711771,0.05793024,0.11029343
sha256:4748babd2b6ac0706cd9ed4bcfd4855c8d2c5535f01813fb2e10b68b31a24c0f:row:847,2faw|m0|A|1001|-|ZN|-,2faw,ZN,4,2,0,0.35890056,0.07765165,0.21358700,0.34986079
sha256:4748babd2b6ac0706cd9ed4bcfd4855c8d2c5535f01813fb2e10b68b31a24c0f:row:848,2vcm|m0|A|1332|-|FE|-,2vcm,FE,4,3,3,0.12373687,0.06195149,0.11818063,0.69613102
sha256:4748babd2b6ac0706cd9ed4bcfd4855c8d2c5535f01813fb2e10b68b31a24c0f:row:857,1zt2|m0|A|999|-|ZN|-,1zt2,ZN,4,2,2,0.05468930,0.05805472,0.73370763,0.15354835
sha256:4748babd2b6ac0706cd9ed4bcfd4855c8d2c5535f01813fb2e10b68b31a24c0f:row:860,7c4c|m0|A|407|-|MN|-,7c4c,MN,4,0,0,0.54650951,0.04706238,0.23378952,0.17263859
sha256:4748babd2b6ac0706cd9ed4bcfd4855c8d2c5535f01813fb2e10b68b31a24c0f:row:868,1wra|m0|A|402|-|FE|-,1wra,FE,4,3,3,0.21805800,0.05192940,0.17480354,0.55520907
sha256:4748babd2b6ac0706cd9ed4bcfd4855c8d2c5535f01813fb2e10b68b31a24c0f:row:890,2yde|m0|A|501|-|FE|-,2yde,FE,4,3,3,0.27246400,0.06083094,0.10095649,0.56574858
sha256:4748babd2b6ac0706cd9ed4bcfd4855c8d2c5535f01813fb2e10b68b31a24c0f:row:891,5kg2|m0|A|501|-|MN|-,5kg2,MN,4,0,0,0.67614503,0.03246761,0.18943428,0.10195307
sha256:4748babd2b6ac0706cd9ed4bcfd4855c8d2c5535f01813fb2e10b68b31a24c0f:row:898,3iar|m0|A|1|-|NI|-,3iar,NI,4,3,3,0.12198602,0.11367643,0.18086673,0.58347082
sha256:4748babd2b6ac0706cd9ed4bcfd4855c8d2c5535f01813fb2e10b68b31a24c0f:row:900,8bbk|m0|A|401|-|ZN|-,8bbk,ZN,4,2,2,0.04190552,0.05569117,0.74388798,0.15851534
sha256:4748babd2b6ac0706cd9ed4bcfd4855c8d2c5535f01813fb2e10b68b31a24c0f:row:902,2bwt|m0|A|1441|-|MN|-,2bwt,MN,4,0,0,0.46485415,0.04275810,0.31685960,0.17552815
sha256:4748babd2b6ac0706cd9ed4bcfd4855c8d2c5535f01813fb2e10b68b31a24c0f:row:903,5u7h|m0|A|204|-|NI|-,5u7h,NI,4,3,3,0.20447712,0.04168805,0.29029601,0.46353882
sha256:4748babd2b6ac0706cd9ed4bcfd4855c8d2c5535f01813fb2e10b68b31a24c0f:row:904,1qhq|m0|A|141|-|CU|-,1qhq,CU,4,1,2,0.03629683,0.41002832,0.47172934,0.08194552
sha256:4748babd2b6ac0706cd9ed4bcfd4855c8d2c5535f01813fb2e10b68b31a24c0f:row:908,8hjy|m0|A|201|-|CU|-,8hjy,CU,4,1,3,0.26105458,0.11510041,0.24336456,0.38048045
sha256:4748babd2b6ac0706cd9ed4bcfd4855c8d2c5535f01813fb2e10b68b31a24c0f:row:923,2imz|m0|A|501|-|ZN|-,2imz,ZN,4,2,2,0.10363857,0.12835946,0.55111072,0.21689125
sha256:4748babd2b6ac0706cd9ed4bcfd4855c8d2c5535f01813fb2e10b68b31a24c0f:row:933,3ssb|m0|A|999|-|ZN|-,3ssb,ZN,4,2,2,0.10542614,0.09179872,0.51577549,0.28699965
sha256:4748babd2b6ac0706cd9ed4bcfd4855c8d2c5535f01813fb2e10b68b31a24c0f:row:934,6lks|m0|K|415|-|ZN|-,6lks,ZN,4,2,3,0.22428732,0.05577496,0.25584562,0.46409210
sha256:4748babd2b6ac0706cd9ed4bcfd4855c8d2c5535f01813fb2e10b68b31a24c0f:row:941,3pw3|m0|A|406|-|ZN|-,3pw3,ZN,4,2,2,0.04030788,0.14774262,0.42614132,0.38580819
sha256:4748babd2b6ac0706cd9ed4bcfd4855c8d2c5535f01813fb2e10b68b31a24c0f:row:944,3b90|m0|A|711|-|ZN|-,3b90,ZN,4,2,2,0.14371783,0.05393569,0.63656041,0.16578607
sha256:4748babd2b6ac0706cd9ed4bcfd4855c8d2c5535f01813fb2e10b68b31a24c0f:row:966,5a29|m0|A|601|-|MN|-,5a29,MN,4,0,3,0.29878053,0.05197662,0.07832621,0.57091665
sha256:4748babd2b6ac0706cd9ed4bcfd4855c8d2c5535f01813fb2e10b68b31a24c0f:row:967,7qoe|m0|A|301|-|MN|-,7qoe,MN,4,0,3,0.38286781,0.04539808,0.06696498,0.50476913
sha256:4748babd2b6ac0706cd9ed4bcfd4855c8d2c5535f01813fb2e10b68b31a24c0f:row:978,5i0v|m0|A|201|-|FE|-,5i0v,FE,4,3,3,0.33112944,0.03711142,0.28712743,0.34463170
sha256:4748babd2b6ac0706cd9ed4bcfd4855c8d2c5535f01813fb2e10b68b31a24c0f:row:981,1yip|m0|A|357|-|CU|-,1yip,CU,4,1,1,0.03479978,0.46105637,0.39925236,0.10489149
sha256:4748babd2b6ac0706cd9ed4bcfd4855c8d2c5535f01813fb2e10b68b31a24c0f:row:987,8slg|m0|A|502|-|ZN|-,8slg,ZN,4,2,2,0.04337597,0.05186934,0.76427146,0.14048323
sha256:4748babd2b6ac0706cd9ed4bcfd4855c8d2c5535f01813fb2e10b68b31a24c0f:row:990,1w2a|m0|X|1302|-|FE|-,1w2a,FE,4,3,3,0.16618680,0.04651583,0.09950141,0.68779596
sha256:4748babd2b6ac0706cd9ed4bcfd4855c8d2c5535f01813fb2e10b68b31a24c0f:row:992,3sh3|m0|A|238|-|MN|-,3sh3,MN,4,0,0,0.73208013,0.04613803,0.09036531,0.13141653
sha256:4748babd2b6ac0706cd9ed4bcfd4855c8d2c5535f01813fb2e10b68b31a24c0f:row:1003,6hpo|m0|A|501|-|FE|-,6hpo,FE,4,3,3,0.12528289,0.04807113,0.29938094,0.52726504
sha256:4748babd2b6ac0706cd9ed4bcfd4855c8d2c5535f01813fb2e10b68b31a24c0f:row:1009,2dro|m0|A|1400|-|NI|-,2dro,NI,4,3,2,0.07828629,0.06136560,0.66133078,0.19901733
sha256:4748babd2b6ac0706cd9ed4bcfd4855c8d2c5535f01813fb2e10b68b31a24c0f:row:1011,4diq|m0|A|700|-|NI|-,4diq,NI,4,3,3,0.13756372,0.06502980,0.08702487,0.71038161
sha256:4748babd2b6ac0706cd9ed4bcfd4855c8d2c5535f01813fb2e10b68b31a24c0f:row:1016,4la2|m0|A|201|-|ZN|-,4la2,ZN,4,2,3,0.17519918,0.06271265,0.08875547,0.67333270
sha256:4748babd2b6ac0706cd9ed4bcfd4855c8d2c5535f01813fb2e10b68b31a24c0f:row:1018,8ij1|m0|D|701|-|ZN|-,8ij1,ZN,4,2,2,0.05686728,0.17133953,0.56950540,0.20228779
sha256:4748babd2b6ac0706cd9ed4bcfd4855c8d2c5535f01813fb2e10b68b31a24c0f:row:1020,6oby|m0|A|302|-|CO|-,6oby,CO,4,3,3,0.04424693,0.05841308,0.42055866,0.47678133
sha256:4748babd2b6ac0706cd9ed4bcfd4855c8d2c5535f01813fb2e10b68b31a24c0f:row:1023,5x7r|m0|A|1502|-|NI|-,5x7r,NI,4,3,2,0.12435695,0.09284371,0.42722643,0.35557291
sha256:4748babd2b6ac0706cd9ed4bcfd4855c8d2c5535f01813fb2e10b68b31a24c0f:row:1025,1iae|m0|A|999|-|NI|-,1iae,NI,4,3,3,0.08727314,0.13736615,0.29706804,0.47829267
sha256:4748babd2b6ac0706cd9ed4bcfd4855c8d2c5535f01813fb2e10b68b31a24c0f:row:1028,5fru|m0|A|1209|-|ZN|-,5fru,ZN,4,2,2,0.07706335,0.06216165,0.70210630,0.15866870
sha256:4748babd2b6ac0706cd9ed4bcfd4855c8d2c5535f01813fb2e10b68b31a24c0f:row:1030,6vlo|m0|C|403|-|NI|-,6vlo,NI,4,3,3,0.26217614,0.09394949,0.17433628,0.46953809
sha256:4748babd2b6ac0706cd9ed4bcfd4855c8d2c5535f01813fb2e10b68b31a24c0f:row:1041,3eph|m0|A|1|-|ZN|-,3eph,ZN,4,2,2,0.03930594,0.12451550,0.71033448,0.12584408
sha256:4748babd2b6ac0706cd9ed4bcfd4855c8d2c5535f01813fb2e10b68b31a24c0f:row:1045,6smk|m0|A|201|-|ZN|-,6smk,ZN,4,2,2,0.06662190,0.11832522,0.40947398,0.40557890
sha256:4748babd2b6ac0706cd9ed4bcfd4855c8d2c5535f01813fb2e10b68b31a24c0f:row:1051,5lc8|m0|A|701|-|FE|-,5lc8,FE,4,3,3,0.14562084,0.07579935,0.08509182,0.69348798
sha256:4748babd2b6ac0706cd9ed4bcfd4855c8d2c5535f01813fb2e10b68b31a24c0f:row:1061,1o7g|m0|A|1453|-|FE|-,1o7g,FE,4,3,3,0.09560542,0.07491470,0.23895590,0.59052397
sha256:4748babd2b6ac0706cd9ed4bcfd4855c8d2c5535f01813fb2e10b68b31a24c0f:row:1069,5xt3|m0|B|701|-|MN|-,5xt3,MN,4,0,0,0.78499129,0.03505659,0.07670622,0.10324590
sha256:4748babd2b6ac0706cd9ed4bcfd4855c8d2c5535f01813fb2e10b68b31a24c0f:row:1070,6xbq|m0|A|201|-|CO|-,6xbq,CO,4,3,3,0.15831636,0.06265892,0.12129272,0.65773200
sha256:4748babd2b6ac0706cd9ed4bcfd4855c8d2c5535f01813fb2e10b68b31a24c0f:row:1074,7ood|m0|y|102|-|ZN|-,7ood,ZN,4,2,2,0.04671330,0.08518787,0.76364527,0.10445356
sha256:4748babd2b6ac0706cd9ed4bcfd4855c8d2c5535f01813fb2e10b68b31a24c0f:row:1103,1ltz|m0|A|400|-|FE|-,1ltz,FE,4,3,3,0.35751479,0.04623439,0.08811095,0.50813986
sha256:4748babd2b6ac0706cd9ed4bcfd4855c8d2c5535f01813fb2e10b68b31a24c0f:row:1111,7v34|m0|A|408|-|FE|-,7v34,FE,4,3,3,0.18244982,0.04514202,0.07345581,0.69895234
sha256:4748babd2b6ac0706cd9ed4bcfd4855c8d2c5535f01813fb2e10b68b31a24c0f:row:1113,7vp8|m0|A|201|-|FE|-,7vp8,FE,4,3,2,0.32290302,0.04537290,0.40528006,0.22644402
sha256:4748babd2b6ac0706cd9ed4bcfd4855c8d2c5535f01813fb2e10b68b31a24c0f:row:1114,3vet|m0|A|607|-|FE|-,3vet,FE,4,3,3,0.29643783,0.04253354,0.24666822,0.41436041
sha256:4748babd2b6ac0706cd9ed4bcfd4855c8d2c5535f01813fb2e10b68b31a24c0f:row:1122,2py7|m0|X|1001|-|MN|-,2py7,MN,4,0,2,0.24361721,0.08954728,0.55033915,0.11649636
sha256:4748babd2b6ac0706cd9ed4bcfd4855c8d2c5535f01813fb2e10b68b31a24c0f:row:1124,3sip|m0|E|1|-|ZN|-,3sip,ZN,4,2,2,0.05160173,0.11748303,0.74188262,0.08903262
sha256:4748babd2b6ac0706cd9ed4bcfd4855c8d2c5535f01813fb2e10b68b31a24c0f:row:1130,6y0o|m0|A|404|-|FE|-,6y0o,FE,4,3,3,0.12433830,0.08640277,0.10796834,0.68129059
sha256:4748babd2b6ac0706cd9ed4bcfd4855c8d2c5535f01813fb2e10b68b31a24c0f:row:1131,1nnq|m0|A|200|-|ZN|-,1nnq,ZN,4,2,2,0.04360713,0.05724555,0.48993190,0.40921542
sha256:4748babd2b6ac0706cd9ed4bcfd4855c8d2c5535f01813fb2e10b68b31a24c0f:row:1132,4jfn|m0|A|201|-|CU|-,4jfn,CU,4,1,3,0.07216290,0.13891311,0.22323688,0.56568711
sha256:4748babd2b6ac0706cd9ed4bcfd4855c8d2c5535f01813fb2e10b68b31a24c0f:row:1135,5l01|m0|A|501|-|FE|-,5l01,FE,4,3,3,0.11058072,0.04332709,0.27491376,0.57117843
sha256:4748babd2b6ac0706cd9ed4bcfd4855c8d2c5535f01813fb2e10b68b31a24c0f:row:1141,5ero|m0|A|802|-|CO|-,5ero,CO,4,3,2,0.18188611,0.04935187,0.45737772,0.31138430
sha256:4748babd2b6ac0706cd9ed4bcfd4855c8d2c5535f01813fb2e10b68b31a24c0f:row:1146,2er8|m0|A|104|-|ZN|-,2er8,ZN,4,2,2,0.04302680,0.07883937,0.71188675,0.16624708
sha256:4748babd2b6ac0706cd9ed4bcfd4855c8d2c5535f01813fb2e10b68b31a24c0f:row:1147,4q0s|m0|A|501|-|CO|-,4q0s,CO,4,3,3,0.35465324,0.07992752,0.07983628,0.48558296
sha256:4748babd2b6ac0706cd9ed4bcfd4855c8d2c5535f01813fb2e10b68b31a24c0f:row:1157,7su2|m0|D|202|-|CO|-,7su2,CO,4,3,3,0.21167673,0.05585001,0.15567745,0.57679581
sha256:4748babd2b6ac0706cd9ed4bcfd4855c8d2c5535f01813fb2e10b68b31a24c0f:row:1172,4kwj|m0|A|301|-|FE|-,4kwj,FE,4,3,2,0.04520624,0.20866693,0.38786595,0.35826088
sha256:4748babd2b6ac0706cd9ed4bcfd4855c8d2c5535f01813fb2e10b68b31a24c0f:row:1183,6u1m|m0|A|301|-|FE|-,6u1m,FE,4,3,3,0.05937029,0.07964156,0.10240403,0.75858412
sha256:4748babd2b6ac0706cd9ed4bcfd4855c8d2c5535f01813fb2e10b68b31a24c0f:row:1186,5i91|m0|A|201|-|NI|-,5i91,NI,4,3,3,0.11490275,0.05427572,0.10052604,0.73029550
sha256:4748babd2b6ac0706cd9ed4bcfd4855c8d2c5535f01813fb2e10b68b31a24c0f:row:1188,6knb|m0|B|1401|-|ZN|-,6knb,ZN,4,2,2,0.04371320,0.09121390,0.73738059,0.12769231
sha256:4748babd2b6ac0706cd9ed4bcfd4855c8d2c5535f01813fb2e10b68b31a24c0f:row:1219,7ni5|m0|A|3103|-|ZN|-,7ni5,ZN,4,2,1,0.03763792,0.44137687,0.40463091,0.11635430
sha256:4748babd2b6ac0706cd9ed4bcfd4855c8d2c5535f01813fb2e10b68b31a24c0f:row:1222,1hjf|m0|A|1310|-|FE|-,1hjf,FE,4,3,3,0.23500161,0.05075912,0.13188006,0.58235921
sha256:4748babd2b6ac0706cd9ed4bcfd4855c8d2c5535f01813fb2e10b68b31a24c0f:row:1227,3tk2|m0|A|299|-|CO|-,3tk2,CO,4,3,3,0.07719248,0.06217755,0.14408396,0.71654601
sha256:4748babd2b6ac0706cd9ed4bcfd4855c8d2c5535f01813fb2e10b68b31a24c0f:row:1240,7nlk|m0|A|401|-|ZN|-,7nlk,ZN,4,2,2,0.11034807,0.10396287,0.54820579,0.23748327
sha256:4748babd2b6ac0706cd9ed4bcfd4855c8d2c5535f01813fb2e10b68b31a24c0f:row:1241,4hx2|m0|B|501|-|ZN|-,4hx2,ZN,4,2,2,0.09743270,0.09678015,0.52024030,0.28554686
sha256:4748babd2b6ac0706cd9ed4bcfd4855c8d2c5535f01813fb2e10b68b31a24c0f:row:1244,1h2l|m0|A|1350|-|FE|-,1h2l,FE,4,3,3,0.10592376,0.09437746,0.19125057,0.60844821
sha256:4748babd2b6ac0706cd9ed4bcfd4855c8d2c5535f01813fb2e10b68b31a24c0f:row:1245,4g2c|m0|A|502|-|MN|-,4g2c,MN,4,0,0,0.62645926,0.09559244,0.16247783,0.11547047
sha256:4748babd2b6ac0706cd9ed4bcfd4855c8d2c5535f01813fb2e10b68b31a24c0f:row:1248,5j6d|m0|A|501|-|FE|-,5j6d,FE,4,3,3,0.10691706,0.05374751,0.07687318,0.76246224
sha256:4748babd2b6ac0706cd9ed4bcfd4855c8d2c5535f01813fb2e10b68b31a24c0f:row:1264,5h0o|m0|A|201|-|MN|-,5h0o,MN,4,0,2,0.07822438,0.04304833,0.76274033,0.11598696
sha256:4748babd2b6ac0706cd9ed4bcfd4855c8d2c5535f01813fb2e10b68b31a24c0f:row:1267,4h1s|m0|A|603|-|ZN|-,4h1s,ZN,4,2,3,0.26919994,0.06948826,0.19293383,0.46837798
sha256:4748babd2b6ac0706cd9ed4bcfd4855c8d2c5535f01813fb2e10b68b31a24c0f:row:1269,3nvc|m0|A|369|-|FE|-,3nvc,FE,4,3,3,0.06494212,0.20225183,0.22459906,0.50820699
sha256:4748babd2b6ac0706cd9ed4bcfd4855c8d2c5535f01813fb2e10b68b31a24c0f:row:1274,3wsd|m0|A|301|-|FE|-,3wsd,FE,4,3,2,0.13754146,0.16045164,0.38179567,0.32021124
sha256:4748babd2b6ac0706cd9ed4bcfd4855c8d2c5535f01813fb2e10b68b31a24c0f:row:1276,4xca|m0|A|301|-|NI|-,4xca,NI,4,3,3,0.11434980,0.05592346,0.13068271,0.69904404
sha256:4748babd2b6ac0706cd9ed4bcfd4855c8d2c5535f01813fb2e10b68b31a24c0f:row:1279,7u7z|m0|A|501|-|MN|-,7u7z,MN,4,0,0,0.76555226,0.03733994,0.08714594,0.10996187
sha256:4748babd2b6ac0706cd9ed4bcfd4855c8d2c5535f01813fb2e10b68b31a24c0f:row:1285,4xac|m0|A|301|-|NI|-,4xac,NI,4,3,3,0.09830205,0.07749416,0.11295368,0.71125011
sha256:4748babd2b6ac0706cd9ed4bcfd4855c8d2c5535f01813fb2e10b68b31a24c0f:row:1311,4rny|m0|A|501|-|ZN|-,4rny,ZN,4,2,2,0.11542980,0.08891969,0.54376401,0.25188649
sha256:4748babd2b6ac0706cd9ed4bcfd4855c8d2c5535f01813fb2e10b68b31a24c0f:row:1314,1qny|m0|A|301|-|MN|-,1qny,MN,4,0,0,0.81405098,0.03610753,0.06019868,0.08964281
sha256:4748babd2b6ac0706cd9ed4bcfd4855c8d2c5535f01813fb2e10b68b31a24c0f:row:1316,3nqw|m0|B|300|-|MN|-,3nqw,MN,4,0,0,0.71627834,0.04625929,0.06916353,0.16829884
sha256:4748babd2b6ac0706cd9ed4bcfd4855c8d2c5535f01813fb2e10b68b31a24c0f:row:1328,7u7i|m0|A|501|-|MN|-,7u7i,MN,4,0,0,0.72089702,0.03511318,0.07786603,0.16612377
sha256:4748babd2b6ac0706cd9ed4bcfd4855c8d2c5535f01813fb2e10b68b31a24c0f:row:1330,3fid|m0|A|300|-|ZN|-,3fid,ZN,4,2,3,0.25942152,0.11453387,0.30957322,0.31647140
sha256:4748babd2b6ac0706cd9ed4bcfd4855c8d2c5535f01813fb2e10b68b31a24c0f:row:1332,2uxf|m0|A|1123|-|CU|-,2uxf,CU,4,1,1,0.04556878,0.54962979,0.28798841,0.11681302
sha256:4748babd2b6ac0706cd9ed4bcfd4855c8d2c5535f01813fb2e10b68b31a24c0f:row:1336,1pyi|m0|A|22|-|ZN|-,1pyi,ZN,4,2,2,0.05802783,0.06073219,0.70989747,0.17134250
sha256:4748babd2b6ac0706cd9ed4bcfd4855c8d2c5535f01813fb2e10b68b31a24c0f:row:1340,4q0q|m0|A|501|-|CO|-,4q0q,CO,4,3,3,0.25083550,0.08409618,0.10573579,0.55933253
sha256:4748babd2b6ac0706cd9ed4bcfd4855c8d2c5535f01813fb2e10b68b31a24c0f:row:1345,1gy9|m0|A|300|-|FE|-,1gy9,FE,4,3,3,0.14906424,0.05935707,0.27210395,0.51947474
sha256:4748babd2b6ac0706cd9ed4bcfd4855c8d2c5535f01813fb2e10b68b31a24c0f:row:1348,1evl|m0|A|1|-|ZN|-,1evl,ZN,4,2,3,0.12192866,0.10245618,0.37451926,0.40109590
sha256:4748babd2b6ac0706cd9ed4bcfd4855c8d2c5535f01813fb2e10b68b31a24c0f:row:1351,3csq|m0|A|335|-|ZN|-,3csq,ZN,4,2,2,0.08196207,0.10532094,0.51212605,0.30059094
sha256:4748babd2b6ac0706cd9ed4bcfd4855c8d2c5535f01813fb2e10b68b31a24c0f:row:1358,3fm1|m0|A|353|-|MN|-,3fm1,MN,4,0,3,0.30140381,0.06721040,0.23367032,0.39771547
sha256:4748babd2b6ac0706cd9ed4bcfd4855c8d2c5535f01813fb2e10b68b31a24c0f:row:1363,4dnc|m0|A|501|-|ZN|-,4dnc,ZN,4,2,2,0.04247152,0.09794540,0.74980566,0.10977742
sha256:4748babd2b6ac0706cd9ed4bcfd4855c8d2c5535f01813fb2e10b68b31a24c0f:row:1365,4gel|m0|A|301|-|ZN|-,4gel,ZN,4,2,2,0.04799205,0.11791513,0.71901020,0.11508262
sha256:4748babd2b6ac0706cd9ed4bcfd4855c8d2c5535f01813fb2e10b68b31a24c0f:row:1381,3khc|m0|A|217|-|CO|-,3khc,CO,4,3,3,0.09294822,0.05615485,0.08457898,0.76631795
sha256:4748babd2b6ac0706cd9ed4bcfd4855c8d2c5535f01813fb2e10b68b31a24c0f:row:1385,5l43|m0|A|1001|-|ZN|-,5l43,ZN,4,2,3,0.12887906,0.12878901,0.35177392,0.39055801
sha256:4748babd2b6ac0706cd9ed4bcfd4855c8d2c5535f01813fb2e10b68b31a24c0f:row:1392,6icm|m0|B|401|-|FE|-,6icm,FE,4,3,0,0.34736357,0.10430382,0.24272333,0.30560928
sha256:4748babd2b6ac0706cd9ed4bcfd4855c8d2c5535f01813fb2e10b68b31a24c0f:row:1396,6nie|m0|A|302|-|FE|-,6nie,FE,4,3,3,0.08629184,0.12474135,0.27519219,0.51377461
sha256:4748babd2b6ac0706cd9ed4bcfd4855c8d2c5535f01813fb2e10b68b31a24c0f:row:1401,4ies|m0|A|501|-|FE|-,4ies,FE,4,3,3,0.09468438,0.09417974,0.14028005,0.67085583
sha256:4748babd2b6ac0706cd9ed4bcfd4855c8d2c5535f01813fb2e10b68b31a24c0f:row:1402,4k21|m0|A|301|-|MN|-,4k21,MN,4,0,0,0.81277586,0.03373949,0.05526073,0.09822392
sha256:4748babd2b6ac0706cd9ed4bcfd4855c8d2c5535f01813fb2e10b68b31a24c0f:row:1410,6trk|m0|A|201|-|ZN|-,6trk,ZN,4,2,2,0.06951122,0.17833648,0.54710406,0.20504824
sha256:4748babd2b6ac0706cd9ed4bcfd4855c8d2c5535f01813fb2e10b68b31a24c0f:row:1415,5fzo|m0|A|3499|-|MN|-,5fzo,MN,4,0,3,0.34814004,0.04393909,0.19544035,0.41248052
sha256:4748babd2b6ac0706cd9ed4bcfd4855c8d2c5535f01813fb2e10b68b31a24c0f:row:1416,1yv1|m0|A|301|-|FE|-,1yv1,FE,4,3,3,0.24160638,0.04873595,0.31025938,0.39939830
sha256:4748babd2b6ac0706cd9ed4bcfd4855c8d2c5535f01813fb2e10b68b31a24c0f:row:1417,2v3z|m0|A|1442|-|MN|-,2v3z,MN,4,0,0,0.44265127,0.04656536,0.36856217,0.14222120
sha256:4748babd2b6ac0706cd9ed4bcfd4855c8d2c5535f01813fb2e10b68b31a24c0f:row:1418,3sb9|m0|B|163|-|CU|-,3sb9,CU,4,1,3,0.14921229,0.10824433,0.14669958,0.59584380
sha256:4748babd2b6ac0706cd9ed4bcfd4855c8d2c5535f01813fb2e10b68b31a24c0f:row:1423,4r42|m0|A|302|-|MN|-,4r42,MN,4,0,0,0.66139364,0.03406485,0.06341465,0.24112686
sha256:4748babd2b6ac0706cd9ed4bcfd4855c8d2c5535f01813fb2e10b68b31a24c0f:row:1428,3mjh|m0|B|70|-|ZN|-,3mjh,ZN,4,2,2,0.11137618,0.09475774,0.59132991,0.20253617
sha256:4748babd2b6ac0706cd9ed4bcfd4855c8d2c5535f01813fb2e10b68b31a24c0f:row:1442,7fct|m0|A|301|-|ZN|-,7fct,ZN,4,2,3,0.20356298,0.04465488,0.24125016,0.51053198
sha256:4748babd2b6ac0706cd9ed4bcfd4855c8d2c5535f01813fb2e10b68b31a24c0f:row:1446,6fv3|m0|A|402|-|ZN|-,6fv3,ZN,4,2,3,0.10287059,0.08798560,0.38515549,0.42398833
sha256:4748babd2b6ac0706cd9ed4bcfd4855c8d2c5535f01813fb2e10b68b31a24c0f:row:1449,3ffz|m0|A|1300|-|ZN|-,3ffz,ZN,4,2,2,0.13896199,0.07398208,0.40986845,0.37718748
sha256:4748babd2b6ac0706cd9ed4bcfd4855c8d2c5535f01813fb2e10b68b31a24c0f:row:1450,2rag|m0|A|418|-|ZN|-,2rag,ZN,4,2,2,0.27620815,0.05011532,0.40685649,0.26682004
sha256:4748babd2b6ac0706cd9ed4bcfd4855c8d2c5535f01813fb2e10b68b31a24c0f:row:1456,1ra5|m0|A|500|-|FE|-,1ra5,FE,4,3,3,0.12560007,0.08775049,0.25786845,0.52878098
sha256:4748babd2b6ac0706cd9ed4bcfd4855c8d2c5535f01813fb2e10b68b31a24c0f:row:1462,4mye|m0|A|301|-|MN|-,4mye,MN,4,0,0,0.79307709,0.03368759,0.06173737,0.11149795
sha256:4748babd2b6ac0706cd9ed4bcfd4855c8d2c5535f01813fb2e10b68b31a24c0f:row:1483,1oc1|m0|A|1333|-|FE|-,1oc1,FE,4,3,3,0.13236318,0.05715890,0.06870291,0.74177501
sha256:4748babd2b6ac0706cd9ed4bcfd4855c8d2c5535f01813fb2e10b68b31a24c0f:row:1485,7ai9|m0|A|402|-|FE|-,7ai9,FE,4,3,3,0.19495477,0.05029109,0.10302991,0.65172423
sha256:4748babd2b6ac0706cd9ed4bcfd4855c8d2c5535f01813fb2e10b68b31a24c0f:row:1499,2ofk|m0|A|201|-|ZN|-,2ofk,ZN,4,2,2,0.04081830,0.16437075,0.70815418,0.08665677
sha256:4748babd2b6ac0706cd9ed4bcfd4855c8d2c5535f01813fb2e10b68b31a24c0f:row:1500,3hth|m0|A|200|-|NI|-,3hth,NI,4,3,2,0.12236306,0.09106869,0.48047619,0.30609207
sha256:4748babd2b6ac0706cd9ed4bcfd4855c8d2c5535f01813fb2e10b68b31a24c0f:row:1503,2b0o|m0|E|698|-|ZN|-,2b0o,ZN,4,2,2,0.03953033,0.05693701,0.78227843,0.12125423
sha256:4748babd2b6ac0706cd9ed4bcfd4855c8d2c5535f01813fb2e10b68b31a24c0f:row:1506,6dpk|m0|A|215|-|MN|-,6dpk,MN,4,0,0,0.74748893,0.03803349,0.10449458,0.10998300
sha256:4748babd2b6ac0706cd9ed4bcfd4855c8d2c5535f01813fb2e10b68b31a24c0f:row:1510,1kfi|m0|A|700|-|ZN|-,1kfi,ZN,4,2,2,0.09287104,0.04744256,0.70870876,0.15097764
sha256:4748babd2b6ac0706cd9ed4bcfd4855c8d2c5535f01813fb2e10b68b31a24c0f:row:1517,4q3w|m0|A|301|-|CO|-,4q3w,CO,4,3,3,0.13523452,0.04483583,0.16008885,0.65984079
sha256:4748babd2b6ac0706cd9ed4bcfd4855c8d2c5535f01813fb2e10b68b31a24c0f:row:1524,8oq9|m0|A|201|-|ZN|-,8oq9,ZN,4,2,3,0.11945237,0.06633260,0.30388910,0.51032593
sha256:4748babd2b6ac0706cd9ed4bcfd4855c8d2c5535f01813fb2e10b68b31a24c0f:row:1535,1b4u|m0|B|501|-|FE|-,1b4u,FE,4,3,3,0.22879109,0.05709322,0.11819398,0.59592171
sha256:4748babd2b6ac0706cd9ed4bcfd4855c8d2c5535f01813fb2e10b68b31a24c0f:row:1537,3wfb|m0|B|803|-|FE|-,3wfb,FE,4,3,3,0.09774626,0.12212446,0.27948187,0.50064740
sha256:4748babd2b6ac0706cd9ed4bcfd4855c8d2c5535f01813fb2e10b68b31a24c0f:row:1557,1dqs|m0|A|402|-|ZN|-,1dqs,ZN,4,2,3,0.09921043,0.12911040,0.32789497,0.44378419
sha256:4748babd2b6ac0706cd9ed4bcfd4855c8d2c5535f01813fb2e10b68b31a24c0f:row:1561,3f2c|m0|A|3|-|MN|-,3f2c,MN,4,0,0,0.60785140,0.07197136,0.14034670,0.17983054
sha256:4748babd2b6ac0706cd9ed4bcfd4855c8d2c5535f01813fb2e10b68b31a24c0f:row:1567,6fno|m0|A|201|-|ZN|-,6fno,ZN,4,2,3,0.07876911,0.06043904,0.41811911,0.44267274
sha256:4748babd2b6ac0706cd9ed4bcfd4855c8d2c5535f01813fb2e10b68b31a24c0f:row:1573,5dot|m0|A|1601|-|NI|-,5dot,NI,4,3,3,0.26905447,0.05441828,0.32068202,0.35584523
sha256:4748babd2b6ac0706cd9ed4bcfd4855c8d2c5535f01813fb2e10b68b31a24c0f:row:1574,4zac|m0|A|603|-|MN|-,4zac,MN,4,0,0,0.41919045,0.05779275,0.29890073,0.22411607
sha256:4748babd2b6ac0706cd9ed4bcfd4855c8d2c5535f01813fb2e10b68b31a24c0f:row:1584,2zcv|m0|A|1001|-|CU|-,2zcv,CU,4,1,2,0.07368485,0.16007071,0.63827715,0.12796729
sha256:4748babd2b6ac0706cd9ed4bcfd4855c8d2c5535f01813fb2e10b68b31a24c0f:row:1587,2et7|m0|A|202|-|MN|-,2et7,MN,4,0,3,0.29372705,0.06556953,0.07202233,0.56868110
sha256:4748babd2b6ac0706cd9ed4bcfd4855c8d2c5535f01813fb2e10b68b31a24c0f:row:1589,8ad2|m0|F|202|-|ZN|-,8ad2,ZN,4,2,2,0.18017734,0.05094880,0.52785477,0.24101909
sha256:4748babd2b6ac0706cd9ed4bcfd4855c8d2c5535f01813fb2e10b68b31a24c0f:row:1594,4jp9|m0|A|501|-|NI|-,4jp9,NI,4,3,2,0.04693505,0.25443169,0.39357999,0.30505326
sha256:4748babd2b6ac0706cd9ed4bcfd4855c8d2c5535f01813fb2e10b68b31a24c0f:row:1595,6e0a|m0|A|301|-|ZN|-,6e0a,ZN,4,2,2,0.10978876,0.08186922,0.54665240,0.26168962
sha256:4748babd2b6ac0706cd9ed4bcfd4855c8d2c5535f01813fb2e10b68b31a24c0f:row:1597,1xfo|m0|A|382|-|ZN|-,1xfo,ZN,4,2,2,0.19194064,0.05005345,0.48334537,0.27466054
sha256:4748babd2b6ac0706cd9ed4bcfd4855c8d2c5535f01813fb2e10b68b31a24c0f:row:1604,4kis|m0|A|501|-|ZN|-,4kis,ZN,4,2,2,0.05315802,0.07567339,0.70961568,0.16155291
sha256:4748babd2b6ac0706cd9ed4bcfd4855c8d2c5535f01813fb2e10b68b31a24c0f:row:1606,2rcc|m0|B|400|-|ZN|-,2rcc,ZN,4,2,3,0.24092468,0.06607769,0.10529549,0.58770214
sha256:4748babd2b6ac0706cd9ed4bcfd4855c8d2c5535f01813fb2e10b68b31a24c0f:row:1621,1pq4|m0|A|1002|-|ZN|-,1pq4,ZN,4,2,2,0.05293218,0.26678388,0.41893803,0.26134591
sha256:4748babd2b6ac0706cd9ed4bcfd4855c8d2c5535f01813fb2e10b68b31a24c0f:row:1629,5yir|m0|A|203|-|NI|-,5yir,NI,4,3,3,0.12396028,0.11325653,0.25688172,0.50590147
sha256:4748babd2b6ac0706cd9ed4bcfd4855c8d2c5535f01813fb2e10b68b31a24c0f:row:1633,4rkg|m0|A|702|-|ZN|-,4rkg,ZN,4,2,2,0.04437717,0.06101501,0.76076801,0.13383981
sha256:4748babd2b6ac0706cd9ed4bcfd4855c8d2c5535f01813fb2e10b68b31a24c0f:row:1637,4mvt|m0|A|501|-|ZN|-,4mvt,ZN,4,2,2,0.03856284,0.07234379,0.76457965,0.12451373
sha256:4748babd2b6ac0706cd9ed4bcfd4855c8d2c5535f01813fb2e10b68b31a24c0f:row:1639,1kie|m0|A|701|-|NI|-,1kie,NI,4,3,2,0.07075307,0.07828902,0.64482639,0.20613152
sha256:4748babd2b6ac0706cd9ed4bcfd4855c8d2c5535f01813fb2e10b68b31a24c0f:row:1655,2p6w|m0|A|214|-|MN|-,2p6w,MN,4,0,0,0.59161840,0.06201585,0.19277328,0.15359246
sha256:4748babd2b6ac0706cd9ed4bcfd4855c8d2c5535f01813fb2e10b68b31a24c0f:row:1681,1hjg|m0|A|1307|-|FE|-,1hjg,FE,4,3,3,0.17745763,0.04831109,0.06069614,0.71353514
sha256:4748babd2b6ac0706cd9ed4bcfd4855c8d2c5535f01813fb2e10b68b31a24c0f:row:1682,1vlx|m0|A|129|-|CO|-,1vlx,CO,4,3,2,0.05172135,0.29770525,0.51727754,0.13329586
sha256:4748babd2b6ac0706cd9ed4bcfd4855c8d2c5535f01813fb2e10b68b31a24c0f:row:1685,3ol8|m0|A|3008|-|MN|-,3ol8,MN,4,0,0,0.63588940,0.09206872,0.15693773,0.11510416
sha256:4748babd2b6ac0706cd9ed4bcfd4855c8d2c5535f01813fb2e10b68b31a24c0f:row:1690,6d62|m0|A|202|-|FE|-,6d62,FE,4,3,2,0.04100395,0.06474857,0.52148089,0.37276659
sha256:4748babd2b6ac0706cd9ed4bcfd4855c8d2c5535f01813fb2e10b68b31a24c0f:row:1693,5hrm|m0|A|602|-|MN|-,5hrm,MN,4,0,2,0.33543790,0.09396577,0.35319938,0.21739695
sha256:4748babd2b6ac0706cd9ed4bcfd4855c8d2c5535f01813fb2e10b68b31a24c0f:row:1696,3n1y|m0|A|504|-|FE|-,3n1y,FE,4,3,3,0.38686565,0.05068314,0.06518155,0.49726966
sha256:4748babd2b6ac0706cd9ed4bcfd4855c8d2c5535f01813fb2e10b68b31a24c0f:row:1702,6wdz|m0|A|201|-|MN|-,6wdz,MN,4,0,3,0.34907019,0.05896333,0.20344302,0.38852346
sha256:4748babd2b6ac0706cd9ed4bcfd4855c8d2c5535f01813fb2e10b68b31a24c0f:row:1714,7cma|m0|A|201|-|ZN|-,7cma,ZN,4,2,2,0.03745545,0.06179280,0.79564808,0.10510367
sha256:4748babd2b6ac0706cd9ed4bcfd4855c8d2c5535f01813fb2e10b68b31a24c0f:row:1716,6fja|m0|A|501|-|CU|-,6fja,CU,4,1,1,0.08269702,0.60639082,0.18955447,0.12135770
sha256:4748babd2b6ac0706cd9ed4bcfd4855c8d2c5535f01813fb2e10b68b31a24c0f:row:1718,6nvo|m0|A|302|-|MN|-,6nvo,MN,4,0,3,0.39121111,0.06223021,0.09479216,0.45176652
sha256:4748babd2b6ac0706cd9ed4bcfd4855c8d2c5535f01813fb2e10b68b31a24c0f:row:1726,2vbd|m0|A|1332|-|FE|-,2vbd,FE,4,3,3,0.22951979,0.04396215,0.08661417,0.63990388
sha256:4748babd2b6ac0706cd9ed4bcfd4855c8d2c5535f01813fb2e10b68b31a24c0f:row:1730,7u7f|m0|A|501|-|MN|-,7u7f,MN,4,0,0,0.53359595,0.03481091,0.30439184,0.12720130
sha256:4748babd2b6ac0706cd9ed4bcfd4855c8d2c5535f01813fb2e10b68b31a24c0f:row:1739,2ev6|m0|A|1151|-|ZN|-,2ev6,ZN,4,2,2,0.25323055,0.05450018,0.40979506,0.28247421
sha256:4748babd2b6ac0706cd9ed4bcfd4855c8d2c5535f01813fb2e10b68b31a24c0f:row:1744,3nwi|m0|C|267|-|ZN|-,3nwi,ZN,4,2,2,0.06485688,0.24764172,0.51667200,0.17082940
sha256:4748babd2b6ac0706cd9ed4bcfd4855c8d2c5535f01813fb2e10b68b31a24c0f:row:1756,3o1o|m0|A|302|-|MN|-,3o1o,MN,4,0,3,0.41302347,0.05062282,0.08072768,0.45562603
sha256:4748babd2b6ac0706cd9ed4bcfd4855c8d2c5535f01813fb2e10b68b31a24c0f:row:1762,8b3d|m0|c|1001|-|ZN|-,8b3d,ZN,4,2,2,0.03940289,0.07311683,0.76919109,0.11828919
sha256:4748babd2b6ac0706cd9ed4bcfd4855c8d2c5535f01813fb2e10b68b31a24c0f:row:1766,1b9m|m0|A|263|-|NI|-,1b9m,NI,4,3,3,0.16394791,0.06245649,0.12395492,0.64964067
sha256:4748babd2b6ac0706cd9ed4bcfd4855c8d2c5535f01813fb2e10b68b31a24c0f:row:1770,8jqe|m0|A|402|-|MN|-,8jqe,MN,4,0,3,0.32197299,0.08347479,0.25961572,0.33493649
sha256:4748babd2b6ac0706cd9ed4bcfd4855c8d2c5535f01813fb2e10b68b31a24c0f:row:1779,1j8t|m0|A|428|-|FE|-,1j8t,FE,4,3,3,0.09974397,0.11398291,0.20396106,0.58231205
sha256:4748babd2b6ac0706cd9ed4bcfd4855c8d2c5535f01813fb2e10b68b31a24c0f:row:1780,6ric|m0|J|101|-|ZN|-,6ric,ZN,4,2,2,0.04449843,0.07005626,0.75523773,0.13020758
sha256:4748babd2b6ac0706cd9ed4bcfd4855c8d2c5535f01813fb2e10b68b31a24c0f:row:1789,6fxt|m0|A|807|-|MN|-,6fxt,MN,4,0,0,0.75767894,0.03596731,0.08163445,0.12471930
sha256:4748babd2b6ac0706cd9ed4bcfd4855c8d2c5535f01813fb2e10b68b31a24c0f:row:1792,2y60|m0|A|1333|-|FE|-,2y60,FE,4,3,3,0.15698034,0.04988209,0.06972675,0.72341082
sha256:4748babd2b6ac0706cd9ed4bcfd4855c8d2c5535f01813fb2e10b68b31a24c0f:row:1794,3wfc|m0|B|803|-|FE|-,3wfc,FE,4,3,3,0.10590947,0.10154596,0.18380077,0.60874380
sha256:4748babd2b6ac0706cd9ed4bcfd4855c8d2c5535f01813fb2e10b68b31a24c0f:row:1797,3qip|m0|A|562|-|MN|-,3qip,MN,4,0,0,0.77362743,0.03541995,0.08441639,0.10653624
sha256:4748babd2b6ac0706cd9ed4bcfd4855c8d2c5535f01813fb2e10b68b31a24c0f:row:1805,1e67|m0|A|129|-|ZN|-,1e67,ZN,4,2,1,0.03886042,0.46693344,0.42895980,0.06524634
sha256:4748babd2b6ac0706cd9ed4bcfd4855c8d2c5535f01813fb2e10b68b31a24c0f:row:1807,4yhb|m0|A|302|-|ZN|-,4yhb,ZN,4,2,3,0.09931897,0.09050414,0.26466216,0.54551474
sha256:4748babd2b6ac0706cd9ed4bcfd4855c8d2c5535f01813fb2e10b68b31a24c0f:row:1808,2o6p|m0|A|1006|-|ZN|-,2o6p,ZN,4,2,2,0.06918295,0.18273399,0.61454594,0.13353711
sha256:4748babd2b6ac0706cd9ed4bcfd4855c8d2c5535f01813fb2e10b68b31a24c0f:row:1810,4l92|m0|A|404|-|ZN|-,4l92,ZN,4,2,2,0.07287863,0.13427397,0.58666566,0.20618175
sha256:4748babd2b6ac0706cd9ed4bcfd4855c8d2c5535f01813fb2e10b68b31a24c0f:row:1815,2j3z|m0|B|1432|-|CO|-,2j3z,CO,4,3,2,0.04511276,0.26866127,0.39487168,0.29135429
sha256:4748babd2b6ac0706cd9ed4bcfd4855c8d2c5535f01813fb2e10b68b31a24c0f:row:1820,5e8g|m0|A|401|-|CO|-,5e8g,CO,4,3,2,0.07264012,0.07376053,0.63452835,0.21907100
sha256:4748babd2b6ac0706cd9ed4bcfd4855c8d2c5535f01813fb2e10b68b31a24c0f:row:1829,6soo|m0|A|201|-|FE|-,6soo,FE,4,3,3,0.16102608,0.05485342,0.34318048,0.44094002
sha256:4748babd2b6ac0706cd9ed4bcfd4855c8d2c5535f01813fb2e10b68b31a24c0f:row:1836,1g71|m0|A|348|-|ZN|-,1g71,ZN,4,2,2,0.03980833,0.09496045,0.76337160,0.10185962
sha256:4748babd2b6ac0706cd9ed4bcfd4855c8d2c5535f01813fb2e10b68b31a24c0f:row:1840,8doc|m0|A|601|-|FE|-,8doc,FE,4,3,3,0.07417328,0.07707729,0.24172696,0.60702246
sha256:4748babd2b6ac0706cd9ed4bcfd4855c8d2c5535f01813fb2e10b68b31a24c0f:row:1850,8fm1|m0|A|401|-|ZN|-,8fm1,ZN,4,2,2,0.05125102,0.05372716,0.77114106,0.12388075
sha256:4748babd2b6ac0706cd9ed4bcfd4855c8d2c5535f01813fb2e10b68b31a24c0f:row:1851,4fdg|m0|A|701|-|ZN|-,4fdg,ZN,4,2,2,0.07567466,0.09127628,0.67028690,0.16276216
sha256:4748babd2b6ac0706cd9ed4bcfd4855c8d2c5535f01813fb2e10b68b31a24c0f:row:1863,1pah|m0|A|425|-|FE|-,1pah,FE,4,3,3,0.13221861,0.05259929,0.06926388,0.74591823
sha256:4748babd2b6ac0706cd9ed4bcfd4855c8d2c5535f01813fb2e10b68b31a24c0f:row:1866,3u1n|m0|A|627|-|ZN|-,3u1n,ZN,4,2,0,0.50852365,0.07119120,0.12795039,0.29233475
sha256:4748babd2b6ac0706cd9ed4bcfd4855c8d2c5535f01813fb2e10b68b31a24c0f:row:1869,4p7w|m0|A|301|-|CO|-,4p7w,CO,4,3,3,0.07574174,0.07188583,0.14677859,0.70559385
sha256:4748babd2b6ac0706cd9ed4bcfd4855c8d2c5535f01813fb2e10b68b31a24c0f:row:1872,5lb3|m0|B|501|-|ZN|-,5lb3,ZN,4,2,2,0.03565791,0.07181208,0.76648370,0.12604631
sha256:4748babd2b6ac0706cd9ed4bcfd4855c8d2c5535f01813fb2e10b68b31a24c0f:row:1888,6zae|m0|A|402|-|FE|-,6zae,FE,4,3,3,0.14765547,0.06678608,0.28854345,0.49701501
sha256:4748babd2b6ac0706cd9ed4bcfd4855c8d2c5535f01813fb2e10b68b31a24c0f:row:1892,2vut|m0|M|1713|-|ZN|-,2vut,ZN,4,2,2,0.05177585,0.24957227,0.56472379,0.13392809
sha256:4748babd2b6ac0706cd9ed4bcfd4855c8d2c5535f01813fb2e10b68b31a24c0f:row:1897,5izo|m0|A|401|-|MN|-,5izo,MN,4,0,0,0.67015595,0.03790293,0.10963279,0.18230833
sha256:4748babd2b6ac0706cd9ed4bcfd4855c8d2c5535f01813fb2e10b68b31a24c0f:row:1910,5yuf|m0|A|102|-|ZN|-,5yuf,ZN,4,2,2,0.04385063,0.08322299,0.77392833,0.09899805
sha256:4748babd2b6ac0706cd9ed4bcfd4855c8d2c5535f01813fb2e10b68b31a24c0f:row:1914,2brt|m0|A|1350|-|FE|-,2brt,FE,4,3,3,0.27182043,0.04250130,0.07165744,0.61402083
sha256:4748babd2b6ac0706cd9ed4bcfd4855c8d2c5535f01813fb2e10b68b31a24c0f:row:1919,5ivy|m0|A|602|-|MN|-,5ivy,MN,4,0,3,0.41268327,0.04158481,0.05769689,0.48803504
sha256:4748babd2b6ac0706cd9ed4bcfd4855c8d2c5535f01813fb2e10b68b31a24c0f:row:1920,3emr|m0|A|400|-|FE|-,3emr,FE,4,3,3,0.08735430,0.06976502,0.23093418,0.61194650
sha256:4748babd2b6ac0706cd9ed4bcfd4855c8d2c5535f01813fb2e10b68b31a24c0f:row:1926,7v2t|m0|A|1302|-|FE|-,7v2t,FE,4,3,3,0.26007996,0.04374544,0.06859097,0.62758362
sha256:4748babd2b6ac0706cd9ed4bcfd4855c8d2c5535f01813fb2e10b68b31a24c0f:row:1932,3qfm|m0|A|263|-|MN|-,3qfm,MN,4,0,0,0.52313368,0.04794694,0.17601326,0.25290612
sha256:4748babd2b6ac0706cd9ed4bcfd4855c8d2c5535f01813fb2e10b68b31a24c0f:row:1935,5xd2|m0|A|405|-|MN|-,5xd2,MN,4,0,0,0.74131693,0.04121094,0.07635404,0.14111809
sha256:4748babd2b6ac0706cd9ed4bcfd4855c8d2c5535f01813fb2e10b68b31a24c0f:row:1936,2oik|m0|A|201|-|ZN|-,2oik,ZN,4,2,2,0.03795164,0.26584758,0.60653678,0.08966400
sha256:4748babd2b6ac0706cd9ed4bcfd4855c8d2c5535f01813fb2e10b68b31a24c0f:row:1940,7yx8|m0|A|609|-|ZN|-,7yx8,ZN,4,2,3,0.07425232,0.08396032,0.41711462,0.42467273
sha256:4748babd2b6ac0706cd9ed4bcfd4855c8d2c5535f01813fb2e10b68b31a24c0f:row:1948,8ix6|m0|A|301|-|NI|-,8ix6,NI,4,3,2,0.04514177,0.17457835,0.44951787,0.33076201
sha256:4748babd2b6ac0706cd9ed4bcfd4855c8d2c5535f01813fb2e10b68b31a24c0f:row:1949,4czo|m0|A|1372|-|MN|-,4czo,MN,4,0,0,0.73609870,0.03439982,0.06625643,0.16324506
sha256:4748babd2b6ac0706cd9ed4bcfd4855c8d2c5535f01813fb2e10b68b31a24c0f:row:1952,3vsi|m0|B|401|-|FE|-,3vsi,FE,4,3,3,0.12947279,0.05602111,0.28744871,0.52705739
sha256:4748babd2b6ac0706cd9ed4bcfd4855c8d2c5535f01813fb2e10b68b31a24c0f:row:1957,7u82|m0|A|501|-|MN|-,7u82,MN,4,0,0,0.73667897,0.03360515,0.07310212,0.15661376
sha256:4748babd2b6ac0706cd9ed4bcfd4855c8d2c5535f01813fb2e10b68b31a24c0f:row:1961,2atf|m0|A|201|-|NI|-,2atf,NI,4,3,3,0.07399996,0.07794193,0.09094994,0.75710817
sha256:4748babd2b6ac0706cd9ed4bcfd4855c8d2c5535f01813fb2e10b68b31a24c0f:row:1965,3kgz|m0|A|1|-|MN|-,3kgz,MN,4,0,0,0.59038761,0.04942933,0.12136850,0.23881456
sha256:4748babd2b6ac0706cd9ed4bcfd4855c8d2c5535f01813fb2e10b68b31a24c0f:row:1970,3lmw|m0|A|1|-|NI|-,3lmw,NI,4,3,2,0.10197144,0.12716009,0.53046940,0.24039908
sha256:4748babd2b6ac0706cd9ed4bcfd4855c8d2c5535f01813fb2e10b68b31a24c0f:row:1971,4ii1|m0|A|901|-|ZN|-,4ii1,ZN,4,2,2,0.05147419,0.07496908,0.75923288,0.11432385
sha256:4748babd2b6ac0706cd9ed4bcfd4855c8d2c5535f01813fb2e10b68b31a24c0f:row:1977,3lag|m0|A|98|-|NI|-,3lag,NI,4,3,3,0.08273637,0.08364297,0.11000537,0.72361529
sha256:4748babd2b6ac0706cd9ed4bcfd4855c8d2c5535f01813fb2e10b68b31a24c0f:row:1982,6h6s|m0|A|302|-|NI|-,6h6s,NI,4,3,3,0.06457049,0.09142212,0.14320572,0.70080166
sha256:4748babd2b6ac0706cd9ed4bcfd4855c8d2c5535f01813fb2e10b68b31a24c0f:row:1984,1q7l|m0|A|1002|-|ZN|-,1q7l,ZN,4,2,2,0.14850484,0.05319051,0.54271233,0.25559232
sha256:4748babd2b6ac0706cd9ed4bcfd4855c8d2c5535f01813fb2e10b68b31a24c0f:row:1988,4coi|m0|A|652|-|ZN|-,4coi,ZN,4,2,2,0.03811295,0.08107383,0.78725172,0.09356151
sha256:4748babd2b6ac0706cd9ed4bcfd4855c8d2c5535f01813fb2e10b68b31a24c0f:row:1993,2dho|m0|A|1001|-|MN|-,2dho,MN,4,0,0,0.51772108,0.04914492,0.06807747,0.36505652
sha256:4748babd2b6ac0706cd9ed4bcfd4855c8d2c5535f01813fb2e10b68b31a24c0f:row:2005,2g84|m0|A|506|-|ZN|-,2g84,ZN,4,2,2,0.03879301,0.10710483,0.77065870,0.08344346
sha256:4748babd2b6ac0706cd9ed4bcfd4855c8d2c5535f01813fb2e10b68b31a24c0f:row:2006,4hk5|m0|A|401|-|ZN|-,4hk5,ZN,4,2,3,0.14204830,0.05274163,0.08373725,0.72147282
sha256:4748babd2b6ac0706cd9ed4bcfd4855c8d2c5535f01813fb2e10b68b31a24c0f:row:2011,6pah|m0|A|425|-|FE|-,6pah,FE,4,3,3,0.09930130,0.07229758,0.11600561,0.71239551
sha256:4748babd2b6ac0706cd9ed4bcfd4855c8d2c5535f01813fb2e10b68b31a24c0f:row:2017,2cex|m0|D|1307|-|ZN|-,2cex,ZN,4,2,2,0.11861952,0.05779226,0.65086152,0.17272670
sha256:4748babd2b6ac0706cd9ed4bcfd4855c8d2c5535f01813fb2e10b68b31a24c0f:row:2021,1i3h|m0|A|240|-|MN|-,1i3h,MN,4,0,0,0.80297170,0.03390091,0.06195438,0.10117301
sha256:4748babd2b6ac0706cd9ed4bcfd4855c8d2c5535f01813fb2e10b68b31a24c0f:row:2025,6xbv|m0|A|201|-|CO|-,6xbv,CO,4,3,3,0.23043964,0.04961748,0.07432356,0.64561932
sha256:4748babd2b6ac0706cd9ed4bcfd4855c8d2c5535f01813fb2e10b68b31a24c0f:row:2028,4p7x|m0|A|301|-|CO|-,4p7x,CO,4,3,3,0.08780265,0.07449962,0.14760162,0.69009612
sha256:4748babd2b6ac0706cd9ed4bcfd4855c8d2c5535f01813fb2e10b68b31a24c0f:row:2030,6gvw|m0|B|301|-|ZN|-,6gvw,ZN,4,2,3,0.12497641,0.08467021,0.21650503,0.57384835
sha256:4748babd2b6ac0706cd9ed4bcfd4855c8d2c5535f01813fb2e10b68b31a24c0f:row:2033,2fd8|m0|A|300|-|FE|-,2fd8,FE,4,3,0,0.49180713,0.04733798,0.07308551,0.38776938
sha256:4748babd2b6ac0706cd9ed4bcfd4855c8d2c5535f01813fb2e10b68b31a24c0f:row:2048,4q7f|m0|A|602|-|MN|-,4q7f,MN,4,0,0,0.50366895,0.04944167,0.30444345,0.14244594
sha256:4748babd2b6ac0706cd9ed4bcfd4855c8d2c5535f01813fb2e10b68b31a24c0f:row:2056,3a62|m0|A|38|-|MN|-,3a62,MN,4,0,2,0.18851662,0.09036765,0.58077464,0.14034108
sha256:4748babd2b6ac0706cd9ed4bcfd4855c8d2c5535f01813fb2e10b68b31a24c0f:row:2057,3v1r|m0|A|673|-|MN|-,3v1r,MN,4,0,0,0.68440787,0.04117103,0.13295620,0.14146489
sha256:4748babd2b6ac0706cd9ed4bcfd4855c8d2c5535f01813fb2e10b68b31a24c0f:row:2062,8gul|m0|A|501|-|CU|-,8gul,CU,4,1,1,0.03010193,0.63491807,0.25317547,0.08180453
sha256:4748babd2b6ac0706cd9ed4bcfd4855c8d2c5535f01813fb2e10b68b31a24c0f:row:2079,6r3z|m0|A|401|-|NI|-,6r3z,NI,4,3,3,0.08658083,0.06720145,0.09427853,0.75193920
sha256:4748babd2b6ac0706cd9ed4bcfd4855c8d2c5535f01813fb2e10b68b31a24c0f:row:2088,4gl2|m0|A|1102|-|ZN|-,4gl2,ZN,4,2,2,0.04669649,0.05827672,0.75104359,0.14398320
sha256:4748babd2b6ac0706cd9ed4bcfd4855c8d2c5535f01813fb2e10b68b31a24c0f:row:2090,4f9j|m0|A|701|-|FE|-,4f9j,FE,4,3,3,0.26138167,0.05955217,0.13525796,0.54380821
sha256:4748babd2b6ac0706cd9ed4bcfd4855c8d2c5535f01813fb2e10b68b31a24c0f:row:2094,6tez|m0|A|807|-|MN|-,6tez,MN,4,0,0,0.48620771,0.03738385,0.10275600,0.37365244
sha256:4748babd2b6ac0706cd9ed4bcfd4855c8d2c5535f01813fb2e10b68b31a24c0f:row:2099,4iep|m0|A|501|-|FE|-,4iep,FE,4,3,3,0.04759358,0.19486326,0.36513729,0.39240587
sha256:4748babd2b6ac0706cd9ed4bcfd4855c8d2c5535f01813fb2e10b68b31a24c0f:row:2101,3ewf|m0|A|413|-|ZN|-,3ewf,ZN,4,2,2,0.03905381,0.25323313,0.60086641,0.10684665
sha256:4748babd2b6ac0706cd9ed4bcfd4855c8d2c5535f01813fb2e10b68b31a24c0f:row:2106,5nhb|m0|B|502|-|FE|-,5nhb,FE,4,3,2,0.32478355,0.04854745,0.41030848,0.21636051
sha256:4748babd2b6ac0706cd9ed4bcfd4855c8d2c5535f01813fb2e10b68b31a24c0f:row:2108,3hug|m0|B|109|-|ZN|-,3hug,ZN,4,2,2,0.04655907,0.10667268,0.69291335,0.15385489
sha256:4748babd2b6ac0706cd9ed4bcfd4855c8d2c5535f01813fb2e10b68b31a24c0f:row:2115,4v0h|m0|A|1242|-|FE|-,4v0h,FE,4,3,3,0.23866004,0.07762293,0.17234206,0.51137498
sha256:4748babd2b6ac0706cd9ed4bcfd4855c8d2c5535f01813fb2e10b68b31a24c0f:row:2129,6xbs|m0|A|201|-|CO|-,6xbs,CO,4,3,3,0.21715979,0.04574968,0.07594396,0.66114657
sha256:4748babd2b6ac0706cd9ed4bcfd4855c8d2c5535f01813fb2e10b68b31a24c0f:row:2130,4rag|m0|A|401|-|MN|-,4rag,MN,4,0,0,0.77176914,0.03578445,0.09405984,0.09838657
sha256:4748babd2b6ac0706cd9ed4bcfd4855c8d2c5535f01813fb2e10b68b31a24c0f:row:2132,1jn2|m0|P|239|-|MN|-,1jn2,MN,4,0,0,0.76021074,0.03971593,0.08616006,0.11391327
sha256:4748babd2b6ac0706cd9ed4bcfd4855c8d2c5535f01813fb2e10b68b31a24c0f:row:2136,5bu6|m0|A|401|-|NI|-,5bu6,NI,4,3,3,0.17296107,0.05660715,0.37374639,0.39668538
sha256:4748babd2b6ac0706cd9ed4bcfd4855c8d2c5535f01813fb2e10b68b31a24c0f:row:2137,4paz|m0|A|124|-|CU|-,4paz,CU,4,1,1,0.03075114,0.65049187,0.25454059,0.06421639
sha256:4748babd2b6ac0706cd9ed4bcfd4855c8d2c5535f01813fb2e10b68b31a24c0f:row:2139,1sp8|m0|A|500|-|FE|-,1sp8,FE,4,3,3,0.08357939,0.05812667,0.08020896,0.77808499
sha256:4748babd2b6ac0706cd9ed4bcfd4855c8d2c5535f01813fb2e10b68b31a24c0f:row:2142,6u4l|m0|A|301|-|FE|-,6u4l,FE,4,3,3,0.16679674,0.04799855,0.08429778,0.70090693
sha256:4748babd2b6ac0706cd9ed4bcfd4855c8d2c5535f01813fb2e10b68b31a24c0f:row:2152,1zy7|m0|A|801|-|ZN|-,1zy7,ZN,4,2,2,0.04081205,0.08770895,0.77524527,0.09623374
sha256:4748babd2b6ac0706cd9ed4bcfd4855c8d2c5535f01813fb2e10b68b31a24c0f:row:2156,3sb5|m0|A|163|-|ZN|-,3sb5,ZN,4,2,2,0.04649403,0.11496407,0.70264644,0.13589546
sha256:4748babd2b6ac0706cd9ed4bcfd4855c8d2c5535f01813fb2e10b68b31a24c0f:row:2166,5jwk|m0|A|403|-|FE|-,5jwk,FE,4,3,3,0.19844033,0.05332562,0.15592349,0.59231056
sha256:4748babd2b6ac0706cd9ed4bcfd4855c8d2c5535f01813fb2e10b68b31a24c0f:row:2168,7tol|m0|A|601|-|FE|-,7tol,FE,4,3,2,0.05141153,0.07444058,0.75709457,0.11705332
sha256:4748babd2b6ac0706cd9ed4bcfd4855c8d2c5535f01813fb2e10b68b31a24c0f:row:2169,3god|m0|A|325|-|MN|-,3god,MN,4,0,0,0.65240020,0.04876649,0.11090434,0.18792898
sha256:4748babd2b6ac0706cd9ed4bcfd4855c8d2c5535f01813fb2e10b68b31a24c0f:row:2181,5tqo|m0|A|901|-|FE|A,5tqo,FE,4,3,3,0.17931727,0.07774219,0.08793160,0.65500895
sha256:4748babd2b6ac0706cd9ed4bcfd4855c8d2c5535f01813fb2e10b68b31a24c0f:row:2183,5j54|m0|A|501|-|FE|-,5j54,FE,4,3,3,0.06708228,0.23004939,0.11206721,0.59080112
sha256:4748babd2b6ac0706cd9ed4bcfd4855c8d2c5535f01813fb2e10b68b31a24c0f:row:2186,1h2n|m0|A|1350|-|FE|-,1h2n,FE,4,3,3,0.13095196,0.09119550,0.31008304,0.46776950
sha256:4748babd2b6ac0706cd9ed4bcfd4855c8d2c5535f01813fb2e10b68b31a24c0f:row:2191,1w06|m0|A|1333|-|FE|-,1w06,FE,4,3,3,0.14694000,0.05954631,0.08568132,0.70783236
sha256:4748babd2b6ac0706cd9ed4bcfd4855c8d2c5535f01813fb2e10b68b31a24c0f:row:2194,8bd4|m0|R|201|-|ZN|-,8bd4,ZN,4,2,2,0.03836711,0.07929119,0.80386598,0.07847572
sha256:4748babd2b6ac0706cd9ed4bcfd4855c8d2c5535f01813fb2e10b68b31a24c0f:row:2199,7mg1|m0|A|301|-|MN|-,7mg1,MN,4,0,0,0.80675292,0.03518666,0.05545456,0.10260586
sha256:4748babd2b6ac0706cd9ed4bcfd4855c8d2c5535f01813fb2e10b68b31a24c0f:row:2203,2ei0|m0|A|399|-|FE|-,2ei0,FE,4,3,3,0.26415900,0.06704973,0.31174424,0.35704703
sha256:4748babd2b6ac0706cd9ed4bcfd4855c8d2c5535f01813fb2e10b68b31a24c0f:row:2208,6ojw|m0|A|501|-|FE|-,6ojw,FE,4,3,3,0.08080972,0.13158596,0.17798777,0.60961655
sha256:4748babd2b6ac0706cd9ed4bcfd4855c8d2c5535f01813fb2e10b68b31a24c0f:row:2212,3jbx|m0|A|1101|-|ZN|-,3jbx,ZN,4,2,2,0.04915618,0.15174942,0.66788006,0.13121434
sha256:4748babd2b6ac0706cd9ed4bcfd4855c8d2c5535f01813fb2e10b68b31a24c0f:row:2216,2yu1|m0|A|600|-|FE|-,2yu1,FE,4,3,3,0.14101627,0.04699192,0.09473399,0.71725782
sha256:4748babd2b6ac0706cd9ed4bcfd4855c8d2c5535f01813fb2e10b68b31a24c0f:row:2225,1s9a|m0|A|300|-|FE|-,1s9a,FE,4,3,3,0.12434336,0.19961774,0.11777813,0.55826076
sha256:4748babd2b6ac0706cd9ed4bcfd4855c8d2c5535f01813fb2e10b68b31a24c0f:row:2231,1qmg|m0|A|601|-|MN|-,1qmg,MN,4,0,0,0.69754858,0.04063017,0.11647652,0.14534473
sha256:4748babd2b6ac0706cd9ed4bcfd4855c8d2c5535f01813fb2e10b68b31a24c0f:row:2234,4ewe|m0|A|1001|-|MN|-,4ewe,MN,4,0,3,0.38301198,0.04702585,0.07534770,0.49461447
sha256:4748babd2b6ac0706cd9ed4bcfd4855c8d2c5535f01813fb2e10b68b31a24c0f:row:2246,4ce4|m0|5|1147|-|ZN|-,4ce4,ZN,4,2,2,0.04121934,0.05148808,0.77807880,0.12921378
sha256:4748babd2b6ac0706cd9ed4bcfd4855c8d2c5535f01813fb2e10b68b31a24c0f:row:2248,4dxb|m0|A|701|-|ZN|-,4dxb,ZN,4,2,2,0.16285787,0.13638978,0.53302900,0.16772336
sha256:4748babd2b6ac0706cd9ed4bcfd4855c8d2c5535f01813fb2e10b68b31a24c0f:row:2258,7ai8|m0|A|402|-|FE|-,7ai8,FE,4,3,3,0.20677351,0.04510873,0.09546436,0.65265340
sha256:4748babd2b6ac0706cd9ed4bcfd4855c8d2c5535f01813fb2e10b68b31a24c0f:row:2259,4zn3|m0|A|203|-|FE|-,4zn3,FE,4,3,3,0.25746473,0.13192625,0.23106551,0.37954351
sha256:4748babd2b6ac0706cd9ed4bcfd4855c8d2c5535f01813fb2e10b68b31a24c0f:row:2266,4uam|m0|A|301|-|FE|-,4uam,FE,4,3,3,0.06862710,0.24072197,0.26366659,0.42698433
sha256:4748babd2b6ac0706cd9ed4bcfd4855c8d2c5535f01813fb2e10b68b31a24c0f:row:2267,3shd|m0|A|154|-|MN|-,3shd,MN,4,0,0,0.70653404,0.05297442,0.11082753,0.12966401
sha256:4748babd2b6ac0706cd9ed4bcfd4855c8d2c5535f01813fb2e10b68b31a24c0f:row:2269,3fbo|m0|A|2000|-|CU|-,3fbo,CU,4,1,0,0.46192483,0.06006513,0.09278960,0.38522044
sha256:4748babd2b6ac0706cd9ed4bcfd4855c8d2c5535f01813fb2e10b68b31a24c0f:row:2273,2jfr|m0|A|1235|-|MN|-,2jfr,MN,4,0,0,0.70976782,0.03223670,0.08051386,0.17748161
sha256:4748babd2b6ac0706cd9ed4bcfd4855c8d2c5535f01813fb2e10b68b31a24c0f:row:2285,6a6f|m0|A|208|-|NI|-,6a6f,NI,4,3,3,0.34546483,0.07260161,0.21447169,0.36746187
sha256:4748babd2b6ac0706cd9ed4bcfd4855c8d2c5535f01813fb2e10b68b31a24c0f:row:2289,7z0r|m0|A|302|-|ZN|-,7z0r,ZN,4,2,2,0.04163880,0.13565565,0.71080218,0.11190337
sha256:4748babd2b6ac0706cd9ed4bcfd4855c8d2c5535f01813fb2e10b68b31a24c0f:row:2293,7nut|m0|A|502|-|ZN|-,7nut,ZN,4,2,3,0.14929931,0.11489333,0.24504316,0.49076420
sha256:4748babd2b6ac0706cd9ed4bcfd4855c8d2c5535f01813fb2e10b68b31a24c0f:row:2312,3r3z|m0|C|306|-|NI|-,3r3z,NI,4,3,2,0.06022498,0.32508980,0.37508124,0.23960397
sha256:4748babd2b6ac0706cd9ed4bcfd4855c8d2c5535f01813fb2e10b68b31a24c0f:row:2313,1kae|m0|A|1101|-|ZN|-,1kae,ZN,4,2,3,0.19525995,0.07410148,0.28511462,0.44552395
sha256:4748babd2b6ac0706cd9ed4bcfd4855c8d2c5535f01813fb2e10b68b31a24c0f:row:2320,5wtq|m0|A|201|-|NI|-,5wtq,NI,4,3,3,0.09335663,0.09150337,0.33112096,0.48401903
sha256:4748babd2b6ac0706cd9ed4bcfd4855c8d2c5535f01813fb2e10b68b31a24c0f:row:2321,4i3p|m0|A|202|-|FE|-,4i3p,FE,4,3,2,0.05931567,0.06043696,0.66980174,0.21044562
sha256:4748babd2b6ac0706cd9ed4bcfd4855c8d2c5535f01813fb2e10b68b31a24c0f:row:2323,3it5|m0|A|183|-|ZN|-,3it5,ZN,4,2,2,0.10301553,0.14148830,0.50368206,0.25181412
sha256:4748babd2b6ac0706cd9ed4bcfd4855c8d2c5535f01813fb2e10b68b31a24c0f:row:2326,6oem|m0|A|1102|-|ZN|-,6oem,ZN,4,2,2,0.05978993,0.10852204,0.65886791,0.17282012
sha256:4748babd2b6ac0706cd9ed4bcfd4855c8d2c5535f01813fb2e10b68b31a24c0f:row:2328,2owa|m0|A|201|-|ZN|-,2owa,ZN,4,2,2,0.04161298,0.04864823,0.82730770,0.08243108
sha256:4748babd2b6ac0706cd9ed4bcfd4855c8d2c5535f01813fb2e10b68b31a24c0f:row:2330,2r6s|m0|A|501|-|FE|-,2r6s,FE,4,3,3,0.11930188,0.05839829,0.07594756,0.74635226
sha256:4748babd2b6ac0706cd9ed4bcfd4855c8d2c5535f01813fb2e10b68b31a24c0f:row:2333,1z6u|m0|A|2|-|ZN|-,1z6u,ZN,4,2,2,0.04204603,0.05638726,0.55685177,0.34471494
sha256:4748babd2b6ac0706cd9ed4bcfd4855c8d2c5535f01813fb2e10b68b31a24c0f:row:2341,2eim|m0|A|603|-|ZN|-,2eim,ZN,4,2,2,0.04271426,0.15712864,0.61379615,0.18636095
sha256:4748babd2b6ac0706cd9ed4bcfd4855c8d2c5535f01813fb2e10b68b31a24c0f:row:2358,7crq|m0|I|1502|-|ZN|-,7crq,ZN,4,2,2,0.03549496,0.14323698,0.52978127,0.29148679
sha256:4748babd2b6ac0706cd9ed4bcfd4855c8d2c5535f01813fb2e10b68b31a24c0f:row:2359,6v2h|m0|A|101|-|NI|-,6v2h,NI,4,3,3,0.05186977,0.15128238,0.29434653,0.50250132
sha256:4748babd2b6ac0706cd9ed4bcfd4855c8d2c5535f01813fb2e10b68b31a24c0f:row:2364,7cef|m0|A|402|-|ZN|-,7cef,ZN,4,2,2,0.09813948,0.06025571,0.53738945,0.30421536
sha256:4748babd2b6ac0706cd9ed4bcfd4855c8d2c5535f01813fb2e10b68b31a24c0f:row:2372,6xm9|m0|A|511|-|CO|-,6xm9,CO,4,3,1,0.04931882,0.41191509,0.14333795,0.39542814
sha256:4748babd2b6ac0706cd9ed4bcfd4855c8d2c5535f01813fb2e10b68b31a24c0f:row:2388,3wrs|m0|A|301|-|CO|-,3wrs,CO,4,3,3,0.17737529,0.06808807,0.24921262,0.50532402
sha256:4748babd2b6ac0706cd9ed4bcfd4855c8d2c5535f01813fb2e10b68b31a24c0f:row:2390,5ivj|m0|A|602|-|MN|-,5ivj,MN,4,0,3,0.44877463,0.03928650,0.05990927,0.45202960
sha256:4748babd2b6ac0706cd9ed4bcfd4855c8d2c5535f01813fb2e10b68b31a24c0f:row:2396,8uq8|m0|A|4008|-|ZN|-,8uq8,ZN,4,2,2,0.06778251,0.06429231,0.70404078,0.16388439
sha256:4748babd2b6ac0706cd9ed4bcfd4855c8d2c5535f01813fb2e10b68b31a24c0f:row:2398,5b49|m0|A|302|-|MN|-,5b49,MN,4,0,0,0.70057301,0.05853747,0.07821749,0.16267203
sha256:4748babd2b6ac0706cd9ed4bcfd4855c8d2c5535f01813fb2e10b68b31a24c0f:row:2400,7ae5|m0|a|701|-|ZN|-,7ae5,ZN,4,2,2,0.03940393,0.06014576,0.76134598,0.13910433
sha256:4748babd2b6ac0706cd9ed4bcfd4855c8d2c5535f01813fb2e10b68b31a24c0f:row:2409,4czp|m0|A|1372|-|MN|-,4czp,MN,4,0,0,0.76677353,0.03405589,0.06331756,0.13585301
sha256:4748babd2b6ac0706cd9ed4bcfd4855c8d2c5535f01813fb2e10b68b31a24c0f:row:2414,4fag|m0|A|401|-|FE|-,4fag,FE,4,3,3,0.17650713,0.11842627,0.30996059,0.39510601
sha256:4748babd2b6ac0706cd9ed4bcfd4855c8d2c5535f01813fb2e10b68b31a24c0f:row:2418,7enb|m0|A|403|-|FE|-,7enb,FE,4,3,3,0.13579872,0.08088087,0.08841917,0.69490124
sha256:4748babd2b6ac0706cd9ed4bcfd4855c8d2c5535f01813fb2e10b68b31a24c0f:row:2419,5opz|m0|A|201|-|ZN|-,5opz,ZN,4,2,2,0.09033492,0.10225353,0.62854441,0.17886715
sha256:4748babd2b6ac0706cd9ed4bcfd4855c8d2c5535f01813fb2e10b68b31a24c0f:row:2421,5i14|m0|A|202|-|NI|-,5i14,NI,4,3,2,0.06472478,0.16514387,0.40786560,0.36226575
sha256:4748babd2b6ac0706cd9ed4bcfd4855c8d2c5535f01813fb2e10b68b31a24c0f:row:2423,6vji|m0|A|401|-|ZN|-,6vji,ZN,4,2,2,0.04106663,0.10673276,0.75114336,0.10105726
sha256:4748babd2b6ac0706cd9ed4bcfd4855c8d2c5535f01813fb2e10b68b31a24c0f:row:2430,1yci|m0|A|1350|-|FE|-,1yci,FE,4,3,3,0.26333869,0.04628161,0.22839111,0.46198859
sha256:4748babd2b6ac0706cd9ed4bcfd4855c8d2c5535f01813fb2e10b68b31a24c0f:row:2433,5v09|m0|Z|401|-|MN|-,5v09,MN,4,0,0,0.46869969,0.04334097,0.28274659,0.20521275
sha256:4748babd2b6ac0706cd9ed4bcfd4855c8d2c5535f01813fb2e10b68b31a24c0f:row:2448,6szw|m0|B|301|-|ZN|-,6szw,ZN,4,2,2,0.12240726,0.11312590,0.61012678,0.15434005
sha256:4748babd2b6ac0706cd9ed4bcfd4855c8d2c5535f01813fb2e10b68b31a24c0f:row:2458,6qw5|m0|A|302|-|MN|-,6qw5,MN,4,0,0,0.50858075,0.03900446,0.31912710,0.13328769
sha256:4748babd2b6ac0706cd9ed4bcfd4855c8d2c5535f01813fb2e10b68b31a24c0f:row:2460,5we0|m0|A|601|-|ZN|-,5we0,ZN,4,2,2,0.03201110,0.20712365,0.68141834,0.07944691
sha256:4748babd2b6ac0706cd9ed4bcfd4855c8d2c5535f01813fb2e10b68b31a24c0f:row:2469,2cgn|m0|A|1350|-|FE|-,2cgn,FE,4,3,3,0.15045398,0.11736089,0.27530481,0.45688032
sha256:4748babd2b6ac0706cd9ed4bcfd4855c8d2c5535f01813fb2e10b68b31a24c0f:row:2487,4ask|m0|A|3000|-|CO|-,4ask,CO,4,3,3,0.14386654,0.06137354,0.18162998,0.61312994
sha256:4748babd2b6ac0706cd9ed4bcfd4855c8d2c5535f01813fb2e10b68b31a24c0f:row:2489,4kng|m0|B|601|-|NI|-,4kng,NI,4,3,2,0.27107140,0.21102454,0.37406167,0.14384240
sha256:4748babd2b6ac0706cd9ed4bcfd4855c8d2c5535f01813fb2e10b68b31a24c0f:row:2498,7tcl|m0|X|301|-|MN|-,7tcl,MN,4,0,3,0.39796236,0.04721633,0.09438411,0.46043720
sha256:4748babd2b6ac0706cd9ed4bcfd4855c8d2c5535f01813fb2e10b68b31a24c0f:row:2504,3uej|m0|A|302|-|ZN|-,3uej,ZN,4,2,2,0.03553742,0.06994967,0.80779570,0.08671721
sha256:4748babd2b6ac0706cd9ed4bcfd4855c8d2c5535f01813fb2e10b68b31a24c0f:row:2505,7e9s|m0|A|901|-|MN|-,7e9s,MN,4,0,0,0.77994924,0.03762962,0.07434798,0.10807316
sha256:4748babd2b6ac0706cd9ed4bcfd4855c8d2c5535f01813fb2e10b68b31a24c0f:row:2506,1ekj|m0|C|1|-|CU|-,1ekj,CU,4,1,2,0.05971072,0.20442194,0.41556569,0.32030165
sha256:4748babd2b6ac0706cd9ed4bcfd4855c8d2c5535f01813fb2e10b68b31a24c0f:row:2513,8a0c|m0|A|1209|-|ZN|-,8a0c,ZN,4,2,2,0.18554662,0.06151648,0.46024199,0.29269491
sha256:4748babd2b6ac0706cd9ed4bcfd4855c8d2c5535f01813fb2e10b68b31a24c0f:row:2516,5kff|m0|A|501|-|MN|-,5kff,MN,4,0,0,0.72607136,0.03412232,0.12084491,0.11896142
sha256:4748babd2b6ac0706cd9ed4bcfd4855c8d2c5535f01813fb2e10b68b31a24c0f:row:2520,1phm|m0|A|357|-|CU|-,1phm,CU,4,1,1,0.02576985,0.55799890,0.35699837,0.05923289
sha256:4748babd2b6ac0706cd9ed4bcfd4855c8d2c5535f01813fb2e10b68b31a24c0f:row:2525,4h4l|m0|A|202|-|ZN|-,4h4l,ZN,4,2,3,0.05698285,0.16452928,0.10144462,0.67704326
sha256:4748babd2b6ac0706cd9ed4bcfd4855c8d2c5535f01813fb2e10b68b31a24c0f:row:2533,1r9z|m0|A|501|-|FE|-,1r9z,FE,4,3,3,0.04726321,0.16511407,0.20245748,0.58516523
sha256:4748babd2b6ac0706cd9ed4bcfd4855c8d2c5535f01813fb2e10b68b31a24c0f:row:2537,3rmw|m0|A|264|-|MN|-,3rmw,MN,4,0,0,0.46084654,0.03629436,0.25546712,0.24739197
sha256:4748babd2b6ac0706cd9ed4bcfd4855c8d2c5535f01813fb2e10b68b31a24c0f:row:2562,3r61|m0|A|1|-|CO|-,3r61,CO,4,3,0,0.49145374,0.04615592,0.14320436,0.31918598
sha256:4748babd2b6ac0706cd9ed4bcfd4855c8d2c5535f01813fb2e10b68b31a24c0f:row:2573,3nzh|m0|H|1001|-|CO|-,3nzh,CO,4,3,1,0.04947103,0.40626686,0.39410671,0.15015540
sha256:4748babd2b6ac0706cd9ed4bcfd4855c8d2c5535f01813fb2e10b68b31a24c0f:row:2579,4nig|m0|A|301|-|MN|-,4nig,MN,4,0,3,0.38653951,0.04306569,0.05728416,0.51311063
sha256:4748babd2b6ac0706cd9ed4bcfd4855c8d2c5535f01813fb2e10b68b31a24c0f:row:2584,2zmx|m0|B|303|-|CU|-,2zmx,CU,4,1,3,0.06005689,0.30505596,0.22491417,0.40997299
sha256:4748babd2b6ac0706cd9ed4bcfd4855c8d2c5535f01813fb2e10b68b31a24c0f:row:2590,7eev|m0|A|502|-|ZN|-,7eev,ZN,4,2,2,0.03715475,0.28967221,0.46991267,0.20326037
sha256:4748babd2b6ac0706cd9ed4bcfd4855c8d2c5535f01813fb2e10b68b31a24c0f:row:2592,3vi1|m0|A|500|-|ZN|-,3vi1,ZN,4,2,3,0.09358630,0.14057261,0.19383839,0.57200269
sha256:4748babd2b6ac0706cd9ed4bcfd4855c8d2c5535f01813fb2e10b68b31a24c0f:row:2593,4ubg|m0|A|301|-|FE|-,4ubg,FE,4,3,3,0.08991861,0.17469887,0.12972836,0.60565416
sha256:4748babd2b6ac0706cd9ed4bcfd4855c8d2c5535f01813fb2e10b68b31a24c0f:row:2594,5cfs|m0|A|202|-|MN|-,5cfs,MN,4,0,0,0.76109077,0.04012306,0.08078453,0.11800165
sha256:4748babd2b6ac0706cd9ed4bcfd4855c8d2c5535f01813fb2e10b68b31a24c0f:row:2599,4y4n|m0|A|301|-|FE|-,4y4n,FE,4,3,3,0.22157339,0.05881323,0.31374321,0.40587016
sha256:4748babd2b6ac0706cd9ed4bcfd4855c8d2c5535f01813fb2e10b68b31a24c0f:row:2601,5f1m|m0|A|301|-|MN|-,5f1m,MN,4,0,0,0.69794062,0.03839937,0.14422695,0.11943306
sha256:4748babd2b6ac0706cd9ed4bcfd4855c8d2c5535f01813fb2e10b68b31a24c0f:row:2602,2ido|m0|A|1002|-|MN|-,2ido,MN,4,0,0,0.68716670,0.03550567,0.11891352,0.15841411
sha256:4748babd2b6ac0706cd9ed4bcfd4855c8d2c5535f01813fb2e10b68b31a24c0f:row:2604,4n3u|m0|A|201|-|CU|-,4n3u,CU,4,1,1,0.03346808,0.52683509,0.36905907,0.07063776
sha256:4748babd2b6ac0706cd9ed4bcfd4855c8d2c5535f01813fb2e10b68b31a24c0f:row:2607,5wnb|m0|A|201|-|ZN|-,5wnb,ZN,4,2,2,0.05844824,0.20726658,0.62283730,0.11144787
sha256:4748babd2b6ac0706cd9ed4bcfd4855c8d2c5535f01813fb2e10b68b31a24c0f:row:2609,7c3b|m0|A|410|-|NI|-,7c3b,NI,4,3,3,0.09775225,0.08536357,0.11744921,0.69943497
sha256:4748babd2b6ac0706cd9ed4bcfd4855c8d2c5535f01813fb2e10b68b31a24c0f:row:2611,8ffc|m0|A|201|-|FE|-,8ffc,FE,4,3,2,0.27947460,0.04985082,0.35375352,0.31692106
sha256:4748babd2b6ac0706cd9ed4bcfd4855c8d2c5535f01813fb2e10b68b31a24c0f:row:2626,1wkm|m0|A|297|-|MN|-,1wkm,MN,4,0,0,0.47510403,0.05260428,0.27740745,0.19488425
sha256:4748babd2b6ac0706cd9ed4bcfd4855c8d2c5535f01813fb2e10b68b31a24c0f:row:2630,5ze3|m0|A|803|-|ZN|-,5ze3,ZN,4,2,2,0.04137078,0.37075568,0.38564556,0.20222799
sha256:4748babd2b6ac0706cd9ed4bcfd4855c8d2c5535f01813fb2e10b68b31a24c0f:row:2632,3qbu|m0|A|294|-|ZN|-,3qbu,ZN,4,2,3,0.10384599,0.08719572,0.20787622,0.60108207
sha256:4748babd2b6ac0706cd9ed4bcfd4855c8d2c5535f01813fb2e10b68b31a24c0f:row:2633,2puy|m0|A|356|-|ZN|-,2puy,ZN,4,2,2,0.04495414,0.05736517,0.78763014,0.11005054
sha256:4748babd2b6ac0706cd9ed4bcfd4855c8d2c5535f01813fb2e10b68b31a24c0f:row:2641,7paz|m0|A|124|-|CU|-,7paz,CU,4,1,1,0.03101734,0.65813915,0.24190489,0.06893861
sha256:4748babd2b6ac0706cd9ed4bcfd4855c8d2c5535f01813fb2e10b68b31a24c0f:row:2642,2ctv|m0|A|238|-|MN|-,2ctv,MN,4,0,0,0.74667331,0.03688286,0.07468693,0.14175690
sha256:4748babd2b6ac0706cd9ed4bcfd4855c8d2c5535f01813fb2e10b68b31a24c0f:row:2644,4lw6|m0|A|401|-|MN|-,4lw6,MN,4,0,0,0.65659407,0.04054773,0.11788056,0.18497763
sha256:4748babd2b6ac0706cd9ed4bcfd4855c8d2c5535f01813fb2e10b68b31a24c0f:row:2649,4r5n|m0|A|501|-|NI|-,4r5n,NI,4,3,2,0.05239674,0.16294617,0.59509072,0.18956637
sha256:4748babd2b6ac0706cd9ed4bcfd4855c8d2c5535f01813fb2e10b68b31a24c0f:row:2651,7tza|m0|A|501|-|FE|-,7tza,FE,4,3,3,0.17032083,0.07238519,0.09839724,0.65889674
sha256:4748babd2b6ac0706cd9ed4bcfd4855c8d2c5535f01813fb2e10b68b31a24c0f:row:2656,5ylb|m0|A|301|-|FE|-,5ylb,FE,4,3,3,0.10924777,0.04913916,0.08523701,0.75637605
sha256:4748babd2b6ac0706cd9ed4bcfd4855c8d2c5535f01813fb2e10b68b31a24c0f:row:2664,3ddt|m0|A|47|-|ZN|-,3ddt,ZN,4,2,2,0.03536797,0.07753216,0.79732496,0.08977492
sha256:4748babd2b6ac0706cd9ed4bcfd4855c8d2c5535f01813fb2e10b68b31a24c0f:row:2680,7kmm|m0|A|702|-|ZN|-,7kmm,ZN,4,2,2,0.11768090,0.09512328,0.61556195,0.17163388
sha256:4748babd2b6ac0706cd9ed4bcfd4855c8d2c5535f01813fb2e10b68b31a24c0f:row:2682,7zkk|m0|B|803|-|NI|-,7zkk,NI,4,3,3,0.03918004,0.08936140,0.36800897,0.50344960
sha256:4748babd2b6ac0706cd9ed4bcfd4855c8d2c5535f01813fb2e10b68b31a24c0f:row:2686,6ibh|m0|A|204|-|CU|-,6ibh,CU,4,1,3,0.15432438,0.25919963,0.25252804,0.33394795
sha256:4748babd2b6ac0706cd9ed4bcfd4855c8d2c5535f01813fb2e10b68b31a24c0f:row:2694,1ed8|m0|B|951|-|ZN|-,1ed8,ZN,4,2,3,0.15794468,0.05909099,0.30453467,0.47842966
sha256:4748babd2b6ac0706cd9ed4bcfd4855c8d2c5535f01813fb2e10b68b31a24c0f:row:2704,3ggd|m0|A|246|-|CO|-,3ggd,CO,4,3,2,0.05600788,0.18478811,0.61669988,0.14250413
sha256:4748babd2b6ac0706cd9ed4bcfd4855c8d2c5535f01813fb2e10b68b31a24c0f:row:2705,3a9t|m0|A|701|-|MN|-,3a9t,MN,4,0,0,0.54525875,0.06561485,0.23966292,0.14946348
sha256:4748babd2b6ac0706cd9ed4bcfd4855c8d2c5535f01813fb2e10b68b31a24c0f:row:2709,7a1f|m0|A|402|-|NI|-,7a1f,NI,4,3,3,0.13403018,0.09384252,0.19981421,0.57231309
sha256:4748babd2b6ac0706cd9ed4bcfd4855c8d2c5535f01813fb2e10b68b31a24c0f:row:2743,5yd0|m0|B|900|-|ZN|-,5yd0,ZN,4,2,2,0.04345489,0.11790591,0.74015000,0.09848919
sha256:4748babd2b6ac0706cd9ed4bcfd4855c8d2c5535f01813fb2e10b68b31a24c0f:row:2750,2dxn|m0|A|1001|-|ZN|-,2dxn,ZN,4,2,3,0.22443688,0.09129481,0.33692203,0.34734627
sha256:4748babd2b6ac0706cd9ed4bcfd4855c8d2c5535f01813fb2e10b68b31a24c0f:row:2757,5vf5|m0|A|503|-|CU|A,5vf5,CU,4,1,2,0.04924577,0.31830640,0.45891031,0.17353752
sha256:4748babd2b6ac0706cd9ed4bcfd4855c8d2c5535f01813fb2e10b68b31a24c0f:row:2759,2qb7|m0|A|401|-|CO|-,2qb7,CO,4,3,0,0.43730109,0.07183586,0.22476162,0.26610143
sha256:4748babd2b6ac0706cd9ed4bcfd4855c8d2c5535f01813fb2e10b68b31a24c0f:row:2760,7b1s|m0|A|603|-|MN|-,7b1s,MN,4,0,3,0.39159706,0.04568830,0.08731994,0.47539469
sha256:4748babd2b6ac0706cd9ed4bcfd4855c8d2c5535f01813fb2e10b68b31a24c0f:row:2763,7qcd|m0|D|1001|-|ZN|-,7qcd,ZN,4,2,2,0.03749776,0.13112602,0.47999585,0.35138037
sha256:4748babd2b6ac0706cd9ed4bcfd4855c8d2c5535f01813fb2e10b68b31a24c0f:row:2768,7kyj|m0|A|202|-|ZN|-,7kyj,ZN,4,2,2,0.05143715,0.22991305,0.49365497,0.22499482
sha256:4748babd2b6ac0706cd9ed4bcfd4855c8d2c5535f01813fb2e10b68b31a24c0f:row:2771,6s6v|m0|B|501|-|MN|-,6s6v,MN,4,0,0,0.52422273,0.05635061,0.08475883,0.33466783
sha256:4748babd2b6ac0706cd9ed4bcfd4855c8d2c5535f01813fb2e10b68b31a24c0f:row:2777,5kfy|m0|A|501|-|MN|-,5kfy,MN,4,0,0,0.65486543,0.03574607,0.20453437,0.10485414
sha256:4748babd2b6ac0706cd9ed4bcfd4855c8d2c5535f01813fb2e10b68b31a24c0f:row:2779,4uwx|m0|B|1370|-|NI|-,4uwx,NI,4,3,3,0.14951429,0.06990248,0.13045857,0.65012466
sha256:4748babd2b6ac0706cd9ed4bcfd4855c8d2c5535f01813fb2e10b68b31a24c0f:row:2787,3puq|m0|A|1|-|FE|-,3puq,FE,4,3,3,0.11779505,0.05308610,0.08716733,0.74195152
sha256:4748babd2b6ac0706cd9ed4bcfd4855c8d2c5535f01813fb2e10b68b31a24c0f:row:2788,3ibm|m0|A|200|-|ZN|-,3ibm,ZN,4,2,3,0.10479269,0.07622385,0.08286578,0.73611768
sha256:4748babd2b6ac0706cd9ed4bcfd4855c8d2c5535f01813fb2e10b68b31a24c0f:row:2794,7vgm|m0|A|602|-|FE|-,7vgm,FE,4,3,3,0.07764935,0.07886513,0.17893747,0.66454805
sha256:4748babd2b6ac0706cd9ed4bcfd4855c8d2c5535f01813fb2e10b68b31a24c0f:row:2803,7pfi|m0|A|201|-|FE|-,7pfi,FE,4,3,3,0.15496360,0.05752235,0.30225426,0.48525979
sha256:4748babd2b6ac0706cd9ed4bcfd4855c8d2c5535f01813fb2e10b68b31a24c0f:row:2809,2wg3|m0|A|1199|-|ZN|-,2wg3,ZN,4,2,3,0.07937688,0.06894999,0.36961959,0.48205354
sha256:4748babd2b6ac0706cd9ed4bcfd4855c8d2c5535f01813fb2e10b68b31a24c0f:row:2831,5o6n|m0|A|302|-|MN|-,5o6n,MN,4,0,0,0.76726439,0.03413698,0.05629456,0.14230406
sha256:4748babd2b6ac0706cd9ed4bcfd4855c8d2c5535f01813fb2e10b68b31a24c0f:row:2834,2oba|m0|A|200|-|ZN|-,2oba,ZN,4,2,0,0.44953980,0.05751147,0.07566509,0.41728365
sha256:4748babd2b6ac0706cd9ed4bcfd4855c8d2c5535f01813fb2e10b68b31a24c0f:row:2841,8t1r|m0|A|502|-|FE|-,8t1r,FE,4,3,0,0.38877349,0.05264339,0.21922447,0.33935865
sha256:4748babd2b6ac0706cd9ed4bcfd4855c8d2c5535f01813fb2e10b68b31a24c0f:row:2855,7cpl|m0|A|412|-|NI|-,7cpl,NI,4,3,2,0.15205150,0.06939822,0.52893236,0.24961792
sha256:4748babd2b6ac0706cd9ed4bcfd4855c8d2c5535f01813fb2e10b68b31a24c0f:row:2859,4r79|m0|A|401|-|MN|-,4r79,MN,4,0,0,0.57117341,0.08111228,0.22712019,0.12059413
sha256:4748babd2b6ac0706cd9ed4bcfd4855c8d2c5535f01813fb2e10b68b31a24c0f:row:2863,1e31|m0|A|801|-|ZN|-,1e31,ZN,4,2,2,0.10320076,0.07696303,0.73296396,0.08687225
sha256:4748babd2b6ac0706cd9ed4bcfd4855c8d2c5535f01813fb2e10b68b31a24c0f:row:2864,5uq6|m0|A|403|-|FE|-,5uq6,FE,4,3,3,0.25488163,0.05987238,0.09387030,0.59137570
sha256:4748babd2b6ac0706cd9ed4bcfd4855c8d2c5535f01813fb2e10b68b31a24c0f:row:2879,1f1h|m0|A|469|-|MN|-,1f1h,MN,4,0,0,0.67936958,0.03861430,0.08733903,0.19467709
sha256:4748babd2b6ac0706cd9ed4bcfd4855c8d2c5535f01813fb2e10b68b31a24c0f:row:2881,3nw4|m0|A|369|-|FE|-,3nw4,FE,4,3,3,0.18763440,0.07517250,0.09600297,0.64119013
sha256:4748babd2b6ac0706cd9ed4bcfd4855c8d2c5535f01813fb2e10b68b31a24c0f:row:2884,2hvv|m0|A|501|-|ZN|-,2hvv,ZN,4,2,2,0.04770681,0.14243140,0.67677244,0.13308935
sha256:4748babd2b6ac0706cd9ed4bcfd4855c8d2c5535f01813fb2e10b68b31a24c0f:row:2905,5hrb|m0|A|201|-|MN|-,5hrb,MN,4,0,0,0.60544719,0.03647202,0.15876840,0.19931239
sha256:4748babd2b6ac0706cd9ed4bcfd4855c8d2c5535f01813fb2e10b68b31a24c0f:row:2907,2bp0|m0|A|1340|-|ZN|-,2bp0,ZN,4,2,2,0.20453465,0.09586277,0.55462772,0.14497486
sha256:4748babd2b6ac0706cd9ed4bcfd4855c8d2c5535f01813fb2e10b68b31a24c0f:row:2910,7y75|m0|A|902|-|ZN|-,7y75,ZN,4,2,2,0.11441785,0.19015023,0.50018978,0.19524214
sha256:4748babd2b6ac0706cd9ed4bcfd4855c8d2c5535f01813fb2e10b68b31a24c0f:row:2920,3qvy|m0|A|500|-|ZN|-,3qvy,ZN,4,2,3,0.10930492,0.09650769,0.25430347,0.53988393
sha256:4748babd2b6ac0706cd9ed4bcfd4855c8d2c5535f01813fb2e10b68b31a24c0f:row:2926,6gyt|m0|A|1301|-|ZN|-,6gyt,ZN,4,2,2,0.06721702,0.10419285,0.68463860,0.14395153
sha256:4748babd2b6ac0706cd9ed4bcfd4855c8d2c5535f01813fb2e10b68b31a24c0f:row:2928,4o7x|m0|A|301|-|MN|-,4o7x,MN,4,0,3,0.43450030,0.04571244,0.05818196,0.46160531
sha256:4748babd2b6ac0706cd9ed4bcfd4855c8d2c5535f01813fb2e10b68b31a24c0f:row:2930,7ne6|m0|A|2007|-|MN|-,7ne6,MN,4,0,0,0.61454886,0.05477331,0.08805185,0.24262598
sha256:4748babd2b6ac0706cd9ed4bcfd4855c8d2c5535f01813fb2e10b68b31a24c0f:row:2936,4m51|m0|A|503|-|FE|-,4m51,FE,4,3,3,0.22061624,0.07095042,0.23563393,0.47279940
sha256:4748babd2b6ac0706cd9ed4bcfd4855c8d2c5535f01813fb2e10b68b31a24c0f:row:2937,1jtk|m0|A|137|-|ZN|-,1jtk,ZN,4,2,2,0.05391193,0.08616050,0.74220592,0.11772165
sha256:4748babd2b6ac0706cd9ed4bcfd4855c8d2c5535f01813fb2e10b68b31a24c0f:row:2939,1zm5|m0|A|300|-|CU|-,1zm5,CU,4,1,1,0.06535116,0.43532506,0.26397626,0.23534752
sha256:4748babd2b6ac0706cd9ed4bcfd4855c8d2c5535f01813fb2e10b68b31a24c0f:row:2948,5kfb|m0|A|501|-|MN|-,5kfb,MN,4,0,0,0.73051427,0.03326314,0.11966741,0.11655518
sha256:4748babd2b6ac0706cd9ed4bcfd4855c8d2c5535f01813fb2e10b68b31a24c0f:row:2949,2w9m|m0|A|1565|-|ZN|-,2w9m,ZN,4,2,2,0.13286349,0.23385084,0.41674189,0.21654378
sha256:4748babd2b6ac0706cd9ed4bcfd4855c8d2c5535f01813fb2e10b68b31a24c0f:row:2967,1wkq|m0|A|201|-|ZN|-,1wkq,ZN,4,2,2,0.03903188,0.17549247,0.67600631,0.10946934
sha256:4748babd2b6ac0706cd9ed4bcfd4855c8d2c5535f01813fb2e10b68b31a24c0f:row:2973,6qwu|m0|A|302|-|MN|-,6qwu,MN,4,0,0,0.74622251,0.03605955,0.09131921,0.12639874
sha256:4748babd2b6ac0706cd9ed4bcfd4855c8d2c5535f01813fb2e10b68b31a24c0f:row:2981,2w4l|m0|A|1170|-|ZN|-,2w4l,ZN,4,2,2,0.04216769,0.11218128,0.52354811,0.32210292
sha256:4748babd2b6ac0706cd9ed4bcfd4855c8d2c5535f01813fb2e10b68b31a24c0f:row:2999,1bcf|m0|B|601|-|MN|-,1bcf,MN,4,0,3,0.32245988,0.06563692,0.14650260,0.46540060
sha256:4748babd2b6ac0706cd9ed4bcfd4855c8d2c5535f01813fb2e10b68b31a24c0f:row:3007,7uzr|m0|C|603|-|MN|-,7uzr,MN,4,0,0,0.65375154,0.04033674,0.09406459,0.21184714
sha256:4748babd2b6ac0706cd9ed4bcfd4855c8d2c5535f01813fb2e10b68b31a24c0f:row:3016,2fqt|m0|A|701|-|CO|-,2fqt,CO,4,3,2,0.04657514,0.19824616,0.56932286,0.18585584
sha256:4748babd2b6ac0706cd9ed4bcfd4855c8d2c5535f01813fb2e10b68b31a24c0f:row:3022,3o1s|m0|A|301|-|FE|-,3o1s,FE,4,3,3,0.19881671,0.04854587,0.07210833,0.68052909
sha256:4748babd2b6ac0706cd9ed4bcfd4855c8d2c5535f01813fb2e10b68b31a24c0f:row:3023,5ivb|m0|A|602|-|MN|-,5ivb,MN,4,0,3,0.37793575,0.04417992,0.06710299,0.51078134
sha256:4748babd2b6ac0706cd9ed4bcfd4855c8d2c5535f01813fb2e10b68b31a24c0f:row:3024,4bbr|m0|M|1216|-|ZN|-,4bbr,ZN,4,2,2,0.04029805,0.05125191,0.78209305,0.12635699
sha256:4748babd2b6ac0706cd9ed4bcfd4855c8d2c5535f01813fb2e10b68b31a24c0f:row:3027,8ih7|m0|A|401|-|ZN|-,8ih7,ZN,4,2,3,0.13351586,0.07247349,0.10246017,0.69155047
sha256:4748babd2b6ac0706cd9ed4bcfd4855c8d2c5535f01813fb2e10b68b31a24c0f:row:3032,5ve9|m0|C|7201|-|ZN|-,5ve9,ZN,4,2,2,0.06964535,0.07501570,0.63988002,0.21545892
sha256:4748babd2b6ac0706cd9ed4bcfd4855c8d2c5535f01813fb2e10b68b31a24c0f:row:3036,1xai|m0|A|600|-|ZN|-,1xai,ZN,4,2,3,0.23783002,0.11417506,0.09491338,0.55308155
sha256:4748babd2b6ac0706cd9ed4bcfd4855c8d2c5535f01813fb2e10b68b31a24c0f:row:3039,3thn|m0|A|361|-|MN|-,3thn,MN,4,0,0,0.50476131,0.11768799,0.12156593,0.25598478
sha256:4748babd2b6ac0706cd9ed4bcfd4855c8d2c5535f01813fb2e10b68b31a24c0f:row:3040,5n5e|m0|A|101|-|FE|-,5n5e,FE,4,3,3,0.19585991,0.04545249,0.09131669,0.66737091
sha256:4748babd2b6ac0706cd9ed4bcfd4855c8d2c5535f01813fb2e10b68b31a24c0f:row:3041,1dgs|m0|B|2701|-|ZN|-,1dgs,ZN,4,2,2,0.03510001,0.07890825,0.67787848,0.20811326
sha256:4748babd2b6ac0706cd9ed4bcfd4855c8d2c5535f01813fb2e10b68b31a24c0f:row:3042,2ogw|m0|A|500|-|ZN|-,2ogw,ZN,4,2,2,0.03620236,0.23354059,0.57431056,0.15594649
sha256:4748babd2b6ac0706cd9ed4bcfd4855c8d2c5535f01813fb2e10b68b31a24c0f:row:3045,6snv|m0|B|901|-|ZN|-,6snv,ZN,4,2,2,0.05980976,0.09356573,0.71383825,0.13278626
sha256:4748babd2b6ac0706cd9ed4bcfd4855c8d2c5535f01813fb2e10b68b31a24c0f:row:3053,4mo1|m0|A|301|-|ZN|-,4mo1,ZN,4,2,2,0.04776169,0.07144452,0.47663147,0.40416232
sha256:4748babd2b6ac0706cd9ed4bcfd4855c8d2c5535f01813fb2e10b68b31a24c0f:row:3070,5ts5|m0|C|502|-|ZN|-,5ts5,ZN,4,2,2,0.08391851,0.18681721,0.59586819,0.13339608
sha256:4748babd2b6ac0706cd9ed4bcfd4855c8d2c5535f01813fb2e10b68b31a24c0f:row:3079,3hwp|m0|A|295|-|ZN|-,3hwp,ZN,4,2,3,0.11341700,0.05097816,0.09715907,0.73844577
sha256:4748babd2b6ac0706cd9ed4bcfd4855c8d2c5535f01813fb2e10b68b31a24c0f:row:3081,2yqb|m0|A|501|-|CU|-,2yqb,CU,4,1,1,0.05043061,0.66477942,0.20546110,0.07932888
sha256:4748babd2b6ac0706cd9ed4bcfd4855c8d2c5535f01813fb2e10b68b31a24c0f:row:3083,6sor|m0|A|201|-|FE|-,6sor,FE,4,3,2,0.15957155,0.06610986,0.42937911,0.34493948
sha256:4748babd2b6ac0706cd9ed4bcfd4855c8d2c5535f01813fb2e10b68b31a24c0f:row:3091,6slf|m0|A|401|-|ZN|-,6slf,ZN,4,2,3,0.08552144,0.13232921,0.35146293,0.43068642
sha256:4748babd2b6ac0706cd9ed4bcfd4855c8d2c5535f01813fb2e10b68b31a24c0f:row:3097,2w57|m0|A|202|-|ZN|-,2w57,ZN,4,2,3,0.15150389,0.09887259,0.28008942,0.46953410
sha256:4748babd2b6ac0706cd9ed4bcfd4855c8d2c5535f01813fb2e10b68b31a24c0f:row:3107,5jfy|m0|A|202|-|ZN|-,5jfy,ZN,4,2,2,0.04081123,0.12461223,0.66957956,0.16499697
sha256:4748babd2b6ac0706cd9ed4bcfd4855c8d2c5535f01813fb2e10b68b31a24c0f:row:3110,4nro|m0|A|301|-|MN|-,4nro,MN,4,0,0,0.38155940,0.04911865,0.26412311,0.30519884
sha256:4748babd2b6ac0706cd9ed4bcfd4855c8d2c5535f01813fb2e10b68b31a24c0f:row:3113,1r4i|m0|A|650|-|ZN|-,1r4i,ZN,4,2,2,0.04360587,0.07289172,0.73250649,0.15099591
sha256:4748babd2b6ac0706cd9ed4bcfd4855c8d2c5535f01813fb2e10b68b31a24c0f:row:3118,6bie|m0|A|206|-|ZN|-,6bie,ZN,4,2,2,0.06854991,0.11614895,0.62898714,0.18631401
sha256:4748babd2b6ac0706cd9ed4bcfd4855c8d2c5535f01813fb2e10b68b31a24c0f:row:3125,4ewd|m0|A|1001|-|MN|-,4ewd,MN,4,0,0,0.50976711,0.04810938,0.06308968,0.37903383
sha256:4748babd2b6ac0706cd9ed4bcfd4855c8d2c5535f01813fb2e10b68b31a24c0f:row:3133,6xbt|m0|A|201|-|CO|-,6xbt,CO,4,3,3,0.06724462,0.06047139,0.08813532,0.78414867
sha256:4748babd2b6ac0706cd9ed4bcfd4855c8d2c5535f01813fb2e10b68b31a24c0f:row:3141,6bh0|m0|A|602|-|MN|-,6bh0,MN,4,0,3,0.38368722,0.05003227,0.06356647,0.50271404
sha256:4748babd2b6ac0706cd9ed4bcfd4855c8d2c5535f01813fb2e10b68b31a24c0f:row:3142,2ein|m0|L|603|-|ZN|-,2ein,ZN,4,2,3,0.09485415,0.10511794,0.22654759,0.57348033
sha256:4748babd2b6ac0706cd9ed4bcfd4855c8d2c5535f01813fb2e10b68b31a24c0f:row:3156,8hjx|m0|A|201|-|CU|-,8hjx,CU,4,1,3,0.11267144,0.10472375,0.26526363,0.51734118
sha256:4748babd2b6ac0706cd9ed4bcfd4855c8d2c5535f01813fb2e10b68b31a24c0f:row:3157,1qiq|m0|A|333|-|FE|-,1qiq,FE,4,3,3,0.21643753,0.05218142,0.07524134,0.65613970
sha256:4748babd2b6ac0706cd9ed4bcfd4855c8d2c5535f01813fb2e10b68b31a24c0f:row:3159,5yvr|m0|A|501|-|MN|-,5yvr,MN,4,0,0,0.38784429,0.14686223,0.14170257,0.32359090
sha256:4748babd2b6ac0706cd9ed4bcfd4855c8d2c5535f01813fb2e10b68b31a24c0f:row:3160,7z2y|m0|A|503|-|NI|-,7z2y,NI,4,3,3,0.25523350,0.06589004,0.32053312,0.35834334
sha256:4748babd2b6ac0706cd9ed4bcfd4855c8d2c5535f01813fb2e10b68b31a24c0f:row:3163,3b1b|m0|A|378|-|ZN|-,3b1b,ZN,4,2,3,0.06423657,0.23999915,0.22480817,0.47095611
sha256:4748babd2b6ac0706cd9ed4bcfd4855c8d2c5535f01813fb2e10b68b31a24c0f:row:3172,2y3d|m0|A|150|-|ZN|-,2y3d,ZN,4,2,2,0.09842316,0.11921331,0.50406363,0.27829991
sha256:4748babd2b6ac0706cd9ed4bcfd4855c8d2c5535f01813fb2e10b68b31a24c0f:row:3178,6cj9|m0|A|302|-|MN|-,6cj9,MN,4,0,0,0.58802892,0.03874046,0.23445047,0.13878014
sha256:4748babd2b6ac0706cd9ed4bcfd4855c8d2c5535f01813fb2e10b68b31a24c0f:row:3186,6bh4|m0|A|602|-|MN|-,6bh4,MN,4,0,3,0.44159407,0.04835386,0.06176305,0.44828902
sha256:4748babd2b6ac0706cd9ed4bcfd4855c8d2c5535f01813fb2e10b68b31a24c0f:row:3190,3n7d|m0|A|75|-|CU|-,3n7d,CU,4,1,2,0.08003306,0.09900815,0.50659383,0.31436496
sha256:4748babd2b6ac0706cd9ed4bcfd4855c8d2c5535f01813fb2e10b68b31a24c0f:row:3192,3bkz|m0|A|501|-|MN|-,3bkz,MN,4,0,0,0.45657100,0.04878935,0.05958142,0.43505824
sha256:4748babd2b6ac0706cd9ed4bcfd4855c8d2c5535f01813fb2e10b68b31a24c0f:row:3200,2z90|m0|A|162|-|FE|-,2z90,FE,4,3,3,0.35027362,0.05916019,0.20616131,0.38440488
sha256:4748babd2b6ac0706cd9ed4bcfd4855c8d2c5535f01813fb2e10b68b31a24c0f:row:3201,4raf|m0|A|401|-|MN|-,4raf,MN,4,0,0,0.74515211,0.03831015,0.09760015,0.11893759
sha256:4748babd2b6ac0706cd9ed4bcfd4855c8d2c5535f01813fb2e10b68b31a24c0f:row:3204,8acu|m0|A|401|-|MN|-,8acu,MN,4,0,0,0.41804016,0.07034738,0.33151208,0.18010038
sha256:4748babd2b6ac0706cd9ed4bcfd4855c8d2c5535f01813fb2e10b68b31a24c0f:row:3209,3b08|m0|B|1|-|ZN|-,3b08,ZN,4,2,2,0.03775778,0.06750655,0.78714474,0.10759094
sha256:4748babd2b6ac0706cd9ed4bcfd4855c8d2c5535f01813fb2e10b68b31a24c0f:row:3212,7z2s|m0|A|502|-|NI|-,7z2s,NI,4,3,3,0.10459514,0.06524899,0.32030587,0.50984999
sha256:4748babd2b6ac0706cd9ed4bcfd4855c8d2c5535f01813fb2e10b68b31a24c0f:row:3227,2hmo|m0|A|450|-|FE|-,2hmo,FE,4,3,3,0.09341969,0.05679906,0.27124615,0.57853509
sha256:4748babd2b6ac0706cd9ed4bcfd4855c8d2c5535f01813fb2e10b68b31a24c0f:row:3230,6ns4|m0|A|801|-|FE|-,6ns4,FE,4,3,3,0.18033817,0.06235140,0.08619236,0.67111806
sha256:4748babd2b6ac0706cd9ed4bcfd4855c8d2c5535f01813fb2e10b68b31a24c0f:row:3231,2zbj|m0|A|238|-|MN|-,2zbj,MN,4,0,0,0.76808883,0.03549804,0.06106259,0.13535054
sha256:4748babd2b6ac0706cd9ed4bcfd4855c8d2c5535f01813fb2e10b68b31a24c0f:row:3233,2bi4|m0|B|2384|-|FE|-,2bi4,FE,4,3,2,0.12996694,0.11159217,0.38937489,0.36906601
sha256:4748babd2b6ac0706cd9ed4bcfd4855c8d2c5535f01813fb2e10b68b31a24c0f:row:3246,7txu|m0|A|904|-|ZN|-,7txu,ZN,4,2,3,0.09246816,0.17080282,0.27735538,0.45937364
sha256:4748babd2b6ac0706cd9ed4bcfd4855c8d2c5535f01813fb2e10b68b31a24c0f:row:3248,7pfb|m0|A|201|-|FE|-,7pfb,FE,4,3,3,0.20612679,0.05618966,0.19937955,0.53830400
sha256:4748babd2b6ac0706cd9ed4bcfd4855c8d2c5535f01813fb2e10b68b31a24c0f:row:3264,6u4s|m0|A|301|-|FE|-,6u4s,FE,4,3,3,0.06080487,0.20430637,0.29897271,0.43591604
sha256:4748babd2b6ac0706cd9ed4bcfd4855c8d2c5535f01813fb2e10b68b31a24c0f:row:3269,3tht|m0|A|401|-|ZN|-,3tht,ZN,4,2,2,0.03985687,0.13097621,0.70179796,0.12736896
sha256:4748babd2b6ac0706cd9ed4bcfd4855c8d2c5535f01813fb2e10b68b31a24c0f:row:3272,7v3n|m0|A|1401|-|FE|-,7v3n,FE,4,3,3,0.18280499,0.04704111,0.07147658,0.69867732
sha256:4748babd2b6ac0706cd9ed4bcfd4855c8d2c5535f01813fb2e10b68b31a24c0f:row:3277,5deu|m0|A|2003|-|FE|-,5deu,FE,4,3,3,0.11068561,0.07335669,0.15965514,0.65630255
sha256:4748babd2b6ac0706cd9ed4bcfd4855c8d2c5535f01813fb2e10b68b31a24c0f:row:3285,6fok|m0|A|701|-|CU|-,6fok,CU,4,1,1,0.03296995,0.53082067,0.35310042,0.08310896
sha256:4748babd2b6ac0706cd9ed4bcfd4855c8d2c5535f01813fb2e10b68b31a24c0f:row:3287,4ixm|m0|A|402|-|ZN|-,4ixm,ZN,4,2,2,0.12103459,0.11346258,0.53270375,0.23279909
sha256:4748babd2b6ac0706cd9ed4bcfd4855c8d2c5535f01813fb2e10b68b31a24c0f:row:3289,1o7m|m0|A|1454|-|FE|-,1o7m,FE,4,3,3,0.12691907,0.05442709,0.11074055,0.70791330
sha256:4748babd2b6ac0706cd9ed4bcfd4855c8d2c5535f01813fb2e10b68b31a24c0f:row:3292,5y1z|m0|C|501|-|ZN|-,5y1z,ZN,4,2,2,0.03632942,0.16612065,0.70995732,0.08759261
sha256:4748babd2b6ac0706cd9ed4bcfd4855c8d2c5535f01813fb2e10b68b31a24c0f:row:3294,3fav|m0|B|1|-|ZN|-,3fav,ZN,4,2,2,0.17488235,0.15302738,0.53058366,0.14150661
sha256:4748babd2b6ac0706cd9ed4bcfd4855c8d2c5535f01813fb2e10b68b31a24c0f:row:3305,6m6s|m0|A|1201|-|ZN|-,6m6s,ZN,4,2,2,0.04324506,0.05773709,0.77820302,0.12081482
sha256:4748babd2b6ac0706cd9ed4bcfd4855c8d2c5535f01813fb2e10b68b31a24c0f:row:3306,1svl|m0|A|700|-|ZN|-,1svl,ZN,4,2,2,0.03519534,0.17217748,0.69355264,0.09907454
sha256:4748babd2b6ac0706cd9ed4bcfd4855c8d2c5535f01813fb2e10b68b31a24c0f:row:3311,4gfr|m0|A|601|-|MN|-,4gfr,MN,4,0,0,0.68501577,0.03741002,0.07237365,0.20520055
sha256:4748babd2b6ac0706cd9ed4bcfd4855c8d2c5535f01813fb2e10b68b31a24c0f:row:3314,5a07|m0|A|501|-|MN|-,5a07,MN,4,0,0,0.50303997,0.06878456,0.17420071,0.25397476
sha256:4748babd2b6ac0706cd9ed4bcfd4855c8d2c5535f01813fb2e10b68b31a24c0f:row:3323,3n0y|m0|A|182|-|MN|-,3n0y,MN,4,0,0,0.66732193,0.05456606,0.14945964,0.12865236
sha256:4748babd2b6ac0706cd9ed4bcfd4855c8d2c5535f01813fb2e10b68b31a24c0f:row:3326,3vuw|m0|E|801|-|ZN|-,3vuw,ZN,4,2,2,0.03547310,0.06988969,0.77343408,0.12120313
sha256:4748babd2b6ac0706cd9ed4bcfd4855c8d2c5535f01813fb2e10b68b31a24c0f:row:3332,2qm1|m0|A|1002|-|ZN|-,2qm1,ZN,4,2,2,0.03578106,0.08424615,0.77734567,0.10262713
sha256:4748babd2b6ac0706cd9ed4bcfd4855c8d2c5535f01813fb2e10b68b31a24c0f:row:3334,8iuv|m0|A|401|-|MN|-,8iuv,MN,4,0,0,0.53231991,0.04605154,0.29233223,0.12929632
sha256:4748babd2b6ac0706cd9ed4bcfd4855c8d2c5535f01813fb2e10b68b31a24c0f:row:3335,6lkb|m0|A|702|-|CO|-,6lkb,CO,4,3,2,0.12625760,0.09235985,0.52066707,0.26071549
sha256:4748babd2b6ac0706cd9ed4bcfd4855c8d2c5535f01813fb2e10b68b31a24c0f:row:3341,6wbe|m0|A|402|-|ZN|-,6wbe,ZN,4,2,2,0.15563062,0.05926608,0.67548199,0.10962130
sha256:4748babd2b6ac0706cd9ed4bcfd4855c8d2c5535f01813fb2e10b68b31a24c0f:row:3351,5kfr|m0|A|501|-|MN|-,5kfr,MN,4,0,0,0.78572685,0.03313675,0.08582410,0.09531231
sha256:4748babd2b6ac0706cd9ed4bcfd4855c8d2c5535f01813fb2e10b68b31a24c0f:row:3354,6obn|m0|A|403|-|FE|-,6obn,FE,4,3,0,0.35384361,0.07089566,0.29269718,0.28256355
sha256:4748babd2b6ac0706cd9ed4bcfd4855c8d2c5535f01813fb2e10b68b31a24c0f:row:3360,2c21|m0|A|1143|-|NI|-,2c21,NI,4,3,3,0.21278637,0.04841970,0.09102552,0.64776841
sha256:4748babd2b6ac0706cd9ed4bcfd4855c8d2c5535f01813fb2e10b68b31a24c0f:row:3362,6dbi|m0|A|1101|-|ZN|-,6dbi,ZN,4,2,2,0.07442095,0.08281636,0.64420991,0.19855278
sha256:4748babd2b6ac0706cd9ed4bcfd4855c8d2c5535f01813fb2e10b68b31a24c0f:row:3374,1nfv|m0|A|200|-|FE|-,1nfv,FE,4,3,3,0.27674254,0.04441165,0.19367737,0.48516844
sha256:4748babd2b6ac0706cd9ed4bcfd4855c8d2c5535f01813fb2e10b68b31a24c0f:row:3381,1kic|m0|A|701|-|NI|-,1kic,NI,4,3,2,0.07911971,0.07395116,0.67762824,0.16930089
sha256:4748babd2b6ac0706cd9ed4bcfd4855c8d2c5535f01813fb2e10b68b31a24c0f:row:3383,2bmo|m0|B|1195|-|NI|-,2bmo,NI,4,3,3,0.16234332,0.04038731,0.31817398,0.47909538
sha256:4748babd2b6ac0706cd9ed4bcfd4855c8d2c5535f01813fb2e10b68b31a24c0f:row:3391,1pey|m0|A|701|-|MN|-,1pey,MN,4,0,0,0.51995293,0.04618472,0.25579308,0.17806926
sha256:4748babd2b6ac0706cd9ed4bcfd4855c8d2c5535f01813fb2e10b68b31a24c0f:row:3399,7u84|m0|A|501|-|MN|-,7u84,MN,4,0,0,0.72564413,0.03360172,0.10479029,0.13596386
sha256:4748babd2b6ac0706cd9ed4bcfd4855c8d2c5535f01813fb2e10b68b31a24c0f:row:3405,6q56|m0|A|301|-|NI|-,6q56,NI,4,3,2,0.04581404,0.21407827,0.62111933,0.11898837
sha256:4748babd2b6ac0706cd9ed4bcfd4855c8d2c5535f01813fb2e10b68b31a24c0f:row:3410,3paz|m0|A|124|-|CU|-,3paz,CU,4,1,1,0.05547383,0.66193057,0.18541300,0.09718260
sha256:4748babd2b6ac0706cd9ed4bcfd4855c8d2c5535f01813fb2e10b68b31a24c0f:row:3412,1lnb|m0|E|900|-|FE|-,1lnb,FE,4,3,2,0.07609748,0.11587010,0.56907572,0.23895670
sha256:4748babd2b6ac0706cd9ed4bcfd4855c8d2c5535f01813fb2e10b68b31a24c0f:row:3440,7jrp|m0|e|201|-|ZN|-,7jrp,ZN,4,2,2,0.04456684,0.07394979,0.75222096,0.12926242
sha256:4748babd2b6ac0706cd9ed4bcfd4855c8d2c5535f01813fb2e10b68b31a24c0f:row:3441,3o90|m0|A|192|-|ZN|-,3o90,ZN,4,2,3,0.16126046,0.05709143,0.31194100,0.46970711
sha256:4748babd2b6ac0706cd9ed4bcfd4855c8d2c5535f01813fb2e10b68b31a24c0f:row:3455,7bvb|m0|A|501|-|ZN|-,7bvb,ZN,4,2,2,0.06255561,0.26456744,0.49571320,0.17716375
sha256:4748babd2b6ac0706cd9ed4bcfd4855c8d2c5535f01813fb2e10b68b31a24c0f:row:3468,6n1f|m0|B|300|-|FE|-,6n1f,FE,4,3,3,0.08496561,0.09182053,0.36761379,0.45560008
sha256:4748babd2b6ac0706cd9ed4bcfd4855c8d2c5535f01813fb2e10b68b31a24c0f:row:3469,6w1k|m0|A|401|-|NI|-,6w1k,NI,4,3,3,0.12637202,0.10640648,0.25992742,0.50729408
sha256:4748babd2b6ac0706cd9ed4bcfd4855c8d2c5535f01813fb2e10b68b31a24c0f:row:3472,4v2y|m0|A|150|-|ZN|-,4v2y,ZN,4,2,2,0.03918097,0.05731899,0.72596798,0.17753206
sha256:4748babd2b6ac0706cd9ed4bcfd4855c8d2c5535f01813fb2e10b68b31a24c0f:row:3476,4r1l|m0|A|501|-|ZN|-,4r1l,ZN,4,2,2,0.03944207,0.06269804,0.78913995,0.10871994
sha256:4748babd2b6ac0706cd9ed4bcfd4855c8d2c5535f01813fb2e10b68b31a24c0f:row:3477,6g1g|m0|A|401|-|MN|-,6g1g,MN,4,0,0,0.59648888,0.04348696,0.06577304,0.29425112
sha256:4748babd2b6ac0706cd9ed4bcfd4855c8d2c5535f01813fb2e10b68b31a24c0f:row:3479,6sre|m0|B|501|-|MN|-,6sre,MN,4,0,0,0.69649756,0.03790046,0.06077556,0.20482642
sha256:4748babd2b6ac0706cd9ed4bcfd4855c8d2c5535f01813fb2e10b68b31a24c0f:row:3480,3zuk|m0|A|1664|-|ZN|-,3zuk,ZN,4,2,2,0.08580757,0.14944687,0.52388405,0.24086150
sha256:4748babd2b6ac0706cd9ed4bcfd4855c8d2c5535f01813fb2e10b68b31a24c0f:row:3483,3ivt|m0|A|500|-|ZN|-,3ivt,ZN,4,2,3,0.09708355,0.07712192,0.18868798,0.63710655
sha256:4748babd2b6ac0706cd9ed4bcfd4855c8d2c5535f01813fb2e10b68b31a24c0f:row:3488,7q4w|m0|B|605|-|ZN|-,7q4w,ZN,4,2,2,0.04547562,0.06215235,0.79059896,0.10177306
sha256:4748babd2b6ac0706cd9ed4bcfd4855c8d2c5535f01813fb2e10b68b31a24c0f:row:3494,3a1f|m0|A|189|-|NI|-,3a1f,NI,4,3,2,0.09147945,0.05185842,0.67129795,0.18536419
sha256:4748babd2b6ac0706cd9ed4bcfd4855c8d2c5535f01813fb2e10b68b31a24c0f:row:3499,8dcf|m0|A|614|-|CU|-,8dcf,CU,4,1,2,0.06345212,0.20145877,0.51022696,0.22486215
sha256:4748babd2b6ac0706cd9ed4bcfd4855c8d2c5535f01813fb2e10b68b31a24c0f:row:3504,6dqa|m0|A|602|-|MN|-,6dqa,MN,4,0,3,0.40773652,0.04725401,0.06830884,0.47670064
sha256:4748babd2b6ac0706cd9ed4bcfd4855c8d2c5535f01813fb2e10b68b31a24c0f:row:3506,1gp6|m0|A|390|-|FE|-,1gp6,FE,4,3,3,0.21884592,0.04497772,0.07948689,0.65668947
sha256:4748babd2b6ac0706cd9ed4bcfd4855c8d2c5535f01813fb2e10b68b31a24c0f:row:3514,1z83|m0|B|642|-|ZN|-,1z83,ZN,4,2,2,0.22895821,0.05030758,0.48512355,0.23561066
sha256:4748babd2b6ac0706cd9ed4bcfd4855c8d2c5535f01813fb2e10b68b31a24c0f:row:3524,7p3b|m0|A|603|-|CO|-,7p3b,CO,4,3,2,0.12351356,0.07663516,0.50569887,0.29415241
sha256:4748babd2b6ac0706cd9ed4bcfd4855c8d2c5535f01813fb2e10b68b31a24c0f:row:3526,1l0y|m0|A|701|-|ZN|-,1l0y,ZN,4,2,2,0.06703728,0.08329076,0.65405210,0.19561986
sha256:4748babd2b6ac0706cd9ed4bcfd4855c8d2c5535f01813fb2e10b68b31a24c0f:row:3535,3tho|m0|B|2|-|MN|-,3tho,MN,4,0,0,0.36169718,0.09785941,0.30379884,0.23664457
sha256:4748babd2b6ac0706cd9ed4bcfd4855c8d2c5535f01813fb2e10b68b31a24c0f:row:3540,6x76|m0|P|101|-|MN|-,6x76,MN,4,0,0,0.45340668,0.03607482,0.33688823,0.17363027
sha256:4748babd2b6ac0706cd9ed4bcfd4855c8d2c5535f01813fb2e10b68b31a24c0f:row:3556,6x75|m0|A|801|-|MN|-,6x75,MN,4,0,0,0.77614360,0.03599178,0.06744406,0.12042055
sha256:4748babd2b6ac0706cd9ed4bcfd4855c8d2c5535f01813fb2e10b68b31a24c0f:row:3558,1lna|m0|E|900|-|CO|-,1lna,CO,4,3,3,0.32353674,0.10330162,0.22283797,0.35032366
sha256:4748babd2b6ac0706cd9ed4bcfd4855c8d2c5535f01813fb2e10b68b31a24c0f:row:3575,4iey|m0|A|501|-|FE|-,4iey,FE,4,3,3,0.06629318,0.10204705,0.18317481,0.64848496
sha256:4748babd2b6ac0706cd9ed4bcfd4855c8d2c5535f01813fb2e10b68b31a24c0f:row:3576,1rqh|m0|A|601|-|CO|-,1rqh,CO,4,3,3,0.17230765,0.06977902,0.16430217,0.59361116
sha256:4748babd2b6ac0706cd9ed4bcfd4855c8d2c5535f01813fb2e10b68b31a24c0f:row:3599,3pah|m0|A|425|-|FE|-,3pah,FE,4,3,3,0.11910646,0.04832999,0.07703616,0.75552738
sha256:4748babd2b6ac0706cd9ed4bcfd4855c8d2c5535f01813fb2e10b68b31a24c0f:row:3602,1jr3|m0|A|400|-|ZN|-,1jr3,ZN,4,2,2,0.04417401,0.06108345,0.59799826,0.29674427
sha256:4748babd2b6ac0706cd9ed4bcfd4855c8d2c5535f01813fb2e10b68b31a24c0f:row:3606,8exp|m0|A|701|-|ZN|-,8exp,ZN,4,2,3,0.20167985,0.07258398,0.30239879,0.42333738
sha256:4748babd2b6ac0706cd9ed4bcfd4855c8d2c5535f01813fb2e10b68b31a24c0f:row:3615,6siw|m0|A|503|-|ZN|-,6siw,ZN,4,2,2,0.04388853,0.10418309,0.69376046,0.15816792
sha256:4748babd2b6ac0706cd9ed4bcfd4855c8d2c5535f01813fb2e10b68b31a24c0f:row:3624,5kay|m0|A|301|-|ZN|-,5kay,ZN,4,2,2,0.11694424,0.07138655,0.55604413,0.25562509
sha256:4748babd2b6ac0706cd9ed4bcfd4855c8d2c5535f01813fb2e10b68b31a24c0f:row:3629,4jpe|m0|A|501|-|NI|-,4jpe,NI,4,3,2,0.06891532,0.29467891,0.46222827,0.17417749
sha256:4748babd2b6ac0706cd9ed4bcfd4855c8d2c5535f01813fb2e10b68b31a24c0f:row:3633,5mc5|m0|A|499|-|MN|-,5mc5,MN,4,0,0,0.72396296,0.04242904,0.06554046,0.16806754
sha256:4748babd2b6ac0706cd9ed4bcfd4855c8d2c5535f01813fb2e10b68b31a24c0f:row:3642,6te3|m0|A|807|-|MN|-,6te3,MN,4,0,0,0.44251811,0.05950860,0.36615566,0.13181763
sha256:4748babd2b6ac0706cd9ed4bcfd4855c8d2c5535f01813fb2e10b68b31a24c0f:row:3643,1e1h|m0|A|501|-|ZN|-,1e1h,ZN,4,2,3,0.16053161,0.09216208,0.26493891,0.48236739
sha256:4748babd2b6ac0706cd9ed4bcfd4855c8d2c5535f01813fb2e10b68b31a24c0f:row:3650,1m2o|m0|A|800|-|ZN|-,1m2o,ZN,4,2,2,0.03841656,0.06262745,0.78138980,0.11756619
sha256:4748babd2b6ac0706cd9ed4bcfd4855c8d2c5535f01813fb2e10b68b31a24c0f:row:3671,6k18|m0|A|301|-|MN|-,6k18,MN,4,0,0,0.56925983,0.04242489,0.18846311,0.19985217
sha256:4748babd2b6ac0706cd9ed4bcfd4855c8d2c5535f01813fb2e10b68b31a24c0f:row:3673,4lrl|m0|A|501|-|NI|-,4lrl,NI,4,3,3,0.24643000,0.05161716,0.32330189,0.37865095
sha256:4748babd2b6ac0706cd9ed4bcfd4855c8d2c5535f01813fb2e10b68b31a24c0f:row:3688,2vbp|m0|A|1332|-|FE|-,2vbp,FE,4,3,3,0.12800841,0.05270788,0.07350790,0.74577582
sha256:4748babd2b6ac0706cd9ed4bcfd4855c8d2c5535f01813fb2e10b68b31a24c0f:row:3693,3lm4|m0|A|400|-|FE|-,3lm4,FE,4,3,3,0.29472553,0.04136476,0.08276218,0.58114754
sha256:4748babd2b6ac0706cd9ed4bcfd4855c8d2c5535f01813fb2e10b68b31a24c0f:row:3700,1yfh|m0|A|301|-|ZN|-,1yfh,ZN,4,2,2,0.03314333,0.29177741,0.60514496,0.06993430
sha256:4748babd2b6ac0706cd9ed4bcfd4855c8d2c5535f01813fb2e10b68b31a24c0f:row:3709,7pr3|m0|A|207|-|ZN|-,7pr3,ZN,4,2,2,0.10824834,0.12544188,0.62064699,0.14566279
sha256:4748babd2b6ac0706cd9ed4bcfd4855c8d2c5535f01813fb2e10b68b31a24c0f:row:3715,1h0n|m0|A|1354|-|CO|-,1h0n,CO,4,3,3,0.32231379,0.04706470,0.14789050,0.48273101
sha256:4748babd2b6ac0706cd9ed4bcfd4855c8d2c5535f01813fb2e10b68b31a24c0f:row:3717,1zz7|m0|A|199|-|FE|-,1zz7,FE,4,3,3,0.13378705,0.08756289,0.31068685,0.46796322
sha256:4748babd2b6ac0706cd9ed4bcfd4855c8d2c5535f01813fb2e10b68b31a24c0f:row:3718,5ivf|m0|A|602|-|MN|-,5ivf,MN,4,0,3,0.42841168,0.04058792,0.05710276,0.47389764
sha256:4748babd2b6ac0706cd9ed4bcfd4855c8d2c5535f01813fb2e10b68b31a24c0f:row:3722,7mdh|m0|C|501|-|ZN|-,7mdh,ZN,4,2,2,0.12071332,0.09669523,0.47972803,0.30286342
sha256:4748babd2b6ac0706cd9ed4bcfd4855c8d2c5535f01813fb2e10b68b31a24c0f:row:3724,6ax6|m0|B|935|-|FE|-,6ax6,FE,4,3,3,0.20476319,0.07701348,0.13554832,0.58267501
sha256:4748babd2b6ac0706cd9ed4bcfd4855c8d2c5535f01813fb2e10b68b31a24c0f:row:3751,2c11|m0|A|1744|-|CU|-,2c11,CU,4,1,2,0.16755560,0.13248719,0.57161229,0.12834492
sha256:4748babd2b6ac0706cd9ed4bcfd4855c8d2c5535f01813fb2e10b68b31a24c0f:row:3752,3fvz|m0|A|822|-|FE|-,3fvz,FE,4,3,2,0.04971588,0.22905598,0.60166265,0.11956549
sha256:4748babd2b6ac0706cd9ed4bcfd4855c8d2c5535f01813fb2e10b68b31a24c0f:row:3755,2dxl|m0|A|1001|-|CO|-,2dxl,CO,4,3,3,0.28955594,0.08744093,0.12505681,0.49794632
sha256:4748babd2b6ac0706cd9ed4bcfd4855c8d2c5535f01813fb2e10b68b31a24c0f:row:3759,5ajp|m0|A|1572|-|MN|-,5ajp,MN,4,0,0,0.71482671,0.05911543,0.10511690,0.12094096
sha256:4748babd2b6ac0706cd9ed4bcfd4855c8d2c5535f01813fb2e10b68b31a24c0f:row:3763,3o0m|m0|A|151|-|ZN|-,3o0m,ZN,4,2,2,0.03521234,0.18873196,0.69993165,0.07612406
sha256:4748babd2b6ac0706cd9ed4bcfd4855c8d2c5535f01813fb2e10b68b31a24c0f:row:3767,4ysk|m0|A|301|-|FE|-,4ysk,FE,4,3,3,0.33340939,0.06786439,0.18837247,0.41035375
sha256:4748babd2b6ac0706cd9ed4bcfd4855c8d2c5535f01813fb2e10b68b31a24c0f:row:3771,4xfg|m0|A|501|-|FE|-,4xfg,FE,4,3,3,0.06662381,0.11728967,0.20826473,0.60782178
sha256:4748babd2b6ac0706cd9ed4bcfd4855c8d2c5535f01813fb2e10b68b31a24c0f:row:3778,6xvw|m0|A|1104|-|NI|-,6xvw,NI,4,3,3,0.11695424,0.07707091,0.38998571,0.41598915
sha256:4748babd2b6ac0706cd9ed4bcfd4855c8d2c5535f01813fb2e10b68b31a24c0f:row:3781,5vkc|m0|A|404|-|ZN|-,5vkc,ZN,4,2,2,0.06665299,0.16332350,0.64297960,0.12704392
sha256:4748babd2b6ac0706cd9ed4bcfd4855c8d2c5535f01813fb2e10b68b31a24c0f:row:3784,2y4y|m0|D|1172|-|ZN|-,2y4y,ZN,4,2,2,0.12420577,0.10159569,0.60478041,0.16941813
sha256:4748babd2b6ac0706cd9ed4bcfd4855c8d2c5535f01813fb2e10b68b31a24c0f:row:3787,5xog|m0|M|201|-|ZN|-,5xog,ZN,4,2,2,0.03973497,0.06683322,0.76010780,0.13332401
sha256:4748babd2b6ac0706cd9ed4bcfd4855c8d2c5535f01813fb2e10b68b31a24c0f:row:3806,5ue8|m0|A|1701|-|ZN|-,5ue8,ZN,4,2,2,0.04356744,0.07678582,0.76037493,0.11927182
sha256:4748babd2b6ac0706cd9ed4bcfd4855c8d2c5535f01813fb2e10b68b31a24c0f:row:3807,7afs|m0|A|401|-|NI|-,7afs,NI,4,3,3,0.14965347,0.09841372,0.16802121,0.58391160
sha256:4748babd2b6ac0706cd9ed4bcfd4855c8d2c5535f01813fb2e10b68b31a24c0f:row:3810,2xdv|m0|A|1466|-|NI|-,2xdv,NI,4,3,3,0.12866430,0.06193303,0.10477786,0.70462480
sha256:4748babd2b6ac0706cd9ed4bcfd4855c8d2c5535f01813fb2e10b68b31a24c0f:row:3823,3pbm|m0|A|327|-|ZN|-,3pbm,ZN,4,2,2,0.25139018,0.18210723,0.31722785,0.24927474
sha256:4748babd2b6ac0706cd9ed4bcfd4855c8d2c5535f01813fb2e10b68b31a24c0f:row:3826,1xmf|m0|A|5001|-|MN|-,1xmf,MN,4,0,0,0.52788671,0.04065209,0.22559449,0.20586670
sha256:4748babd2b6ac0706cd9ed4bcfd4855c8d2c5535f01813fb2e10b68b31a24c0f:row:3828,3mmu|m0|B|321|-|NI|-,3mmu,NI,4,3,2,0.09161175,0.06932832,0.56038698,0.27867295
sha256:4748babd2b6ac0706cd9ed4bcfd4855c8d2c5535f01813fb2e10b68b31a24c0f:row:3839,7mxv|m0|Z|402|-|MN|-,7mxv,MN,4,0,0,0.73074733,0.03760768,0.09203338,0.13961162
sha256:4748babd2b6ac0706cd9ed4bcfd4855c8d2c5535f01813fb2e10b68b31a24c0f:row:3841,4ubh|m0|A|301|-|FE|-,4ubh,FE,4,3,2,0.05000143,0.17392476,0.48375719,0.29231662
sha256:4748babd2b6ac0706cd9ed4bcfd4855c8d2c5535f01813fb2e10b68b31a24c0f:row:3843,1fgt|m0|A|840|-|FE|-,1fgt,FE,4,3,3,0.09623003,0.15620834,0.30167461,0.44588702
sha256:4748babd2b6ac0706cd9ed4bcfd4855c8d2c5535f01813fb2e10b68b31a24c0f:row:3844,1lt8|m0|A|501|-|ZN|-,1lt8,ZN,4,2,2,0.04275857,0.07539266,0.49731631,0.38453246
sha256:4748babd2b6ac0706cd9ed4bcfd4855c8d2c5535f01813fb2e10b68b31a24c0f:row:3852,4nei|m0|A|800|-|ZN|-,4nei,ZN,4,2,3,0.21941870,0.05684611,0.35618994,0.36754524
sha256:4748babd2b6ac0706cd9ed4bcfd4855c8d2c5535f01813fb2e10b68b31a24c0f:row:3856,8cjj|m0|A|501|-|FE|-,8cjj,FE,4,3,3,0.07372708,0.05595621,0.10990061,0.76041610
sha256:4748babd2b6ac0706cd9ed4bcfd4855c8d2c5535f01813fb2e10b68b31a24c0f:row:3867,4ra2|m0|A|401|-|MN|-,4ra2,MN,4,0,0,0.72695253,0.03908025,0.11136490,0.12260232
sha256:4748babd2b6ac0706cd9ed4bcfd4855c8d2c5535f01813fb2e10b68b31a24c0f:row:3868,3mln|m0|A|501|-|ZN|-,3mln,ZN,4,2,2,0.04542226,0.06490775,0.78597226,0.10369772
sha256:4748babd2b6ac0706cd9ed4bcfd4855c8d2c5535f01813fb2e10b68b31a24c0f:row:3871,3l6t|m0|A|314|-|NI|-,3l6t,NI,4,3,3,0.04955447,0.19680973,0.37659103,0.37704477
sha256:4748babd2b6ac0706cd9ed4bcfd4855c8d2c5535f01813fb2e10b68b31a24c0f:row:3872,7shk|m0|L|501|-|ZN|-,7shk,ZN,4,2,2,0.04186205,0.05158367,0.80512897,0.10142531
sha256:4748babd2b6ac0706cd9ed4bcfd4855c8d2c5535f01813fb2e10b68b31a24c0f:row:3873,2fyb|m0|A|402|-|MN|-,2fyb,MN,4,0,0,0.56373660,0.05670586,0.24806651,0.13149103
sha256:4748babd2b6ac0706cd9ed4bcfd4855c8d2c5535f01813fb2e10b68b31a24c0f:row:3890,8one|m0|A|1004|-|MN|-,8one,MN,4,0,0,0.53454957,0.04050712,0.26050973,0.16443358
sha256:4748babd2b6ac0706cd9ed4bcfd4855c8d2c5535f01813fb2e10b68b31a24c0f:row:3895,3w45|m0|A|201|-|CO|-,3w45,CO,4,3,0,0.53464011,0.04594927,0.18723277,0.23217785
sha256:4748babd2b6ac0706cd9ed4bcfd4855c8d2c5535f01813fb2e10b68b31a24c0f:row:3897,1rqb|m0|A|529|-|CO|-,1rqb,CO,4,3,3,0.38270974,0.07066882,0.07470842,0.47191301
sha256:4748babd2b6ac0706cd9ed4bcfd4855c8d2c5535f01813fb2e10b68b31a24c0f:row:3901,5xbp|m0|D|501|-|FE|-,5xbp,FE,4,3,2,0.05019296,0.16612110,0.39378258,0.38990337
sha256:4748babd2b6ac0706cd9ed4bcfd4855c8d2c5535f01813fb2e10b68b31a24c0f:row:3910,3tr8|m0|B|184|-|MN|-,3tr8,MN,4,0,2,0.38867123,0.06646751,0.40426177,0.14059949
sha256:4748babd2b6ac0706cd9ed4bcfd4855c8d2c5535f01813fb2e10b68b31a24c0f:row:3922,1eg9|m0|A|752|-|FE|-,1eg9,FE,4,3,3,0.11085680,0.05849494,0.09150707,0.73914119
sha256:4748babd2b6ac0706cd9ed4bcfd4855c8d2c5535f01813fb2e10b68b31a24c0f:row:3925,7rk0|m0|A|301|-|FE|-,7rk0,FE,4,3,0,0.40430762,0.05837581,0.21412052,0.32319604
sha256:4748babd2b6ac0706cd9ed4bcfd4855c8d2c5535f01813fb2e10b68b31a24c0f:row:3927,7me3|m0|A|403|-|ZN|B,7me3,ZN,4,2,3,0.22316154,0.05132897,0.33833293,0.38717656
sha256:4748babd2b6ac0706cd9ed4bcfd4855c8d2c5535f01813fb2e10b68b31a24c0f:row:3928,4uci|m0|A|2408|-|ZN|-,4uci,ZN,4,2,2,0.05624187,0.18393161,0.61635048,0.14347604
sha256:4748babd2b6ac0706cd9ed4bcfd4855c8d2c5535f01813fb2e10b68b31a24c0f:row:3934,4iup|m0|A|302|-|ZN|-,4iup,ZN,4,2,2,0.07460030,0.07532631,0.70798971,0.14208368
sha256:4748babd2b6ac0706cd9ed4bcfd4855c8d2c5535f01813fb2e10b68b31a24c0f:row:3938,5lyn|m0|A|302|-|ZN|-,5lyn,ZN,4,2,2,0.08163442,0.04911770,0.60500214,0.26424574
sha256:4748babd2b6ac0706cd9ed4bcfd4855c8d2c5535f01813fb2e10b68b31a24c0f:row:3941,5fsh|m0|A|1469|-|NI|-,5fsh,NI,4,3,2,0.32784852,0.16612456,0.33720259,0.16882434
sha256:4748babd2b6ac0706cd9ed4bcfd4855c8d2c5535f01813fb2e10b68b31a24c0f:row:3945,6dqc|m0|A|602|-|MN|-,6dqc,MN,4,0,3,0.42878083,0.04445461,0.06823980,0.45852477
sha256:4748babd2b6ac0706cd9ed4bcfd4855c8d2c5535f01813fb2e10b68b31a24c0f:row:3950,2wx0|m0|C|1694|-|ZN|-,2wx0,ZN,4,2,2,0.03605144,0.06071670,0.71463911,0.18859275
sha256:4748babd2b6ac0706cd9ed4bcfd4855c8d2c5535f01813fb2e10b68b31a24c0f:row:3951,2qjt|m0|A|501|-|MN|-,2qjt,MN,4,0,0,0.73529745,0.03842193,0.07707098,0.14920964
sha256:4748babd2b6ac0706cd9ed4bcfd4855c8d2c5535f01813fb2e10b68b31a24c0f:row:3970,3gg7|m0|A|253|-|MN|-,3gg7,MN,4,0,3,0.41715882,0.05749836,0.08124804,0.44409478
sha256:4748babd2b6ac0706cd9ed4bcfd4855c8d2c5535f01813fb2e10b68b31a24c0f:row:3972,1y4k|m0|A|840|-|FE|-,1y4k,FE,4,3,3,0.26000096,0.06036522,0.11112026,0.56851356
sha256:4748babd2b6ac0706cd9ed4bcfd4855c8d2c5535f01813fb2e10b68b31a24c0f:row:3974,4ar8|m0|A|1731|-|ZN|-,4ar8,ZN,4,2,3,0.09372678,0.07880272,0.28134694,0.54612355
sha256:4748babd2b6ac0706cd9ed4bcfd4855c8d2c5535f01813fb2e10b68b31a24c0f:row:3976,4h9u|m0|A|401|-|FE|-,4h9u,FE,4,3,3,0.19805534,0.08777337,0.17295668,0.54121461
sha256:4748babd2b6ac0706cd9ed4bcfd4855c8d2c5535f01813fb2e10b68b31a24c0f:row:3978,2wo7|m0|A|1332|-|FE|-,2wo7,FE,4,3,3,0.20312612,0.04673167,0.07259305,0.67754916
sha256:4748babd2b6ac0706cd9ed4bcfd4855c8d2c5535f01813fb2e10b68b31a24c0f:row:3979,3mib|m0|A|357|-|CU|-,3mib,CU,4,1,1,0.02556085,0.76194754,0.15679937,0.05569224
sha256:4748babd2b6ac0706cd9ed4bcfd4855c8d2c5535f01813fb2e10b68b31a24c0f:row:3990,2hmn|m0|A|450|-|FE|-,2hmn,FE,4,3,3,0.08096604,0.07232372,0.19035173,0.65635850
sha256:4748babd2b6ac0706cd9ed4bcfd4855c8d2c5535f01813fb2e10b68b31a24c0f:row:3991,1cyq|m0|B|603|-|ZN|-,1cyq,ZN,4,2,2,0.03724876,0.11689638,0.50060523,0.34524964
sha256:4748babd2b6ac0706cd9ed4bcfd4855c8d2c5535f01813fb2e10b68b31a24c0f:row:3996,6nvp|m0|A|302|-|MN|-,6nvp,MN,4,0,0,0.45361953,0.05989120,0.08810426,0.39838501
sha256:4748babd2b6ac0706cd9ed4bcfd4855c8d2c5535f01813fb2e10b68b31a24c0f:row:3998,3eqn|m0|A|758|-|ZN|-,3eqn,ZN,4,2,2,0.08163069,0.07228162,0.48965549,0.35643220
sha256:4748babd2b6ac0706cd9ed4bcfd4855c8d2c5535f01813fb2e10b68b31a24c0f:row:4009,2qf7|m0|A|1157|-|ZN|-,2qf7,ZN,4,2,3,0.34685153,0.06594882,0.17473244,0.41246721
sha256:4748babd2b6ac0706cd9ed4bcfd4855c8d2c5535f01813fb2e10b68b31a24c0f:row:4023,6vss|m0|A|401|-|MN|-,6vss,MN,4,0,0,0.67125220,0.03675998,0.12530502,0.16668279
sha256:4748babd2b6ac0706cd9ed4bcfd4855c8d2c5535f01813fb2e10b68b31a24c0f:row:4024,1wpn|m0|A|601|-|MN|-,1wpn,MN,4,0,0,0.52812443,0.03799882,0.29160987,0.14226687
sha256:4748babd2b6ac0706cd9ed4bcfd4855c8d2c5535f01813fb2e10b68b31a24c0f:row:4027,6gdy|m0|A|401|-|FE|-,6gdy,FE,4,3,3,0.25634565,0.04813408,0.06396329,0.63155698
sha256:4748babd2b6ac0706cd9ed4bcfd4855c8d2c5535f01813fb2e10b68b31a24c0f:row:4028,7kwo|m0|A|2605|-|CU|-,7kwo,CU,4,1,1,0.04372186,0.57718645,0.31110376,0.06798792
sha256:4748babd2b6ac0706cd9ed4bcfd4855c8d2c5535f01813fb2e10b68b31a24c0f:row:4031,3w5w|m0|A|403|-|MN|-,3w5w,MN,4,0,0,0.74590990,0.03725526,0.08639380,0.13044104
sha256:4748babd2b6ac0706cd9ed4bcfd4855c8d2c5535f01813fb2e10b68b31a24c0f:row:4034,8avz|m0|A|401|-|ZN|-,8avz,ZN,4,2,2,0.03437712,0.14504229,0.72779593,0.09278466
sha256:4748babd2b6ac0706cd9ed4bcfd4855c8d2c5535f01813fb2e10b68b31a24c0f:row:4037,6dp7|m0|A|202|-|MN|-,6dp7,MN,4,0,0,0.55306138,0.03976318,0.29461881,0.11255664
sha256:4748babd2b6ac0706cd9ed4bcfd4855c8d2c5535f01813fb2e10b68b31a24c0f:row:4038,1bav|m0|A|310|-|ZN|-,1bav,ZN,4,2,2,0.23929261,0.15274030,0.36482440,0.24314269
sha256:4748babd2b6ac0706cd9ed4bcfd4855c8d2c5535f01813fb2e10b68b31a24c0f:row:4043,4yj0|m0|B|201|-|ZN|-,4yj0,ZN,4,2,2,0.05015874,0.08671143,0.70844359,0.15468623
sha256:4748babd2b6ac0706cd9ed4bcfd4855c8d2c5535f01813fb2e10b68b31a24c0f:row:4044,2hbx|m0|A|501|-|CO|-,2hbx,CO,4,3,3,0.16432186,0.06976179,0.08859342,0.67732293
sha256:4748babd2b6ac0706cd9ed4bcfd4855c8d2c5535f01813fb2e10b68b31a24c0f:row:4051,3lw6|m0|A|314|-|MN|-,3lw6,MN,4,0,0,0.47667458,0.05279234,0.09491915,0.37561394
sha256:4748babd2b6ac0706cd9ed4bcfd4855c8d2c5535f01813fb2e10b68b31a24c0f:row:4052,7u7d|m0|A|501|-|MN|-,7u7d,MN,4,0,0,0.69701742,0.03781092,0.11182349,0.15334817
sha256:4748babd2b6ac0706cd9ed4bcfd4855c8d2c5535f01813fb2e10b68b31a24c0f:row:4055,1lkd|m0|A|500|-|FE|-,1lkd,FE,4,3,3,0.27284365,0.06159212,0.07312278,0.59244146
sha256:4748babd2b6ac0706cd9ed4bcfd4855c8d2c5535f01813fb2e10b68b31a24c0f:row:4062,6qug|m0|A|401|-|CU|-,6qug,CU,4,1,2,0.07404071,0.29568679,0.34343662,0.28683589
sha256:4748babd2b6ac0706cd9ed4bcfd4855c8d2c5535f01813fb2e10b68b31a24c0f:row:4070,5kfq|m0|A|501|-|MN|-,5kfq,MN,4,0,0,0.78312880,0.03198875,0.07829693,0.10658551
sha256:4748babd2b6ac0706cd9ed4bcfd4855c8d2c5535f01813fb2e10b68b31a24c0f:row:4075,4e6r|m0|A|205|-|ZN|-,4e6r,ZN,4,2,2,0.19398643,0.04951486,0.54632207,0.21017664
sha256:4748babd2b6ac0706cd9ed4bcfd4855c8d2c5535f01813fb2e10b68b31a24c0f:row:4078,5vg2|m0|A|301|-|FE|-,5vg2,FE,4,3,3,0.19115798,0.14553313,0.29661949,0.36668939
sha256:4748babd2b6ac0706cd9ed4bcfd4855c8d2c5535f01813fb2e10b68b31a24c0f:row:4081,2rd9|m0|A|300|-|NI|-,2rd9,NI,4,3,3,0.08511527,0.07644120,0.06753644,0.77090709
sha256:4748babd2b6ac0706cd9ed4bcfd4855c8d2c5535f01813fb2e10b68b31a24c0f:row:4088,2a1k|m0|A|1|-|ZN|-,2a1k,ZN,4,2,2,0.03928130,0.06491150,0.79661332,0.09919388
sha256:4748babd2b6ac0706cd9ed4bcfd4855c8d2c5535f01813fb2e10b68b31a24c0f:row:4090,6o74|m0|A|804|-|MN|-,6o74,MN,4,0,0,0.74380185,0.04551384,0.09225475,0.11842956
sha256:4748babd2b6ac0706cd9ed4bcfd4855c8d2c5535f01813fb2e10b68b31a24c0f:row:4091,7mxs|m0|Z|401|-|MN|-,7mxs,MN,4,0,0,0.67597884,0.04190331,0.06904372,0.21307413
sha256:4748babd2b6ac0706cd9ed4bcfd4855c8d2c5535f01813fb2e10b68b31a24c0f:row:4094,2fk3|m0|C|201|-|CU|-,2fk3,CU,4,1,2,0.04179654,0.27028854,0.57895122,0.10896370
sha256:4748babd2b6ac0706cd9ed4bcfd4855c8d2c5535f01813fb2e10b68b31a24c0f:row:4102,6iwr|m0|D|703|-|MN|-,6iwr,MN,4,0,0,0.55718287,0.05662937,0.22075729,0.16543047
sha256:4748babd2b6ac0706cd9ed4bcfd4855c8d2c5535f01813fb2e10b68b31a24c0f:row:4107,5l2l|m0|A|503|-|ZN|-,5l2l,ZN,4,2,2,0.12198019,0.08383628,0.63676072,0.15742281
sha256:4748babd2b6ac0706cd9ed4bcfd4855c8d2c5535f01813fb2e10b68b31a24c0f:row:4109,3pzw|m0|A|840|-|FE|-,3pzw,FE,4,3,3,0.20979006,0.08370784,0.07146967,0.63503242
sha256:4748babd2b6ac0706cd9ed4bcfd4855c8d2c5535f01813fb2e10b68b31a24c0f:row:4118,2qe9|m0|A|200|-|NI|-,2qe9,NI,4,3,3,0.08677398,0.08532716,0.12375724,0.70414162
sha256:4748babd2b6ac0706cd9ed4bcfd4855c8d2c5535f01813fb2e10b68b31a24c0f:row:4121,8odo|m0|B|201|-|MN|-,8odo,MN,4,0,0,0.49770400,0.03501043,0.29381625,0.17346932
sha256:4748babd2b6ac0706cd9ed4bcfd4855c8d2c5535f01813fb2e10b68b31a24c0f:row:4123,1q5y|m0|A|534|-|NI|-,1q5y,NI,4,3,1,0.05168744,0.44440142,0.22160355,0.28230759
sha256:4748babd2b6ac0706cd9ed4bcfd4855c8d2c5535f01813fb2e10b68b31a24c0f:row:4124,4wec|m0|A|302|-|ZN|-,4wec,ZN,4,2,3,0.06416057,0.35421358,0.18264513,0.39898072
sha256:4748babd2b6ac0706cd9ed4bcfd4855c8d2c5535f01813fb2e10b68b31a24c0f:row:4130,6j4n|m0|A|402|-|ZN|-,6j4n,ZN,4,2,2,0.11145154,0.14619583,0.39668788,0.34566475
sha256:4748babd2b6ac0706cd9ed4bcfd4855c8d2c5535f01813fb2e10b68b31a24c0f:row:4133,2zet|m0|C|301|-|ZN|-,2zet,ZN,4,2,2,0.03833192,0.06162563,0.70490726,0.19513519
sha256:4748babd2b6ac0706cd9ed4bcfd4855c8d2c5535f01813fb2e10b68b31a24c0f:row:4155,1j53|m0|A|3000|-|MN|-,1j53,MN,4,0,0,0.45259980,0.03630580,0.37729764,0.13379676
sha256:4748babd2b6ac0706cd9ed4bcfd4855c8d2c5535f01813fb2e10b68b31a24c0f:row:4161,5kfk|m0|A|501|-|MN|-,5kfk,MN,4,0,0,0.73026245,0.03296358,0.09791020,0.13886378
sha256:4748babd2b6ac0706cd9ed4bcfd4855c8d2c5535f01813fb2e10b68b31a24c0f:row:4162,3wt4|m0|A|502|-|ZN|-,3wt4,ZN,4,2,3,0.22189821,0.04982511,0.15379539,0.57448129
sha256:4748babd2b6ac0706cd9ed4bcfd4855c8d2c5535f01813fb2e10b68b31a24c0f:row:4167,3i3m|m0|A|300|-|MN|-,3i3m,MN,4,0,3,0.39578848,0.04849154,0.05811460,0.49760539
sha256:4748babd2b6ac0706cd9ed4bcfd4855c8d2c5535f01813fb2e10b68b31a24c0f:row:4170,3h5x|m0|A|514|-|MN|-,3h5x,MN,4,0,2,0.34506851,0.07056934,0.36893568,0.21542647
sha256:4748babd2b6ac0706cd9ed4bcfd4855c8d2c5535f01813fb2e10b68b31a24c0f:row:4174,4nid|m0|A|301|-|MN|-,4nid,MN,4,0,3,0.36782869,0.04597040,0.06269869,0.52350223
sha256:4748babd2b6ac0706cd9ed4bcfd4855c8d2c5535f01813fb2e10b68b31a24c0f:row:4178,4c8d|m0|A|2721|-|MN|-,4c8d,MN,4,0,3,0.30398508,0.05188076,0.08848567,0.55564850
sha256:4748babd2b6ac0706cd9ed4bcfd4855c8d2c5535f01813fb2e10b68b31a24c0f:row:4185,5v2y|m0|A|401|-|MN|-,5v2y,MN,4,0,0,0.56829114,0.07052373,0.08387443,0.27731070
sha256:4748babd2b6ac0706cd9ed4bcfd4855c8d2c5535f01813fb2e10b68b31a24c0f:row:4188,7etk|m0|A|402|-|FE|-,7etk,FE,4,3,3,0.16685635,0.04709807,0.06812602,0.71791957
sha256:4748babd2b6ac0706cd9ed4bcfd4855c8d2c5535f01813fb2e10b68b31a24c0f:row:4189,4piz|m0|A|501|-|FE|-,4piz,FE,4,3,3,0.06593753,0.13489388,0.39191107,0.40725752
sha256:4748babd2b6ac0706cd9ed4bcfd4855c8d2c5535f01813fb2e10b68b31a24c0f:row:4190,6t5z|m0|A|400|-|CU|-,6t5z,CU,4,1,2,0.02896583,0.30762379,0.40731447,0.25609591
sha256:4748babd2b6ac0706cd9ed4bcfd4855c8d2c5535f01813fb2e10b68b31a24c0f:row:4192,5i0u|m0|A|501|-|FE|-,5i0u,FE,4,3,2,0.06018817,0.25250875,0.43006959,0.25723348
sha256:4748babd2b6ac0706cd9ed4bcfd4855c8d2c5535f01813fb2e10b68b31a24c0f:row:4194,6qkj|m0|A|501|-|FE|-,6qkj,FE,4,3,3,0.12662503,0.07779200,0.08773285,0.70785011
sha256:4748babd2b6ac0706cd9ed4bcfd4855c8d2c5535f01813fb2e10b68b31a24c0f:row:4203,5i0t|m0|A|501|-|FE|-,5i0t,FE,4,3,3,0.09095847,0.13541660,0.17582606,0.59779887
sha256:4748babd2b6ac0706cd9ed4bcfd4855c8d2c5535f01813fb2e10b68b31a24c0f:row:4208,1nls|m0|A|239|-|MN|-,1nls,MN,4,0,0,0.77550978,0.03481620,0.05817240,0.13150163
sha256:4748babd2b6ac0706cd9ed4bcfd4855c8d2c5535f01813fb2e10b68b31a24c0f:row:4235,5n62|m0|A|201|-|MN|-,5n62,MN,4,0,0,0.60480281,0.05844949,0.19552288,0.14122482
sha256:4748babd2b6ac0706cd9ed4bcfd4855c8d2c5535f01813fb2e10b68b31a24c0f:row:4237,1z6r|m0|A|501|-|ZN|-,1z6r,ZN,4,2,2,0.03880838,0.10345483,0.73504283,0.12269395
sha256:4748babd2b6ac0706cd9ed4bcfd4855c8d2c5535f01813fb2e10b68b31a24c0f:row:4239,2w37|m0|A|1344|-|NI|-,2w37,NI,4,3,3,0.12214737,0.07478652,0.16185763,0.64120848
sha256:4748babd2b6ac0706cd9ed4bcfd4855c8d2c5535f01813fb2e10b68b31a24c0f:row:4248,5sve|m0|A|401|-|FE|-,5sve,FE,4,3,2,0.26965911,0.06911391,0.46771142,0.19351556
sha256:4748babd2b6ac0706cd9ed4bcfd4855c8d2c5535f01813fb2e10b68b31a24c0f:row:4252,1s3h|m0|A|529|-|CO|-,1s3h,CO,4,3,3,0.15956439,0.06954201,0.16383000,0.60706360
sha256:4748babd2b6ac0706cd9ed4bcfd4855c8d2c5535f01813fb2e10b68b31a24c0f:row:4254,3dfv|m0|C|30|-|ZN|-,3dfv,ZN,4,2,2,0.25349501,0.06453539,0.53568858,0.14628103
sha256:4748babd2b6ac0706cd9ed4bcfd4855c8d2c5535f01813fb2e10b68b31a24c0f:row:4257,6bps|m0|A|301|-|FE|-,6bps,FE,4,3,3,0.06982667,0.12598783,0.38885292,0.41533257
sha256:4748babd2b6ac0706cd9ed4bcfd4855c8d2c5535f01813fb2e10b68b31a24c0f:row:4264,5vfb|m0|A|801|-|NI|-,5vfb,NI,4,3,3,0.27572098,0.05713888,0.23752085,0.42961929
sha256:4748babd2b6ac0706cd9ed4bcfd4855c8d2c5535f01813fb2e10b68b31a24c0f:row:4271,7nqe|m0|A|403|-|MN|-,7nqe,MN,4,0,0,0.75431145,0.03263258,0.08033892,0.13271705
sha256:4748babd2b6ac0706cd9ed4bcfd4855c8d2c5535f01813fb2e10b68b31a24c0f:row:4275,7wfx|m0|A|601|-|ZN|-,7wfx,ZN,4,2,2,0.04534716,0.06215039,0.78367663,0.10882582
sha256:4748babd2b6ac0706cd9ed4bcfd4855c8d2c5535f01813fb2e10b68b31a24c0f:row:4278,3dhh|m0|A|502|-|FE|-,3dhh,FE,4,3,3,0.23170909,0.04443811,0.08437611,0.63947669
sha256:4748babd2b6ac0706cd9ed4bcfd4855c8d2c5535f01813fb2e10b68b31a24c0f:row:4293,3swn|m0|A|81|-|ZN|-,3swn,ZN,4,2,2,0.09715154,0.11627029,0.62109203,0.16548614
sha256:4748babd2b6ac0706cd9ed4bcfd4855c8d2c5535f01813fb2e10b68b31a24c0f:row:4306,1mmt|m0|A|1425|-|FE|-,1mmt,FE,4,3,3,0.11994151,0.06637874,0.19328802,0.62039172
sha256:4748babd2b6ac0706cd9ed4bcfd4855c8d2c5535f01813fb2e10b68b31a24c0f:row:4308,4q3z|m0|A|301|-|CO|-,4q3z,CO,4,3,3,0.11218106,0.06161323,0.15076069,0.67544502
sha256:4748babd2b6ac0706cd9ed4bcfd4855c8d2c5535f01813fb2e10b68b31a24c0f:row:4324,5j55|m0|A|501|-|FE|-,5j55,FE,4,3,3,0.07233528,0.18431291,0.09617756,0.64717425
sha256:4748babd2b6ac0706cd9ed4bcfd4855c8d2c5535f01813fb2e10b68b31a24c0f:row:4326,2vau|m0|A|1332|-|FE|-,2vau,FE,4,3,3,0.25447246,0.04981043,0.09102791,0.60468919
sha256:4748babd2b6ac0706cd9ed4bcfd4855c8d2c5535f01813fb2e10b68b31a24c0f:row:4342,3s0k|m0|A|240|-|NI|-,3s0k,NI,4,3,3,0.11082429,0.09382204,0.26523741,0.53011626
sha256:4748babd2b6ac0706cd9ed4bcfd4855c8d2c5535f01813fb2e10b68b31a24c0f:row:4348,5v31|m0|A|402|-|MN|-,5v31,MN,4,0,3,0.37830434,0.06783462,0.09021151,0.46364952
sha256:4748babd2b6ac0706cd9ed4bcfd4855c8d2c5535f01813fb2e10b68b31a24c0f:row:4352,5c2v|m0|A|904|-|ZN|-,5c2v,ZN,4,2,2,0.06114666,0.12677076,0.53484349,0.27723909
sha256:4748babd2b6ac0706cd9ed4bcfd4855c8d2c5535f01813fb2e10b68b31a24c0f:row:4359,1hqw|m0|A|240|-|MN|-,1hqw,MN,4,0,0,0.81445937,0.03774585,0.05924120,0.08855359
sha256:4748babd2b6ac0706cd9ed4bcfd4855c8d2c5535f01813fb2e10b68b31a24c0f:row:4368,3fxk|m0|A|391|-|MN|-,3fxk,MN,4,0,0,0.74655829,0.03497510,0.09589488,0.12257173
sha256:4748babd2b6ac0706cd9ed4bcfd4855c8d2c5535f01813fb2e10b68b31a24c0f:row:4371,1dce|m0|B|900|-|ZN|-,1dce,ZN,4,2,2,0.13685329,0.10670183,0.43913193,0.31731295
sha256:4748babd2b6ac0706cd9ed4bcfd4855c8d2c5535f01813fb2e10b68b31a24c0f:row:4372,3qy8|m0|A|253|-|FE|-,3qy8,FE,4,3,3,0.18095204,0.04895317,0.33294678,0.43714801
sha256:4748babd2b6ac0706cd9ed4bcfd4855c8d2c5535f01813fb2e10b68b31a24c0f:row:4381,6ya7|m0|A|601|-|ZN|-,6ya7,ZN,4,2,2,0.03995127,0.06199119,0.78285261,0.11520493
sha256:4748babd2b6ac0706cd9ed4bcfd4855c8d2c5535f01813fb2e10b68b31a24c0f:row:4382,7qbu|m0|B|502|-|FE|-,7qbu,FE,4,3,2,0.05754202,0.06613398,0.53406209,0.34226191
sha256:4748babd2b6ac0706cd9ed4bcfd4855c8d2c5535f01813fb2e10b68b31a24c0f:row:4389,1boa|m0|A|482|-|CO|-,1boa,CO,4,3,2,0.24395462,0.04696089,0.38682537,0.32225912
sha256:4748babd2b6ac0706cd9ed4bcfd4855c8d2c5535f01813fb2e10b68b31a24c0f:row:4394,5bkb|m0|A|501|-|MN|-,5bkb,MN,4,0,3,0.41666869,0.06086675,0.07480040,0.44766416
sha256:4748babd2b6ac0706cd9ed4bcfd4855c8d2c5535f01813fb2e10b68b31a24c0f:row:4396,2wa3|m0|A|350|-|FE|-,2wa3,FE,4,3,3,0.28954933,0.04914849,0.07740216,0.58390002
sha256:4748babd2b6ac0706cd9ed4bcfd4855c8d2c5535f01813fb2e10b68b31a24c0f:row:4400,4xqb|m0|A|405|-|ZN|-,4xqb,ZN,4,2,3,0.06140180,0.05759506,0.41955584,0.46144729
sha256:4748babd2b6ac0706cd9ed4bcfd4855c8d2c5535f01813fb2e10b68b31a24c0f:row:4402,3lla|m0|A|2002|-|ZN|-,3lla,ZN,4,2,2,0.03262526,0.23100470,0.66940557,0.06696448
sha256:4748babd2b6ac0706cd9ed4bcfd4855c8d2c5535f01813fb2e10b68b31a24c0f:row:4405,8hir|m0|A|1307|-|ZN|-,8hir,ZN,4,2,2,0.03810323,0.10315227,0.53625271,0.32249179
sha256:4748babd2b6ac0706cd9ed4bcfd4855c8d2c5535f01813fb2e10b68b31a24c0f:row:4406,5n1j|m0|A|301|-|ZN|-,5n1j,ZN,4,2,3,0.11300325,0.06150246,0.09199286,0.73350144
sha256:4748babd2b6ac0706cd9ed4bcfd4855c8d2c5535f01813fb2e10b68b31a24c0f:row:4416,7r2u|m0|A|501|-|CU|-,7r2u,CU,4,1,1,0.05681986,0.48872661,0.36006499,0.09438854
sha256:4748babd2b6ac0706cd9ed4bcfd4855c8d2c5535f01813fb2e10b68b31a24c0f:row:4418,1obn|m0|A|1333|-|FE|-,1obn,FE,4,3,3,0.15030468,0.04569640,0.06912598,0.73487294
sha256:4748babd2b6ac0706cd9ed4bcfd4855c8d2c5535f01813fb2e10b68b31a24c0f:row:4419,2qq4|m0|A|139|-|ZN|-,2qq4,ZN,4,2,2,0.04796629,0.08442346,0.75227311,0.11533714
sha256:4748babd2b6ac0706cd9ed4bcfd4855c8d2c5535f01813fb2e10b68b31a24c0f:row:4421,1odb|m0|B|1091|-|CU|-,1odb,CU,4,1,3,0.10205935,0.12252304,0.31356510,0.46185251
sha256:4748babd2b6ac0706cd9ed4bcfd4855c8d2c5535f01813fb2e10b68b31a24c0f:row:4427,3bie|m0|A|501|-|MN|-,3bie,MN,4,0,3,0.39330077,0.04397502,0.05926917,0.50345503
sha256:4748babd2b6ac0706cd9ed4bcfd4855c8d2c5535f01813fb2e10b68b31a24c0f:row:4429,6gkb|m0|A|201|-|FE|-,6gkb,FE,4,3,2,0.22581064,0.06397563,0.42963799,0.28057573
sha256:4748babd2b6ac0706cd9ed4bcfd4855c8d2c5535f01813fb2e10b68b31a24c0f:row:4431,4pca|m0|A|301|-|MN|-,4pca,MN,4,0,0,0.52558282,0.03688472,0.27954668,0.15798578
sha256:4748babd2b6ac0706cd9ed4bcfd4855c8d2c5535f01813fb2e10b68b31a24c0f:row:4434,6zuo|m0|y|500|-|ZN|-,6zuo,ZN,4,2,2,0.03468809,0.10336908,0.71517230,0.14677053
sha256:4748babd2b6ac0706cd9ed4bcfd4855c8d2c5535f01813fb2e10b68b31a24c0f:row:4450,2fct|m0|A|900|-|FE|-,2fct,FE,4,3,3,0.09010238,0.05635247,0.17808959,0.67545556
sha256:4748babd2b6ac0706cd9ed4bcfd4855c8d2c5535f01813fb2e10b68b31a24c0f:row:4457,6zym|m0|P|302|-|ZN|-,6zym,ZN,4,2,2,0.04668073,0.05024276,0.72484120,0.17823530
sha256:4748babd2b6ac0706cd9ed4bcfd4855c8d2c5535f01813fb2e10b68b31a24c0f:row:4467,2v29|m0|A|1275|-|ZN|-,2v29,ZN,4,2,3,0.06645637,0.13704399,0.12715326,0.66934638
sha256:4748babd2b6ac0706cd9ed4bcfd4855c8d2c5535f01813fb2e10b68b31a24c0f:row:4469,1oj7|m0|B|1389|-|ZN|-,1oj7,ZN,4,2,3,0.17859848,0.06737821,0.29347635,0.46054696
sha256:4748babd2b6ac0706cd9ed4bcfd4855c8d2c5535f01813fb2e10b68b31a24c0f:row:4472,1j79|m0|A|400|-|ZN|-,1j79,ZN,4,2,3,0.22018286,0.09149622,0.17051735,0.51780357
sha256:4748babd2b6ac0706cd9ed4bcfd4855c8d2c5535f01813fb2e10b68b31a24c0f:row:4474,1rrl|m0|A|858|-|FE|-,1rrl,FE,4,3,3,0.16320505,0.13080194,0.12011430,0.58587871
sha256:4748babd2b6ac0706cd9ed4bcfd4855c8d2c5535f01813fb2e10b68b31a24c0f:row:4481,4u10|m0|A|402|-|ZN|-,4u10,ZN,4,2,3,0.17915350,0.07518583,0.29488238,0.45077829
sha256:4748babd2b6ac0706cd9ed4bcfd4855c8d2c5535f01813fb2e10b68b31a24c0f:row:4487,1no5|m0|A|501|-|ZN|-,1no5,ZN,4,2,2,0.25428184,0.03692494,0.42109105,0.28770216
sha256:4748babd2b6ac0706cd9ed4bcfd4855c8d2c5535f01813fb2e10b68b31a24c0f:row:4493,5wch|m0|A|2000|-|ZN|-,5wch,ZN,4,2,2,0.04445565,0.09678437,0.52637609,0.33238388
sha256:4748babd2b6ac0706cd9ed4bcfd4855c8d2c5535f01813fb2e10b68b31a24c0f:row:4501,5hzt|m0|C|301|-|CU|-,5hzt,CU,4,1,2,0.08240002,0.24910045,0.33567578,0.33282375
sha256:4748babd2b6ac0706cd9ed4bcfd4855c8d2c5535f01813fb2e10b68b31a24c0f:row:4503,1un6|m0|B|204|-|ZN|-,1un6,ZN,4,2,2,0.03853260,0.25175927,0.54393223,0.16577589
sha256:4748babd2b6ac0706cd9ed4bcfd4855c8d2c5535f01813fb2e10b68b31a24c0f:row:4517,3f05|m0|A|267|-|MN|-,3f05,MN,4,0,0,0.63393575,0.04063382,0.09581607,0.22961436
sha256:4748babd2b6ac0706cd9ed4bcfd4855c8d2c5535f01813fb2e10b68b31a24c0f:row:4518,5gvv|m0|F|501|-|MN|-,5gvv,MN,4,0,0,0.67211446,0.04928297,0.10629100,0.17231157
sha256:4748babd2b6ac0706cd9ed4bcfd4855c8d2c5535f01813fb2e10b68b31a24c0f:row:4521,1v47|m0|A|601|-|ZN|-,1v47,ZN,4,2,2,0.04183120,0.07761792,0.75243205,0.12811884
sha256:4748babd2b6ac0706cd9ed4bcfd4855c8d2c5535f01813fb2e10b68b31a24c0f:row:4526,7de2|m0|A|303|-|FE|-,7de2,FE,4,3,3,0.25624637,0.07271833,0.08164506,0.58939024
sha256:4748babd2b6ac0706cd9ed4bcfd4855c8d2c5535f01813fb2e10b68b31a24c0f:row:4527,7eup|m0|A|201|-|FE|-,7eup,FE,4,3,3,0.26292921,0.07465616,0.07490335,0.58751128
sha256:4748babd2b6ac0706cd9ed4bcfd4855c8d2c5535f01813fb2e10b68b31a24c0f:row:4528,2gpy|m0|A|304|-|ZN|-,2gpy,ZN,4,2,2,0.07816609,0.08257262,0.54332228,0.29593901
sha256:4748babd2b6ac0706cd9ed4bcfd4855c8d2c5535f01813fb2e10b68b31a24c0f:row:4532,8iqd|m0|A|303|-|MN|-,8iqd,MN,4,0,0,0.52923275,0.03711868,0.14059069,0.29305789
sha256:4748babd2b6ac0706cd9ed4bcfd4855c8d2c5535f01813fb2e10b68b31a24c0f:row:4535,6bgy|m0|A|602|-|MN|-,6bgy,MN,4,0,0,0.46975035,0.04108963,0.06561360,0.42354641
sha256:4748babd2b6ac0706cd9ed4bcfd4855c8d2c5535f01813fb2e10b68b31a24c0f:row:4545,1kw6|m0|B|301|-|FE|-,1kw6,FE,4,3,3,0.09260914,0.11914122,0.09880366,0.68944599
sha256:4748babd2b6ac0706cd9ed4bcfd4855c8d2c5535f01813fb2e10b68b31a24c0f:row:4547,1a0e|m0|A|492|-|CO|-,1a0e,CO,4,3,2,0.29620325,0.06734567,0.44452218,0.19192890
sha256:4748babd2b6ac0706cd9ed4bcfd4855c8d2c5535f01813fb2e10b68b31a24c0f:row:4548,2ztj|m0|A|384|-|CU|-,2ztj,CU,4,1,3,0.21119711,0.10327138,0.09001643,0.59551508
sha256:4748babd2b6ac0706cd9ed4bcfd4855c8d2c5535f01813fb2e10b68b31a24c0f:row:4555,7dbu|m0|A|304|-|ZN|-,7dbu,ZN,4,2,2,0.14669083,0.11426193,0.63201040,0.10703684
sha256:4748babd2b6ac0706cd9ed4bcfd4855c8d2c5535f01813fb2e10b68b31a24c0f:row:4565,1zzb|m0|A|199|-|CO|-,1zzb,CO,4,3,3,0.17347519,0.05242748,0.12575287,0.64834446
sha256:4748babd2b6ac0706cd9ed4bcfd4855c8d2c5535f01813fb2e10b68b31a24c0f:row:4571,5u55|m0|A|301|-|MN|-,5u55,MN,4,0,0,0.50057409,0.03750593,0.06193942,0.39998055
sha256:4748babd2b6ac0706cd9ed4bcfd4855c8d2c5535f01813fb2e10b68b31a24c0f:row:4574,4v33|m0|A|1362|-|ZN|-,4v33,ZN,4,2,2,0.11999173,0.11292250,0.42777928,0.33930649
sha256:4748babd2b6ac0706cd9ed4bcfd4855c8d2c5535f01813fb2e10b68b31a24c0f:row:4575,7tj4|m0|B|500|-|ZN|-,7tj4,ZN,4,2,2,0.20971394,0.07586473,0.35854684,0.35587449
sha256:4748babd2b6ac0706cd9ed4bcfd4855c8d2c5535f01813fb2e10b68b31a24c0f:row:4579,5o5k|m0|A|502|-|MN|-,5o5k,MN,4,0,0,0.52928689,0.04427402,0.19364147,0.23279762
sha256:4748babd2b6ac0706cd9ed4bcfd4855c8d2c5535f01813fb2e10b68b31a24c0f:row:4582,6otf|m0|B|601|-|ZN|-,6otf,ZN,4,2,1,0.04398425,0.62439507,0.22921074,0.10240995
sha256:4748babd2b6ac0706cd9ed4bcfd4855c8d2c5535f01813fb2e10b68b31a24c0f:row:4591,4iez|m0|A|501|-|FE|-,4iez,FE,4,3,3,0.05773740,0.12165454,0.26289616,0.55771189
sha256:4748babd2b6ac0706cd9ed4bcfd4855c8d2c5535f01813fb2e10b68b31a24c0f:row:4596,7bb8|m0|A|501|-|ZN|-,7bb8,ZN,4,2,2,0.07923202,0.12059136,0.48762848,0.31254814
sha256:4748babd2b6ac0706cd9ed4bcfd4855c8d2c5535f01813fb2e10b68b31a24c0f:row:4604,2fua|m0|A|216|-|CO|-,2fua,CO,4,3,3,0.06101649,0.07935977,0.14273790,0.71688584
sha256:4748babd2b6ac0706cd9ed4bcfd4855c8d2c5535f01813fb2e10b68b31a24c0f:row:4611,2yev|m0|A|1017|-|CU|-,2yev,CU,4,1,1,0.06161812,0.35503716,0.27916074,0.30418399
sha256:4748babd2b6ac0706cd9ed4bcfd4855c8d2c5535f01813fb2e10b68b31a24c0f:row:4618,6sj0|m0|A|504|-|ZN|-,6sj0,ZN,4,2,2,0.06954175,0.11892054,0.55876607,0.25277164
sha256:4748babd2b6ac0706cd9ed4bcfd4855c8d2c5535f01813fb2e10b68b31a24c0f:row:4626,7zih|m0|A|501|-|FE|-,7zih,FE,4,3,3,0.11791977,0.04684475,0.09654363,0.73869185
sha256:4748babd2b6ac0706cd9ed4bcfd4855c8d2c5535f01813fb2e10b68b31a24c0f:row:4627,3ht2|m0|A|150|-|ZN|-,3ht2,ZN,4,2,3,0.06835365,0.07288325,0.07499613,0.78376697
sha256:4748babd2b6ac0706cd9ed4bcfd4855c8d2c5535f01813fb2e10b68b31a24c0f:row:4630,5oik|m0|Y|201|-|ZN|-,5oik,ZN,4,2,2,0.03813893,0.06289220,0.75263450,0.14633437
sha256:4748babd2b6ac0706cd9ed4bcfd4855c8d2c5535f01813fb2e10b68b31a24c0f:row:4634,2hf1|m0|A|102|-|ZN|-,2hf1,ZN,4,2,2,0.04508408,0.07991223,0.73310592,0.14189776
sha256:4748babd2b6ac0706cd9ed4bcfd4855c8d2c5535f01813fb2e10b68b31a24c0f:row:4636,1rv8|m0|B|1701|-|CO|-,1rv8,CO,4,3,3,0.14452549,0.09766468,0.17680378,0.58100605
sha256:4748babd2b6ac0706cd9ed4bcfd4855c8d2c5535f01813fb2e10b68b31a24c0f:row:4642,6aob|m0|A|701|-|MN|-,6aob,MN,4,0,0,0.69072159,0.03866545,0.09495790,0.17565506
sha256:4748babd2b6ac0706cd9ed4bcfd4855c8d2c5535f01813fb2e10b68b31a24c0f:row:4647,2oq4|m0|A|501|-|ZN|-,2oq4,ZN,4,2,2,0.04659524,0.05770897,0.73161338,0.16408241
sha256:4748babd2b6ac0706cd9ed4bcfd4855c8d2c5535f01813fb2e10b68b31a24c0f:row:4653,5v2z|m0|A|401|-|MN|-,5v2z,MN,4,0,0,0.48406643,0.07109518,0.08536716,0.35947123
sha256:4748babd2b6ac0706cd9ed4bcfd4855c8d2c5535f01813fb2e10b68b31a24c0f:row:4657,7fhr|m0|A|507|-|FE|-,7fhr,FE,4,3,2,0.08761447,0.07022845,0.51113367,0.33102341
sha256:4748babd2b6ac0706cd9ed4bcfd4855c8d2c5535f01813fb2e10b68b31a24c0f:row:4664,3qi3|m0|A|534|-|ZN|-,3qi3,ZN,4,2,3,0.24385359,0.04861688,0.08436385,0.62316569
sha256:4748babd2b6ac0706cd9ed4bcfd4855c8d2c5535f01813fb2e10b68b31a24c0f:row:4667,4hlt|m0|A|1001|-|FE|-,4hlt,FE,4,3,3,0.13190028,0.07321172,0.09620367,0.69868433
sha256:4748babd2b6ac0706cd9ed4bcfd4855c8d2c5535f01813fb2e10b68b31a24c0f:row:4677,8d2z|m0|A|401|-|ZN|-,8d2z,ZN,4,2,3,0.08613439,0.21659643,0.19602217,0.50124700
sha256:4748babd2b6ac0706cd9ed4bcfd4855c8d2c5535f01813fb2e10b68b31a24c0f:row:4680,7vyp|m0|B|702|-|FE|-,7vyp,FE,4,3,0,0.60904896,0.04973842,0.07495747,0.26625515
sha256:4748babd2b6ac0706cd9ed4bcfd4855c8d2c5535f01813fb2e10b68b31a24c0f:row:4694,4lej|m0|A|501|-|CU|-,4lej,CU,4,1,2,0.05885387,0.34495685,0.44028299,0.15590630
sha256:4748babd2b6ac0706cd9ed4bcfd4855c8d2c5535f01813fb2e10b68b31a24c0f:row:4696,5yvs|m0|A|501|-|MN|-,5yvs,MN,4,0,0,0.42656564,0.10463987,0.30209501,0.16669948
sha256:4748babd2b6ac0706cd9ed4bcfd4855c8d2c5535f01813fb2e10b68b31a24c0f:row:4697,2w5t|m0|A|1642|-|MN|-,2w5t,MN,4,0,3,0.31290257,0.04006576,0.12309493,0.52393673
sha256:4748babd2b6ac0706cd9ed4bcfd4855c8d2c5535f01813fb2e10b68b31a24c0f:row:4704,1y0z|m0|B|902|-|FE|-,1y0z,FE,4,3,3,0.14132355,0.05011454,0.12364330,0.68491861
sha256:4748babd2b6ac0706cd9ed4bcfd4855c8d2c5535f01813fb2e10b68b31a24c0f:row:4709,3wrq|m0|A|301|-|NI|-,3wrq,NI,4,3,3,0.19439991,0.07262217,0.13585701,0.59712091
sha256:4748babd2b6ac0706cd9ed4bcfd4855c8d2c5535f01813fb2e10b68b31a24c0f:row:4713,2ei3|m0|A|399|-|FE|-,2ei3,FE,4,3,3,0.21940983,0.05364312,0.13415997,0.59278708
sha256:4748babd2b6ac0706cd9ed4bcfd4855c8d2c5535f01813fb2e10b68b31a24c0f:row:4716,3flo|m0|B|2|-|ZN|-,3flo,ZN,4,2,2,0.03956982,0.05338853,0.78296414,0.12407750
sha256:4748babd2b6ac0706cd9ed4bcfd4855c8d2c5535f01813fb2e10b68b31a24c0f:row:4733,3p3p|m0|A|350|-|FE|-,3p3p,FE,4,3,3,0.14992507,0.05373352,0.16983934,0.62650207
sha256:4748babd2b6ac0706cd9ed4bcfd4855c8d2c5535f01813fb2e10b68b31a24c0f:row:4736,3k2o|m0|A|336|-|NI|-,3k2o,NI,4,3,3,0.24430074,0.05623806,0.14284122,0.55661998
sha256:4748babd2b6ac0706cd9ed4bcfd4855c8d2c5535f01813fb2e10b68b31a24c0f:row:4738,2v8j|m0|A|1540|-|MN|-,2v8j,MN,4,0,3,0.33001635,0.05585353,0.07621869,0.53791144
sha256:4748babd2b6ac0706cd9ed4bcfd4855c8d2c5535f01813fb2e10b68b31a24c0f:row:4746,6fxk|m0|A|804|-|FE|-,6fxk,FE,4,3,3,0.15967884,0.06455165,0.13886727,0.63690224
sha256:4748babd2b6ac0706cd9ed4bcfd4855c8d2c5535f01813fb2e10b68b31a24c0f:row:4747,3a9i|m0|A|377|-|CO|-,3a9i,CO,4,3,3,0.14634505,0.09046878,0.12290040,0.64028577
sha256:4748babd2b6ac0706cd9ed4bcfd4855c8d2c5535f01813fb2e10b68b31a24c0f:row:4748,7x0r|m0|A|405|-|ZN|-,7x0r,ZN,4,2,2,0.26326334,0.06311641,0.42033567,0.25328458
sha256:4748babd2b6ac0706cd9ed4bcfd4855c8d2c5535f01813fb2e10b68b31a24c0f:row:4755,7t7i|m0|B|401|-|ZN|-,7t7i,ZN,4,2,2,0.04514884,0.09795532,0.70459395,0.15230189
sha256:4748babd2b6ac0706cd9ed4bcfd4855c8d2c5535f01813fb2e10b68b31a24c0f:row:4773,3i49|m0|A|300|-|FE|-,3i49,FE,4,3,3,0.17686083,0.04853707,0.06049863,0.71410348
sha256:4748babd2b6ac0706cd9ed4bcfd4855c8d2c5535f01813fb2e10b68b31a24c0f:row:4774,6a4z|m0|A|201|-|FE|-,6a4z,FE,4,3,3,0.24949008,0.06049659,0.10681821,0.58319511
sha256:4748babd2b6ac0706cd9ed4bcfd4855c8d2c5535f01813fb2e10b68b31a24c0f:row:4781,6dpf|m0|A|202|-|MN|-,6dpf,MN,4,0,0,0.58663801,0.03775418,0.27157243,0.10403538
sha256:4748babd2b6ac0706cd9ed4bcfd4855c8d2c5535f01813fb2e10b68b31a24c0f:row:4782,6ok1|m0|B|401|-|ZN|-,6ok1,ZN,4,2,2,0.04483210,0.04997847,0.73992289,0.16526655
sha256:4748babd2b6ac0706cd9ed4bcfd4855c8d2c5535f01813fb2e10b68b31a24c0f:row:4783,7q1c|m0|A|501|-|ZN|-,7q1c,ZN,4,2,0,0.47730718,0.05021921,0.12102467,0.35144894
sha256:4748babd2b6ac0706cd9ed4bcfd4855c8d2c5535f01813fb2e10b68b31a24c0f:row:4793,2yb5|m0|A|1213|-|ZN|-,2yb5,ZN,4,2,2,0.04186086,0.07983425,0.76380189,0.11450301
sha256:4748babd2b6ac0706cd9ed4bcfd4855c8d2c5535f01813fb2e10b68b31a24c0f:row:4795,3qvb|m0|A|263|-|MN|-,3qvb,MN,4,0,0,0.43836185,0.05562872,0.31800427,0.18800515
sha256:4748babd2b6ac0706cd9ed4bcfd4855c8d2c5535f01813fb2e10b68b31a24c0f:row:4799,3mwp|m0|A|570|-|ZN|-,3mwp,ZN,4,2,2,0.08707287,0.09287253,0.52714123,0.29291337
sha256:4748babd2b6ac0706cd9ed4bcfd4855c8d2c5535f01813fb2e10b68b31a24c0f:row:4815,3fwv|m0|A|5|-|NI|-,3fwv,NI,4,3,2,0.06591877,0.17171937,0.40737154,0.35499032
sha256:4748babd2b6ac0706cd9ed4bcfd4855c8d2c5535f01813fb2e10b68b31a24c0f:row:4816,4rrn|m0|A|501|-|NI|-,4rrn,NI,4,3,3,0.05401454,0.15819523,0.38247968,0.40531055
sha256:4748babd2b6ac0706cd9ed4bcfd4855c8d2c5535f01813fb2e10b68b31a24c0f:row:4835,6mn3|m0|A|302|-|ZN|-,6mn3,ZN,4,2,2,0.03429721,0.11060745,0.52073318,0.33436216
sha256:4748babd2b6ac0706cd9ed4bcfd4855c8d2c5535f01813fb2e10b68b31a24c0f:row:4841,1mze|m0|A|400|-|FE|-,1mze,FE,4,3,3,0.20229226,0.07094708,0.13431525,0.59244540
sha256:4748babd2b6ac0706cd9ed4bcfd4855c8d2c5535f01813fb2e10b68b31a24c0f:row:4849,3eln|m0|A|501|-|FE|-,3eln,FE,4,3,3,0.13407058,0.08224874,0.17884200,0.60483868
sha256:4748babd2b6ac0706cd9ed4bcfd4855c8d2c5535f01813fb2e10b68b31a24c0f:row:4855,2isz|m0|A|1002|-|NI|-,2isz,NI,4,3,2,0.06488784,0.17375742,0.50644181,0.25491293
sha256:4748babd2b6ac0706cd9ed4bcfd4855c8d2c5535f01813fb2e10b68b31a24c0f:row:4857,6qq0|m0|A|501|-|CU|-,6qq0,CU,4,1,1,0.03540549,0.69359807,0.20229714,0.06869931
sha256:4748babd2b6ac0706cd9ed4bcfd4855c8d2c5535f01813fb2e10b68b31a24c0f:row:4859,3rrd|m0|A|238|-|MN|-,3rrd,MN,4,0,0,0.63673095,0.04434954,0.21236806,0.10655145
sha256:4748babd2b6ac0706cd9ed4bcfd4855c8d2c5535f01813fb2e10b68b31a24c0f:row:4868,6rcx|m0|A|302|-|MN|-,6rcx,MN,4,0,0,0.45254388,0.03742262,0.29902931,0.21100419
sha256:4748babd2b6ac0706cd9ed4bcfd4855c8d2c5535f01813fb2e10b68b31a24c0f:row:4869,5ix1|m0|A|501|-|ZN|-,5ix1,ZN,4,2,2,0.04395935,0.05001803,0.75374079,0.15228183
sha256:4748babd2b6ac0706cd9ed4bcfd4855c8d2c5535f01813fb2e10b68b31a24c0f:row:4871,4iev|m0|A|501|-|FE|-,4iev,FE,4,3,3,0.11338350,0.10254258,0.29502069,0.48905322
sha256:4748babd2b6ac0706cd9ed4bcfd4855c8d2c5535f01813fb2e10b68b31a24c0f:row:4874,6xm8|m0|A|501|-|CO|-,6xm8,CO,4,3,3,0.05172163,0.26388665,0.17211802,0.51227370
sha256:4748babd2b6ac0706cd9ed4bcfd4855c8d2c5535f01813fb2e10b68b31a24c0f:row:4878,5zmm|m0|A|601|-|ZN|-,5zmm,ZN,4,2,2,0.04605556,0.05724514,0.73182890,0.16487040
sha256:4748babd2b6ac0706cd9ed4bcfd4855c8d2c5535f01813fb2e10b68b31a24c0f:row:4884,5ffc|m0|A|201|-|CU|-,5ffc,CU,4,1,2,0.09784843,0.25386075,0.41607322,0.23221760
sha256:4748babd2b6ac0706cd9ed4bcfd4855c8d2c5535f01813fb2e10b68b31a24c0f:row:4888,5czo|m0|C|201|-|ZN|-,5czo,ZN,4,2,2,0.03311179,0.09045006,0.78521882,0.09121932
sha256:4748babd2b6ac0706cd9ed4bcfd4855c8d2c5535f01813fb2e10b68b31a24c0f:row:4893,4rrs|m0|A|501|-|NI|-,4rrs,NI,4,3,2,0.05105880,0.25187180,0.49988919,0.19718021
sha256:4748babd2b6ac0706cd9ed4bcfd4855c8d2c5535f01813fb2e10b68b31a24c0f:row:4903,2vbb|m0|A|1333|-|FE|-,2vbb,FE,4,3,3,0.16662804,0.05526570,0.07728799,0.70081828
sha256:4748babd2b6ac0706cd9ed4bcfd4855c8d2c5535f01813fb2e10b68b31a24c0f:row:4905,1u0l|m0|A|298|-|ZN|-,1u0l,ZN,4,2,2,0.03786572,0.27336208,0.56503617,0.12373603
sha256:4748babd2b6ac0706cd9ed4bcfd4855c8d2c5535f01813fb2e10b68b31a24c0f:row:4906,2g54|m0|A|1100|-|ZN|-,2g54,ZN,4,2,2,0.05882113,0.10129893,0.42801592,0.41186403
sha256:4748babd2b6ac0706cd9ed4bcfd4855c8d2c5535f01813fb2e10b68b31a24c0f:row:4912,6bi4|m0|A|401|-|NI|-,6bi4,NI,4,3,2,0.17645632,0.07845772,0.45454370,0.29054227
sha256:4748babd2b6ac0706cd9ed4bcfd4855c8d2c5535f01813fb2e10b68b31a24c0f:row:4915,2x80|m0|A|1457|-|ZN|-,2x80,ZN,4,2,2,0.16379707,0.06957564,0.62220284,0.14442445
sha256:4748babd2b6ac0706cd9ed4bcfd4855c8d2c5535f01813fb2e10b68b31a24c0f:row:4921,3gzx|m0|A|701|-|FE|-,3gzx,FE,4,3,3,0.10234723,0.05595842,0.06712104,0.77457331
sha256:4748babd2b6ac0706cd9ed4bcfd4855c8d2c5535f01813fb2e10b68b31a24c0f:row:4924,1xtf|m0|B|857|-|ZN|-,1xtf,ZN,4,2,3,0.08310836,0.16519201,0.26167454,0.49002509
sha256:4748babd2b6ac0706cd9ed4bcfd4855c8d2c5535f01813fb2e10b68b31a24c0f:row:4926,5btr|m0|A|701|-|ZN|-,5btr,ZN,4,2,2,0.04197760,0.05305085,0.81858968,0.08638187
sha256:4748babd2b6ac0706cd9ed4bcfd4855c8d2c5535f01813fb2e10b68b31a24c0f:row:4929,4l8q|m0|A|302|-|MN|-,4l8q,MN,4,0,0,0.54710098,0.04309564,0.27656674,0.13323664
sha256:4748babd2b6ac0706cd9ed4bcfd4855c8d2c5535f01813fb2e10b68b31a24c0f:row:4946,4lvi|m0|A|201|-|MN|-,4lvi,MN,4,0,0,0.59719510,0.06892412,0.08672401,0.24715677
sha256:4748babd2b6ac0706cd9ed4bcfd4855c8d2c5535f01813fb2e10b68b31a24c0f:row:4951,1s1g|m0|A|152|-|ZN|-,1s1g,ZN,4,2,2,0.04544154,0.13441078,0.74125505,0.07889263
sha256:4748babd2b6ac0706cd9ed4bcfd4855c8d2c5535f01813fb2e10b68b31a24c0f:row:4952,6nuc|m0|A|401|-|FE|-,6nuc,FE,4,3,3,0.27353295,0.05483967,0.09576213,0.57586525
sha256:4748babd2b6ac0706cd9ed4bcfd4855c8d2c5535f01813fb2e10b68b31a24c0f:row:4954,1jbc|m0|A|238|-|MN|-,1jbc,MN,4,0,0,0.79381767,0.03441467,0.06090568,0.11086198
sha256:4748babd2b6ac0706cd9ed4bcfd4855c8d2c5535f01813fb2e10b68b31a24c0f:row:4962,6b40|m0|A|1202|-|ZN|-,6b40,ZN,4,2,2,0.03528324,0.10546141,0.72707030,0.13218505
sha256:4748babd2b6ac0706cd9ed4bcfd4855c8d2c5535f01813fb2e10b68b31a24c0f:row:4966,4lqf|m0|A|201|-|ZN|-,4lqf,ZN,4,2,2,0.07090991,0.12563177,0.58159005,0.22186826
sha256:4748babd2b6ac0706cd9ed4bcfd4855c8d2c5535f01813fb2e10b68b31a24c0f:row:4969,2drs|m0|A|1400|-|NI|-,2drs,NI,4,3,2,0.10488759,0.05941460,0.60415370,0.23154411
sha256:4748babd2b6ac0706cd9ed4bcfd4855c8d2c5535f01813fb2e10b68b31a24c0f:row:4970,2b5h|m0|A|501|-|FE|-,2b5h,FE,4,3,3,0.05607882,0.16170662,0.35832693,0.42388762
sha256:4748babd2b6ac0706cd9ed4bcfd4855c8d2c5535f01813fb2e10b68b31a24c0f:row:4979,8fao|m0|D|402|-|NI|-,8fao,NI,4,3,1,0.04918713,0.48527492,0.17599572,0.28954223
sha256:4748babd2b6ac0706cd9ed4bcfd4855c8d2c5535f01813fb2e10b68b31a24c0f:row:4985,4wmi|m0|A|401|-|MN|-,4wmi,MN,4,0,3,0.35969632,0.04675426,0.12302226,0.47052716
sha256:4748babd2b6ac0706cd9ed4bcfd4855c8d2c5535f01813fb2e10b68b31a24c0f:row:4988,7dck|m0|A|302|-|MN|-,7dck,MN,4,0,0,0.41080560,0.07326204,0.32104893,0.19488342
sha256:4748babd2b6ac0706cd9ed4bcfd4855c8d2c5535f01813fb2e10b68b31a24c0f:row:4989,6m2h|m0|A|201|-|NI|-,6m2h,NI,4,3,2,0.05320150,0.24057081,0.62688152,0.07934618
sha256:4748babd2b6ac0706cd9ed4bcfd4855c8d2c5535f01813fb2e10b68b31a24c0f:row:4990,2iuk|m0|B|1901|-|FE|-,2iuk,FE,4,3,3,0.13874901,0.13233793,0.10989975,0.61901330
sha256:4748babd2b6ac0706cd9ed4bcfd4855c8d2c5535f01813fb2e10b68b31a24c0f:row:4993,8e8h|m0|P|101|-|MN|-,8e8h,MN,4,0,0,0.51797404,0.03778141,0.30647815,0.13776640
sha256:4748babd2b6ac0706cd9ed4bcfd4855c8d2c5535f01813fb2e10b68b31a24c0f:row:4999,7emf|m0|0|401|-|ZN|-,7emf,ZN,4,2,2,0.03517889,0.12155702,0.69216600,0.15109809
sha256:4748babd2b6ac0706cd9ed4bcfd4855c8d2c5535f01813fb2e10b68b31a24c0f:row:5027,3od8|m0|A|200|-|ZN|-,3od8,ZN,4,2,2,0.04277937,0.05925777,0.80152712,0.09643574
sha256:4748babd2b6ac0706cd9ed4bcfd4855c8d2c5535f01813fb2e10b68b31a24c0f:row:5028,7yh1|m0|A|201|-|ZN|-,7yh1,ZN,4,2,2,0.04907363,0.20072086,0.57110557,0.17909994
sha256:4748babd2b6ac0706cd9ed4bcfd4855c8d2c5535f01813fb2e10b68b31a24c0f:row:5040,4e19|m0|A|302|-|MN|-,4e19,MN,4,0,0,0.68122289,0.03568498,0.10083272,0.18225941
sha256:4748babd2b6ac0706cd9ed4bcfd4855c8d2c5535f01813fb2e10b68b31a24c0f:row:5042,3krg|m0|A|400|-|CO|-,3krg,CO,4,3,0,0.52843663,0.04140175,0.21519827,0.21496335
sha256:4748babd2b6ac0706cd9ed4bcfd4855c8d2c5535f01813fb2e10b68b31a24c0f:row:5056,8bpb|m0|C|1101|-|ZN|-,8bpb,ZN,4,2,2,0.08321589,0.06839240,0.75031931,0.09807239
sha256:4748babd2b6ac0706cd9ed4bcfd4855c8d2c5535f01813fb2e10b68b31a24c0f:row:5059,7e07|m0|B|301|-|FE|-,7e07,FE,4,3,3,0.12434299,0.05794986,0.15484560,0.66286155
sha256:4748babd2b6ac0706cd9ed4bcfd4855c8d2c5535f01813fb2e10b68b31a24c0f:row:5062,1z2w|m0|A|601|-|MN|-,1z2w,MN,4,0,0,0.41301174,0.10496012,0.34021357,0.14181456
sha256:4748babd2b6ac0706cd9ed4bcfd4855c8d2c5535f01813fb2e10b68b31a24c0f:row:5064,6u9v|m0|A|703|-|ZN|-,6u9v,ZN,4,2,2,0.08623117,0.06352402,0.52580696,0.32443785
sha256:4748babd2b6ac0706cd9ed4bcfd4855c8d2c5535f01813fb2e10b68b31a24c0f:row:5067,3rqz|m0|A|301|-|ZN|-,3rqz,ZN,4,2,3,0.28501121,0.09705241,0.28951202,0.32842436
sha256:4748babd2b6ac0706cd9ed4bcfd4855c8d2c5535f01813fb2e10b68b31a24c0f:row:5071,3pif|m0|C|1254|-|MN|-,3pif,MN,4,0,0,0.52266610,0.07105474,0.16483511,0.24144405
sha256:4748babd2b6ac0706cd9ed4bcfd4855c8d2c5535f01813fb2e10b68b31a24c0f:row:5072,1gkp|m0|A|1461|-|ZN|-,1gkp,ZN,4,2,3,0.20226807,0.09464588,0.11314218,0.58994387
sha256:4748babd2b6ac0706cd9ed4bcfd4855c8d2c5535f01813fb2e10b68b31a24c0f:row:5076,2c7n|m0|A|499|-|ZN|-,2c7n,ZN,4,2,2,0.04334256,0.06291091,0.75514615,0.13860037
sha256:4748babd2b6ac0706cd9ed4bcfd4855c8d2c5535f01813fb2e10b68b31a24c0f:row:5077,1gq6|m0|A|351|-|MN|-,1gq6,MN,4,0,0,0.77273653,0.03414818,0.07060434,0.12251095
sha256:4748babd2b6ac0706cd9ed4bcfd4855c8d2c5535f01813fb2e10b68b31a24c0f:row:5086,4hpn|m0|A|404|-|NI|-,4hpn,NI,4,3,2,0.04579353,0.17124418,0.56144059,0.22152169
sha256:4748babd2b6ac0706cd9ed4bcfd4855c8d2c5535f01813fb2e10b68b31a24c0f:row:5095,5hrk|m0|A|203|-|MN|-,5hrk,MN,4,0,0,0.68325229,0.04298942,0.11343250,0.16032579
sha256:4748babd2b6ac0706cd9ed4bcfd4855c8d2c5535f01813fb2e10b68b31a24c0f:row:5097,1yjk|m0|A|357|-|CU|-,1yjk,CU,4,1,1,0.02904705,0.75314039,0.15765118,0.06016138
sha256:4748babd2b6ac0706cd9ed4bcfd4855c8d2c5535f01813fb2e10b68b31a24c0f:row:5098,5jz8|m0|A|801|-|MN|-,5jz8,MN,4,0,0,0.65178552,0.05265691,0.13067937,0.16487820
sha256:4748babd2b6ac0706cd9ed4bcfd4855c8d2c5535f01813fb2e10b68b31a24c0f:row:5099,1y8q|m0|B|642|-|ZN|-,1y8q,ZN,4,2,2,0.04619346,0.05278378,0.73755744,0.16346532
sha256:4748babd2b6ac0706cd9ed4bcfd4855c8d2c5535f01813fb2e10b68b31a24c0f:row:5100,7et9|m0|A|302|-|ZN|-,7et9,ZN,4,2,2,0.26262425,0.06214687,0.38758385,0.28764504
sha256:4748babd2b6ac0706cd9ed4bcfd4855c8d2c5535f01813fb2e10b68b31a24c0f:row:5114,2qfb|m0|A|1001|-|ZN|-,2qfb,ZN,4,2,2,0.04307573,0.06200454,0.72872236,0.16619737
sha256:4748babd2b6ac0706cd9ed4bcfd4855c8d2c5535f01813fb2e10b68b31a24c0f:row:5117,8sfa|m0|D|401|-|FE|-,8sfa,FE,4,3,3,0.13073156,0.08767205,0.13082800,0.65076839
sha256:4748babd2b6ac0706cd9ed4bcfd4855c8d2c5535f01813fb2e10b68b31a24c0f:row:5133,3tj9|m0|A|171|-|ZN|-,3tj9,ZN,4,2,3,0.10284391,0.07559909,0.25581434,0.56574266
sha256:4748babd2b6ac0706cd9ed4bcfd4855c8d2c5535f01813fb2e10b68b31a24c0f:row:5135,3a9l|m0|A|251|-|ZN|-,3a9l,ZN,4,2,2,0.12876093,0.08503864,0.41370614,0.37249428
sha256:4748babd2b6ac0706cd9ed4bcfd4855c8d2c5535f01813fb2e10b68b31a24c0f:row:5156,2r2v|m0|C|35|-|ZN|-,2r2v,ZN,4,2,3,0.08978879,0.11039831,0.27061001,0.52920289
sha256:4748babd2b6ac0706cd9ed4bcfd4855c8d2c5535f01813fb2e10b68b31a24c0f:row:5165,5ocf|m0|A|501|-|CU|-,5ocf,CU,4,1,1,0.07141391,0.41007681,0.40512821,0.11338107
sha256:4748babd2b6ac0706cd9ed4bcfd4855c8d2c5535f01813fb2e10b68b31a24c0f:row:5167,5wey|m0|A|301|-|MN|-,5wey,MN,4,0,0,0.77847194,0.03554709,0.08530742,0.10067355
sha256:4748babd2b6ac0706cd9ed4bcfd4855c8d2c5535f01813fb2e10b68b31a24c0f:row:5175,1yyd|m0|A|381|-|MN|-,1yyd,MN,4,0,0,0.77682332,0.03778621,0.06113280,0.12425767
sha256:4748babd2b6ac0706cd9ed4bcfd4855c8d2c5535f01813fb2e10b68b31a24c0f:row:5177,1xru|m0|A|501|-|ZN|-,1xru,ZN,4,2,3,0.04785846,0.20323249,0.24841866,0.50049039
sha256:4748babd2b6ac0706cd9ed4bcfd4855c8d2c5535f01813fb2e10b68b31a24c0f:row:5182,1hz5|m0|A|103|-|ZN|-,1hz5,ZN,4,2,2,0.19417196,0.06778004,0.38552982,0.35251819
sha256:4748babd2b6ac0706cd9ed4bcfd4855c8d2c5535f01813fb2e10b68b31a24c0f:row:5185,8hle|m0|A|501|-|ZN|-,8hle,ZN,4,2,3,0.13196880,0.06218102,0.27832848,0.52752170
sha256:4748babd2b6ac0706cd9ed4bcfd4855c8d2c5535f01813fb2e10b68b31a24c0f:row:5195,4q0u|m0|A|501|-|CO|-,4q0u,CO,4,3,3,0.12891455,0.09369756,0.15361480,0.62377309
sha256:4748babd2b6ac0706cd9ed4bcfd4855c8d2c5535f01813fb2e10b68b31a24c0f:row:5203,5zr6|m0|A|301|-|MN|-,5zr6,MN,4,0,0,0.42803143,0.05190818,0.12150154,0.39855886
sha256:4748babd2b6ac0706cd9ed4bcfd4855c8d2c5535f01813fb2e10b68b31a24c0f:row:5208,2g8i|m0|A|401|-|MN|-,2g8i,MN,4,0,0,0.56598089,0.03561192,0.28637298,0.11203421
sha256:4748babd2b6ac0706cd9ed4bcfd4855c8d2c5535f01813fb2e10b68b31a24c0f:row:5216,4yzh|m0|A|401|-|MN|-,4yzh,MN,4,0,0,0.73665119,0.04068284,0.09299379,0.12967218
sha256:4748babd2b6ac0706cd9ed4bcfd4855c8d2c5535f01813fb2e10b68b31a24c0f:row:5217,3u9j|m0|A|200|-|FE|-,3u9j,FE,4,3,3,0.28124178,0.04379586,0.07217087,0.60279149
sha256:4748babd2b6ac0706cd9ed4bcfd4855c8d2c5535f01813fb2e10b68b31a24c0f:row:5218,6g1i|m0|A|409|-|MN|-,6g1i,MN,4,0,0,0.39665375,0.04904196,0.24329925,0.31100504
sha256:4748babd2b6ac0706cd9ed4bcfd4855c8d2c5535f01813fb2e10b68b31a24c0f:row:5233,1lof|m0|A|228|-|MN|-,1lof,MN,4,0,0,0.76961960,0.03708569,0.06901504,0.12427967
sha256:4748babd2b6ac0706cd9ed4bcfd4855c8d2c5535f01813fb2e10b68b31a24c0f:row:5257,1f8n|m0|A|840|-|FE|-,1f8n,FE,4,3,3,0.27535935,0.08314635,0.06568871,0.57580558
sha256:4748babd2b6ac0706cd9ed4bcfd4855c8d2c5535f01813fb2e10b68b31a24c0f:row:5259,3bi3|m0|A|301|-|MN|-,3bi3,MN,4,0,3,0.37198535,0.04483134,0.05985647,0.52332684
sha256:4748babd2b6ac0706cd9ed4bcfd4855c8d2c5535f01813fb2e10b68b31a24c0f:row:5272,2bjs|m0|A|1323|-|FE|-,2bjs,FE,4,3,3,0.14471009,0.05197838,0.07745515,0.72585639
sha256:4748babd2b6ac0706cd9ed4bcfd4855c8d2c5535f01813fb2e10b68b31a24c0f:row:5283,5x4i|m0|A|501|-|MN|-,5x4i,MN,4,0,0,0.72153839,0.04342986,0.11700776,0.11802399
sha256:4748babd2b6ac0706cd9ed4bcfd4855c8d2c5535f01813fb2e10b68b31a24c0f:row:5292,2bo8|m0|A|500|-|MN|-,2bo8,MN,4,0,0,0.70532045,0.04457368,0.16644324,0.08366262
sha256:4748babd2b6ac0706cd9ed4bcfd4855c8d2c5535f01813fb2e10b68b31a24c0f:row:5305,3fij|m0|A|300|-|MN|-,3fij,MN,4,0,0,0.49290620,0.05749139,0.28562899,0.16397342
sha256:4748babd2b6ac0706cd9ed4bcfd4855c8d2c5535f01813fb2e10b68b31a24c0f:row:5310,2toh|m0|A|501|-|FE|-,2toh,FE,4,3,3,0.09139190,0.04829730,0.08143338,0.77887742
sha256:4748babd2b6ac0706cd9ed4bcfd4855c8d2c5535f01813fb2e10b68b31a24c0f:row:5328,7pgr|m0|F|2901|-|ZN|-,7pgr,ZN,4,2,2,0.04968655,0.18354882,0.61336153,0.15340310
sha256:4748babd2b6ac0706cd9ed4bcfd4855c8d2c5535f01813fb2e10b68b31a24c0f:row:5329,7mek|m0|A|201|-|CU|-,7mek,CU,4,1,2,0.04414400,0.30846856,0.49576485,0.15162259
sha256:4748babd2b6ac0706cd9ed4bcfd4855c8d2c5535f01813fb2e10b68b31a24c0f:row:5345,1jaz|m0|A|401|-|ZN|-,1jaz,ZN,4,2,2,0.09263679,0.07662688,0.55361544,0.27712089
sha256:4748babd2b6ac0706cd9ed4bcfd4855c8d2c5535f01813fb2e10b68b31a24c0f:row:5348,2xvy|m0|A|1271|-|CO|-,2xvy,CO,4,3,0,0.41986813,0.06165886,0.14771067,0.37076234
sha256:4748babd2b6ac0706cd9ed4bcfd4855c8d2c5535f01813fb2e10b68b31a24c0f:row:5368,1hxr|m0|A|200|-|ZN|-,1hxr,ZN,4,2,2,0.04078946,0.04933780,0.52218817,0.38768456
sha256:4748babd2b6ac0706cd9ed4bcfd4855c8d2c5535f01813fb2e10b68b31a24c0f:row:5386,3fm2|m0|A|135|-|ZN|-,3fm2,ZN,4,2,2,0.20640164,0.06905831,0.44047077,0.28406928
sha256:4748babd2b6ac0706cd9ed4bcfd4855c8d2c5535f01813fb2e10b68b31a24c0f:row:5396,6lae|m0|A|301|-|ZN|-,6lae,ZN,4,2,2,0.04347472,0.05154797,0.74790987,0.15706744
sha256:4748babd2b6ac0706cd9ed4bcfd4855c8d2c5535f01813fb2e10b68b31a24c0f:row:5406,7qsj|m0|A|402|-|NI|-,7qsj,NI,4,3,2,0.03914682,0.21139042,0.58303791,0.16642485
sha256:4748babd2b6ac0706cd9ed4bcfd4855c8d2c5535f01813fb2e10b68b31a24c0f:row:5412,4huz|m0|A|401|-|FE|-,4huz,FE,4,3,3,0.12511096,0.21173809,0.21681673,0.44633422
sha256:4748babd2b6ac0706cd9ed4bcfd4855c8d2c5535f01813fb2e10b68b31a24c0f:row:5413,1bqk|m0|A|125|-|CU|-,1bqk,CU,4,1,1,0.03529053,0.67483272,0.22528105,0.06459571
sha256:4748babd2b6ac0706cd9ed4bcfd4855c8d2c5535f01813fb2e10b68b31a24c0f:row:5428,4hki|m0|A|1201|-|ZN|-,4hki,ZN,4,2,2,0.03786202,0.07046464,0.80484699,0.08682635
sha256:4748babd2b6ac0706cd9ed4bcfd4855c8d2c5535f01813fb2e10b68b31a24c0f:row:5438,3v77|m0|A|301|-|ZN|-,3v77,ZN,4,2,2,0.23712806,0.04666856,0.43463472,0.28156866
sha256:4748babd2b6ac0706cd9ed4bcfd4855c8d2c5535f01813fb2e10b68b31a24c0f:row:5440,5ve4|m0|C|401|-|FE|-,5ve4,FE,4,3,3,0.22872963,0.06691360,0.29171355,0.41264322
sha256:4748babd2b6ac0706cd9ed4bcfd4855c8d2c5535f01813fb2e10b68b31a24c0f:row:5441,4jpc|m0|A|501|-|NI|-,4jpc,NI,4,3,3,0.05360826,0.16884933,0.38023141,0.39731099
sha256:4748babd2b6ac0706cd9ed4bcfd4855c8d2c5535f01813fb2e10b68b31a24c0f:row:5444,2a8r|m0|A|301|-|MN|-,2a8r,MN,4,0,0,0.67520897,0.05401724,0.10552572,0.16524806
sha256:4748babd2b6ac0706cd9ed4bcfd4855c8d2c5535f01813fb2e10b68b31a24c0f:row:5453,7roy|m0|G|1001|-|ZN|-,7roy,ZN,4,2,2,0.04262086,0.17164825,0.66923178,0.11649912
sha256:4748babd2b6ac0706cd9ed4bcfd4855c8d2c5535f01813fb2e10b68b31a24c0f:row:5464,4c11|m0|A|1889|-|ZN|-,4c11,ZN,4,2,2,0.04846282,0.20591181,0.66315217,0.08247320
sha256:4748babd2b6ac0706cd9ed4bcfd4855c8d2c5535f01813fb2e10b68b31a24c0f:row:5465,6zap|m0|A|405|-|FE|-,6zap,FE,4,3,3,0.18802674,0.04825237,0.07355629,0.69016460
sha256:4748babd2b6ac0706cd9ed4bcfd4855c8d2c5535f01813fb2e10b68b31a24c0f:row:5471,6d60|m0|A|202|-|FE|-,6d60,FE,4,3,2,0.04080330,0.05441651,0.49588868,0.40889151
sha256:4748babd2b6ac0706cd9ed4bcfd4855c8d2c5535f01813fb2e10b68b31a24c0f:row:5477,1za0|m0|A|888|-|MN|-,1za0,MN,4,0,0,0.58832283,0.03526474,0.08550614,0.29090630
sha256:4748babd2b6ac0706cd9ed4bcfd4855c8d2c5535f01813fb2e10b68b31a24c0f:row:5479,4m25|m0|A|402|-|FE|-,4m25,FE,4,3,3,0.34681682,0.05533928,0.15968001,0.43816388
sha256:4748babd2b6ac0706cd9ed4bcfd4855c8d2c5535f01813fb2e10b68b31a24c0f:row:5484,1sf8|m0|G|702|-|NI|-,1sf8,NI,4,3,2,0.05986651,0.12397500,0.56285954,0.25329896
sha256:4748babd2b6ac0706cd9ed4bcfd4855c8d2c5535f01813fb2e10b68b31a24c0f:row:5502,4npl|m0|B|300|-|MN|-,4npl,MN,4,0,3,0.43328120,0.04435140,0.06991128,0.45245612
sha256:4748babd2b6ac0706cd9ed4bcfd4855c8d2c5535f01813fb2e10b68b31a24c0f:row:5506,4xfb|m0|A|501|-|FE|-,4xfb,FE,4,3,3,0.05697130,0.13479966,0.22673339,0.58149565
sha256:4748babd2b6ac0706cd9ed4bcfd4855c8d2c5535f01813fb2e10b68b31a24c0f:row:5517,3tsn|m0|A|501|-|NI|-,3tsn,NI,4,3,3,0.08341342,0.10890548,0.13547959,0.67220150
sha256:4748babd2b6ac0706cd9ed4bcfd4855c8d2c5535f01813fb2e10b68b31a24c0f:row:5526,5z8y|m0|A|404|-|ZN|-,5z8y,ZN,4,2,2,0.04194404,0.17221815,0.68582562,0.10001219
sha256:4748babd2b6ac0706cd9ed4bcfd4855c8d2c5535f01813fb2e10b68b31a24c0f:row:5532,3c8z|m0|A|413|-|ZN|-,3c8z,ZN,4,2,2,0.05168278,0.11574639,0.60515644,0.22741439
sha256:4748babd2b6ac0706cd9ed4bcfd4855c8d2c5535f01813fb2e10b68b31a24c0f:row:5541,4h9d|m0|A|201|-|ZN|-,4h9d,ZN,4,2,2,0.03612123,0.05779160,0.76306377,0.14302340
sha256:4748babd2b6ac0706cd9ed4bcfd4855c8d2c5535f01813fb2e10b68b31a24c0f:row:5543,7vg8|m0|A|201|-|MN|-,7vg8,MN,4,0,0,0.42193902,0.10112989,0.13114268,0.34578840
sha256:4748babd2b6ac0706cd9ed4bcfd4855c8d2c5535f01813fb2e10b68b31a24c0f:row:5546,4cxy|m0|A|1504|-|NI|-,4cxy,NI,4,3,3,0.14332340,0.07983215,0.17616069,0.60068377
sha256:4748babd2b6ac0706cd9ed4bcfd4855c8d2c5535f01813fb2e10b68b31a24c0f:row:5551,4iao|m0|A|601|-|ZN|-,4iao,ZN,4,2,2,0.04124476,0.06561646,0.74896974,0.14416904
sha256:4748babd2b6ac0706cd9ed4bcfd4855c8d2c5535f01813fb2e10b68b31a24c0f:row:5552,6g36|m0|A|405|-|CO|-,6g36,CO,4,3,2,0.07797474,0.17477025,0.52957776,0.21767726
sha256:4748babd2b6ac0706cd9ed4bcfd4855c8d2c5535f01813fb2e10b68b31a24c0f:row:5556,6vb8|m0|A|303|-|MN|-,6vb8,MN,4,0,0,0.78491111,0.03616190,0.08881740,0.09010960
sha256:4748babd2b6ac0706cd9ed4bcfd4855c8d2c5535f01813fb2e10b68b31a24c0f:row:5559,6znp|m0|A|801|-|ZN|-,6znp,ZN,4,2,2,0.04357755,0.12896656,0.74133695,0.08611894
sha256:4748babd2b6ac0706cd9ed4bcfd4855c8d2c5535f01813fb2e10b68b31a24c0f:row:5572,5kfi|m0|A|501|-|MN|-,5kfi,MN,4,0,0,0.75433421,0.03353595,0.09509135,0.11703850
sha256:4748babd2b6ac0706cd9ed4bcfd4855c8d2c5535f01813fb2e10b68b31a24c0f:row:5573,2z86|m0|A|1|-|MN|-,2z86,MN,4,0,0,0.37506584,0.11342356,0.35698851,0.15452209
sha256:4748babd2b6ac0706cd9ed4bcfd4855c8d2c5535f01813fb2e10b68b31a24c0f:row:5575,3b5q|m0|A|500|-|ZN|-,3b5q,ZN,4,2,2,0.03586070,0.21120500,0.65990443,0.09302988
sha256:4748babd2b6ac0706cd9ed4bcfd4855c8d2c5535f01813fb2e10b68b31a24c0f:row:5585,6gs2|m0|B|501|-|ZN|-,6gs2,ZN,4,2,2,0.04976592,0.05998135,0.72695408,0.16329866
sha256:4748babd2b6ac0706cd9ed4bcfd4855c8d2c5535f01813fb2e10b68b31a24c0f:row:5593,5k3q|m0|A|202|-|ZN|-,5k3q,ZN,4,2,3,0.05760360,0.29081781,0.25959887,0.39197972
sha256:4748babd2b6ac0706cd9ed4bcfd4855c8d2c5535f01813fb2e10b68b31a24c0f:row:5598,2ock|m0|A|301|-|MN|-,2ock,MN,4,0,0,0.57589270,0.03975743,0.06824126,0.31610860
sha256:4748babd2b6ac0706cd9ed4bcfd4855c8d2c5535f01813fb2e10b68b31a24c0f:row:5604,6j4f|m0|B|401|-|ZN|-,6j4f,ZN,4,2,2,0.06087628,0.13071073,0.64930643,0.15910656
sha256:4748babd2b6ac0706cd9ed4bcfd4855c8d2c5535f01813fb2e10b68b31a24c0f:row:5608,6cw3|m0|E|202|-|ZN|-,6cw3,ZN,4,2,2,0.03895236,0.28848404,0.57552949,0.09703411
sha256:4748babd2b6ac0706cd9ed4bcfd4855c8d2c5535f01813fb2e10b68b31a24c0f:row:5609,3rzk|m0|A|1|-|MN|-,3rzk,MN,4,0,0,0.47573663,0.06794104,0.07832514,0.37799719
sha256:4748babd2b6ac0706cd9ed4bcfd4855c8d2c5535f01813fb2e10b68b31a24c0f:row:5611,2ovu|m0|A|239|-|MN|-,2ovu,MN,4,0,0,0.75363299,0.03406854,0.11742152,0.09487695
sha256:4748babd2b6ac0706cd9ed4bcfd4855c8d2c5535f01813fb2e10b68b31a24c0f:row:5613,3mf1|m0|A|1000|-|ZN|-,3mf1,ZN,4,2,2,0.05202590,0.09788286,0.71690574,0.13318550
sha256:4748babd2b6ac0706cd9ed4bcfd4855c8d2c5535f01813fb2e10b68b31a24c0f:row:5614,5mbz|m0|B|499|-|MN|-,5mbz,MN,4,0,0,0.75656294,0.03676638,0.06333691,0.14333377
sha256:4748babd2b6ac0706cd9ed4bcfd4855c8d2c5535f01813fb2e10b68b31a24c0f:row:5623,6ns2|m0|A|801|-|FE|-,6ns2,FE,4,3,3,0.23294712,0.07721952,0.09254198,0.59729138
sha256:4748babd2b6ac0706cd9ed4bcfd4855c8d2c5535f01813fb2e10b68b31a24c0f:row:5626,5vzv|m0|A|201|-|ZN|-,5vzv,ZN,4,2,2,0.05196047,0.06074321,0.69645427,0.19084205
sha256:4748babd2b6ac0706cd9ed4bcfd4855c8d2c5535f01813fb2e10b68b31a24c0f:row:5630,6bgv|m0|A|602|-|MN|-,6bgv,MN,4,0,0,0.45142946,0.04021773,0.05921229,0.44914052
sha256:4748babd2b6ac0706cd9ed4bcfd4855c8d2c5535f01813fb2e10b68b31a24c0f:row:5632,3h7j|m0|A|245|-|CO|-,3h7j,CO,4,3,3,0.09770861,0.14223296,0.16134358,0.59871485
sha256:4748babd2b6ac0706cd9ed4bcfd4855c8d2c5535f01813fb2e10b68b31a24c0f:row:5638,4u8u|m0|O|302|-|ZN|-,4u8u,ZN,4,2,3,0.08856899,0.13088528,0.36249371,0.41805201
sha256:4748babd2b6ac0706cd9ed4bcfd4855c8d2c5535f01813fb2e10b68b31a24c0f:row:5639,1qjf|m0|A|1334|-|FE|-,1qjf,FE,4,3,3,0.14397184,0.05270485,0.06517404,0.73814927
sha256:4748babd2b6ac0706cd9ed4bcfd4855c8d2c5535f01813fb2e10b68b31a24c0f:row:5664,5ohn|m0|A|800|-|ZN|-,5ohn,ZN,4,2,2,0.04003427,0.05332282,0.59382268,0.31282024
sha256:4748babd2b6ac0706cd9ed4bcfd4855c8d2c5535f01813fb2e10b68b31a24c0f:row:5673,3efo|m0|B|1034|-|ZN|-,3efo,ZN,4,2,2,0.03836925,0.26235382,0.54911657,0.15016036
sha256:4748babd2b6ac0706cd9ed4bcfd4855c8d2c5535f01813fb2e10b68b31a24c0f:row:5674,1g9r|m0|A|400|-|MN|-,1g9r,MN,4,0,0,0.66330000,0.04583079,0.12855354,0.16231567
sha256:4748babd2b6ac0706cd9ed4bcfd4855c8d2c5535f01813fb2e10b68b31a24c0f:row:5675,3hix|m0|A|201|-|MN|-,3hix,MN,4,0,3,0.43847968,0.04782694,0.06435741,0.44933596
sha256:4748babd2b6ac0706cd9ed4bcfd4855c8d2c5535f01813fb2e10b68b31a24c0f:row:5677,2ba1|m0|A|201|-|ZN|-,2ba1,ZN,4,2,2,0.04128313,0.05646235,0.53905823,0.36319630
sha256:4748babd2b6ac0706cd9ed4bcfd4855c8d2c5535f01813fb2e10b68b31a24c0f:row:5684,1k6w|m0|A|501|-|FE|-,1k6w,FE,4,3,3,0.11360968,0.11391933,0.38125485,0.39121614
sha256:4748babd2b6ac0706cd9ed4bcfd4855c8d2c5535f01813fb2e10b68b31a24c0f:row:5690,3m4w|m0|F|3|-|ZN|-,3m4w,ZN,4,2,0,0.50158679,0.12429666,0.22438673,0.14972982
sha256:4748babd2b6ac0706cd9ed4bcfd4855c8d2c5535f01813fb2e10b68b31a24c0f:row:5693,6ty0|m0|A|201|-|ZN|-,6ty0,ZN,4,2,2,0.04197121,0.05306949,0.78897326,0.11598604
sha256:4748babd2b6ac0706cd9ed4bcfd4855c8d2c5535f01813fb2e10b68b31a24c0f:row:5700,4p14|m0|A|302|-|MN|-,4p14,MN,4,0,0,0.77186597,0.03664160,0.06740596,0.12408647
sha256:4748babd2b6ac0706cd9ed4bcfd4855c8d2c5535f01813fb2e10b68b31a24c0f:row:5702,6v0t|m0|A|502|-|MN|-,6v0t,MN,4,0,0,0.74535860,0.03310074,0.09471496,0.12682570
sha256:4748babd2b6ac0706cd9ed4bcfd4855c8d2c5535f01813fb2e10b68b31a24c0f:row:5703,4lvj|m0|A|201|-|MN|-,4lvj,MN,4,0,0,0.72758786,0.05607787,0.06756784,0.14876644
sha256:4748babd2b6ac0706cd9ed4bcfd4855c8d2c5535f01813fb2e10b68b31a24c0f:row:5706,8br0|m0|B|1101|-|MN|-,8br0,MN,4,0,0,0.69350384,0.03453829,0.12704685,0.14491102
sha256:4748babd2b6ac0706cd9ed4bcfd4855c8d2c5535f01813fb2e10b68b31a24c0f:row:5714,1ylk|m0|A|401|-|ZN|-,1ylk,ZN,4,2,2,0.03883456,0.12758151,0.53298958,0.30059436
sha256:4748babd2b6ac0706cd9ed4bcfd4855c8d2c5535f01813fb2e10b68b31a24c0f:row:5721,4p9c|m0|A|201|-|ZN|-,4p9c,ZN,4,2,2,0.06971954,0.15015659,0.62308264,0.15704123
sha256:4748babd2b6ac0706cd9ed4bcfd4855c8d2c5535f01813fb2e10b68b31a24c0f:row:5740,2qjv|m0|A|270|-|NI|-,2qjv,NI,4,3,2,0.07948615,0.15084976,0.56135487,0.20830922
sha256:4748babd2b6ac0706cd9ed4bcfd4855c8d2c5535f01813fb2e10b68b31a24c0f:row:5741,1q0o|m0|B|500|-|FE|-,1q0o,FE,4,3,3,0.09390922,0.06937135,0.09640849,0.74031094
sha256:4748babd2b6ac0706cd9ed4bcfd4855c8d2c5535f01813fb2e10b68b31a24c0f:row:5745,5b3h|m0|C|302|-|ZN|-,5b3h,ZN,4,2,2,0.04661572,0.08083878,0.70116113,0.17138437
sha256:4748babd2b6ac0706cd9ed4bcfd4855c8d2c5535f01813fb2e10b68b31a24c0f:row:5756,6y8y|m0|A|601|-|NI|-,6y8y,NI,4,3,2,0.21186198,0.04534805,0.51198816,0.23080180
sha256:4748babd2b6ac0706cd9ed4bcfd4855c8d2c5535f01813fb2e10b68b31a24c0f:row:5760,3phm|m0|A|357|-|CU|-,3phm,CU,4,1,1,0.03230997,0.79561166,0.11035219,0.06172618
sha256:4748babd2b6ac0706cd9ed4bcfd4855c8d2c5535f01813fb2e10b68b31a24c0f:row:5765,6mw8|m0|A|301|-|MN|-,6mw8,MN,4,0,0,0.51831651,0.04711151,0.28391277,0.15065922
sha256:4748babd2b6ac0706cd9ed4bcfd4855c8d2c5535f01813fb2e10b68b31a24c0f:row:5766,3e2t|m0|A|1|-|FE|-,3e2t,FE,4,3,2,0.06047905,0.11942790,0.45845599,0.36163706
sha256:4748babd2b6ac0706cd9ed4bcfd4855c8d2c5535f01813fb2e10b68b31a24c0f:row:5767,5uqp|m0|A|201|-|ZN|-,5uqp,ZN,4,2,3,0.28315697,0.04441561,0.08846305,0.58396438
sha256:4748babd2b6ac0706cd9ed4bcfd4855c8d2c5535f01813fb2e10b68b31a24c0f:row:5781,4oy7|m0|C|301|-|CU|-,4oy7,CU,4,1,2,0.13201658,0.25420520,0.37231391,0.24146430
sha256:4748babd2b6ac0706cd9ed4bcfd4855c8d2c5535f01813fb2e10b68b31a24c0f:row:5783,5c7e|m0|A|400|-|ZN|-,5c7e,ZN,4,2,2,0.03884952,0.17055722,0.70385600,0.08673726
sha256:4748babd2b6ac0706cd9ed4bcfd4855c8d2c5535f01813fb2e10b68b31a24c0f:row:5787,1yb0|m0|A|160|-|ZN|-,1yb0,ZN,4,2,2,0.13845302,0.26434654,0.47416927,0.12303117
sha256:4748babd2b6ac0706cd9ed4bcfd4855c8d2c5535f01813fb2e10b68b31a24c0f:row:5795,6nuu|m0|A|401|-|FE|-,6nuu,FE,4,3,0,0.50756599,0.04847060,0.07530849,0.36865492
sha256:4748babd2b6ac0706cd9ed4bcfd4855c8d2c5535f01813fb2e10b68b31a24c0f:row:5804,1njf|m0|A|401|-|ZN|-,1njf,ZN,4,2,2,0.03913309,0.05668357,0.77093998,0.13324336
sha256:4748babd2b6ac0706cd9ed4bcfd4855c8d2c5535f01813fb2e10b68b31a24c0f:row:5807,7o99|m0|A|201|-|CO|-,7o99,CO,4,3,3,0.25999548,0.04445010,0.32519305,0.37036137
sha256:4748babd2b6ac0706cd9ed4bcfd4855c8d2c5535f01813fb2e10b68b31a24c0f:row:5816,3cjp|m0|A|302|-|ZN|-,3cjp,ZN,4,2,2,0.21543441,0.09406771,0.42435362,0.26614426
sha256:4748babd2b6ac0706cd9ed4bcfd4855c8d2c5535f01813fb2e10b68b31a24c0f:row:5819,2xjm|m0|B|1173|-|CO|-,2xjm,CO,4,3,2,0.25371834,0.05467600,0.36529669,0.32630898
sha256:4748babd2b6ac0706cd9ed4bcfd4855c8d2c5535f01813fb2e10b68b31a24c0f:row:5823,7lyb|m0|M|202|-|ZN|-,7lyb,ZN,4,2,2,0.06024281,0.06311808,0.72048613,0.15615298
sha256:4748babd2b6ac0706cd9ed4bcfd4855c8d2c5535f01813fb2e10b68b31a24c0f:row:5833,1h1z|m0|A|1224|-|ZN|-,1h1z,ZN,4,2,2,0.10741292,0.13673439,0.53048111,0.22537158
sha256:4748babd2b6ac0706cd9ed4bcfd4855c8d2c5535f01813fb2e10b68b31a24c0f:row:5836,2ogj|m0|A|418|-|ZN|-,2ogj,ZN,4,2,3,0.21083659,0.08424262,0.31305796,0.39186282
sha256:4748babd2b6ac0706cd9ed4bcfd4855c8d2c5535f01813fb2e10b68b31a24c0f:row:5844,3rpd|m0|A|355|-|ZN|-,3rpd,ZN,4,2,2,0.03936613,0.11981846,0.71852352,0.12229189
sha256:4748babd2b6ac0706cd9ed4bcfd4855c8d2c5535f01813fb2e10b68b31a24c0f:row:5858,2q02|m0|A|300|-|ZN|-,2q02,ZN,4,2,0,0.51542878,0.04593529,0.17434088,0.26429505
sha256:4748babd2b6ac0706cd9ed4bcfd4855c8d2c5535f01813fb2e10b68b31a24c0f:row:5859,4f7o|m0|A|301|-|ZN|-,4f7o,ZN,4,2,3,0.10374678,0.07899176,0.37473303,0.44252843
sha256:4748babd2b6ac0706cd9ed4bcfd4855c8d2c5535f01813fb2e10b68b31a24c0f:row:5864,6fxy|m0|A|807|-|MN|-,6fxy,MN,4,0,0,0.66185996,0.04182140,0.09274242,0.20357622
sha256:4748babd2b6ac0706cd9ed4bcfd4855c8d2c5535f01813fb2e10b68b31a24c0f:row:5865,1qxr|m0|B|201|-|NI|-,1qxr,NI,4,3,3,0.33215091,0.05304270,0.08724465,0.52756174
sha256:4748babd2b6ac0706cd9ed4bcfd4855c8d2c5535f01813fb2e10b68b31a24c0f:row:5868,5zum|m0|A|601|-|ZN|-,5zum,ZN,4,2,2,0.12151001,0.10194467,0.45182896,0.32471636
sha256:4748babd2b6ac0706cd9ed4bcfd4855c8d2c5535f01813fb2e10b68b31a24c0f:row:5876,7sog|m0|A|201|-|NI|-,7sog,NI,4,3,3,0.17675995,0.08780933,0.14843540,0.58699532
sha256:4748babd2b6ac0706cd9ed4bcfd4855c8d2c5535f01813fb2e10b68b31a24c0f:row:5877,3no4|m0|A|300|-|NI|-,3no4,NI,4,3,2,0.16524243,0.08490994,0.42994798,0.31989965
sha256:4748babd2b6ac0706cd9ed4bcfd4855c8d2c5535f01813fb2e10b68b31a24c0f:row:5878,4fc8|m0|A|301|-|ZN|-,4fc8,ZN,4,2,2,0.03998877,0.07873507,0.63429140,0.24698476
sha256:4748babd2b6ac0706cd9ed4bcfd4855c8d2c5535f01813fb2e10b68b31a24c0f:row:5879,4wma|m0|A|401|-|MN|-,4wma,MN,4,0,3,0.37223030,0.04754082,0.10010032,0.48012856
sha256:4748babd2b6ac0706cd9ed4bcfd4855c8d2c5535f01813fb2e10b68b31a24c0f:row:5882,3slu|m0|B|2|-|NI|-,3slu,NI,4,3,2,0.17690443,0.07291176,0.45966239,0.29052142
sha256:4748babd2b6ac0706cd9ed4bcfd4855c8d2c5535f01813fb2e10b68b31a24c0f:row:5884,3ebe|m0|A|500|-|ZN|-,3ebe,ZN,4,2,2,0.03732477,0.09755613,0.77524836,0.08987074
sha256:4748babd2b6ac0706cd9ed4bcfd4855c8d2c5535f01813fb2e10b68b31a24c0f:row:5886,4mmx|m0|B|705|-|MN|-,4mmx,MN,4,0,0,0.71663891,0.04643212,0.06944030,0.16748866
sha256:4748babd2b6ac0706cd9ed4bcfd4855c8d2c5535f01813fb2e10b68b31a24c0f:row:5889,6zaj|m0|A|404|-|FE|-,6zaj,FE,4,3,3,0.16833174,0.05445658,0.16479678,0.61241490
sha256:4748babd2b6ac0706cd9ed4bcfd4855c8d2c5535f01813fb2e10b68b31a24c0f:row:5892,3ce9|m0|A|400|-|ZN|-,3ce9,ZN,4,2,2,0.09182768,0.14265877,0.46460511,0.30090844
sha256:4748babd2b6ac0706cd9ed4bcfd4855c8d2c5535f01813fb2e10b68b31a24c0f:row:5897,5a55|m0|A|2420|-|MN|-,5a55,MN,4,0,0,0.42859963,0.04163883,0.32091167,0.20884986
sha256:4748babd2b6ac0706cd9ed4bcfd4855c8d2c5535f01813fb2e10b68b31a24c0f:row:5900,7oc5|m0|A|501|-|ZN|-,7oc5,ZN,4,2,2,0.04269434,0.08021405,0.76971534,0.10737627
sha256:4748babd2b6ac0706cd9ed4bcfd4855c8d2c5535f01813fb2e10b68b31a24c0f:row:5921,4u99|m0|A|202|-|ZN|-,4u99,ZN,4,2,2,0.04094566,0.12825586,0.68749315,0.14330533
sha256:4748babd2b6ac0706cd9ed4bcfd4855c8d2c5535f01813fb2e10b68b31a24c0f:row:5935,5x1h|m0|A|301|-|ZN|-,5x1h,ZN,4,2,2,0.04638837,0.05947420,0.75676958,0.13736785
sha256:4748babd2b6ac0706cd9ed4bcfd4855c8d2c5535f01813fb2e10b68b31a24c0f:row:5941,5c8s|m0|B|603|-|ZN|-,5c8s,ZN,4,2,3,0.06674608,0.09579233,0.38434945,0.45311213
sha256:4748babd2b6ac0706cd9ed4bcfd4855c8d2c5535f01813fb2e10b68b31a24c0f:row:5942,2xqc|m0|A|1138|-|ZN|-,2xqc,ZN,4,2,2,0.04619879,0.20522957,0.56658653,0.18198511
sha256:4748babd2b6ac0706cd9ed4bcfd4855c8d2c5535f01813fb2e10b68b31a24c0f:row:5943,6xqi|m0|A|101|-|ZN|-,6xqi,ZN,4,2,2,0.04649911,0.25784526,0.56483197,0.13082366
sha256:4748babd2b6ac0706cd9ed4bcfd4855c8d2c5535f01813fb2e10b68b31a24c0f:row:5944,5ndb|m0|A|402|-|ZN|-,5ndb,ZN,4,2,2,0.04965094,0.19619102,0.51124223,0.24291581
sha256:4748babd2b6ac0706cd9ed4bcfd4855c8d2c5535f01813fb2e10b68b31a24c0f:row:5949,1rak|m0|A|500|-|FE|-,1rak,FE,4,3,3,0.16636761,0.07329601,0.12084623,0.63949016
sha256:4748babd2b6ac0706cd9ed4bcfd4855c8d2c5535f01813fb2e10b68b31a24c0f:row:5959,6utp|m0|A|303|-|CO|-,6utp,CO,4,3,2,0.20745175,0.08085162,0.53602637,0.17567026
sha256:4748babd2b6ac0706cd9ed4bcfd4855c8d2c5535f01813fb2e10b68b31a24c0f:row:5966,1bqr|m0|A|125|-|CU|-,1bqr,CU,4,1,1,0.03259691,0.72773041,0.17307653,0.06659615
sha256:4748babd2b6ac0706cd9ed4bcfd4855c8d2c5535f01813fb2e10b68b31a24c0f:row:5968,4zup|m0|A|401|-|ZN|-,4zup,ZN,4,2,2,0.13276490,0.06132782,0.44829129,0.35761599
sha256:4748babd2b6ac0706cd9ed4bcfd4855c8d2c5535f01813fb2e10b68b31a24c0f:row:5972,8hpi|m0|A|301|-|ZN|-,8hpi,ZN,4,2,2,0.08955635,0.32419341,0.43240883,0.15384141
sha256:4748babd2b6ac0706cd9ed4bcfd4855c8d2c5535f01813fb2e10b68b31a24c0f:row:5978,4mn6|m0|A|401|-|ZN|-,4mn6,ZN,4,2,2,0.10475443,0.07100700,0.58046338,0.24377518
sha256:4748babd2b6ac0706cd9ed4bcfd4855c8d2c5535f01813fb2e10b68b31a24c0f:row:5987,2jfs|m0|A|1235|-|MN|-,2jfs,MN,4,0,0,0.71528567,0.03422000,0.07406189,0.17643244
sha256:4748babd2b6ac0706cd9ed4bcfd4855c8d2c5535f01813fb2e10b68b31a24c0f:row:5988,2y40|m0|B|401|-|MN|-,2y40,MN,4,0,0,0.68465160,0.04376546,0.13482787,0.13675507
sha256:4748babd2b6ac0706cd9ed4bcfd4855c8d2c5535f01813fb2e10b68b31a24c0f:row:5990,3vew|m0|A|602|-|FE|-,3vew,FE,4,3,3,0.23591549,0.05198698,0.30084291,0.41125462
sha256:4748babd2b6ac0706cd9ed4bcfd4855c8d2c5535f01813fb2e10b68b31a24c0f:row:5994,1kw3|m0|B|301|-|FE|-,1kw3,FE,4,3,3,0.14421823,0.08109978,0.33275953,0.44192245
sha256:4748babd2b6ac0706cd9ed4bcfd4855c8d2c5535f01813fb2e10b68b31a24c0f:row:5996,6iy8|m0|A|601|-|ZN|-,6iy8,ZN,4,2,2,0.11416802,0.07899619,0.62574372,0.18109207
sha256:4748babd2b6ac0706cd9ed4bcfd4855c8d2c5535f01813fb2e10b68b31a24c0f:row:6006,5a3d|m0|A|500|-|ZN|-,5a3d,ZN,4,2,2,0.03953151,0.05924392,0.78745556,0.11376901
sha256:4748babd2b6ac0706cd9ed4bcfd4855c8d2c5535f01813fb2e10b68b31a24c0f:row:6011,3jzv|m0|A|200|-|MN|-,3jzv,MN,4,0,0,0.69455718,0.07721501,0.09415069,0.13407712
sha256:4748babd2b6ac0706cd9ed4bcfd4855c8d2c5535f01813fb2e10b68b31a24c0f:row:6017,5hda|m0|A|602|-|ZN|-,5hda,ZN,4,2,2,0.03739327,0.06227753,0.59149845,0.30883075
sha256:4748babd2b6ac0706cd9ed4bcfd4855c8d2c5535f01813fb2e10b68b31a24c0f:row:6022,5gj9|m0|A|401|-|ZN|-,5gj9,ZN,4,2,3,0.13153466,0.06060603,0.09565779,0.71220152
sha256:4748babd2b6ac0706cd9ed4bcfd4855c8d2c5535f01813fb2e10b68b31a24c0f:row:6023,1han|m0|A|500|-|FE|-,1han,FE,4,3,3,0.21005087,0.05864627,0.16850863,0.56279423
sha256:4748babd2b6ac0706cd9ed4bcfd4855c8d2c5535f01813fb2e10b68b31a24c0f:row:6024,5kob|m0|A|201|-|FE|-,5kob,FE,4,3,3,0.20718409,0.13390963,0.22673848,0.43216780
sha256:4748babd2b6ac0706cd9ed4bcfd4855c8d2c5535f01813fb2e10b68b31a24c0f:row:6042,6o7s|m0|D|602|-|FE|-,6o7s,FE,4,3,3,0.22588752,0.04320895,0.12142407,0.60947946
sha256:4748babd2b6ac0706cd9ed4bcfd4855c8d2c5535f01813fb2e10b68b31a24c0f:row:6044,7b4s|m0|A|304|-|MN|-,7b4s,MN,4,0,0,0.62615405,0.03882205,0.11401975,0.22100414
sha256:4748babd2b6ac0706cd9ed4bcfd4855c8d2c5535f01813fb2e10b68b31a24c0f:row:6053,5ggi|m0|A|702|-|MN|-,5ggi,MN,4,0,0,0.64166551,0.05936502,0.17908502,0.11988444
sha256:4748babd2b6ac0706cd9ed4bcfd4855c8d2c5535f01813fb2e10b68b31a24c0f:row:6056,4ybh|m0|A|412|-|ZN|-,4ybh,ZN,4,2,2,0.05109716,0.12890902,0.50616854,0.31382528
sha256:4748babd2b6ac0706cd9ed4bcfd4855c8d2c5535f01813fb2e10b68b31a24c0f:row:6058,6bgu|m0|A|602|-|MN|-,6bgu,MN,4,0,0,0.48766987,0.04001957,0.05704141,0.41526914
sha256:4748babd2b6ac0706cd9ed4bcfd4855c8d2c5535f01813fb2e10b68b31a24c0f:row:6063,5i93|m0|A|201|-|NI|-,5i93,NI,4,3,3,0.17442380,0.05474337,0.08011194,0.69072089
sha256:4748babd2b6ac0706cd9ed4bcfd4855c8d2c5535f01813fb2e10b68b31a24c0f:row:6072,3cu2|m0|A|238|-|NI|-,3cu2,NI,4,3,3,0.31033349,0.04564340,0.10206747,0.54195565
sha256:4748babd2b6ac0706cd9ed4bcfd4855c8d2c5535f01813fb2e10b68b31a24c0f:row:6085,6k8n|m0|A|801|-|ZN|-,6k8n,ZN,4,2,2,0.05975765,0.27213148,0.55210581,0.11600507
sha256:4748babd2b6ac0706cd9ed4bcfd4855c8d2c5535f01813fb2e10b68b31a24c0f:row:6086,7r70|m0|A|403|-|ZN|-,7r70,ZN,4,2,2,0.04062798,0.06982186,0.78716983,0.10238033
sha256:4748babd2b6ac0706cd9ed4bcfd4855c8d2c5535f01813fb2e10b68b31a24c0f:row:6087,4s26|m0|A|704|-|ZN|-,4s26,ZN,4,2,0,0.32884108,0.09764944,0.27107487,0.30243460
sha256:4748babd2b6ac0706cd9ed4bcfd4855c8d2c5535f01813fb2e10b68b31a24c0f:row:6095,6h1i|m0|A|301|-|FE|-,6h1i,FE,4,3,3,0.09593577,0.06327691,0.08739691,0.75339041
sha256:4748babd2b6ac0706cd9ed4bcfd4855c8d2c5535f01813fb2e10b68b31a24c0f:row:6103,3hpx|m0|A|701|-|NI|-,3hpx,NI,4,3,3,0.13894483,0.07152089,0.14380632,0.64572796
sha256:4748babd2b6ac0706cd9ed4bcfd4855c8d2c5535f01813fb2e10b68b31a24c0f:row:6105,2wkn|m0|A|412|-|ZN|-,2wkn,ZN,4,2,2,0.16660778,0.07795868,0.53373518,0.22169836
sha256:4748babd2b6ac0706cd9ed4bcfd4855c8d2c5535f01813fb2e10b68b31a24c0f:row:6108,2iqj|m0|A|301|-|ZN|-,2iqj,ZN,4,2,2,0.11375157,0.06135965,0.61964622,0.20524256
sha256:4748babd2b6ac0706cd9ed4bcfd4855c8d2c5535f01813fb2e10b68b31a24c0f:row:6119,2yhe|m0|A|700|-|ZN|-,2yhe,ZN,4,2,2,0.20018349,0.07371248,0.45140886,0.27469516
sha256:4748babd2b6ac0706cd9ed4bcfd4855c8d2c5535f01813fb2e10b68b31a24c0f:row:6120,6dqe|m0|A|602|-|MN|-,6dqe,MN,4,0,0,0.44666784,0.04189468,0.07134333,0.44009415
sha256:4748babd2b6ac0706cd9ed4bcfd4855c8d2c5535f01813fb2e10b68b31a24c0f:row:6127,4wmb|m0|A|401|-|MN|-,4wmb,MN,4,0,3,0.35886388,0.05171312,0.12442989,0.46499310
sha256:4748babd2b6ac0706cd9ed4bcfd4855c8d2c5535f01813fb2e10b68b31a24c0f:row:6129,5kfe|m0|A|501|-|MN|-,5kfe,MN,4,0,0,0.58362032,0.03457458,0.26033426,0.12147084
sha256:4748babd2b6ac0706cd9ed4bcfd4855c8d2c5535f01813fb2e10b68b31a24c0f:row:6132,6x5r|m0|A|800|-|MN|-,6x5r,MN,4,0,2,0.29901384,0.10444078,0.44023497,0.15631041
sha256:4748babd2b6ac0706cd9ed4bcfd4855c8d2c5535f01813fb2e10b68b31a24c0f:row:6138,8dze|m0|A|601|-|ZN|-,8dze,ZN,4,2,2,0.04161832,0.05039926,0.79903422,0.10894820
sha256:4748babd2b6ac0706cd9ed4bcfd4855c8d2c5535f01813fb2e10b68b31a24c0f:row:6139,2vmk|m0|B|1514|-|ZN|-,2vmk,ZN,4,2,2,0.04168756,0.07519771,0.51972015,0.36339459
sha256:4748babd2b6ac0706cd9ed4bcfd4855c8d2c5535f01813fb2e10b68b31a24c0f:row:6141,5of3|m0|A|1002|-|MN|-,5of3,MN,4,0,0,0.58722712,0.05745162,0.18744236,0.16787890
sha256:4748babd2b6ac0706cd9ed4bcfd4855c8d2c5535f01813fb2e10b68b31a24c0f:row:6144,1jw6|m0|A|240|-|MN|-,1jw6,MN,4,0,0,0.81592343,0.03759317,0.06061110,0.08587231
sha256:4748babd2b6ac0706cd9ed4bcfd4855c8d2c5535f01813fb2e10b68b31a24c0f:row:6160,5a58|m0|A|2428|-|MN|-,5a58,MN,4,0,0,0.69494913,0.03577052,0.10883075,0.16044960
sha256:4748babd2b6ac0706cd9ed4bcfd4855c8d2c5535f01813fb2e10b68b31a24c0f:row:6164,7u74|m0|A|501|-|MN|-,7u74,MN,4,0,0,0.78422824,0.03417160,0.06645757,0.11514258
sha256:4748babd2b6ac0706cd9ed4bcfd4855c8d2c5535f01813fb2e10b68b31a24c0f:row:6179,5k77|m0|A|402|-|FE|-,5k77,FE,4,3,3,0.22992183,0.05621086,0.09959438,0.61427293
sha256:4748babd2b6ac0706cd9ed4bcfd4855c8d2c5535f01813fb2e10b68b31a24c0f:row:6180,6tc2|m0|B|101|-|ZN|-,6tc2,ZN,4,2,1,0.05236655,0.48517759,0.28274320,0.17971267
sha256:4748babd2b6ac0706cd9ed4bcfd4855c8d2c5535f01813fb2e10b68b31a24c0f:row:6187,6vcg|m0|A|1000|-|CO|-,6vcg,CO,4,3,3,0.05929233,0.10608557,0.12663523,0.70798687
sha256:4748babd2b6ac0706cd9ed4bcfd4855c8d2c5535f01813fb2e10b68b31a24c0f:row:6200,3ves|m0|A|605|-|FE|-,3ves,FE,4,3,3,0.21642782,0.05050296,0.26367424,0.46939497
sha256:4748babd2b6ac0706cd9ed4bcfd4855c8d2c5535f01813fb2e10b68b31a24c0f:row:6203,5kfh|m0|A|501|-|MN|-,5kfh,MN,4,0,0,0.78467159,0.03287146,0.07304267,0.10941427
sha256:4748babd2b6ac0706cd9ed4bcfd4855c8d2c5535f01813fb2e10b68b31a24c0f:row:6207,5uuy|m0|A|301|-|MN|-,5uuy,MN,4,0,0,0.61851802,0.03540480,0.24968321,0.09639397
sha256:4748babd2b6ac0706cd9ed4bcfd4855c8d2c5535f01813fb2e10b68b31a24c0f:row:6215,1jnq|m0|A|858|-|FE|-,1jnq,FE,4,3,3,0.18112500,0.14927829,0.10217500,0.56742171
sha256:4748babd2b6ac0706cd9ed4bcfd4855c8d2c5535f01813fb2e10b68b31a24c0f:row:6221,7dog|m0|A|402|-|MN|-,7dog,MN,4,0,0,0.42395463,0.12692002,0.10121928,0.34790607
sha256:4748babd2b6ac0706cd9ed4bcfd4855c8d2c5535f01813fb2e10b68b31a24c0f:row:6222,2yxw|m0|A|701|-|CU|-,2yxw,CU,4,1,1,0.21751013,0.41633569,0.27039490,0.09575928
sha256:4748babd2b6ac0706cd9ed4bcfd4855c8d2c5535f01813fb2e10b68b31a24c0f:row:6230,2w5s|m0|A|1642|-|MN|-,2w5s,MN,4,0,3,0.30620341,0.05486944,0.24875336,0.39017379
sha256:4748babd2b6ac0706cd9ed4bcfd4855c8d2c5535f01813fb2e10b68b31a24c0f:row:6234,7apv|m0|A|504|-|NI|-,7apv,NI,4,3,3,0.09279921,0.13139838,0.22392626,0.55187615
sha256:4748babd2b6ac0706cd9ed4bcfd4855c8d2c5535f01813fb2e10b68b31a24c0f:row:6235,2cye|m0|A|1001|-|ZN|-,2cye,ZN,4,2,2,0.19244170,0.07778000,0.40688885,0.32288944
sha256:4748babd2b6ac0706cd9ed4bcfd4855c8d2c5535f01813fb2e10b68b31a24c0f:row:6245,2fuq|m0|A|1|-|ZN|-,2fuq,ZN,4,2,3,0.14118245,0.06019045,0.38494225,0.41368485
sha256:4748babd2b6ac0706cd9ed4bcfd4855c8d2c5535f01813fb2e10b68b31a24c0f:row:6246,2x3y|m0|B|1196|-|ZN|-,2x3y,ZN,4,2,2,0.10050496,0.10450291,0.45467151,0.34032062
sha256:4748babd2b6ac0706cd9ed4bcfd4855c8d2c5535f01813fb2e10b68b31a24c0f:row:6249,5t64|m0|A|501|-|ZN|-,5t64,ZN,4,2,2,0.04012346,0.05077912,0.72655230,0.18254512
sha256:4748babd2b6ac0706cd9ed4bcfd4855c8d2c5535f01813fb2e10b68b31a24c0f:row:6251,3mih|m0|A|357|-|CU|-,3mih,CU,4,1,1,0.04187669,0.49143847,0.35677966,0.10990518
sha256:4748babd2b6ac0706cd9ed4bcfd4855c8d2c5535f01813fb2e10b68b31a24c0f:row:6257,6bj2|m0|D|303|-|ZN|-,6bj2,ZN,4,2,2,0.06569795,0.17991268,0.54228573,0.21210364
sha256:4748babd2b6ac0706cd9ed4bcfd4855c8d2c5535f01813fb2e10b68b31a24c0f:row:6267,4mtt|m0|B|1001|-|ZN|-,4mtt,ZN,4,2,2,0.08355468,0.08539243,0.54146426,0.28958863
sha256:4748babd2b6ac0706cd9ed4bcfd4855c8d2c5535f01813fb2e10b68b31a24c0f:row:6276,1u2w|m0|B|502|-|ZN|-,1u2w,ZN,4,2,2,0.18031113,0.09450113,0.43771329,0.28747445
sha256:4748babd2b6ac0706cd9ed4bcfd4855c8d2c5535f01813fb2e10b68b31a24c0f:row:6286,5h1w|m0|A|302|-|MN|-,5h1w,MN,4,0,0,0.78957719,0.03414734,0.05722346,0.11905201
sha256:4748babd2b6ac0706cd9ed4bcfd4855c8d2c5535f01813fb2e10b68b31a24c0f:row:6289,5ubg|m0|A|303|-|ZN|-,5ubg,ZN,4,2,0,0.34919574,0.05201791,0.25531631,0.34347003
sha256:4748babd2b6ac0706cd9ed4bcfd4855c8d2c5535f01813fb2e10b68b31a24c0f:row:6293,2pny|m0|A|229|-|MN|-,2pny,MN,4,0,0,0.48897264,0.04537260,0.08162271,0.38403205
sha256:4748babd2b6ac0706cd9ed4bcfd4855c8d2c5535f01813fb2e10b68b31a24c0f:row:6298,2cgo|m0|A|350|-|FE|-,2cgo,FE,4,3,3,0.19904939,0.05855937,0.23176559,0.51062566
sha256:4748babd2b6ac0706cd9ed4bcfd4855c8d2c5535f01813fb2e10b68b31a24c0f:row:6309,5tcv|m0|A|401|-|NI|-,5tcv,NI,4,3,3,0.14506468,0.05400982,0.07824132,0.72268417
sha256:4748babd2b6ac0706cd9ed4bcfd4855c8d2c5535f01813fb2e10b68b31a24c0f:row:6315,7mg2|m0|A|301|-|MN|-,7mg2,MN,4,0,0,0.79762301,0.03441380,0.06170441,0.10625879
sha256:4748babd2b6ac0706cd9ed4bcfd4855c8d2c5535f01813fb2e10b68b31a24c0f:row:6317,1irx|m0|A|600|-|ZN|-,1irx,ZN,4,2,2,0.09820060,0.26255756,0.36045139,0.27879045
sha256:4748babd2b6ac0706cd9ed4bcfd4855c8d2c5535f01813fb2e10b68b31a24c0f:row:6321,5j53|m0|A|501|-|FE|-,5j53,FE,4,3,3,0.04215284,0.23067304,0.13791221,0.58926191
sha256:4748babd2b6ac0706cd9ed4bcfd4855c8d2c5535f01813fb2e10b68b31a24c0f:row:6327,1w7v|m0|A|1440|-|ZN|-,1w7v,ZN,4,2,0,0.37106837,0.04696130,0.31172439,0.27024594
sha256:4748babd2b6ac0706cd9ed4bcfd4855c8d2c5535f01813fb2e10b68b31a24c0f:row:6331,4qfi|m0|A|201|-|ZN|-,4qfi,ZN,4,2,3,0.16486896,0.07238883,0.33123993,0.43150228
sha256:4748babd2b6ac0706cd9ed4bcfd4855c8d2c5535f01813fb2e10b68b31a24c0f:row:6336,6fnd|m0|A|802|-|ZN|L,6fnd,ZN,4,2,2,0.04183518,0.04975197,0.76029211,0.14812073
sha256:4748babd2b6ac0706cd9ed4bcfd4855c8d2c5535f01813fb2e10b68b31a24c0f:row:6341,2rdq|m0|A|1|-|FE|-,2rdq,FE,4,3,3,0.15799618,0.05006092,0.14286430,0.64907859
sha256:4748babd2b6ac0706cd9ed4bcfd4855c8d2c5535f01813fb2e10b68b31a24c0f:row:6354,8bbr|m0|A|402|-|CU|-,8bbr,CU,4,1,1,0.05728074,0.55188211,0.14207877,0.24875837
sha256:4748babd2b6ac0706cd9ed4bcfd4855c8d2c5535f01813fb2e10b68b31a24c0f:row:6355,1iq8|m0|A|600|-|ZN|-,1iq8,ZN,4,2,2,0.04622847,0.08716322,0.71004988,0.15655843
sha256:4748babd2b6ac0706cd9ed4bcfd4855c8d2c5535f01813fb2e10b68b31a24c0f:row:6357,7cn3|m0|A|501|-|FE|-,7cn3,FE,4,3,0,0.42645973,0.05672676,0.24523726,0.27157625
sha256:4748babd2b6ac0706cd9ed4bcfd4855c8d2c5535f01813fb2e10b68b31a24c0f:row:6361,1k1e|m0|A|201|-|CO|-,1k1e,CO,4,3,0,0.46659252,0.05378841,0.25519920,0.22441987
sha256:4748babd2b6ac0706cd9ed4bcfd4855c8d2c5535f01813fb2e10b68b31a24c0f:row:6363,7ay0|m0|B|1000|-|ZN|-,7ay0,ZN,4,2,2,0.03973829,0.04828609,0.79110821,0.12086741
sha256:4748babd2b6ac0706cd9ed4bcfd4855c8d2c5535f01813fb2e10b68b31a24c0f:row:6368,7mg4|m0|A|301|-|MN|-,7mg4,MN,4,0,0,0.80989197,0.03609549,0.05667441,0.09733812
sha256:4748babd2b6ac0706cd9ed4bcfd4855c8d2c5535f01813fb2e10b68b31a24c0f:row:6376,4nnc|m0|A|601|-|CO|-,4nnc,CO,4,3,3,0.15157277,0.07846577,0.20932978,0.56063168
sha256:4748babd2b6ac0706cd9ed4bcfd4855c8d2c5535f01813fb2e10b68b31a24c0f:row:6379,2zzi|m0|A|209|-|FE|-,2zzi,FE,4,3,2,0.16502002,0.06027839,0.40943122,0.36527037
sha256:4748babd2b6ac0706cd9ed4bcfd4855c8d2c5535f01813fb2e10b68b31a24c0f:row:6385,6e85|m0|A|401|-|NI|-,6e85,NI,4,3,3,0.10658585,0.08449822,0.33451457,0.47440136
sha256:4748babd2b6ac0706cd9ed4bcfd4855c8d2c5535f01813fb2e10b68b31a24c0f:row:6392,8d9p|m0|A|202|-|MN|-,8d9p,MN,4,0,3,0.30567625,0.05865604,0.26241968,0.37324802
sha256:4748babd2b6ac0706cd9ed4bcfd4855c8d2c5535f01813fb2e10b68b31a24c0f:row:6399,4mbs|m0|A|1102|-|ZN|-,4mbs,ZN,4,2,2,0.04596965,0.06034971,0.75085243,0.14282821
sha256:4748babd2b6ac0706cd9ed4bcfd4855c8d2c5535f01813fb2e10b68b31a24c0f:row:6405,2f44|m0|A|255|-|ZN|-,2f44,ZN,4,2,2,0.08976616,0.17269324,0.51713146,0.22040914
sha256:4748babd2b6ac0706cd9ed4bcfd4855c8d2c5535f01813fb2e10b68b31a24c0f:row:6407,5tr0|m0|A|901|-|FE|-,5tr0,FE,4,3,3,0.29172375,0.07905717,0.10855928,0.52065980
sha256:4748babd2b6ac0706cd9ed4bcfd4855c8d2c5535f01813fb2e10b68b31a24c0f:row:6414,3f8n|m0|A|201|-|MN|-,3f8n,MN,4,0,0,0.48887853,0.06301302,0.08979167,0.35831678
sha256:4748babd2b6ac0706cd9ed4bcfd4855c8d2c5535f01813fb2e10b68b31a24c0f:row:6416,5abd|m0|X|1227|-|CU|-,5abd,CU,4,1,3,0.06157702,0.23080427,0.19861503,0.50900368
sha256:4748babd2b6ac0706cd9ed4bcfd4855c8d2c5535f01813fb2e10b68b31a24c0f:row:6420,4iex|m0|A|501|-|FE|-,4iex,FE,4,3,2,0.04003806,0.17319751,0.47304825,0.31371618
sha256:4748babd2b6ac0706cd9ed4bcfd4855c8d2c5535f01813fb2e10b68b31a24c0f:row:6425,3q23|m0|A|1109|-|MN|-,3q23,MN,4,0,0,0.69796085,0.03423558,0.11704183,0.15076173
sha256:4748babd2b6ac0706cd9ed4bcfd4855c8d2c5535f01813fb2e10b68b31a24c0f:row:6427,4o6o|m0|A|201|-|ZN|-,4o6o,ZN,4,2,2,0.03232843,0.14411633,0.64734980,0.17620544
sha256:4748babd2b6ac0706cd9ed4bcfd4855c8d2c5535f01813fb2e10b68b31a24c0f:row:6433,5ojj|m0|A|202|-|ZN|-,5ojj,ZN,4,2,2,0.03604347,0.22878470,0.41904865,0.31612318
sha256:4748babd2b6ac0706cd9ed4bcfd4855c8d2c5535f01813fb2e10b68b31a24c0f:row:6435,5wzp|m0|A|701|-|ZN|-,5wzp,ZN,4,2,2,0.04880883,0.18016426,0.65008049,0.12094642
sha256:4748babd2b6ac0706cd9ed4bcfd4855c8d2c5535f01813fb2e10b68b31a24c0f:row:6436,8fnv|m0|A|801|-|ZN|-,8fnv,ZN,4,2,3,0.13110896,0.13002970,0.33735105,0.40151030
sha256:4748babd2b6ac0706cd9ed4bcfd4855c8d2c5535f01813fb2e10b68b31a24c0f:row:6440,1qf8|m0|A|216|-|ZN|-,1qf8,ZN,4,2,2,0.03993075,0.06242996,0.68290527,0.21473402
sha256:4748babd2b6ac0706cd9ed4bcfd4855c8d2c5535f01813fb2e10b68b31a24c0f:row:6441,2o8q|m0|A|300|-|NI|-,2o8q,NI,4,3,3,0.07235358,0.11921830,0.16402940,0.64439872
sha256:4748babd2b6ac0706cd9ed4bcfd4855c8d2c5535f01813fb2e10b68b31a24c0f:row:6443,2v25|m0|A|1235|-|ZN|-,2v25,ZN,4,2,2,0.06418798,0.08463322,0.67321102,0.17796778
sha256:4748babd2b6ac0706cd9ed4bcfd4855c8d2c5535f01813fb2e10b68b31a24c0f:row:6444,4gdf|m0|A|700|-|ZN|-,4gdf,ZN,4,2,2,0.06282183,0.18339157,0.54451688,0.20926972
sha256:4748babd2b6ac0706cd9ed4bcfd4855c8d2c5535f01813fb2e10b68b31a24c0f:row:6450,4iew|m0|A|501|-|FE|-,4iew,FE,4,3,3,0.05424905,0.14656300,0.12736653,0.67182143
sha256:4748babd2b6ac0706cd9ed4bcfd4855c8d2c5535f01813fb2e10b68b31a24c0f:row:6451,6sx8|m0|A|602|-|MN|-,6sx8,MN,4,0,0,0.54006319,0.04168050,0.30963060,0.10862571
sha256:4748babd2b6ac0706cd9ed4bcfd4855c8d2c5535f01813fb2e10b68b31a24c0f:row:6464,6xtx|m0|4|901|-|ZN|-,6xtx,ZN,4,2,2,0.04617019,0.06345283,0.76149525,0.12888174
sha256:4748babd2b6ac0706cd9ed4bcfd4855c8d2c5535f01813fb2e10b68b31a24c0f:row:6472,4r89|m0|A|602|-|MN|-,4r89,MN,4,0,2,0.33254298,0.06435443,0.45206073,0.15104186
sha256:4748babd2b6ac0706cd9ed4bcfd4855c8d2c5535f01813fb2e10b68b31a24c0f:row:6475,7v3o|m0|A|403|-|FE|-,7v3o,FE,4,3,3,0.16998539,0.04432654,0.07338160,0.71230647
sha256:4748babd2b6ac0706cd9ed4bcfd4855c8d2c5535f01813fb2e10b68b31a24c0f:row:6476,1hu9|m0|A|858|-|FE|-,1hu9,FE,4,3,3,0.21943034,0.08455979,0.09211056,0.60389931
sha256:4748babd2b6ac0706cd9ed4bcfd4855c8d2c5535f01813fb2e10b68b31a24c0f:row:6483,4mr0|m0|A|704|-|MN|-,4mr0,MN,4,0,0,0.36859240,0.05206794,0.23877900,0.34056066
sha256:4748babd2b6ac0706cd9ed4bcfd4855c8d2c5535f01813fb2e10b68b31a24c0f:row:6487,5fnn|m0|A|1221|-|FE|-,5fnn,FE,4,3,3,0.19986584,0.04803416,0.29147970,0.46062030
sha256:4748babd2b6ac0706cd9ed4bcfd4855c8d2c5535f01813fb2e10b68b31a24c0f:row:6490,6bh1|m0|A|602|-|MN|-,6bh1,MN,4,0,3,0.37903578,0.06107032,0.05952579,0.50036811
sha256:4748babd2b6ac0706cd9ed4bcfd4855c8d2c5535f01813fb2e10b68b31a24c0f:row:6493,6icz|m0|Z|601|-|ZN|-,6icz,ZN,4,2,2,0.04965014,0.28286667,0.52092776,0.14655543
sha256:4748babd2b6ac0706cd9ed4bcfd4855c8d2c5535f01813fb2e10b68b31a24c0f:row:6499,6k1d|m0|A|303|-|MN|-,6k1d,MN,4,0,0,0.53697495,0.04435676,0.21498432,0.20368397
sha256:4748babd2b6ac0706cd9ed4bcfd4855c8d2c5535f01813fb2e10b68b31a24c0f:row:6502,5tsn|m0|A|601|-|MN|-,5tsn,MN,4,0,0,0.74941275,0.03587055,0.09008997,0.12462672
sha256:4748babd2b6ac0706cd9ed4bcfd4855c8d2c5535f01813fb2e10b68b31a24c0f:row:6509,1f5a|m0|A|1001|-|MN|-,1f5a,MN,4,0,0,0.70789686,0.04843560,0.09732630,0.14634124
sha256:4748babd2b6ac0706cd9ed4bcfd4855c8d2c5535f01813fb2e10b68b31a24c0f:row:6510,5ebb|m0|A|702|-|ZN|-,5ebb,ZN,4,2,3,0.32820570,0.06777708,0.10090300,0.50311422
sha256:4748babd2b6ac0706cd9ed4bcfd4855c8d2c5535f01813fb2e10b68b31a24c0f:row:6513,6gys|m0|I|701|-|ZN|-,6gys,ZN,4,2,2,0.13002722,0.07369249,0.59590280,0.20037749
sha256:4748babd2b6ac0706cd9ed4bcfd4855c8d2c5535f01813fb2e10b68b31a24c0f:row:6517,1uuw|m0|A|1450|-|FE|-,1uuw,FE,4,3,3,0.14595125,0.05738116,0.09415633,0.70251126
sha256:4748babd2b6ac0706cd9ed4bcfd4855c8d2c5535f01813fb2e10b68b31a24c0f:row:6519,2j0e|m0|A|1265|-|ZN|-,2j0e,ZN,4,2,3,0.12810998,0.07864706,0.19121252,0.60203044
sha256:4748babd2b6ac0706cd9ed4bcfd4855c8d2c5535f01813fb2e10b68b31a24c0f:row:6534,8hiv|m0|A|403|-|FE|-,8hiv,FE,4,3,3,0.21153388,0.04654264,0.08597526,0.65594821
sha256:4748babd2b6ac0706cd9ed4bcfd4855c8d2c5535f01813fb2e10b68b31a24c0f:row:6554,6wn9|m0|A|701|-|ZN|-,6wn9,ZN,4,2,2,0.15872499,0.07164825,0.40792611,0.36170065
sha256:4748babd2b6ac0706cd9ed4bcfd4855c8d2c5535f01813fb2e10b68b31a24c0f:row:6556,8so0|m0|C|401|-|FE|-,8so0,FE,4,3,2,0.08362499,0.22912975,0.44968749,0.23755776
sha256:4748babd2b6ac0706cd9ed4bcfd4855c8d2c5535f01813fb2e10b68b31a24c0f:row:6563,5v05|m0|Z|402|-|MN|-,5v05,MN,4,0,0,0.68967244,0.03928708,0.09783173,0.17320875
sha256:4748babd2b6ac0706cd9ed4bcfd4855c8d2c5535f01813fb2e10b68b31a24c0f:row:6565,6vyo|m0|A|204|-|ZN|-,6vyo,ZN,4,2,2,0.11104903,0.09730210,0.54417358,0.24747529
sha256:4748babd2b6ac0706cd9ed4bcfd4855c8d2c5535f01813fb2e10b68b31a24c0f:row:6580,1zib|m0|A|125|-|CU|-,1zib,CU,4,1,1,0.05118519,0.66036806,0.19586333,0.09258342
sha256:4748babd2b6ac0706cd9ed4bcfd4855c8d2c5535f01813fb2e10b68b31a24c0f:row:6581,1zfn|m0|A|252|-|ZN|-,1zfn,ZN,4,2,2,0.03339088,0.08682934,0.75833274,0.12144704
sha256:4748babd2b6ac0706cd9ed4bcfd4855c8d2c5535f01813fb2e10b68b31a24c0f:row:6596,3e49|m0|A|500|-|ZN|-,3e49,ZN,4,2,2,0.26485008,0.07847412,0.35705138,0.29962441
sha256:4748babd2b6ac0706cd9ed4bcfd4855c8d2c5535f01813fb2e10b68b31a24c0f:row:6599,6llk|m0|A|402|-|FE|-,6llk,FE,4,3,3,0.16354634,0.09945808,0.29716515,0.43983043
sha256:4748babd2b6ac0706cd9ed4bcfd4855c8d2c5535f01813fb2e10b68b31a24c0f:row:6601,7bha|m0|A|302|-|FE|-,7bha,FE,4,3,3,0.17924473,0.05289193,0.14125943,0.62660391
sha256:4748babd2b6ac0706cd9ed4bcfd4855c8d2c5535f01813fb2e10b68b31a24c0f:row:6602,2fdj|m0|A|300|-|FE|-,2fdj,FE,4,3,3,0.19114109,0.05689224,0.08484679,0.66711988
sha256:4748babd2b6ac0706cd9ed4bcfd4855c8d2c5535f01813fb2e10b68b31a24c0f:row:6609,5td3|m0|A|401|-|ZN|-,5td3,ZN,4,2,2,0.04959887,0.24028233,0.51216833,0.19795047
sha256:4748babd2b6ac0706cd9ed4bcfd4855c8d2c5535f01813fb2e10b68b31a24c0f:row:6622,6qsu|m0|B|601|-|NI|-,6qsu,NI,4,3,2,0.07359893,0.25421580,0.38765516,0.28453011
sha256:4748babd2b6ac0706cd9ed4bcfd4855c8d2c5535f01813fb2e10b68b31a24c0f:row:6631,6fea|m0|B|503|-|ZN|-,6fea,ZN,4,2,2,0.07870800,0.10614119,0.48640981,0.32874099
sha256:4748babd2b6ac0706cd9ed4bcfd4855c8d2c5535f01813fb2e10b68b31a24c0f:row:6633,5j1m|m0|A|401|-|ZN|-,5j1m,ZN,4,2,2,0.09923640,0.14628155,0.54570700,0.20877504
sha256:4748babd2b6ac0706cd9ed4bcfd4855c8d2c5535f01813fb2e10b68b31a24c0f:row:6640,2esl|m0|A|4|-|ZN|-,2esl,ZN,4,2,2,0.03836278,0.20162125,0.60836638,0.15164958
sha256:4748babd2b6ac0706cd9ed4bcfd4855c8d2c5535f01813fb2e10b68b31a24c0f:row:6648,6bpt|m0|A|301|-|FE|-,6bpt,FE,4,3,3,0.12826954,0.11417061,0.09516543,0.66239442
sha256:4748babd2b6ac0706cd9ed4bcfd4855c8d2c5535f01813fb2e10b68b31a24c0f:row:6657,8d9d|m0|C|1503|-|ZN|-,8d9d,ZN,4,2,2,0.03875477,0.04971224,0.78869283,0.12284017
sha256:4748babd2b6ac0706cd9ed4bcfd4855c8d2c5535f01813fb2e10b68b31a24c0f:row:6658,6ro4|m0|E|401|-|ZN|-,6ro4,ZN,4,2,2,0.04562419,0.05070624,0.77977214,0.12389743
sha256:4748babd2b6ac0706cd9ed4bcfd4855c8d2c5535f01813fb2e10b68b31a24c0f:row:6659,8ams|m0|C|202|-|ZN|-,8ams,ZN,4,2,2,0.04105258,0.07253065,0.75548154,0.13093524
sha256:4748babd2b6ac0706cd9ed4bcfd4855c8d2c5535f01813fb2e10b68b31a24c0f:row:6664,7qte|m0|A|302|-|CO|-,7qte,CO,4,3,3,0.31442655,0.08233680,0.23174138,0.37149527
sha256:4748babd2b6ac0706cd9ed4bcfd4855c8d2c5535f01813fb2e10b68b31a24c0f:row:6686,7ns4|m0|b|501|-|ZN|-,7ns4,ZN,4,2,2,0.05753266,0.06942068,0.78757582,0.08547084
sha256:4748babd2b6ac0706cd9ed4bcfd4855c8d2c5535f01813fb2e10b68b31a24c0f:row:6692,5k8p|m0|A|501|-|ZN|-,5k8p,ZN,4,2,2,0.23844254,0.06048189,0.37007495,0.33100062
sha256:4748babd2b6ac0706cd9ed4bcfd4855c8d2c5535f01813fb2e10b68b31a24c0f:row:6694,3n4q|m0|B|4|-|MN|-,3n4q,MN,4,0,2,0.24757564,0.07795240,0.56057216,0.11389980
sha256:4748babd2b6ac0706cd9ed4bcfd4855c8d2c5535f01813fb2e10b68b31a24c0f:row:6695,2xcm|m0|E|1222|-|ZN|-,2xcm,ZN,4,2,2,0.03899449,0.12834868,0.73795421,0.09470262
sha256:4748babd2b6ac0706cd9ed4bcfd4855c8d2c5535f01813fb2e10b68b31a24c0f:row:6705,1e5i|m0|A|901|-|FE|-,1e5i,FE,4,3,3,0.17654491,0.05659849,0.29368200,0.47317459
sha256:4748babd2b6ac0706cd9ed4bcfd4855c8d2c5535f01813fb2e10b68b31a24c0f:row:6709,7ao8|m0|B|501|-|ZN|-,7ao8,ZN,4,2,2,0.17522472,0.07897494,0.55225923,0.19354111
sha256:4748babd2b6ac0706cd9ed4bcfd4855c8d2c5535f01813fb2e10b68b31a24c0f:row:6712,3tts|m0|A|676|-|ZN|-,3tts,ZN,4,2,2,0.03727835,0.06731223,0.75211930,0.14329012
sha256:4748babd2b6ac0706cd9ed4bcfd4855c8d2c5535f01813fb2e10b68b31a24c0f:row:6714,4wfo|m0|A|901|-|MN|A,4wfo,MN,4,0,3,0.39002125,0.06045309,0.07663204,0.47289362
sha256:4748babd2b6ac0706cd9ed4bcfd4855c8d2c5535f01813fb2e10b68b31a24c0f:row:6718,8pn3|m0|A|704|-|ZN|-,8pn3,ZN,4,2,2,0.08246814,0.09537269,0.63960336,0.18255581
sha256:4748babd2b6ac0706cd9ed4bcfd4855c8d2c5535f01813fb2e10b68b31a24c0f:row:6724,2xla|m0|B|1298|-|CU|-,2xla,CU,4,1,3,0.11141023,0.06745121,0.07961570,0.74152286
sha256:4748babd2b6ac0706cd9ed4bcfd4855c8d2c5535f01813fb2e10b68b31a24c0f:row:6729,8j4b|m0|B|202|-|ZN|-,8j4b,ZN,4,2,2,0.03306907,0.09621568,0.54984485,0.32087040
sha256:4748babd2b6ac0706cd9ed4bcfd4855c8d2c5535f01813fb2e10b68b31a24c0f:row:6738,6bpv|m0|A|301|-|FE|-,6bpv,FE,4,3,3,0.12243714,0.10355686,0.36524715,0.40875885
sha256:4748babd2b6ac0706cd9ed4bcfd4855c8d2c5535f01813fb2e10b68b31a24c0f:row:6745,1l1o|m0|C|1|-|ZN|-,1l1o,ZN,4,2,2,0.04681868,0.05347677,0.51355130,0.38615326
sha256:4748babd2b6ac0706cd9ed4bcfd4855c8d2c5535f01813fb2e10b68b31a24c0f:row:6746,1j30|m0|A|405|-|ZN|-,1j30,ZN,4,2,3,0.23595945,0.04844855,0.34344589,0.37214612
sha256:4748babd2b6ac0706cd9ed4bcfd4855c8d2c5535f01813fb2e10b68b31a24c0f:row:6749,2eul|m0|C|408|-|ZN|-,2eul,ZN,4,2,3,0.31398285,0.14120392,0.20911697,0.33569625
sha256:4748babd2b6ac0706cd9ed4bcfd4855c8d2c5535f01813fb2e10b68b31a24c0f:row:6751,3th7|m0|A|400|-|CO|-,3th7,CO,4,3,2,0.30659734,0.04869726,0.36093861,0.28376679
sha256:4748babd2b6ac0706cd9ed4bcfd4855c8d2c5535f01813fb2e10b68b31a24c0f:row:6753,7zqe|m0|M|101|-|CU|-,7zqe,CU,4,1,2,0.04822126,0.29995392,0.48768606,0.16413877
sha256:4748babd2b6ac0706cd9ed4bcfd4855c8d2c5535f01813fb2e10b68b31a24c0f:row:6757,7zd2|m0|A|507|-|CO|-,7zd2,CO,4,3,2,0.24727655,0.06519818,0.35991628,0.32760900
sha256:4748babd2b6ac0706cd9ed4bcfd4855c8d2c5535f01813fb2e10b68b31a24c0f:row:6759,2j3m|m0|A|1567|-|MN|-,2j3m,MN,4,0,3,0.24982636,0.07017137,0.23784434,0.44215794
sha256:4748babd2b6ac0706cd9ed4bcfd4855c8d2c5535f01813fb2e10b68b31a24c0f:row:6761,6twm|m0|A|401|-|ZN|-,6twm,ZN,4,2,0,0.47407037,0.12157195,0.29495958,0.10939809
sha256:4748babd2b6ac0706cd9ed4bcfd4855c8d2c5535f01813fb2e10b68b31a24c0f:row:6777,4b61|m0|A|1505|-|CU|-,4b61,CU,4,1,0,0.40972994,0.08087733,0.23412142,0.27527131
sha256:4748babd2b6ac0706cd9ed4bcfd4855c8d2c5535f01813fb2e10b68b31a24c0f:row:6790,1gax|m0|A|998|-|ZN|-,1gax,ZN,4,2,2,0.03324531,0.08066954,0.70909729,0.17698787
sha256:4748babd2b6ac0706cd9ed4bcfd4855c8d2c5535f01813fb2e10b68b31a24c0f:row:6791,2bmq|m0|B|1195|-|NI|-,2bmq,NI,4,3,2,0.14185179,0.08353663,0.43603176,0.33857982
sha256:4748babd2b6ac0706cd9ed4bcfd4855c8d2c5535f01813fb2e10b68b31a24c0f:row:6794,6sbp|m0|A|302|-|NI|-,6sbp,NI,4,3,3,0.07798236,0.12640767,0.31135074,0.48425923
sha256:4748babd2b6ac0706cd9ed4bcfd4855c8d2c5535f01813fb2e10b68b31a24c0f:row:6801,6btd|m0|A|302|-|MN|-,6btd,MN,4,0,3,0.26799787,0.07613741,0.13223296,0.52363177
sha256:4748babd2b6ac0706cd9ed4bcfd4855c8d2c5535f01813fb2e10b68b31a24c0f:row:6802,1d8w|m0|A|450|-|ZN|-,1d8w,ZN,4,2,2,0.32007909,0.15788101,0.36269283,0.15934706
sha256:4748babd2b6ac0706cd9ed4bcfd4855c8d2c5535f01813fb2e10b68b31a24c0f:row:6805,7y3m|m0|A|1000|-|ZN|-,7y3m,ZN,4,2,2,0.06187619,0.10357067,0.70879847,0.12575467
sha256:4748babd2b6ac0706cd9ed4bcfd4855c8d2c5535f01813fb2e10b68b31a24c0f:row:6811,1fgo|m0|A|840|-|FE|-,1fgo,FE,4,3,3,0.13960208,0.13545959,0.10987953,0.61505879
sha256:4748babd2b6ac0706cd9ed4bcfd4855c8d2c5535f01813fb2e10b68b31a24c0f:row:6812,1e7d|m0|A|1158|-|ZN|-,1e7d,ZN,4,2,2,0.04157841,0.06179134,0.79674740,0.09988285
sha256:4748babd2b6ac0706cd9ed4bcfd4855c8d2c5535f01813fb2e10b68b31a24c0f:row:6816,1g5c|m0|A|1001|-|ZN|-,1g5c,ZN,4,2,2,0.03727419,0.16075647,0.70303929,0.09893006
sha256:4748babd2b6ac0706cd9ed4bcfd4855c8d2c5535f01813fb2e10b68b31a24c0f:row:6818,6bvq|m0|A|202|-|FE|-,6bvq,FE,4,3,2,0.04968189,0.05928194,0.71749337,0.17354279
sha256:4748babd2b6ac0706cd9ed4bcfd4855c8d2c5535f01813fb2e10b68b31a24c0f:row:6819,4dqy|m0|B|400|-|ZN|-,4dqy,ZN,4,2,2,0.04509333,0.05248761,0.77227133,0.13014772
sha256:4748babd2b6ac0706cd9ed4bcfd4855c8d2c5535f01813fb2e10b68b31a24c0f:row:6822,4lw3|m0|A|401|-|MN|-,4lw3,MN,4,0,0,0.50565762,0.03809788,0.30300468,0.15323982
sha256:4748babd2b6ac0706cd9ed4bcfd4855c8d2c5535f01813fb2e10b68b31a24c0f:row:6829,5fno|m0|A|701|-|MN|-,5fno,MN,4,0,3,0.37486293,0.12695714,0.07391994,0.42425999
sha256:4748babd2b6ac0706cd9ed4bcfd4855c8d2c5535f01813fb2e10b68b31a24c0f:row:6835,2woe|m0|A|400|-|MN|-,2woe,MN,4,0,0,0.78502108,0.03804534,0.07840327,0.09853031
sha256:4748babd2b6ac0706cd9ed4bcfd4855c8d2c5535f01813fb2e10b68b31a24c0f:row:6836,7be8|m0|A|302|-|MN|-,7be8,MN,4,0,0,0.44558331,0.04685979,0.08697570,0.42058121
sha256:4748babd2b6ac0706cd9ed4bcfd4855c8d2c5535f01813fb2e10b68b31a24c0f:row:6839,5jqk|m0|A|801|-|MN|-,5jqk,MN,4,0,0,0.43099230,0.04572848,0.29408595,0.22919327
sha256:4748babd2b6ac0706cd9ed4bcfd4855c8d2c5535f01813fb2e10b68b31a24c0f:row:6843,5a61|m0|A|502|-|MN|-,5a61,MN,4,0,3,0.38987384,0.03981393,0.14168231,0.42862992
sha256:4748babd2b6ac0706cd9ed4bcfd4855c8d2c5535f01813fb2e10b68b31a24c0f:row:6846,4jh4|m0|A|201|-|NI|-,4jh4,NI,4,3,3,0.06491900,0.10535524,0.40902905,0.42069671
sha256:4748babd2b6ac0706cd9ed4bcfd4855c8d2c5535f01813fb2e10b68b31a24c0f:row:6852,1dlm|m0|A|400|-|FE|-,1dlm,FE,4,3,3,0.08620778,0.21661452,0.18492130,0.51225640
sha256:4748babd2b6ac0706cd9ed4bcfd4855c8d2c5535f01813fb2e10b68b31a24c0f:row:6853,7u7g|m0|A|501|-|MN|-,7u7g,MN,4,0,0,0.71227314,0.03706982,0.11089842,0.13975863
sha256:4748babd2b6ac0706cd9ed4bcfd4855c8d2c5535f01813fb2e10b68b31a24c0f:row:6859,8spe|m0|J|201|-|ZN|-,8spe,ZN,4,2,2,0.07340363,0.14103951,0.69446786,0.09108900
sha256:4748babd2b6ac0706cd9ed4bcfd4855c8d2c5535f01813fb2e10b68b31a24c0f:row:6862,1pvy|m0|A|502|-|ZN|-,1pvy,ZN,4,2,2,0.14855158,0.05869329,0.44279611,0.34995903
sha256:4748babd2b6ac0706cd9ed4bcfd4855c8d2c5535f01813fb2e10b68b31a24c0f:row:6867,3ls9|m0|A|457|-|ZN|-,3ls9,ZN,4,2,2,0.05962354,0.19095376,0.48710959,0.26231311
sha256:4748babd2b6ac0706cd9ed4bcfd4855c8d2c5535f01813fb2e10b68b31a24c0f:row:6878,5fnp|m0|A|1222|-|ZN|-,5fnp,ZN,4,2,3,0.15022996,0.05649799,0.35918349,0.43408857
sha256:4748babd2b6ac0706cd9ed4bcfd4855c8d2c5535f01813fb2e10b68b31a24c0f:row:6893,2bwy|m0|A|1442|-|MN|-,2bwy,MN,4,0,0,0.48931159,0.05599518,0.32338381,0.13130942
sha256:4748babd2b6ac0706cd9ed4bcfd4855c8d2c5535f01813fb2e10b68b31a24c0f:row:6897,5a68|m0|A|500|-|MN|-,5a68,MN,4,0,0,0.72353986,0.03578597,0.07078321,0.16989096
sha256:4748babd2b6ac0706cd9ed4bcfd4855c8d2c5535f01813fb2e10b68b31a24c0f:row:6904,7zju|m0|A|801|-|ZN|-,7zju,ZN,4,2,2,0.03927335,0.05217315,0.75487434,0.15367916
sha256:4748babd2b6ac0706cd9ed4bcfd4855c8d2c5535f01813fb2e10b68b31a24c0f:row:6907,6gos|m0|1|301|-|ZN|-,6gos,ZN,4,2,2,0.04541856,0.04921971,0.78897583,0.11638590
sha256:4748babd2b6ac0706cd9ed4bcfd4855c8d2c5535f01813fb2e10b68b31a24c0f:row:6916,8jaq|m0|B|601|-|ZN|-,8jaq,ZN,4,2,2,0.03906133,0.13445785,0.65289012,0.17359071
sha256:4748babd2b6ac0706cd9ed4bcfd4855c8d2c5535f01813fb2e10b68b31a24c0f:row:6918,4k0d|m0|A|202|-|ZN|-,4k0d,ZN,4,2,2,0.21831529,0.09698829,0.52747237,0.15722405
sha256:4748babd2b6ac0706cd9ed4bcfd4855c8d2c5535f01813fb2e10b68b31a24c0f:row:6920,7coa|m0|A|502|-|MN|-,7coa,MN,4,0,0,0.68700675,0.03557219,0.15039071,0.12703035
sha256:4748babd2b6ac0706cd9ed4bcfd4855c8d2c5535f01813fb2e10b68b31a24c0f:row:6941,6bms|m0|A|1002|-|ZN|-,6bms,ZN,4,2,2,0.04362415,0.06689795,0.71460075,0.17487714
sha256:4748babd2b6ac0706cd9ed4bcfd4855c8d2c5535f01813fb2e10b68b31a24c0f:row:6950,6zpb|m0|A|202|-|CO|-,6zpb,CO,4,3,0,0.41789212,0.07014432,0.09615914,0.41580442
sha256:4748babd2b6ac0706cd9ed4bcfd4855c8d2c5535f01813fb2e10b68b31a24c0f:row:6952,4ier|m0|A|501|-|FE|-,4ier,FE,4,3,3,0.07005720,0.09840784,0.28278354,0.54875143
sha256:4748babd2b6ac0706cd9ed4bcfd4855c8d2c5535f01813fb2e10b68b31a24c0f:row:6955,8j7u|m0|A|501|-|ZN|-,8j7u,ZN,4,2,2,0.09907542,0.08488172,0.62270820,0.19333466
sha256:4748babd2b6ac0706cd9ed4bcfd4855c8d2c5535f01813fb2e10b68b31a24c0f:row:6959,2z2y|m0|B|2002|-|ZN|-,2z2y,ZN,4,2,2,0.24546161,0.06854536,0.52089931,0.16509372
sha256:4748babd2b6ac0706cd9ed4bcfd4855c8d2c5535f01813fb2e10b68b31a24c0f:row:6961,4aap|m0|A|500|-|ZN|-,4aap,ZN,4,2,3,0.13396575,0.07828501,0.15399690,0.63375234
sha256:4748babd2b6ac0706cd9ed4bcfd4855c8d2c5535f01813fb2e10b68b31a24c0f:row:6965,5kfj|m0|A|501|-|MN|-,5kfj,MN,4,0,0,0.68575952,0.03314302,0.15861952,0.12247794
sha256:4748babd2b6ac0706cd9ed4bcfd4855c8d2c5535f01813fb2e10b68b31a24c0f:row:6980,1w3v|m0|A|1332|-|FE|-,1w3v,FE,4,3,3,0.23724754,0.05059025,0.10235942,0.60980278
sha256:4748babd2b6ac0706cd9ed4bcfd4855c8d2c5535f01813fb2e10b68b31a24c0f:row:6981,4e5v|m0|A|401|-|ZN|-,4e5v,ZN,4,2,3,0.10167557,0.12305921,0.33101910,0.44424612
sha256:4748babd2b6ac0706cd9ed4bcfd4855c8d2c5535f01813fb2e10b68b31a24c0f:row:6986,4d4o|m0|C|501|-|FE|-,4d4o,FE,4,3,2,0.05034715,0.06888788,0.74740548,0.13335950
sha256:4748babd2b6ac0706cd9ed4bcfd4855c8d2c5535f01813fb2e10b68b31a24c0f:row:6987,7ye1|m0|G|2001|-|ZN|-,7ye1,ZN,4,2,2,0.04315054,0.13029065,0.66906386,0.15749495
sha256:4748babd2b6ac0706cd9ed4bcfd4855c8d2c5535f01813fb2e10b68b31a24c0f:row:6992,3tlp|m0|B|2|-|NI|-,3tlp,NI,4,3,3,0.16933799,0.05226256,0.15570238,0.62269707
sha256:4748babd2b6ac0706cd9ed4bcfd4855c8d2c5535f01813fb2e10b68b31a24c0f:row:6999,2zjp|m0|Y|61|-|ZN|-,2zjp,ZN,4,2,2,0.04238914,0.06279955,0.75292853,0.14188278
sha256:4748babd2b6ac0706cd9ed4bcfd4855c8d2c5535f01813fb2e10b68b31a24c0f:row:7008,3snm|m0|A|239|-|MN|-,3snm,MN,4,0,0,0.44038915,0.05135008,0.32433439,0.18392638
sha256:4748babd2b6ac0706cd9ed4bcfd4855c8d2c5535f01813fb2e10b68b31a24c0f:row:7014,3hfb|m0|A|400|-|FE|-,3hfb,FE,4,3,3,0.10126490,0.05800607,0.10206879,0.73866025
sha256:4748babd2b6ac0706cd9ed4bcfd4855c8d2c5535f01813fb2e10b68b31a24c0f:row:7015,6eke|m0|A|101|-|ZN|-,6eke,ZN,4,2,2,0.06662578,0.08290249,0.63191517,0.21855656
sha256:4748babd2b6ac0706cd9ed4bcfd4855c8d2c5535f01813fb2e10b68b31a24c0f:row:7019,4nih|m0|A|301|-|MN|-,4nih,MN,4,0,3,0.36508935,0.04099324,0.05760759,0.53630981
sha256:4748babd2b6ac0706cd9ed4bcfd4855c8d2c5535f01813fb2e10b68b31a24c0f:row:7020,6wwx|m0|B|401|-|NI|-,6wwx,NI,4,3,3,0.08984929,0.14267537,0.11006072,0.65741463
sha256:4748babd2b6ac0706cd9ed4bcfd4855c8d2c5535f01813fb2e10b68b31a24c0f:row:7021,1hb3|m0|A|1334|-|FE|-,1hb3,FE,4,3,3,0.14037751,0.05314356,0.06142220,0.74505673
sha256:4748babd2b6ac0706cd9ed4bcfd4855c8d2c5535f01813fb2e10b68b31a24c0f:row:7022,6p9u|m0|F|301|-|ZN|-,6p9u,ZN,4,2,2,0.06780817,0.14094185,0.59047145,0.20077852
sha256:4748babd2b6ac0706cd9ed4bcfd4855c8d2c5535f01813fb2e10b68b31a24c0f:row:7030,1e0o|m0|A|201|-|NI|-,1e0o,NI,4,3,2,0.15312838,0.13697336,0.51031963,0.19957862
sha256:4748babd2b6ac0706cd9ed4bcfd4855c8d2c5535f01813fb2e10b68b31a24c0f:row:7034,4wai|m0|A|101|-|ZN|-,4wai,ZN,4,2,2,0.03623274,0.07330599,0.78918370,0.10127758
sha256:4748babd2b6ac0706cd9ed4bcfd4855c8d2c5535f01813fb2e10b68b31a24c0f:row:7040,4rpe|m0|A|701|-|FE|-,4rpe,FE,4,3,3,0.11483600,0.09235510,0.08780457,0.70500432
sha256:4748babd2b6ac0706cd9ed4bcfd4855c8d2c5535f01813fb2e10b68b31a24c0f:row:7053,3ttb|m0|A|529|-|CO|-,3ttb,CO,4,3,3,0.11101287,0.05036187,0.26044093,0.57818432
sha256:4748babd2b6ac0706cd9ed4bcfd4855c8d2c5535f01813fb2e10b68b31a24c0f:row:7055,3vhs|m0|A|51|-|ZN|-,3vhs,ZN,4,2,2,0.03684196,0.12678706,0.68471891,0.15165207
sha256:4748babd2b6ac0706cd9ed4bcfd4855c8d2c5535f01813fb2e10b68b31a24c0f:row:7061,6wqi|m0|A|701|-|ZN|-,6wqi,ZN,4,2,2,0.04591549,0.04660649,0.68744151,0.22003651
sha256:4748babd2b6ac0706cd9ed4bcfd4855c8d2c5535f01813fb2e10b68b31a24c0f:row:7072,6iiy|m0|A|302|-|CO|-,6iiy,CO,4,3,3,0.13069335,0.07096464,0.12978865,0.66855336
sha256:4748babd2b6ac0706cd9ed4bcfd4855c8d2c5535f01813fb2e10b68b31a24c0f:row:7076,3d19|m0|A|302|-|FE|-,3d19,FE,4,3,3,0.26340847,0.05495513,0.09571687,0.58591953
sha256:4748babd2b6ac0706cd9ed4bcfd4855c8d2c5535f01813fb2e10b68b31a24c0f:row:7081,7t9x|m0|A|101|-|ZN|L,7t9x,ZN,4,2,2,0.03847051,0.06238552,0.77662759,0.12251638
sha256:4748babd2b6ac0706cd9ed4bcfd4855c8d2c5535f01813fb2e10b68b31a24c0f:row:7088,4k2h|m0|A|201|-|ZN|-,4k2h,ZN,4,2,0,0.43988731,0.06578363,0.28198629,0.21234277
sha256:4748babd2b6ac0706cd9ed4bcfd4855c8d2c5535f01813fb2e10b68b31a24c0f:row:7090,3gj7|m0|B|300|-|ZN|-,3gj7,ZN,4,2,2,0.03411892,0.07090887,0.70625006,0.18872215
sha256:4748babd2b6ac0706cd9ed4bcfd4855c8d2c5535f01813fb2e10b68b31a24c0f:row:7099,3t4h|m0|B|300|-|FE|-,3t4h,FE,4,3,3,0.15765213,0.06537143,0.08212435,0.69485209
sha256:4748babd2b6ac0706cd9ed4bcfd4855c8d2c5535f01813fb2e10b68b31a24c0f:row:7101,2xjo|m0|C|1173|-|NI|-,2xjo,NI,4,3,3,0.20710240,0.05524944,0.24365772,0.49399043
sha256:4748babd2b6ac0706cd9ed4bcfd4855c8d2c5535f01813fb2e10b68b31a24c0f:row:7102,3ea3|m0|A|301|-|MN|-,3ea3,MN,4,0,0,0.43294727,0.03946761,0.34659342,0.18099170
sha256:4748babd2b6ac0706cd9ed4bcfd4855c8d2c5535f01813fb2e10b68b31a24c0f:row:7104,6cd3|m0|A|202|-|FE|-,6cd3,FE,4,3,2,0.06988941,0.06377662,0.71789569,0.14843827
sha256:4748babd2b6ac0706cd9ed4bcfd4855c8d2c5535f01813fb2e10b68b31a24c0f:row:7106,2fdk|m0|A|300|-|FE|-,2fdk,FE,4,3,3,0.17832625,0.07430289,0.09115015,0.65622070
sha256:4748babd2b6ac0706cd9ed4bcfd4855c8d2c5535f01813fb2e10b68b31a24c0f:row:7111,5zmd|m0|A|1001|-|MN|-,5zmd,MN,4,0,0,0.57831795,0.06646162,0.13165456,0.22356586
sha256:4748babd2b6ac0706cd9ed4bcfd4855c8d2c5535f01813fb2e10b68b31a24c0f:row:7142,3ms5|m0|A|388|-|NI|-,3ms5,NI,4,3,3,0.11800744,0.05984866,0.07773439,0.74440951
sha256:4748babd2b6ac0706cd9ed4bcfd4855c8d2c5535f01813fb2e10b68b31a24c0f:row:7147,1ey2|m0|A|1001|-|FE|-,1ey2,FE,4,3,3,0.25664405,0.06896994,0.14020178,0.53418424
sha256:4748babd2b6ac0706cd9ed4bcfd4855c8d2c5535f01813fb2e10b68b31a24c0f:row:7153,3k2p|m0|A|902|-|MN|-,3k2p,MN,4,0,0,0.65349513,0.07523486,0.12014854,0.15112147
sha256:4748babd2b6ac0706cd9ed4bcfd4855c8d2c5535f01813fb2e10b68b31a24c0f:row:7156,6bsl|m0|A|302|-|ZN|-,6bsl,ZN,4,2,3,0.05800750,0.12840986,0.21377005,0.59981258
sha256:4748babd2b6ac0706cd9ed4bcfd4855c8d2c5535f01813fb2e10b68b31a24c0f:row:7157,1ycl|m0|A|501|-|CO|-,1ycl,CO,4,3,2,0.04857912,0.21010119,0.50730167,0.23401803
sha256:4748babd2b6ac0706cd9ed4bcfd4855c8d2c5535f01813fb2e10b68b31a24c0f:row:7171,1yew|m0|G|662|-|ZN|-,1yew,ZN,4,2,2,0.06142401,0.21054820,0.56143181,0.16659598
sha256:4748babd2b6ac0706cd9ed4bcfd4855c8d2c5535f01813fb2e10b68b31a24c0f:row:7178,1vhd|m0|A|371|-|ZN|-,1vhd,ZN,4,2,3,0.16507431,0.06117400,0.07589002,0.69786166
sha256:4748babd2b6ac0706cd9ed4bcfd4855c8d2c5535f01813fb2e10b68b31a24c0f:row:7182,3bxv|m0|A|401|-|FE|-,3bxv,FE,4,3,3,0.19361524,0.05991791,0.35616190,0.39030496
sha256:4748babd2b6ac0706cd9ed4bcfd4855c8d2c5535f01813fb2e10b68b31a24c0f:row:7195,3b6p|m0|A|800|-|ZN|-,3b6p,ZN,4,2,2,0.23801991,0.04823958,0.51663610,0.19710441
sha256:4748babd2b6ac0706cd9ed4bcfd4855c8d2c5535f01813fb2e10b68b31a24c0f:row:7196,5xsn|m0|A|701|-|MN|-,5xsn,MN,4,0,0,0.77222039,0.04064724,0.06638970,0.12074267
sha256:4748babd2b6ac0706cd9ed4bcfd4855c8d2c5535f01813fb2e10b68b31a24c0f:row:7201,6yfv|m0|B|1101|-|ZN|-,6yfv,ZN,4,2,2,0.03944252,0.09141586,0.75148693,0.11765469
sha256:4748babd2b6ac0706cd9ed4bcfd4855c8d2c5535f01813fb2e10b68b31a24c0f:row:7203,5cdm|m0|B|1001|-|MN|-,5cdm,MN,4,0,0,0.62221330,0.04635955,0.15085783,0.18056932
sha256:4748babd2b6ac0706cd9ed4bcfd4855c8d2c5535f01813fb2e10b68b31a24c0f:row:7204,6bnn|m0|A|302|-|CO|-,6bnn,CO,4,3,3,0.19667827,0.05401895,0.11588202,0.63342076
sha256:4748babd2b6ac0706cd9ed4bcfd4855c8d2c5535f01813fb2e10b68b31a24c0f:row:7205,6dqb|m0|A|604|-|MN|-,6dqb,MN,4,0,3,0.39385963,0.05560302,0.05808620,0.49245115
sha256:4748babd2b6ac0706cd9ed4bcfd4855c8d2c5535f01813fb2e10b68b31a24c0f:row:7210,5er8|m0|A|702|-|MN|-,5er8,MN,4,0,0,0.52598186,0.04706249,0.26917817,0.15777747
sha256:4748babd2b6ac0706cd9ed4bcfd4855c8d2c5535f01813fb2e10b68b31a24c0f:row:7221,5mmi|m0|2|100|-|ZN|-,5mmi,ZN,4,2,2,0.03866969,0.07015930,0.76202479,0.12914622
sha256:4748babd2b6ac0706cd9ed4bcfd4855c8d2c5535f01813fb2e10b68b31a24c0f:row:7222,3c37|m0|A|301|-|ZN|-,3c37,ZN,4,2,2,0.06355347,0.12892981,0.64555446,0.16196225
sha256:4748babd2b6ac0706cd9ed4bcfd4855c8d2c5535f01813fb2e10b68b31a24c0f:row:7223,2hu9|m0|A|132|-|ZN|-,2hu9,ZN,4,2,2,0.04065392,0.07629052,0.75240515,0.13065042
sha256:4748babd2b6ac0706cd9ed4bcfd4855c8d2c5535f01813fb2e10b68b31a24c0f:row:7225,6bi8|m0|A|1902|-|ZN|-,6bi8,ZN,4,2,2,0.03941490,0.05387455,0.78561432,0.12109622
sha256:4748babd2b6ac0706cd9ed4bcfd4855c8d2c5535f01813fb2e10b68b31a24c0f:row:7229,4qlw|m0|B|201|-|FE|-,4qlw,FE,4,3,2,0.16535969,0.14188468,0.56975184,0.12300379
sha256:4748babd2b6ac0706cd9ed4bcfd4855c8d2c5535f01813fb2e10b68b31a24c0f:row:7234,5vc9|m0|C|1002|-|ZN|-,5vc9,ZN,4,2,2,0.04337856,0.06206143,0.75788497,0.13667504
sha256:4748babd2b6ac0706cd9ed4bcfd4855c8d2c5535f01813fb2e10b68b31a24c0f:row:7235,5kg5|m0|A|501|-|MN|-,5kg5,MN,4,0,0,0.71283360,0.03242789,0.15200276,0.10273575
sha256:4748babd2b6ac0706cd9ed4bcfd4855c8d2c5535f01813fb2e10b68b31a24c0f:row:7239,1x7n|m0|A|400|-|MN|-,1x7n,MN,4,0,3,0.41815498,0.04525139,0.06491991,0.47167373
sha256:4748babd2b6ac0706cd9ed4bcfd4855c8d2c5535f01813fb2e10b68b31a24c0f:row:7243,6wnd|m0|B|505|-|FE|-,6wnd,FE,4,3,3,0.08653473,0.06083642,0.27611787,0.57651098
sha256:4748babd2b6ac0706cd9ed4bcfd4855c8d2c5535f01813fb2e10b68b31a24c0f:row:7250,3rs6|m0|A|238|-|MN|-,3rs6,MN,4,0,0,0.80975616,0.03762389,0.05652719,0.09609276
sha256:4748babd2b6ac0706cd9ed4bcfd4855c8d2c5535f01813fb2e10b68b31a24c0f:row:7251,7e06|m0|B|502|-|FE|-,7e06,FE,4,3,3,0.10462318,0.04815145,0.10636376,0.74086161
sha256:4748babd2b6ac0706cd9ed4bcfd4855c8d2c5535f01813fb2e10b68b31a24c0f:row:7256,6vj7|m0|D|702|-|ZN|-,6vj7,ZN,4,2,3,0.26384532,0.08452093,0.12495034,0.52668341
sha256:4748babd2b6ac0706cd9ed4bcfd4855c8d2c5535f01813fb2e10b68b31a24c0f:row:7269,5d9y|m0|A|2002|-|FE|-,5d9y,FE,4,3,3,0.32422672,0.06790913,0.10171416,0.50614999
sha256:4748babd2b6ac0706cd9ed4bcfd4855c8d2c5535f01813fb2e10b68b31a24c0f:row:7305,1yny|m0|A|471|-|MN|-,1yny,MN,4,0,3,0.32489801,0.10778931,0.19329191,0.37402078
sha256:4748babd2b6ac0706cd9ed4bcfd4855c8d2c5535f01813fb2e10b68b31a24c0f:row:7314,1w05|m0|A|1333|-|FE|-,1w05,FE,4,3,3,0.26186050,0.04463864,0.06540602,0.62809484
sha256:4748babd2b6ac0706cd9ed4bcfd4855c8d2c5535f01813fb2e10b68b31a24c0f:row:7332,4i30|m0|A|302|-|MN|-,4i30,MN,4,0,0,0.52355725,0.03792695,0.30242393,0.13609187
sha256:4748babd2b6ac0706cd9ed4bcfd4855c8d2c5535f01813fb2e10b68b31a24c0f:row:7339,1y6v|m0|A|851|-|CO|-,1y6v,CO,4,3,3,0.17010436,0.03987218,0.27600207,0.51402139
sha256:4748babd2b6ac0706cd9ed4bcfd4855c8d2c5535f01813fb2e10b68b31a24c0f:row:7341,8jt1|m0|A|701|-|ZN|-,8jt1,ZN,4,2,2,0.21263606,0.09395849,0.41851110,0.27489435
sha256:4748babd2b6ac0706cd9ed4bcfd4855c8d2c5535f01813fb2e10b68b31a24c0f:row:7352,5kfo|m0|A|501|-|MN|-,5kfo,MN,4,0,0,0.65643548,0.03506711,0.19638784,0.11210958
sha256:4748babd2b6ac0706cd9ed4bcfd4855c8d2c5535f01813fb2e10b68b31a24c0f:row:7354,5v26|m0|A|201|-|FE|-,5v26,FE,4,3,3,0.18888679,0.07355940,0.13586718,0.60168663
sha256:4748babd2b6ac0706cd9ed4bcfd4855c8d2c5535f01813fb2e10b68b31a24c0f:row:7356,5u57|m0|A|301|-|FE|-,5u57,FE,4,3,3,0.26982018,0.04327972,0.31704813,0.36985197
sha256:4748babd2b6ac0706cd9ed4bcfd4855c8d2c5535f01813fb2e10b68b31a24c0f:row:7358,1i6o|m0|A|301|-|ZN|-,1i6o,ZN,4,2,2,0.09794733,0.11514242,0.57181163,0.21509862
sha256:4748babd2b6ac0706cd9ed4bcfd4855c8d2c5535f01813fb2e10b68b31a24c0f:row:7360,3u4x|m0|A|238|-|MN|-,3u4x,MN,4,0,0,0.66502871,0.04123639,0.08643459,0.20730030
sha256:4748babd2b6ac0706cd9ed4bcfd4855c8d2c5535f01813fb2e10b68b31a24c0f:row:7364,4jht|m0|A|304|-|MN|A,4jht,MN,4,0,0,0.65605136,0.04284873,0.06688045,0.23421946
sha256:4748babd2b6ac0706cd9ed4bcfd4855c8d2c5535f01813fb2e10b68b31a24c0f:row:7368,4lc7|m0|A|501|-|NI|-,4lc7,NI,4,3,2,0.04785166,0.23937681,0.38261371,0.33015782
sha256:4748babd2b6ac0706cd9ed4bcfd4855c8d2c5535f01813fb2e10b68b31a24c0f:row:7376,2bu9|m0|A|1332|-|FE|-,2bu9,FE,4,3,3,0.17523225,0.04874428,0.08374273,0.69228073
sha256:4748babd2b6ac0706cd9ed4bcfd4855c8d2c5535f01813fb2e10b68b31a24c0f:row:7378,1tdw|m0|A|425|-|FE|-,1tdw,FE,4,3,3,0.07163539,0.06231594,0.28990364,0.57614504
sha256:4748babd2b6ac0706cd9ed4bcfd4855c8d2c5535f01813fb2e10b68b31a24c0f:row:7383,2ve1|m0|A|401|-|FE|-,2ve1,FE,4,3,3,0.23924921,0.06110103,0.24632275,0.45332700
sha256:4748babd2b6ac0706cd9ed4bcfd4855c8d2c5535f01813fb2e10b68b31a24c0f:row:7385,8jp4|m0|C|703|-|ZN|-,8jp4,ZN,4,2,2,0.03806686,0.19220418,0.68004303,0.08968594
sha256:4748babd2b6ac0706cd9ed4bcfd4855c8d2c5535f01813fb2e10b68b31a24c0f:row:7388,5y4c|m0|A|302|-|CU|-,5y4c,CU,4,1,2,0.18565005,0.05876279,0.50582387,0.24976329
sha256:4748babd2b6ac0706cd9ed4bcfd4855c8d2c5535f01813fb2e10b68b31a24c0f:row:7392,4lvk|m0|A|201|-|MN|-,4lvk,MN,4,0,0,0.33891477,0.11817113,0.31040056,0.23251354
sha256:4748babd2b6ac0706cd9ed4bcfd4855c8d2c5535f01813fb2e10b68b31a24c0f:row:7396,1urj|m0|A|2131|-|ZN|-,1urj,ZN,4,2,2,0.03404875,0.09288421,0.80138786,0.07167918
sha256:4748babd2b6ac0706cd9ed4bcfd4855c8d2c5535f01813fb2e10b68b31a24c0f:row:7399,4wlz|m0|A|401|-|MN|-,4wlz,MN,4,0,0,0.56767056,0.05114950,0.11661219,0.26456775
sha256:4748babd2b6ac0706cd9ed4bcfd4855c8d2c5535f01813fb2e10b68b31a24c0f:row:7407,2f6s|m0|A|1101|-|ZN|-,2f6s,ZN,4,2,1,0.03452675,0.52227065,0.27877927,0.16442333
sha256:4748babd2b6ac0706cd9ed4bcfd4855c8d2c5535f01813fb2e10b68b31a24c0f:row:7408,6ibj|m0|A|203|-|CU|-,6ibj,CU,4,1,2,0.08525659,0.31274661,0.36443971,0.23755709
sha256:4748babd2b6ac0706cd9ed4bcfd4855c8d2c5535f01813fb2e10b68b31a24c0f:row:7411,5ht7|m0|A|101|-|FE|-,5ht7,FE,4,3,3,0.08604175,0.07185647,0.26075306,0.58134872
sha256:4748babd2b6ac0706cd9ed4bcfd4855c8d2c5535f01813fb2e10b68b31a24c0f:row:7413,3ng2|m0|A|1004|-|ZN|-,3ng2,ZN,4,2,2,0.04512606,0.07182661,0.79312830,0.08991904
sha256:4748babd2b6ac0706cd9ed4bcfd4855c8d2c5535f01813fb2e10b68b31a24c0f:row:7432,3fmr|m0|B|401|-|FE|-,3fmr,FE,4,3,3,0.37145682,0.04996968,0.10656342,0.47201008
sha256:4748babd2b6ac0706cd9ed4bcfd4855c8d2c5535f01813fb2e10b68b31a24c0f:row:7445,4bb3|m0|A|1332|-|FE|-,4bb3,FE,4,3,3,0.17782688,0.04702644,0.10504143,0.67010525
sha256:4748babd2b6ac0706cd9ed4bcfd4855c8d2c5535f01813fb2e10b68b31a24c0f:row:7446,8ack|m0|A|605|-|ZN|-,8ack,ZN,4,2,2,0.22886554,0.05729120,0.44567062,0.26817263
sha256:4748babd2b6ac0706cd9ed4bcfd4855c8d2c5535f01813fb2e10b68b31a24c0f:row:7458,1pza|m0|A|124|-|CU|-,1pza,CU,4,1,1,0.22892048,0.43178415,0.23524918,0.10404619
sha256:4748babd2b6ac0706cd9ed4bcfd4855c8d2c5535f01813fb2e10b68b31a24c0f:row:7461,8twi|m0|C|401|-|FE|-,8twi,FE,4,3,3,0.16835874,0.18019270,0.32005706,0.33139150
sha256:4748babd2b6ac0706cd9ed4bcfd4855c8d2c5535f01813fb2e10b68b31a24c0f:row:7463,3hf6|m0|A|400|-|FE|-,3hf6,FE,4,3,3,0.12353916,0.05738265,0.06257880,0.75649938
sha256:4748babd2b6ac0706cd9ed4bcfd4855c8d2c5535f01813fb2e10b68b31a24c0f:row:7468,2ds5|m0|A|100|-|ZN|-,2ds5,ZN,4,2,2,0.04162964,0.05865118,0.79217097,0.10754820
sha256:4748babd2b6ac0706cd9ed4bcfd4855c8d2c5535f01813fb2e10b68b31a24c0f:row:7478,1lv5|m0|A|1|-|MN|-,1lv5,MN,4,0,0,0.46606185,0.03383643,0.36986267,0.13023905
sha256:4748babd2b6ac0706cd9ed4bcfd4855c8d2c5535f01813fb2e10b68b31a24c0f:row:7480,3rng|m0|A|499|-|FE|-,3rng,FE,4,3,2,0.22708223,0.05316155,0.37944510,0.34031112
sha256:4748babd2b6ac0706cd9ed4bcfd4855c8d2c5535f01813fb2e10b68b31a24c0f:row:7481,2hcv|m0|A|501|-|ZN|-,2hcv,ZN,4,2,0,0.54544182,0.04787771,0.08819229,0.31848817
sha256:4748babd2b6ac0706cd9ed4bcfd4855c8d2c5535f01813fb2e10b68b31a24c0f:row:7484,4xch|m0|A|201|-|ZN|-,4xch,ZN,4,2,2,0.07416066,0.17992571,0.48012652,0.26578712
sha256:4748babd2b6ac0706cd9ed4bcfd4855c8d2c5535f01813fb2e10b68b31a24c0f:row:7495,1w1i|m0|E|501|-|ZN|-,1w1i,ZN,4,2,0,0.32740679,0.12469579,0.22319218,0.32470524
sha256:4748babd2b6ac0706cd9ed4bcfd4855c8d2c5535f01813fb2e10b68b31a24c0f:row:7497,6h1h|m0|A|301|-|FE|-,6h1h,FE,4,3,3,0.17787498,0.05540943,0.10736830,0.65934729
sha256:4748babd2b6ac0706cd9ed4bcfd4855c8d2c5535f01813fb2e10b68b31a24c0f:row:7503,2y69|m0|F|1097|-|ZN|-,2y69,ZN,4,2,2,0.04479788,0.06740797,0.80176170,0.08603246
sha256:4748babd2b6ac0706cd9ed4bcfd4855c8d2c5535f01813fb2e10b68b31a24c0f:row:7508,1unb|m0|A|1310|-|FE|-,1unb,FE,4,3,3,0.14289244,0.06559385,0.09503867,0.69647503
sha256:4748babd2b6ac0706cd9ed4bcfd4855c8d2c5535f01813fb2e10b68b31a24c0f:row:7518,2jb8|m0|A|1309|-|FE|-,2jb8,FE,4,3,3,0.14193193,0.04607089,0.09112829,0.72086889
sha256:4748babd2b6ac0706cd9ed4bcfd4855c8d2c5535f01813fb2e10b68b31a24c0f:row:7520,6zaf|m0|A|403|-|FE|-,6zaf,FE,4,3,3,0.12113860,0.06867827,0.23574218,0.57444095
sha256:4748babd2b6ac0706cd9ed4bcfd4855c8d2c5535f01813fb2e10b68b31a24c0f:row:7522,4z3z|m0|C|707|-|ZN|-,4z3z,ZN,4,2,3,0.17580401,0.08668852,0.29741005,0.44009741
sha256:4748babd2b6ac0706cd9ed4bcfd4855c8d2c5535f01813fb2e10b68b31a24c0f:row:7534,1uof|m0|A|1311|-|FE|-,1uof,FE,4,3,3,0.16139401,0.05901792,0.08405044,0.69553762
sha256:4748babd2b6ac0706cd9ed4bcfd4855c8d2c5535f01813fb2e10b68b31a24c0f:row:7537,7bmj|m0|A|801|-|MN|-,7bmj,MN,4,0,0,0.49629028,0.05416495,0.26587387,0.18367090
sha256:4748babd2b6ac0706cd9ed4bcfd4855c8d2c5535f01813fb2e10b68b31a24c0f:row:7543,1h2k|m0|A|1350|-|FE|-,1h2k,FE,4,3,3,0.13013464,0.07960798,0.09676907,0.69348831
sha256:4748babd2b6ac0706cd9ed4bcfd4855c8d2c5535f01813fb2e10b68b31a24c0f:row:7560,2ei2|m0|A|399|-|FE|-,2ei2,FE,4,3,3,0.18111578,0.06843942,0.21975631,0.53068850
sha256:4748babd2b6ac0706cd9ed4bcfd4855c8d2c5535f01813fb2e10b68b31a24c0f:row:7562,1rrh|m0|A|858|-|FE|-,1rrh,FE,4,3,3,0.17075834,0.11225824,0.08799509,0.62898833
sha256:4748babd2b6ac0706cd9ed4bcfd4855c8d2c5535f01813fb2e10b68b31a24c0f:row:7566,6a6j|m0|A|201|-|ZN|L,6a6j,ZN,4,2,2,0.17425541,0.05284660,0.40072692,0.37217107
sha256:4748babd2b6ac0706cd9ed4bcfd4855c8d2c5535f01813fb2e10b68b31a24c0f:row:7567,6bgz|m0|A|602|-|MN|-,6bgz,MN,4,0,3,0.43908472,0.04652549,0.06614521,0.44824458
sha256:4748babd2b6ac0706cd9ed4bcfd4855c8d2c5535f01813fb2e10b68b31a24c0f:row:7583,5o5j|m0|R|102|-|ZN|-,5o5j,ZN,4,2,2,0.03370555,0.07236787,0.78710322,0.10682335
sha256:4748babd2b6ac0706cd9ed4bcfd4855c8d2c5535f01813fb2e10b68b31a24c0f:row:7584,1zia|m0|A|125|-|CU|-,1zia,CU,4,1,1,0.03255601,0.63159125,0.26259634,0.07325640
sha256:4748babd2b6ac0706cd9ed4bcfd4855c8d2c5535f01813fb2e10b68b31a24c0f:row:7585,4rt5|m0|A|201|-|NI|-,4rt5,NI,4,3,3,0.14771553,0.07599474,0.19928560,0.57700414
sha256:4748babd2b6ac0706cd9ed4bcfd4855c8d2c5535f01813fb2e10b68b31a24c0f:row:7589,5kg0|m0|A|501|-|MN|-,5kg0,MN,4,0,0,0.62463207,0.03280238,0.23578110,0.10678444
sha256:4748babd2b6ac0706cd9ed4bcfd4855c8d2c5535f01813fb2e10b68b31a24c0f:row:7610,3pl1|m0|A|188|-|FE|-,3pl1,FE,4,3,3,0.34880554,0.05587193,0.07757766,0.51774487
sha256:4748babd2b6ac0706cd9ed4bcfd4855c8d2c5535f01813fb2e10b68b31a24c0f:row:7614,2zae|m0|B|121|-|ZN|-,2zae,ZN,4,2,2,0.04326122,0.05605996,0.75591116,0.14476765
sha256:4748babd2b6ac0706cd9ed4bcfd4855c8d2c5535f01813fb2e10b68b31a24c0f:row:7618,3tj8|m0|B|171|-|NI|-,3tj8,NI,4,3,3,0.05304150,0.11700261,0.21420345,0.61575244
sha256:4748babd2b6ac0706cd9ed4bcfd4855c8d2c5535f01813fb2e10b68b31a24c0f:row:7619,8h7v|m0|A|502|-|FE|-,8h7v,FE,4,3,3,0.10260140,0.04857293,0.09341743,0.75540824
sha256:4748babd2b6ac0706cd9ed4bcfd4855c8d2c5535f01813fb2e10b68b31a24c0f:row:7643,6vi5|m0|A|203|-|FE|-,6vi5,FE,4,3,2,0.04430777,0.04757541,0.49164437,0.41647245
sha256:4748babd2b6ac0706cd9ed4bcfd4855c8d2c5535f01813fb2e10b68b31a24c0f:row:7649,5xoi|m0|A|402|-|MN|-,5xoi,MN,4,0,3,0.35695794,0.04734207,0.06590974,0.52979024
sha256:4748babd2b6ac0706cd9ed4bcfd4855c8d2c5535f01813fb2e10b68b31a24c0f:row:7653,2gui|m0|A|3001|-|MN|-,2gui,MN,4,0,0,0.59997266,0.03567250,0.20302103,0.16133381
sha256:4748babd2b6ac0706cd9ed4bcfd4855c8d2c5535f01813fb2e10b68b31a24c0f:row:7660,1jdi|m0|A|301|-|ZN|-,1jdi,ZN,4,2,2,0.07793113,0.13276251,0.40405464,0.38525172
sha256:4748babd2b6ac0706cd9ed4bcfd4855c8d2c5535f01813fb2e10b68b31a24c0f:row:7663,7u6g|m0|A|502|-|FE|-,7u6g,FE,4,3,3,0.31743819,0.04551615,0.22106123,0.41598443
sha256:4748babd2b6ac0706cd9ed4bcfd4855c8d2c5535f01813fb2e10b68b31a24c0f:row:7665,3e0l|m0|A|1452|-|ZN|-,3e0l,ZN,4,2,3,0.18998392,0.09040917,0.35421891,0.36538800
sha256:4748babd2b6ac0706cd9ed4bcfd4855c8d2c5535f01813fb2e10b68b31a24c0f:row:7669,1ltl|m0|E|275|-|ZN|-,1ltl,ZN,4,2,2,0.03830453,0.06483418,0.55375309,0.34310820
sha256:4748babd2b6ac0706cd9ed4bcfd4855c8d2c5535f01813fb2e10b68b31a24c0f:row:7675,7poh|m0|A|101|-|ZN|-,7poh,ZN,4,2,2,0.04677950,0.06005434,0.77974056,0.11342560
sha256:4748babd2b6ac0706cd9ed4bcfd4855c8d2c5535f01813fb2e10b68b31a24c0f:row:7677,8dbx|m0|D|601|-|FE|-,8dbx,FE,4,3,0,0.34995714,0.05138475,0.25677083,0.34188728
sha256:4748babd2b6ac0706cd9ed4bcfd4855c8d2c5535f01813fb2e10b68b31a24c0f:row:7684,5a59|m0|A|2428|-|MN|-,5a59,MN,4,0,2,0.36559665,0.09075154,0.38050182,0.16314999
sha256:4748babd2b6ac0706cd9ed4bcfd4855c8d2c5535f01813fb2e10b68b31a24c0f:row:7687,8bdd|m0|A|801|-|NI|-,8bdd,NI,4,3,3,0.17829666,0.05698891,0.37862785,0.38608657
sha256:4748babd2b6ac0706cd9ed4bcfd4855c8d2c5535f01813fb2e10b68b31a24c0f:row:7691,5nl9|m0|A|201|-|ZN|-,5nl9,ZN,4,2,3,0.15452898,0.05353398,0.10855410,0.68338293
sha256:4748babd2b6ac0706cd9ed4bcfd4855c8d2c5535f01813fb2e10b68b31a24c0f:row:7699,4cl7|m0|A|1226|-|CO|-,4cl7,CO,4,3,3,0.09596023,0.06680692,0.11589923,0.72133362
sha256:4748babd2b6ac0706cd9ed4bcfd4855c8d2c5535f01813fb2e10b68b31a24c0f:row:7707,1scr|m0|A|238|-|NI|-,1scr,NI,4,3,0,0.35590038,0.04711490,0.29971277,0.29727195
sha256:4748babd2b6ac0706cd9ed4bcfd4855c8d2c5535f01813fb2e10b68b31a24c0f:row:7709,8hu6|m0|A|901|-|ZN|-,8hu6,ZN,4,2,3,0.22087815,0.13853114,0.28028009,0.36031062
sha256:4748babd2b6ac0706cd9ed4bcfd4855c8d2c5535f01813fb2e10b68b31a24c0f:row:7711,3mk7|m0|A|503|-|CU|-,3mk7,CU,4,1,1,0.03437214,0.60858898,0.14917809,0.20786079
sha256:4748babd2b6ac0706cd9ed4bcfd4855c8d2c5535f01813fb2e10b68b31a24c0f:row:7714,3kt7|m0|A|701|-|FE|-,3kt7,FE,4,3,3,0.15412087,0.06077987,0.07058043,0.71451883
sha256:4748babd2b6ac0706cd9ed4bcfd4855c8d2c5535f01813fb2e10b68b31a24c0f:row:7717,4ewa|m0|A|1001|-|FE|-,4ewa,FE,4,3,3,0.08277477,0.12188585,0.29183136,0.50350802
sha256:4748babd2b6ac0706cd9ed4bcfd4855c8d2c5535f01813fb2e10b68b31a24c0f:row:7718,5jsr|m0|A|301|-|FE|-,5jsr,FE,4,3,3,0.22036463,0.07731858,0.12247844,0.57983836
sha256:4748babd2b6ac0706cd9ed4bcfd4855c8d2c5535f01813fb2e10b68b31a24c0f:row:7721,1xvl|m0|A|900|-|MN|-,1xvl,MN,4,0,2,0.35564527,0.04663902,0.36071808,0.23699763
sha256:4748babd2b6ac0706cd9ed4bcfd4855c8d2c5535f01813fb2e10b68b31a24c0f:row:7735,3odc|m0|A|701|-|ZN|-,3odc,ZN,4,2,2,0.04255249,0.06915901,0.76583656,0.12245195
sha256:4748babd2b6ac0706cd9ed4bcfd4855c8d2c5535f01813fb2e10b68b31a24c0f:row:7736,3die|m0|A|108|-|FE|-,3die,FE,4,3,0,0.46874871,0.07466403,0.13624979,0.32033747
sha256:4748babd2b6ac0706cd9ed4bcfd4855c8d2c5535f01813fb2e10b68b31a24c0f:row:7737,7y3i|m0|A|1001|-|ZN|-,7y3i,ZN,4,2,2,0.04943870,0.09787423,0.68550495,0.16718212
sha256:4748babd2b6ac0706cd9ed4bcfd4855c8d2c5535f01813fb2e10b68b31a24c0f:row:7738,7xmw|m0|A|102|-|ZN|-,7xmw,ZN,4,2,2,0.04166263,0.06164833,0.73790179,0.15878725
sha256:4748babd2b6ac0706cd9ed4bcfd4855c8d2c5535f01813fb2e10b68b31a24c0f:row:7742,1fsq|m0|A|262|-|CO|-,1fsq,CO,4,3,2,0.11179212,0.15798644,0.42409723,0.30612421
sha256:4748babd2b6ac0706cd9ed4bcfd4855c8d2c5535f01813fb2e10b68b31a24c0f:row:7743,1bk0|m0|A|350|-|FE|-,1bk0,FE,4,3,3,0.14704308,0.06114627,0.06858799,0.72322265
sha256:4748babd2b6ac0706cd9ed4bcfd4855c8d2c5535f01813fb2e10b68b31a24c0f:row:7744,5vkb|m0|A|401|-|MN|-,5vkb,MN,4,0,3,0.34120113,0.05081830,0.07381810,0.53416248
sha256:4748babd2b6ac0706cd9ed4bcfd4855c8d2c5535f01813fb2e10b68b31a24c0f:row:7745,1rk5|m0|A|602|-|CU|-,1rk5,CU,4,1,2,0.04328947,0.28326975,0.57165571,0.10178506
sha256:4748babd2b6ac0706cd9ed4bcfd4855c8d2c5535f01813fb2e10b68b31a24c0f:row:7751,6s2t|m0|A|404|-|MN|-,6s2t,MN,4,0,0,0.73748329,0.05651626,0.09439582,0.11160463
sha256:4748babd2b6ac0706cd9ed4bcfd4855c8d2c5535f01813fb2e10b68b31a24c0f:row:7759,3bu7|m0|B|500|-|FE|-,3bu7,FE,4,3,3,0.27149692,0.08836677,0.10655551,0.53358081
sha256:4748babd2b6ac0706cd9ed4bcfd4855c8d2c5535f01813fb2e10b68b31a24c0f:row:7770,3bjd|m0|A|501|-|NI|-,3bjd,NI,4,3,3,0.09422443,0.07185292,0.13104207,0.70288057
sha256:4748babd2b6ac0706cd9ed4bcfd4855c8d2c5535f01813fb2e10b68b31a24c0f:row:7779,5l9x|m0|A|501|-|MN|-,5l9x,MN,4,0,0,0.69195627,0.03292287,0.15900077,0.11612008
sha256:4748babd2b6ac0706cd9ed4bcfd4855c8d2c5535f01813fb2e10b68b31a24c0f:row:7798,5ive|m0|A|602|-|MN|-,5ive,MN,4,0,3,0.42542706,0.04349224,0.08350646,0.44757424
sha256:4748babd2b6ac0706cd9ed4bcfd4855c8d2c5535f01813fb2e10b68b31a24c0f:row:7802,2nrz|m0|A|301|-|MN|-,2nrz,MN,4,0,0,0.58105388,0.04579493,0.14508388,0.22806732
sha256:4748babd2b6ac0706cd9ed4bcfd4855c8d2c5535f01813fb2e10b68b31a24c0f:row:7809,7wn8|m0|A|401|-|ZN|-,7wn8,ZN,4,2,2,0.27894469,0.07743324,0.44528963,0.19833244
sha256:4748babd2b6ac0706cd9ed4bcfd4855c8d2c5535f01813fb2e10b68b31a24c0f:row:7825,1lgt|m0|A|500|-|FE|-,1lgt,FE,4,3,3,0.22828875,0.06905392,0.08170469,0.62095265
sha256:4748babd2b6ac0706cd9ed4bcfd4855c8d2c5535f01813fb2e10b68b31a24c0f:row:7837,1m5e|m0|A|1705|-|ZN|-,1m5e,ZN,4,2,2,0.14505344,0.05437055,0.53841784,0.26215817
sha256:4748babd2b6ac0706cd9ed4bcfd4855c8d2c5535f01813fb2e10b68b31a24c0f:row:7843,3l8h|m0|A|901|-|ZN|-,3l8h,ZN,4,2,2,0.03781005,0.10685302,0.73144308,0.12389384
sha256:4748babd2b6ac0706cd9ed4bcfd4855c8d2c5535f01813fb2e10b68b31a24c0f:row:7851,2d7r|m0|A|706|-|MN|-,2d7r,MN,4,0,0,0.59266402,0.04610986,0.22010186,0.14112426
sha256:4748babd2b6ac0706cd9ed4bcfd4855c8d2c5535f01813fb2e10b68b31a24c0f:row:7856,5zb3|m0|A|500|-|ZN|-,5zb3,ZN,4,2,2,0.03708275,0.08874027,0.78238065,0.09179632
sha256:4748babd2b6ac0706cd9ed4bcfd4855c8d2c5535f01813fb2e10b68b31a24c0f:row:7864,3n6m|m0|A|463|-|NI|-,3n6m,NI,4,3,2,0.08228023,0.17307495,0.45911698,0.28552785
sha256:4748babd2b6ac0706cd9ed4bcfd4855c8d2c5535f01813fb2e10b68b31a24c0f:row:7867,4k4s|m0|A|501|-|ZN|-,4k4s,ZN,4,2,2,0.11076517,0.09693787,0.50497061,0.28732635
sha256:4748babd2b6ac0706cd9ed4bcfd4855c8d2c5535f01813fb2e10b68b31a24c0f:row:7876,5isl|m0|A|602|-|MN|-,5isl,MN,4,0,0,0.47800556,0.04453547,0.08574855,0.39171041
sha256:4748babd2b6ac0706cd9ed4bcfd4855c8d2c5535f01813fb2e10b68b31a24c0f:row:7878,6wfh|m0|A|201|-|CO|-,6wfh,CO,4,3,3,0.16253129,0.06267544,0.07750295,0.69729032
sha256:4748babd2b6ac0706cd9ed4bcfd4855c8d2c5535f01813fb2e10b68b31a24c0f:row:7887,5fgw|m0|A|303|-|ZN|-,5fgw,ZN,4,2,3,0.08542436,0.29269682,0.29507551,0.32680331
sha256:4748babd2b6ac0706cd9ed4bcfd4855c8d2c5535f01813fb2e10b68b31a24c0f:row:7891,6ttm|m0|A|403|-|NI|-,6ttm,NI,4,3,3,0.10626213,0.06749787,0.06527494,0.76096506
sha256:4748babd2b6ac0706cd9ed4bcfd4855c8d2c5535f01813fb2e10b68b31a24c0f:row:7904,3k35|m0|A|317|-|ZN|-,3k35,ZN,4,2,2,0.04651294,0.06006792,0.74141414,0.15200500
sha256:4748babd2b6ac0706cd9ed4bcfd4855c8d2c5535f01813fb2e10b68b31a24c0f:row:7911,1blz|m0|A|332|-|FE|-,1blz,FE,4,3,3,0.18136597,0.05276222,0.11732884,0.64854297
