source_uid,physical_ion_id,group_id,native_element,fold,y_common4,pred_common4,p_common4_Mn,p_common4_Cu,p_common4_Zn,p_common4_Class_VIII
sha256:4748babd2b6ac0706cd9ed4bcfd4855c8d2c5535f01813fb2e10b68b31a24c0f:row:2,8imd|m0|B|302|-|CU|-,8imd,CU,2,1,1,0.03459554,0.65224365,0.23427344,0.07888737
sha256:4748babd2b6ac0706cd9ed4bcfd4855c8d2c5535f01813fb2e10b68b31a24c0f:row:19,7zj3|m0|A|102|-|ZN|-,7zj3,ZN,2,2,2,0.04085478,0.09771659,0.77064304,0.09078559
sha256:4748babd2b6ac0706cd9ed4bcfd4855c8d2c5535f01813fb2e10b68b31a24c0f:row:20,5jy8|m0|A|401|-|FE|-,5jy8,FE,2,3,0,0.56098946,0.10148185,0.20787930,0.12964939
sha256:4748babd2b6ac0706cd9ed4bcfd4855c8d2c5535f01813fb2e10b68b31a24c0f:row:21,4r9g|m0|A|504|-|ZN|-,4r9g,ZN,2,2,2,0.23247487,0.19013383,0.46313480,0.11425649
sha256:4748babd2b6ac0706cd9ed4bcfd4855c8d2c5535f01813fb2e10b68b31a24c0f:row:23,6qsb|m0|B|500|-|MN|-,6qsb,MN,2,0,0,0.60990213,0.06116434,0.12378028,0.20515325
sha256:4748babd2b6ac0706cd9ed4bcfd4855c8d2c5535f01813fb2e10b68b31a24c0f:row:24,3q3o|m0|A|501|-|FE|-,3q3o,FE,2,3,3,0.35790849,0.04149816,0.08410063,0.51649272
sha256:4748babd2b6ac0706cd9ed4bcfd4855c8d2c5535f01813fb2e10b68b31a24c0f:row:29,6o7n|m0|B|601|-|FE|-,6o7n,FE,2,3,0,0.41137590,0.04042309,0.15475523,0.39344578
sha256:4748babd2b6ac0706cd9ed4bcfd4855c8d2c5535f01813fb2e10b68b31a24c0f:row:35,7zd3|m0|A|510|-|ZN|-,7zd3,ZN,2,2,3,0.21161784,0.07815668,0.29311165,0.41711382
sha256:4748babd2b6ac0706cd9ed4bcfd4855c8d2c5535f01813fb2e10b68b31a24c0f:row:38,1fx7|m0|A|2001|-|CO|-,1fx7,CO,2,3,3,0.08044763,0.28710337,0.16529835,0.46715066
sha256:4748babd2b6ac0706cd9ed4bcfd4855c8d2c5535f01813fb2e10b68b31a24c0f:row:40,4nj4|m0|A|301|-|MN|-,4nj4,MN,2,0,3,0.41189225,0.04557559,0.07361997,0.46891218
sha256:4748babd2b6ac0706cd9ed4bcfd4855c8d2c5535f01813fb2e10b68b31a24c0f:row:42,2cyf|m0|A|239|-|MN|-,2cyf,MN,2,0,0,0.77909570,0.03706290,0.07397055,0.10987084
sha256:4748babd2b6ac0706cd9ed4bcfd4855c8d2c5535f01813fb2e10b68b31a24c0f:row:45,5jnl|m0|B|502|-|MN|-,5jnl,MN,2,0,0,0.77215048,0.03350922,0.09971876,0.09462155
sha256:4748babd2b6ac0706cd9ed4bcfd4855c8d2c5535f01813fb2e10b68b31a24c0f:row:52,2y9w|m0|A|401|-|CU|-,2y9w,CU,2,1,1,0.04301644,0.58403514,0.15680512,0.21614330
sha256:4748babd2b6ac0706cd9ed4bcfd4855c8d2c5535f01813fb2e10b68b31a24c0f:row:56,8git|m0|A|603|-|MN|-,8git,MN,2,0,0,0.73561784,0.04895434,0.06836086,0.14706696
sha256:4748babd2b6ac0706cd9ed4bcfd4855c8d2c5535f01813fb2e10b68b31a24c0f:row:57,3md7|m0|A|301|-|MN|-,3md7,MN,2,0,0,0.57788422,0.05446236,0.21821924,0.14943418
sha256:4748babd2b6ac0706cd9ed4bcfd4855c8d2c5535f01813fb2e10b68b31a24c0f:row:60,6a53|m0|B|200|-|MN|-,6a53,MN,2,0,3,0.38872711,0.06549787,0.08365053,0.46212449
sha256:4748babd2b6ac0706cd9ed4bcfd4855c8d2c5535f01813fb2e10b68b31a24c0f:row:64,4r2y|m0|A|102|-|ZN|-,4r2y,ZN,2,2,2,0.03257422,0.08039788,0.79683185,0.09019605
sha256:4748babd2b6ac0706cd9ed4bcfd4855c8d2c5535f01813fb2e10b68b31a24c0f:row:66,4qpl|m0|A|203|-|ZN|-,4qpl,ZN,2,2,2,0.03706320,0.07591473,0.80477069,0.08225137
sha256:4748babd2b6ac0706cd9ed4bcfd4855c8d2c5535f01813fb2e10b68b31a24c0f:row:69,3mif|m0|A|357|-|CU|-,3mif,CU,2,1,1,0.02545434,0.74759426,0.16006595,0.06688544
sha256:4748babd2b6ac0706cd9ed4bcfd4855c8d2c5535f01813fb2e10b68b31a24c0f:row:74,2y1h|m0|A|1273|-|ZN|-,2y1h,ZN,2,2,1,0.10917809,0.37564177,0.24663355,0.26854659
sha256:4748babd2b6ac0706cd9ed4bcfd4855c8d2c5535f01813fb2e10b68b31a24c0f:row:75,1vj2|m0|A|115|-|MN|-,1vj2,MN,2,0,3,0.32909294,0.03620331,0.08206810,0.55263565
sha256:4748babd2b6ac0706cd9ed4bcfd4855c8d2c5535f01813fb2e10b68b31a24c0f:row:86,4r52|m0|A|202|-|FE|-,4r52,FE,2,3,2,0.06255926,0.06471434,0.49968011,0.37304628
sha256:4748babd2b6ac0706cd9ed4bcfd4855c8d2c5535f01813fb2e10b68b31a24c0f:row:104,4s2r|m0|P|701|-|ZN|-,4s2r,ZN,2,2,0,0.40123574,0.06932373,0.13662065,0.39281988
sha256:4748babd2b6ac0706cd9ed4bcfd4855c8d2c5535f01813fb2e10b68b31a24c0f:row:115,1qxj|m0|A|250|-|NI|-,1qxj,NI,2,3,3,0.14221516,0.07844672,0.10572577,0.67361235
sha256:4748babd2b6ac0706cd9ed4bcfd4855c8d2c5535f01813fb2e10b68b31a24c0f:row:117,7u8y|m0|A|304|-|MN|-,7u8y,MN,2,0,0,0.55869999,0.24781822,0.11390802,0.07957377
sha256:4748babd2b6ac0706cd9ed4bcfd4855c8d2c5535f01813fb2e10b68b31a24c0f:row:124,5nfn|m0|B|501|-|MN|-,5nfn,MN,2,0,3,0.31454349,0.04591516,0.12083394,0.51870742
sha256:4748babd2b6ac0706cd9ed4bcfd4855c8d2c5535f01813fb2e10b68b31a24c0f:row:125,2o08|m0|A|400|-|FE|-,2o08,FE,2,3,3,0.16820507,0.03090819,0.08358793,0.71729881
sha256:4748babd2b6ac0706cd9ed4bcfd4855c8d2c5535f01813fb2e10b68b31a24c0f:row:130,5g0i|m0|A|1802|-|ZN|-,5g0i,ZN,2,2,2,0.11579524,0.06091443,0.56577907,0.25751126
sha256:4748babd2b6ac0706cd9ed4bcfd4855c8d2c5535f01813fb2e10b68b31a24c0f:row:143,4xxo|m0|A|204|-|ZN|-,4xxo,ZN,2,2,2,0.13564822,0.30459538,0.34278321,0.21697319
sha256:4748babd2b6ac0706cd9ed4bcfd4855c8d2c5535f01813fb2e10b68b31a24c0f:row:145,7jl5|m0|A|702|-|ZN|-,7jl5,ZN,2,2,2,0.04845974,0.06760494,0.75158333,0.13235199
sha256:4748babd2b6ac0706cd9ed4bcfd4855c8d2c5535f01813fb2e10b68b31a24c0f:row:149,2puz|m0|A|500|-|FE|-,2puz,FE,2,3,3,0.17596345,0.11574788,0.11718004,0.59110862
sha256:4748babd2b6ac0706cd9ed4bcfd4855c8d2c5535f01813fb2e10b68b31a24c0f:row:150,4f7i|m0|B|999|-|MN|-,4f7i,MN,2,0,0,0.68841245,0.03071572,0.13128880,0.14958302
sha256:4748babd2b6ac0706cd9ed4bcfd4855c8d2c5535f01813fb2e10b68b31a24c0f:row:169,5hiq|m0|A|401|-|FE|-,5hiq,FE,2,3,0,0.44287422,0.06151769,0.08437618,0.41123190
sha256:4748babd2b6ac0706cd9ed4bcfd4855c8d2c5535f01813fb2e10b68b31a24c0f:row:173,6vi6|m0|A|202|-|FE|-,6vi6,FE,2,3,3,0.25586201,0.05601419,0.09955871,0.58856509
sha256:4748babd2b6ac0706cd9ed4bcfd4855c8d2c5535f01813fb2e10b68b31a24c0f:row:185,3ec0|m0|A|405|-|ZN|-,3ec0,ZN,2,2,2,0.09323143,0.09133771,0.63640448,0.17902638
sha256:4748babd2b6ac0706cd9ed4bcfd4855c8d2c5535f01813fb2e10b68b31a24c0f:row:186,4krv|m0|A|501|-|MN|-,4krv,MN,2,0,0,0.66764377,0.04141704,0.06284866,0.22809052
sha256:4748babd2b6ac0706cd9ed4bcfd4855c8d2c5535f01813fb2e10b68b31a24c0f:row:188,4oct|m0|A|501|-|MN|-,4oct,MN,2,0,3,0.31568443,0.03771817,0.29605163,0.35054577
sha256:4748babd2b6ac0706cd9ed4bcfd4855c8d2c5535f01813fb2e10b68b31a24c0f:row:190,5w9q|m0|A|1002|-|ZN|-,5w9q,ZN,2,2,2,0.06786818,0.04854565,0.78325051,0.10033566
sha256:4748babd2b6ac0706cd9ed4bcfd4855c8d2c5535f01813fb2e10b68b31a24c0f:row:194,8soj|m0|A|1301|-|ZN|-,8soj,ZN,2,2,2,0.04318172,0.06823983,0.77856129,0.11001716
sha256:4748babd2b6ac0706cd9ed4bcfd4855c8d2c5535f01813fb2e10b68b31a24c0f:row:196,2vqg|m0|B|1088|-|ZN|-,2vqg,ZN,2,2,2,0.18597268,0.08282186,0.39635863,0.33484684
sha256:4748babd2b6ac0706cd9ed4bcfd4855c8d2c5535f01813fb2e10b68b31a24c0f:row:207,5nci|m0|A|301|-|CO|-,5nci,CO,2,3,3,0.06849219,0.15476525,0.22079667,0.55594589
sha256:4748babd2b6ac0706cd9ed4bcfd4855c8d2c5535f01813fb2e10b68b31a24c0f:row:216,5gha|m0|A|402|-|ZN|-,5gha,ZN,2,2,2,0.05365568,0.07051844,0.72168964,0.15413624
sha256:4748babd2b6ac0706cd9ed4bcfd4855c8d2c5535f01813fb2e10b68b31a24c0f:row:230,3psq|m0|B|322|-|ZN|-,3psq,ZN,2,2,2,0.13815685,0.07878400,0.56168956,0.22136960
sha256:4748babd2b6ac0706cd9ed4bcfd4855c8d2c5535f01813fb2e10b68b31a24c0f:row:235,6ll0|m0|C|402|-|FE|-,6ll0,FE,2,3,3,0.05267123,0.11974922,0.39504153,0.43253803
sha256:4748babd2b6ac0706cd9ed4bcfd4855c8d2c5535f01813fb2e10b68b31a24c0f:row:238,1jaw|m0|A|442|-|MN|-,1jaw,MN,2,0,0,0.49942764,0.03976388,0.15294894,0.30785953
sha256:4748babd2b6ac0706cd9ed4bcfd4855c8d2c5535f01813fb2e10b68b31a24c0f:row:250,5und|m0|A|601|-|ZN|-,5und,ZN,2,2,2,0.04153164,0.10648984,0.74952635,0.10245217
sha256:4748babd2b6ac0706cd9ed4bcfd4855c8d2c5535f01813fb2e10b68b31a24c0f:row:257,7u8y|m0|B|303|-|MN|-,7u8y,MN,2,0,2,0.40557200,0.04726974,0.47113000,0.07602826
sha256:4748babd2b6ac0706cd9ed4bcfd4855c8d2c5535f01813fb2e10b68b31a24c0f:row:259,3t7o|m0|B|263|-|MN|-,3t7o,MN,2,0,3,0.36973004,0.02356638,0.18900933,0.41769425
sha256:4748babd2b6ac0706cd9ed4bcfd4855c8d2c5535f01813fb2e10b68b31a24c0f:row:260,5ep9|m0|D|302|-|FE|-,5ep9,FE,2,3,3,0.13050827,0.03589175,0.10475945,0.72884054
sha256:4748babd2b6ac0706cd9ed4bcfd4855c8d2c5535f01813fb2e10b68b31a24c0f:row:264,6gf7|m0|A|204|-|ZN|-,6gf7,ZN,2,2,2,0.10456466,0.10198478,0.53889964,0.25455092
sha256:4748babd2b6ac0706cd9ed4bcfd4855c8d2c5535f01813fb2e10b68b31a24c0f:row:271,4nbd|m0|C|501|-|FE|-,4nbd,FE,2,3,3,0.10678049,0.05012016,0.17264079,0.67045856
sha256:4748babd2b6ac0706cd9ed4bcfd4855c8d2c5535f01813fb2e10b68b31a24c0f:row:272,4z4k|m0|A|301|-|ZN|-,4z4k,ZN,2,2,2,0.06611067,0.04047594,0.67130627,0.22210712
sha256:4748babd2b6ac0706cd9ed4bcfd4855c8d2c5535f01813fb2e10b68b31a24c0f:row:276,5dnx|m0|B|202|-|MN|-,5dnx,MN,2,0,0,0.59270251,0.04141183,0.05554618,0.31033949
sha256:4748babd2b6ac0706cd9ed4bcfd4855c8d2c5535f01813fb2e10b68b31a24c0f:row:277,6ksy|m0|A|301|-|ZN|-,6ksy,ZN,2,2,0,0.33246076,0.06799333,0.29989439,0.29965152
sha256:4748babd2b6ac0706cd9ed4bcfd4855c8d2c5535f01813fb2e10b68b31a24c0f:row:278,3c25|m0|A|901|-|FE|-,3c25,FE,2,3,2,0.04485766,0.05597038,0.76667512,0.13249684
sha256:4748babd2b6ac0706cd9ed4bcfd4855c8d2c5535f01813fb2e10b68b31a24c0f:row:289,7ckm|m0|A|2302|-|ZN|-,7ckm,ZN,2,2,2,0.03419996,0.10592688,0.76568522,0.09418795
sha256:4748babd2b6ac0706cd9ed4bcfd4855c8d2c5535f01813fb2e10b68b31a24c0f:row:290,6l2d|m0|A|1201|-|CU|-,6l2d,CU,2,1,3,0.07611679,0.11477471,0.20369954,0.60540896
sha256:4748babd2b6ac0706cd9ed4bcfd4855c8d2c5535f01813fb2e10b68b31a24c0f:row:292,2x98|m0|A|1475|-|ZN|-,2x98,ZN,2,2,2,0.10253189,0.12653690,0.51759189,0.25333932
sha256:4748babd2b6ac0706cd9ed4bcfd4855c8d2c5535f01813fb2e10b68b31a24c0f:row:293,2x4h|m0|A|1141|-|ZN|-,2x4h,ZN,2,2,3,0.06432574,0.11182270,0.33204671,0.49180486
sha256:4748babd2b6ac0706cd9ed4bcfd4855c8d2c5535f01813fb2e10b68b31a24c0f:row:310,3cqj|m0|A|286|-|ZN|-,3cqj,ZN,2,2,1,0.06951452,0.45542660,0.27793571,0.19712317
sha256:4748babd2b6ac0706cd9ed4bcfd4855c8d2c5535f01813fb2e10b68b31a24c0f:row:324,2h0v|m0|A|501|-|FE|-,2h0v,FE,2,3,3,0.16614093,0.02542677,0.10344576,0.70498655
sha256:4748babd2b6ac0706cd9ed4bcfd4855c8d2c5535f01813fb2e10b68b31a24c0f:row:329,5up9|m0|A|201|-|ZN|-,5up9,ZN,2,2,3,0.19802283,0.07051083,0.16947605,0.56199029
sha256:4748babd2b6ac0706cd9ed4bcfd4855c8d2c5535f01813fb2e10b68b31a24c0f:row:331,2h0d|m0|B|203|-|ZN|-,2h0d,ZN,2,2,2,0.04108153,0.05238774,0.78619174,0.12033900
sha256:4748babd2b6ac0706cd9ed4bcfd4855c8d2c5535f01813fb2e10b68b31a24c0f:row:338,2vw8|m0|A|401|-|FE|-,2vw8,FE,2,3,3,0.17164241,0.05672053,0.09278495,0.67885211
sha256:4748babd2b6ac0706cd9ed4bcfd4855c8d2c5535f01813fb2e10b68b31a24c0f:row:342,8e3v|m0|D|601|-|FE|-,8e3v,FE,2,3,0,0.66935675,0.04845181,0.11087076,0.17132068
sha256:4748babd2b6ac0706cd9ed4bcfd4855c8d2c5535f01813fb2e10b68b31a24c0f:row:344,2agd|m0|A|400|-|MN|-,2agd,MN,2,0,0,0.64844720,0.05189031,0.06652435,0.23313815
sha256:4748babd2b6ac0706cd9ed4bcfd4855c8d2c5535f01813fb2e10b68b31a24c0f:row:359,2x4h|m0|A|1142|-|ZN|-,2x4h,ZN,2,2,2,0.18096008,0.05597987,0.48614605,0.27691400
sha256:4748babd2b6ac0706cd9ed4bcfd4855c8d2c5535f01813fb2e10b68b31a24c0f:row:360,3urz|m0|A|260|-|ZN|-,3urz,ZN,2,2,2,0.33935320,0.08942029,0.37363536,0.19759116
sha256:4748babd2b6ac0706cd9ed4bcfd4855c8d2c5535f01813fb2e10b68b31a24c0f:row:362,1les|m0|C|202|-|MN|-,1les,MN,2,0,0,0.79095314,0.03536235,0.06579069,0.10789382
sha256:4748babd2b6ac0706cd9ed4bcfd4855c8d2c5535f01813fb2e10b68b31a24c0f:row:372,4qm8|m0|B|201|-|FE|-,4qm8,FE,2,3,3,0.09107553,0.12396401,0.16495935,0.62000111
sha256:4748babd2b6ac0706cd9ed4bcfd4855c8d2c5535f01813fb2e10b68b31a24c0f:row:373,4gsz|m0|A|402|-|ZN|-,4gsz,ZN,2,2,0,0.42631588,0.07364418,0.11036078,0.38967917
sha256:4748babd2b6ac0706cd9ed4bcfd4855c8d2c5535f01813fb2e10b68b31a24c0f:row:377,6tex|m0|A|805|-|FE|-,6tex,FE,2,3,3,0.15038252,0.11174820,0.30099117,0.43687811
sha256:4748babd2b6ac0706cd9ed4bcfd4855c8d2c5535f01813fb2e10b68b31a24c0f:row:386,3i3q|m0|B|302|-|MN|-,3i3q,MN,2,0,3,0.33503579,0.04809845,0.06854521,0.54832055
sha256:4748babd2b6ac0706cd9ed4bcfd4855c8d2c5535f01813fb2e10b68b31a24c0f:row:392,4l2n|m0|A|201|-|FE|-,4l2n,FE,2,3,3,0.21823132,0.10978493,0.17938586,0.49259788
sha256:4748babd2b6ac0706cd9ed4bcfd4855c8d2c5535f01813fb2e10b68b31a24c0f:row:394,3kmh|m0|A|1001|-|MN|-,3kmh,MN,2,0,3,0.35241553,0.03096930,0.07486746,0.54174771
sha256:4748babd2b6ac0706cd9ed4bcfd4855c8d2c5535f01813fb2e10b68b31a24c0f:row:399,3ls1|m0|A|1|-|ZN|-,3ls1,ZN,2,2,2,0.28491918,0.05620246,0.40060583,0.25827253
sha256:4748babd2b6ac0706cd9ed4bcfd4855c8d2c5535f01813fb2e10b68b31a24c0f:row:401,6l2e|m0|B|2201|-|CU|-,6l2e,CU,2,1,3,0.08897952,0.09542635,0.21559513,0.59999900
sha256:4748babd2b6ac0706cd9ed4bcfd4855c8d2c5535f01813fb2e10b68b31a24c0f:row:402,3twz|m0|A|395|-|MN|-,3twz,MN,2,0,0,0.74629705,0.02826258,0.06675773,0.15868264
sha256:4748babd2b6ac0706cd9ed4bcfd4855c8d2c5535f01813fb2e10b68b31a24c0f:row:410,6ll0|m0|B|402|-|FE|-,6ll0,FE,2,3,3,0.10101067,0.06386495,0.18197009,0.65315429
sha256:4748babd2b6ac0706cd9ed4bcfd4855c8d2c5535f01813fb2e10b68b31a24c0f:row:413,1jmb|m0|C|403|-|MN|-,1jmb,MN,2,0,0,0.41352240,0.04118918,0.14055715,0.40473127
sha256:4748babd2b6ac0706cd9ed4bcfd4855c8d2c5535f01813fb2e10b68b31a24c0f:row:415,6vzy|m0|A|501|-|FE|-,6vzy,FE,2,3,3,0.20349544,0.06664353,0.16623862,0.56362241
sha256:4748babd2b6ac0706cd9ed4bcfd4855c8d2c5535f01813fb2e10b68b31a24c0f:row:426,6vp4|m0|B|401|-|FE|-,6vp4,FE,2,3,3,0.14505047,0.26893368,0.11069760,0.47531825
sha256:4748babd2b6ac0706cd9ed4bcfd4855c8d2c5535f01813fb2e10b68b31a24c0f:row:427,6m2c|m0|E|401|-|ZN|-,6m2c,ZN,2,2,2,0.04050784,0.07324713,0.74405197,0.14219306
sha256:4748babd2b6ac0706cd9ed4bcfd4855c8d2c5535f01813fb2e10b68b31a24c0f:row:432,3qzc|m0|A|3|-|ZN|-,3qzc,ZN,2,2,2,0.21689206,0.05566950,0.45782893,0.26960950
sha256:4748babd2b6ac0706cd9ed4bcfd4855c8d2c5535f01813fb2e10b68b31a24c0f:row:439,1hxp|m0|B|350|-|FE|-,1hxp,FE,2,3,3,0.09520419,0.06802766,0.20591211,0.63085604
sha256:4748babd2b6ac0706cd9ed4bcfd4855c8d2c5535f01813fb2e10b68b31a24c0f:row:442,2zog|m0|A|2001|-|ZN|-,2zog,ZN,2,2,3,0.32781596,0.04651658,0.11829590,0.50737156
sha256:4748babd2b6ac0706cd9ed4bcfd4855c8d2c5535f01813fb2e10b68b31a24c0f:row:444,6dy4|m0|A|201|-|FE|-,6dy4,FE,2,3,3,0.10687275,0.07500528,0.12618778,0.69193419
sha256:4748babd2b6ac0706cd9ed4bcfd4855c8d2c5535f01813fb2e10b68b31a24c0f:row:449,5j6f|m0|A|401|-|MN|-,5j6f,MN,2,0,0,0.38554001,0.04121047,0.19502783,0.37822169
sha256:4748babd2b6ac0706cd9ed4bcfd4855c8d2c5535f01813fb2e10b68b31a24c0f:row:450,1pfr|m0|A|502|-|FE|-,1pfr,FE,2,3,3,0.28687442,0.04765241,0.13036666,0.53510651
sha256:4748babd2b6ac0706cd9ed4bcfd4855c8d2c5535f01813fb2e10b68b31a24c0f:row:455,2wke|m0|A|610|-|CO|-,2wke,CO,2,3,3,0.07529238,0.10699416,0.24488333,0.57283013
sha256:4748babd2b6ac0706cd9ed4bcfd4855c8d2c5535f01813fb2e10b68b31a24c0f:row:456,3qga|m0|C|774|-|FE|-,3qga,FE,2,3,3,0.15206210,0.14446745,0.24754893,0.45592152
sha256:4748babd2b6ac0706cd9ed4bcfd4855c8d2c5535f01813fb2e10b68b31a24c0f:row:463,4nb9|m0|C|501|-|FE|-,4nb9,FE,2,3,3,0.08320625,0.10029742,0.21888043,0.59761589
sha256:4748babd2b6ac0706cd9ed4bcfd4855c8d2c5535f01813fb2e10b68b31a24c0f:row:470,7d2t|m0|B|401|-|ZN|-,7d2t,ZN,2,2,2,0.04811120,0.05541931,0.80565634,0.09081314
sha256:4748babd2b6ac0706cd9ed4bcfd4855c8d2c5535f01813fb2e10b68b31a24c0f:row:474,1t0q|m0|A|499|-|FE|-,1t0q,FE,2,3,0,0.54200474,0.02631583,0.07973770,0.35194173
sha256:4748babd2b6ac0706cd9ed4bcfd4855c8d2c5535f01813fb2e10b68b31a24c0f:row:482,4d4z|m0|A|302|-|FE|-,4d4z,FE,2,3,3,0.23515630,0.04852893,0.11621198,0.60010279
sha256:4748babd2b6ac0706cd9ed4bcfd4855c8d2c5535f01813fb2e10b68b31a24c0f:row:484,1i50|m0|A|3008|-|ZN|-,1i50,ZN,2,2,2,0.07421934,0.30772430,0.50796340,0.11009296
sha256:4748babd2b6ac0706cd9ed4bcfd4855c8d2c5535f01813fb2e10b68b31a24c0f:row:492,3erx|m0|B|124|-|CU|-,3erx,CU,2,1,1,0.02684777,0.72890172,0.16851673,0.07573379
sha256:4748babd2b6ac0706cd9ed4bcfd4855c8d2c5535f01813fb2e10b68b31a24c0f:row:494,5mee|m0|A|1001|-|FE|-,5mee,FE,2,3,3,0.13903198,0.08382460,0.09754578,0.67959764
sha256:4748babd2b6ac0706cd9ed4bcfd4855c8d2c5535f01813fb2e10b68b31a24c0f:row:495,4jnj|m0|A|202|-|ZN|-,4jnj,ZN,2,2,2,0.09340343,0.11067104,0.43076619,0.36515934
sha256:4748babd2b6ac0706cd9ed4bcfd4855c8d2c5535f01813fb2e10b68b31a24c0f:row:505,3dhi|m0|A|601|-|FE|-,3dhi,FE,2,3,3,0.43129677,0.05214435,0.07691807,0.43964081
sha256:4748babd2b6ac0706cd9ed4bcfd4855c8d2c5535f01813fb2e10b68b31a24c0f:row:506,3dgd|m0|A|130|-|ZN|-,3dgd,ZN,2,2,1,0.05628856,0.36878132,0.35949363,0.21543649
sha256:4748babd2b6ac0706cd9ed4bcfd4855c8d2c5535f01813fb2e10b68b31a24c0f:row:511,8e3t|m0|B|602|-|FE|-,8e3t,FE,2,3,3,0.37413124,0.05891512,0.16943757,0.39751607
sha256:4748babd2b6ac0706cd9ed4bcfd4855c8d2c5535f01813fb2e10b68b31a24c0f:row:512,2i6k|m0|A|228|-|MN|-,2i6k,MN,2,0,0,0.48720028,0.07644005,0.09736488,0.33899479
sha256:4748babd2b6ac0706cd9ed4bcfd4855c8d2c5535f01813fb2e10b68b31a24c0f:row:513,5equ|m0|D|300|-|FE|-,5equ,FE,2,3,3,0.10050161,0.03878536,0.36983465,0.49087838
sha256:4748babd2b6ac0706cd9ed4bcfd4855c8d2c5535f01813fb2e10b68b31a24c0f:row:520,6ck1|m0|A|502|-|ZN|-,6ck1,ZN,2,2,2,0.06440426,0.27992892,0.52699376,0.12867306
sha256:4748babd2b6ac0706cd9ed4bcfd4855c8d2c5535f01813fb2e10b68b31a24c0f:row:521,3f2d|m0|A|3|-|MN|-,3f2d,MN,2,0,3,0.32591735,0.05359489,0.17251423,0.44797353
sha256:4748babd2b6ac0706cd9ed4bcfd4855c8d2c5535f01813fb2e10b68b31a24c0f:row:525,6r5s|m0|B|401|-|FE|-,6r5s,FE,2,3,3,0.14735386,0.06667760,0.10301608,0.68295246
sha256:4748babd2b6ac0706cd9ed4bcfd4855c8d2c5535f01813fb2e10b68b31a24c0f:row:534,1ahj|m0|E|208|-|FE|-,1ahj,FE,2,3,2,0.05340849,0.03798575,0.53686202,0.37174374
sha256:4748babd2b6ac0706cd9ed4bcfd4855c8d2c5535f01813fb2e10b68b31a24c0f:row:537,4mmy|m0|A|1030|-|MN|-,4mmy,MN,2,0,0,0.62292070,0.04498500,0.18015273,0.15194157
sha256:4748babd2b6ac0706cd9ed4bcfd4855c8d2c5535f01813fb2e10b68b31a24c0f:row:545,5nth|m0|A|602|-|MN|-,5nth,MN,2,0,0,0.65421052,0.03042437,0.10982639,0.20553872
sha256:4748babd2b6ac0706cd9ed4bcfd4855c8d2c5535f01813fb2e10b68b31a24c0f:row:563,4y6r|m0|B|502|-|MN|-,4y6r,MN,2,0,0,0.74363507,0.03201125,0.09781534,0.12653834
sha256:4748babd2b6ac0706cd9ed4bcfd4855c8d2c5535f01813fb2e10b68b31a24c0f:row:564,2puz|m0|B|501|-|FE|-,2puz,FE,2,3,3,0.19599338,0.07291033,0.10268290,0.62841338
sha256:4748babd2b6ac0706cd9ed4bcfd4855c8d2c5535f01813fb2e10b68b31a24c0f:row:575,6jvw|m0|A|402|-|MN|-,6jvw,MN,2,0,0,0.47493672,0.02699223,0.10314739,0.39492365
sha256:4748babd2b6ac0706cd9ed4bcfd4855c8d2c5535f01813fb2e10b68b31a24c0f:row:584,5tr8|m0|L|301|-|NI|-,5tr8,NI,2,3,3,0.10423911,0.09585615,0.13635390,0.66355083
sha256:4748babd2b6ac0706cd9ed4bcfd4855c8d2c5535f01813fb2e10b68b31a24c0f:row:585,4fo7|m0|A|303|-|MN|-,4fo7,MN,2,0,0,0.59047802,0.08992510,0.17622287,0.14337401
sha256:4748babd2b6ac0706cd9ed4bcfd4855c8d2c5535f01813fb2e10b68b31a24c0f:row:587,8gir|m0|C|604|-|MN|-,8gir,MN,2,0,0,0.76873358,0.03689268,0.05959134,0.13478239
sha256:4748babd2b6ac0706cd9ed4bcfd4855c8d2c5535f01813fb2e10b68b31a24c0f:row:588,3u2u|m0|A|267|-|MN|-,3u2u,MN,2,0,0,0.68268681,0.01846604,0.09449605,0.20435111
sha256:4748babd2b6ac0706cd9ed4bcfd4855c8d2c5535f01813fb2e10b68b31a24c0f:row:594,4p9y|m0|A|302|-|MN|-,4p9y,MN,2,0,0,0.74781507,0.03962822,0.07435286,0.13820386
sha256:4748babd2b6ac0706cd9ed4bcfd4855c8d2c5535f01813fb2e10b68b31a24c0f:row:597,3rmk|m0|A|1|-|FE|-,3rmk,FE,2,3,0,0.51224748,0.04596940,0.08817237,0.35361075
sha256:4748babd2b6ac0706cd9ed4bcfd4855c8d2c5535f01813fb2e10b68b31a24c0f:row:601,7prv|m0|A|801|-|ZN|-,7prv,ZN,2,2,2,0.06956572,0.03881927,0.54920419,0.34241082
sha256:4748babd2b6ac0706cd9ed4bcfd4855c8d2c5535f01813fb2e10b68b31a24c0f:row:603,3x30|m0|A|302|-|NI|-,3x30,NI,2,3,3,0.28408939,0.07506310,0.14994278,0.49090473
sha256:4748babd2b6ac0706cd9ed4bcfd4855c8d2c5535f01813fb2e10b68b31a24c0f:row:606,2pv0|m0|A|502|-|ZN|-,2pv0,ZN,2,2,2,0.04786453,0.03238639,0.80037944,0.11936964
sha256:4748babd2b6ac0706cd9ed4bcfd4855c8d2c5535f01813fb2e10b68b31a24c0f:row:609,6dgm|m0|B|901|-|MN|-,6dgm,MN,2,0,0,0.50919721,0.03403756,0.07349998,0.38326525
sha256:4748babd2b6ac0706cd9ed4bcfd4855c8d2c5535f01813fb2e10b68b31a24c0f:row:618,5v1u|m0|B|101|-|ZN|-,5v1u,ZN,2,2,2,0.25211714,0.06359320,0.41952997,0.26475968
sha256:4748babd2b6ac0706cd9ed4bcfd4855c8d2c5535f01813fb2e10b68b31a24c0f:row:625,1hxp|m0|A|351|-|FE|-,1hxp,FE,2,3,3,0.09653672,0.06818749,0.14892049,0.68635529
sha256:4748babd2b6ac0706cd9ed4bcfd4855c8d2c5535f01813fb2e10b68b31a24c0f:row:627,6a54|m0|B|200|-|MN|-,6a54,MN,2,0,3,0.34086541,0.07409790,0.07421108,0.51082561
sha256:4748babd2b6ac0706cd9ed4bcfd4855c8d2c5535f01813fb2e10b68b31a24c0f:row:631,4ee5|m0|A|405|-|MN|-,4ee5,MN,2,0,0,0.75153606,0.04514372,0.07350216,0.12981806
sha256:4748babd2b6ac0706cd9ed4bcfd4855c8d2c5535f01813fb2e10b68b31a24c0f:row:633,6cwo|m0|A|401|-|MN|-,6cwo,MN,2,0,0,0.52244066,0.03691726,0.09340412,0.34723796
sha256:4748babd2b6ac0706cd9ed4bcfd4855c8d2c5535f01813fb2e10b68b31a24c0f:row:636,7kwd|m0|A|604|-|ZN|-,7kwd,ZN,2,2,2,0.19484040,0.12493613,0.36479510,0.31542838
sha256:4748babd2b6ac0706cd9ed4bcfd4855c8d2c5535f01813fb2e10b68b31a24c0f:row:645,1piw|m0|A|1501|-|ZN|-,1piw,ZN,2,2,2,0.05121408,0.05400170,0.78197905,0.11280518
sha256:4748babd2b6ac0706cd9ed4bcfd4855c8d2c5535f01813fb2e10b68b31a24c0f:row:646,6aoc|m0|A|601|-|MN|-,6aoc,MN,2,0,0,0.72574555,0.03672219,0.10007984,0.13745241
sha256:4748babd2b6ac0706cd9ed4bcfd4855c8d2c5535f01813fb2e10b68b31a24c0f:row:649,8hlf|m0|A|201|-|MN|-,8hlf,MN,2,0,3,0.36010061,0.05755149,0.07335206,0.50899583
sha256:4748babd2b6ac0706cd9ed4bcfd4855c8d2c5535f01813fb2e10b68b31a24c0f:row:650,4oi6|m0|B|101|-|NI|-,4oi6,NI,2,3,2,0.10763166,0.10531670,0.45893052,0.32812111
sha256:4748babd2b6ac0706cd9ed4bcfd4855c8d2c5535f01813fb2e10b68b31a24c0f:row:661,8h1e|m0|A|503|-|MN|-,8h1e,MN,2,0,3,0.32277465,0.08142222,0.21664564,0.37915749
sha256:4748babd2b6ac0706cd9ed4bcfd4855c8d2c5535f01813fb2e10b68b31a24c0f:row:662,4giz|m0|C|202|-|ZN|-,4giz,ZN,2,2,2,0.04347778,0.04939951,0.80386617,0.10325654
sha256:4748babd2b6ac0706cd9ed4bcfd4855c8d2c5535f01813fb2e10b68b31a24c0f:row:671,1ibq|m0|B|1452|-|ZN|-,1ibq,ZN,2,2,2,0.28612530,0.07186832,0.41299358,0.22901280
sha256:4748babd2b6ac0706cd9ed4bcfd4855c8d2c5535f01813fb2e10b68b31a24c0f:row:673,2cyf|m0|C|239|-|MN|-,2cyf,MN,2,0,0,0.78659597,0.03538437,0.06847975,0.10953992
sha256:4748babd2b6ac0706cd9ed4bcfd4855c8d2c5535f01813fb2e10b68b31a24c0f:row:688,4gqu|m0|A|302|-|MN|-,4gqu,MN,2,0,0,0.44034926,0.04086852,0.08663367,0.43214855
sha256:4748babd2b6ac0706cd9ed4bcfd4855c8d2c5535f01813fb2e10b68b31a24c0f:row:689,4r7w|m0|A|501|-|FE|-,4r7w,FE,2,3,3,0.34380490,0.10860884,0.11015826,0.43742800
sha256:4748babd2b6ac0706cd9ed4bcfd4855c8d2c5535f01813fb2e10b68b31a24c0f:row:690,7zd3|m0|A|509|-|ZN|-,7zd3,ZN,2,2,3,0.21271701,0.08566144,0.14267036,0.55895118
sha256:4748babd2b6ac0706cd9ed4bcfd4855c8d2c5535f01813fb2e10b68b31a24c0f:row:691,1vkl|m0|B|562|-|NI|-,1vkl,NI,2,3,0,0.39519660,0.06294620,0.25978200,0.28207521
sha256:4748babd2b6ac0706cd9ed4bcfd4855c8d2c5535f01813fb2e10b68b31a24c0f:row:692,3n9b|m0|A|188|-|MN|-,3n9b,MN,2,0,0,0.48870103,0.06642962,0.10766733,0.33720202
sha256:4748babd2b6ac0706cd9ed4bcfd4855c8d2c5535f01813fb2e10b68b31a24c0f:row:694,3r0i|m0|A|990|-|MN|-,3r0i,MN,2,0,0,0.78402258,0.03350385,0.09187320,0.09060037
sha256:4748babd2b6ac0706cd9ed4bcfd4855c8d2c5535f01813fb2e10b68b31a24c0f:row:695,3vmi|m0|B|501|-|FE|-,3vmi,FE,2,3,3,0.14406164,0.02167931,0.13902701,0.69523204
sha256:4748babd2b6ac0706cd9ed4bcfd4855c8d2c5535f01813fb2e10b68b31a24c0f:row:696,4ofl|m0|B|501|-|NI|-,4ofl,NI,2,3,3,0.06175513,0.11220097,0.18627222,0.63977168
sha256:4748babd2b6ac0706cd9ed4bcfd4855c8d2c5535f01813fb2e10b68b31a24c0f:row:697,5ran|m0|A|1806|-|MN|-,5ran,MN,2,0,3,0.27300116,0.05104949,0.07730143,0.59864793
sha256:4748babd2b6ac0706cd9ed4bcfd4855c8d2c5535f01813fb2e10b68b31a24c0f:row:702,2q6q|m0|B|3|-|CO|-,2q6q,CO,2,3,2,0.20003027,0.05518603,0.63322278,0.11156092
sha256:4748babd2b6ac0706cd9ed4bcfd4855c8d2c5535f01813fb2e10b68b31a24c0f:row:707,5w9q|m0|A|1001|-|ZN|-,5w9q,ZN,2,2,2,0.04221568,0.05413086,0.74637969,0.15727377
sha256:4748babd2b6ac0706cd9ed4bcfd4855c8d2c5535f01813fb2e10b68b31a24c0f:row:718,2wje|m0|A|1244|-|MN|-,2wje,MN,2,0,0,0.60104904,0.05036067,0.09747647,0.25111382
sha256:4748babd2b6ac0706cd9ed4bcfd4855c8d2c5535f01813fb2e10b68b31a24c0f:row:719,2hyp|m0|A|444|-|FE|-,2hyp,FE,2,3,0,0.45633115,0.08046908,0.10015325,0.36304652
sha256:4748babd2b6ac0706cd9ed4bcfd4855c8d2c5535f01813fb2e10b68b31a24c0f:row:722,5dka|m0|A|303|-|ZN|-,5dka,ZN,2,2,2,0.05189249,0.07245092,0.75024236,0.12541423
sha256:4748babd2b6ac0706cd9ed4bcfd4855c8d2c5535f01813fb2e10b68b31a24c0f:row:727,4n0o|m0|A|502|-|ZN|-,4n0o,ZN,2,2,2,0.06662883,0.11236315,0.71441317,0.10659485
sha256:4748babd2b6ac0706cd9ed4bcfd4855c8d2c5535f01813fb2e10b68b31a24c0f:row:730,8t1q|m0|A|506|-|FE|-,8t1q,FE,2,3,3,0.30551754,0.07595648,0.16040551,0.45812047
sha256:4748babd2b6ac0706cd9ed4bcfd4855c8d2c5535f01813fb2e10b68b31a24c0f:row:733,6imq|m0|A|201|-|ZN|-,6imq,ZN,2,2,2,0.04304785,0.14448329,0.67405144,0.13841742
sha256:4748babd2b6ac0706cd9ed4bcfd4855c8d2c5535f01813fb2e10b68b31a24c0f:row:734,2de6|m0|C|501|-|FE|-,2de6,FE,2,3,2,0.08547875,0.09342778,0.42856579,0.39252768
sha256:4748babd2b6ac0706cd9ed4bcfd4855c8d2c5535f01813fb2e10b68b31a24c0f:row:739,4ism|m0|A|201|-|ZN|-,4ism,ZN,2,2,2,0.15998211,0.07246093,0.39708347,0.37047349
sha256:4748babd2b6ac0706cd9ed4bcfd4855c8d2c5535f01813fb2e10b68b31a24c0f:row:740,7s4m|m0|G|301|-|CU|-,7s4m,CU,2,1,2,0.06442445,0.14004652,0.65749725,0.13803179
sha256:4748babd2b6ac0706cd9ed4bcfd4855c8d2c5535f01813fb2e10b68b31a24c0f:row:743,2phd|m0|B|370|-|FE|-,2phd,FE,2,3,2,0.06240922,0.08732314,0.42969793,0.42056970
sha256:4748babd2b6ac0706cd9ed4bcfd4855c8d2c5535f01813fb2e10b68b31a24c0f:row:748,6wis|m0|A|203|-|CU|-,6wis,CU,2,1,2,0.04268371,0.16708645,0.61298204,0.17724781
sha256:4748babd2b6ac0706cd9ed4bcfd4855c8d2c5535f01813fb2e10b68b31a24c0f:row:750,4krv|m0|B|501|-|MN|-,4krv,MN,2,0,3,0.40424962,0.06076271,0.12591913,0.40906854
sha256:4748babd2b6ac0706cd9ed4bcfd4855c8d2c5535f01813fb2e10b68b31a24c0f:row:764,5jbi|m0|A|502|-|MN|-,5jbi,MN,2,0,0,0.75405702,0.03231671,0.11385809,0.09976817
sha256:4748babd2b6ac0706cd9ed4bcfd4855c8d2c5535f01813fb2e10b68b31a24c0f:row:781,7bgm|m0|A|303|-|ZN|-,7bgm,ZN,2,2,2,0.07232767,0.27941329,0.39841442,0.24984461
sha256:4748babd2b6ac0706cd9ed4bcfd4855c8d2c5535f01813fb2e10b68b31a24c0f:row:782,3h67|m0|A|501|-|ZN|-,3h67,ZN,2,2,0,0.39849869,0.12394975,0.15385751,0.32369405
sha256:4748babd2b6ac0706cd9ed4bcfd4855c8d2c5535f01813fb2e10b68b31a24c0f:row:806,5f56|m0|A|805|-|MN|-,5f56,MN,2,0,0,0.57644472,0.04517918,0.11359914,0.26477695
sha256:4748babd2b6ac0706cd9ed4bcfd4855c8d2c5535f01813fb2e10b68b31a24c0f:row:828,7qod|m0|A|201|-|MN|-,7qod,MN,2,0,0,0.46643927,0.03654602,0.08580779,0.41120692
sha256:4748babd2b6ac0706cd9ed4bcfd4855c8d2c5535f01813fb2e10b68b31a24c0f:row:832,6qsb|m0|A|499|-|MN|-,6qsb,MN,2,0,0,0.66069486,0.06742593,0.11677832,0.15510089
sha256:4748babd2b6ac0706cd9ed4bcfd4855c8d2c5535f01813fb2e10b68b31a24c0f:row:834,4lpf|m0|A|302|-|MN|-,4lpf,MN,2,0,3,0.37132276,0.05672695,0.09144850,0.48050179
sha256:4748babd2b6ac0706cd9ed4bcfd4855c8d2c5535f01813fb2e10b68b31a24c0f:row:838,6qpv|m0|I|501|-|CU|-,6qpv,CU,2,1,1,0.04074249,0.68437858,0.18926258,0.08561634
sha256:4748babd2b6ac0706cd9ed4bcfd4855c8d2c5535f01813fb2e10b68b31a24c0f:row:841,6m8q|m0|A|502|-|ZN|-,6m8q,ZN,2,2,1,0.13501593,0.34096689,0.18961097,0.33440620
sha256:4748babd2b6ac0706cd9ed4bcfd4855c8d2c5535f01813fb2e10b68b31a24c0f:row:846,4b86|m0|C|201|-|ZN|-,4b86,ZN,2,2,2,0.03730137,0.05528663,0.80290432,0.10450768
sha256:4748babd2b6ac0706cd9ed4bcfd4855c8d2c5535f01813fb2e10b68b31a24c0f:row:858,6klg|m0|A|603|-|CU|-,6klg,CU,2,1,3,0.05192690,0.23109298,0.20115998,0.51582014
sha256:4748babd2b6ac0706cd9ed4bcfd4855c8d2c5535f01813fb2e10b68b31a24c0f:row:862,8eih|m0|A|902|-|ZN|-,8eih,ZN,2,2,2,0.08586315,0.04589511,0.78873982,0.07950191
sha256:4748babd2b6ac0706cd9ed4bcfd4855c8d2c5535f01813fb2e10b68b31a24c0f:row:865,8hlf|m0|B|201|-|MN|-,8hlf,MN,2,0,3,0.30315100,0.06031181,0.08016191,0.55637529
sha256:4748babd2b6ac0706cd9ed4bcfd4855c8d2c5535f01813fb2e10b68b31a24c0f:row:881,2pal|m0|A|111|-|MN|-,2pal,MN,2,0,0,0.70804030,0.03823020,0.10089054,0.15283897
sha256:4748babd2b6ac0706cd9ed4bcfd4855c8d2c5535f01813fb2e10b68b31a24c0f:row:892,2zne|m0|A|994|-|ZN|-,2zne,ZN,2,2,0,0.45808240,0.12171601,0.20401170,0.21618988
sha256:4748babd2b6ac0706cd9ed4bcfd4855c8d2c5535f01813fb2e10b68b31a24c0f:row:893,6wnl|m0|A|402|-|ZN|-,6wnl,ZN,2,2,3,0.32737400,0.10839151,0.17389573,0.39033877
sha256:4748babd2b6ac0706cd9ed4bcfd4855c8d2c5535f01813fb2e10b68b31a24c0f:row:896,1ppv|m0|B|201|-|MN|-,1ppv,MN,2,0,0,0.50526132,0.02534909,0.08146118,0.38792842
sha256:4748babd2b6ac0706cd9ed4bcfd4855c8d2c5535f01813fb2e10b68b31a24c0f:row:914,1t0q|m0|A|500|-|FE|-,1t0q,FE,2,3,3,0.25328247,0.03507593,0.15078212,0.56085948
sha256:4748babd2b6ac0706cd9ed4bcfd4855c8d2c5535f01813fb2e10b68b31a24c0f:row:924,8dsn|m0|K|401|-|CU|-,8dsn,CU,2,1,1,0.02984297,0.69701085,0.19404208,0.07910410
sha256:4748babd2b6ac0706cd9ed4bcfd4855c8d2c5535f01813fb2e10b68b31a24c0f:row:929,2vnq|m0|A|201|-|MN|-,2vnq,MN,2,0,0,0.49392974,0.02719100,0.08481700,0.39406225
sha256:4748babd2b6ac0706cd9ed4bcfd4855c8d2c5535f01813fb2e10b68b31a24c0f:row:931,2zvl|m0|B|262|-|ZN|-,2zvl,ZN,2,2,2,0.10237232,0.27920375,0.49886036,0.11956357
sha256:4748babd2b6ac0706cd9ed4bcfd4855c8d2c5535f01813fb2e10b68b31a24c0f:row:939,7l92|m0|A|302|-|ZN|-,7l92,ZN,2,2,2,0.03666332,0.06319122,0.81101241,0.08913305
sha256:4748babd2b6ac0706cd9ed4bcfd4855c8d2c5535f01813fb2e10b68b31a24c0f:row:945,7qbt|m0|D|502|-|FE|-,7qbt,FE,2,3,2,0.06300031,0.02557292,0.59218319,0.31924358
sha256:4748babd2b6ac0706cd9ed4bcfd4855c8d2c5535f01813fb2e10b68b31a24c0f:row:950,2rhk|m0|C|502|-|ZN|-,2rhk,ZN,2,2,2,0.04247013,0.07504379,0.77122365,0.11126243
sha256:4748babd2b6ac0706cd9ed4bcfd4855c8d2c5535f01813fb2e10b68b31a24c0f:row:951,7ljg|m0|A|301|-|MN|-,7ljg,MN,2,0,0,0.41927514,0.05067635,0.15589907,0.37414944
sha256:4748babd2b6ac0706cd9ed4bcfd4855c8d2c5535f01813fb2e10b68b31a24c0f:row:956,2hyp|m0|A|555|-|MN|-,2hyp,MN,2,0,0,0.46962211,0.04235303,0.12271624,0.36530862
sha256:4748babd2b6ac0706cd9ed4bcfd4855c8d2c5535f01813fb2e10b68b31a24c0f:row:958,8sky|m0|A|402|-|MN|-,8sky,MN,2,0,0,0.69117314,0.02540283,0.08881890,0.19460512
sha256:4748babd2b6ac0706cd9ed4bcfd4855c8d2c5535f01813fb2e10b68b31a24c0f:row:962,7eqk|m0|A|201|-|FE|-,7eqk,FE,2,3,3,0.26327004,0.05175309,0.07639150,0.60858538
sha256:4748babd2b6ac0706cd9ed4bcfd4855c8d2c5535f01813fb2e10b68b31a24c0f:row:973,1onp|m0|B|1002|-|MN|-,1onp,MN,2,0,0,0.65821461,0.03654399,0.16373618,0.14150523
sha256:4748babd2b6ac0706cd9ed4bcfd4855c8d2c5535f01813fb2e10b68b31a24c0f:row:975,1ytm|m0|B|1999|-|MN|-,1ytm,MN,2,0,3,0.37321672,0.06491159,0.18024304,0.38162866
sha256:4748babd2b6ac0706cd9ed4bcfd4855c8d2c5535f01813fb2e10b68b31a24c0f:row:980,5jo0|m0|A|502|-|MN|-,5jo0,MN,2,0,0,0.75344654,0.03231240,0.12432226,0.08991880
sha256:4748babd2b6ac0706cd9ed4bcfd4855c8d2c5535f01813fb2e10b68b31a24c0f:row:985,5x31|m0|A|201|-|CU|-,5x31,CU,2,1,1,0.02900705,0.73530235,0.15193655,0.08375405
sha256:4748babd2b6ac0706cd9ed4bcfd4855c8d2c5535f01813fb2e10b68b31a24c0f:row:1002,5rao|m0|B|1803|-|MN|-,5rao,MN,2,0,3,0.27340058,0.05194045,0.06424536,0.61041360
sha256:4748babd2b6ac0706cd9ed4bcfd4855c8d2c5535f01813fb2e10b68b31a24c0f:row:1004,6vib|m0|A|203|-|FE|-,6vib,FE,2,3,2,0.05162580,0.02600762,0.77333148,0.14903510
sha256:4748babd2b6ac0706cd9ed4bcfd4855c8d2c5535f01813fb2e10b68b31a24c0f:row:1010,2bq8|m0|X|1306|-|FE|-,2bq8,FE,2,3,3,0.31124464,0.04714182,0.10780384,0.53380970
sha256:4748babd2b6ac0706cd9ed4bcfd4855c8d2c5535f01813fb2e10b68b31a24c0f:row:1012,3nr1|m0|A|199|-|MN|-,3nr1,MN,2,0,0,0.59931469,0.05578602,0.07650887,0.26839043
sha256:4748babd2b6ac0706cd9ed4bcfd4855c8d2c5535f01813fb2e10b68b31a24c0f:row:1014,3byw|m0|B|6|-|ZN|-,3byw,ZN,2,2,2,0.17731218,0.07451810,0.50264318,0.24552653
sha256:4748babd2b6ac0706cd9ed4bcfd4855c8d2c5535f01813fb2e10b68b31a24c0f:row:1017,4fil|m0|B|405|-|ZN|-,4fil,ZN,2,2,2,0.06177935,0.30291130,0.53431781,0.10099155
sha256:4748babd2b6ac0706cd9ed4bcfd4855c8d2c5535f01813fb2e10b68b31a24c0f:row:1019,5xfa|m0|H|502|-|NI|-,5xfa,NI,2,3,2,0.03720676,0.07840454,0.69131719,0.19307152
sha256:4748babd2b6ac0706cd9ed4bcfd4855c8d2c5535f01813fb2e10b68b31a24c0f:row:1033,3rmk|m0|D|495|-|FE|-,3rmk,FE,2,3,0,0.58718420,0.04893426,0.09014887,0.27373267
sha256:4748babd2b6ac0706cd9ed4bcfd4855c8d2c5535f01813fb2e10b68b31a24c0f:row:1040,3rtr|m0|B|202|-|ZN|-,3rtr,ZN,2,2,2,0.03706374,0.05995302,0.81446470,0.08851854
sha256:4748babd2b6ac0706cd9ed4bcfd4855c8d2c5535f01813fb2e10b68b31a24c0f:row:1049,3md7|m0|A|300|-|MN|-,3md7,MN,2,0,0,0.48204753,0.05189226,0.08775524,0.37830497
sha256:4748babd2b6ac0706cd9ed4bcfd4855c8d2c5535f01813fb2e10b68b31a24c0f:row:1052,3q14|m0|A|501|-|FE|-,3q14,FE,2,3,3,0.31350121,0.04923217,0.09145428,0.54581234
sha256:4748babd2b6ac0706cd9ed4bcfd4855c8d2c5535f01813fb2e10b68b31a24c0f:row:1056,2g7z|m0|A|6008|-|ZN|-,2g7z,ZN,2,2,2,0.08742593,0.06463897,0.69148576,0.15644933
sha256:4748babd2b6ac0706cd9ed4bcfd4855c8d2c5535f01813fb2e10b68b31a24c0f:row:1058,6qpv|m0|A|501|-|CU|-,6qpv,CU,2,1,1,0.03397502,0.68605057,0.19856599,0.08140842
sha256:4748babd2b6ac0706cd9ed4bcfd4855c8d2c5535f01813fb2e10b68b31a24c0f:row:1060,3qzc|m0|A|2|-|ZN|-,3qzc,ZN,2,2,2,0.13168976,0.30387983,0.32276815,0.24166226
sha256:4748babd2b6ac0706cd9ed4bcfd4855c8d2c5535f01813fb2e10b68b31a24c0f:row:1062,5tdu|m0|A|502|-|FE|-,5tdu,FE,2,3,0,0.50871087,0.03850861,0.06123818,0.39154235
sha256:4748babd2b6ac0706cd9ed4bcfd4855c8d2c5535f01813fb2e10b68b31a24c0f:row:1063,1lod|m0|E|689|-|MN|-,1lod,MN,2,0,0,0.80189810,0.03414317,0.05703022,0.10692851
sha256:4748babd2b6ac0706cd9ed4bcfd4855c8d2c5535f01813fb2e10b68b31a24c0f:row:1068,2par|m0|A|201|-|CO|-,2par,CO,2,3,3,0.19253569,0.05251494,0.11058350,0.64436587
sha256:4748babd2b6ac0706cd9ed4bcfd4855c8d2c5535f01813fb2e10b68b31a24c0f:row:1072,1fz1|m0|A|5001|-|FE|-,1fz1,FE,2,3,3,0.37855944,0.04795095,0.09778512,0.47570450
sha256:4748babd2b6ac0706cd9ed4bcfd4855c8d2c5535f01813fb2e10b68b31a24c0f:row:1073,3qhb|m0|A|181|-|FE|-,3qhb,FE,2,3,3,0.26300296,0.06377387,0.17836544,0.49485774
sha256:4748babd2b6ac0706cd9ed4bcfd4855c8d2c5535f01813fb2e10b68b31a24c0f:row:1076,1biq|m0|A|376|-|FE|-,1biq,FE,2,3,3,0.21446506,0.06371502,0.15722720,0.56459272
sha256:4748babd2b6ac0706cd9ed4bcfd4855c8d2c5535f01813fb2e10b68b31a24c0f:row:1077,4qsf|m0|A|402|-|MN|-,4qsf,MN,2,0,2,0.31405359,0.07853030,0.44045636,0.16695975
sha256:4748babd2b6ac0706cd9ed4bcfd4855c8d2c5535f01813fb2e10b68b31a24c0f:row:1098,5und|m0|A|605|-|ZN|-,5und,ZN,2,2,2,0.03936137,0.10640297,0.71937473,0.13486093
sha256:4748babd2b6ac0706cd9ed4bcfd4855c8d2c5535f01813fb2e10b68b31a24c0f:row:1105,2rdb|m0|A|499|-|FE|-,2rdb,FE,2,3,3,0.38794079,0.02554613,0.17543021,0.41108286
sha256:4748babd2b6ac0706cd9ed4bcfd4855c8d2c5535f01813fb2e10b68b31a24c0f:row:1107,4h2h|m0|B|402|-|NI|-,4h2h,NI,2,3,3,0.07677566,0.08178969,0.31477424,0.52666041
sha256:4748babd2b6ac0706cd9ed4bcfd4855c8d2c5535f01813fb2e10b68b31a24c0f:row:1108,6wi8|m0|A|1204|-|ZN|-,6wi8,ZN,2,2,2,0.03120727,0.07277290,0.76448170,0.13153813
sha256:4748babd2b6ac0706cd9ed4bcfd4855c8d2c5535f01813fb2e10b68b31a24c0f:row:1109,4ryz|m0|A|601|-|FE|-,4ryz,FE,2,3,3,0.06938875,0.08887559,0.09908096,0.74265470
sha256:4748babd2b6ac0706cd9ed4bcfd4855c8d2c5535f01813fb2e10b68b31a24c0f:row:1112,5z5y|m0|B|302|-|MN|-,5z5y,MN,2,0,0,0.82765483,0.03412605,0.05861442,0.07960469
sha256:4748babd2b6ac0706cd9ed4bcfd4855c8d2c5535f01813fb2e10b68b31a24c0f:row:1115,1yfx|m0|A|300|-|FE|-,1yfx,FE,2,3,3,0.20119736,0.08473673,0.31643480,0.39763111
sha256:4748babd2b6ac0706cd9ed4bcfd4855c8d2c5535f01813fb2e10b68b31a24c0f:row:1117,1jke|m0|A|909|-|ZN|-,1jke,ZN,2,2,3,0.19036271,0.05885844,0.26857393,0.48220492
sha256:4748babd2b6ac0706cd9ed4bcfd4855c8d2c5535f01813fb2e10b68b31a24c0f:row:1118,7bgm|m0|A|302|-|ZN|-,7bgm,ZN,2,2,3,0.18886053,0.04541241,0.37551488,0.39021218
sha256:4748babd2b6ac0706cd9ed4bcfd4855c8d2c5535f01813fb2e10b68b31a24c0f:row:1126,4bbq|m0|A|1678|-|ZN|-,4bbq,ZN,2,2,2,0.05089358,0.06006448,0.77202939,0.11701255
sha256:4748babd2b6ac0706cd9ed4bcfd4855c8d2c5535f01813fb2e10b68b31a24c0f:row:1133,4j4m|m0|A|301|-|ZN|-,4j4m,ZN,2,2,2,0.06638223,0.19737908,0.43260016,0.30363854
sha256:4748babd2b6ac0706cd9ed4bcfd4855c8d2c5535f01813fb2e10b68b31a24c0f:row:1134,8h4x|m0|A|404|-|ZN|-,8h4x,ZN,2,2,2,0.09768004,0.17429026,0.56403353,0.16399617
sha256:4748babd2b6ac0706cd9ed4bcfd4855c8d2c5535f01813fb2e10b68b31a24c0f:row:1136,4dpn|m0|A|302|-|MN|-,4dpn,MN,2,0,0,0.47665780,0.04599879,0.10790329,0.36944012
sha256:4748babd2b6ac0706cd9ed4bcfd4855c8d2c5535f01813fb2e10b68b31a24c0f:row:1138,4ijd|m0|A|501|-|ZN|-,4ijd,ZN,2,2,2,0.04648355,0.08547028,0.77607603,0.09197015
sha256:4748babd2b6ac0706cd9ed4bcfd4855c8d2c5535f01813fb2e10b68b31a24c0f:row:1142,4dpn|m0|D|302|-|MN|-,4dpn,MN,2,0,0,0.75782654,0.05147452,0.08320956,0.10748938
sha256:4748babd2b6ac0706cd9ed4bcfd4855c8d2c5535f01813fb2e10b68b31a24c0f:row:1152,5cg9|m0|D|405|-|MN|-,5cg9,MN,2,0,0,0.44149596,0.04535533,0.08609200,0.42705670
sha256:4748babd2b6ac0706cd9ed4bcfd4855c8d2c5535f01813fb2e10b68b31a24c0f:row:1160,1ovr|m0|C|52|-|MN|-,1ovr,MN,2,0,0,0.48594895,0.03853098,0.11173461,0.36378547
sha256:4748babd2b6ac0706cd9ed4bcfd4855c8d2c5535f01813fb2e10b68b31a24c0f:row:1166,5y23|m0|B|201|-|CU|-,5y23,CU,2,1,1,0.02743570,0.71729995,0.15621162,0.09905273
sha256:4748babd2b6ac0706cd9ed4bcfd4855c8d2c5535f01813fb2e10b68b31a24c0f:row:1177,3t7m|m0|B|263|-|MN|-,3t7m,MN,2,0,3,0.35935356,0.03043688,0.12075566,0.48945390
sha256:4748babd2b6ac0706cd9ed4bcfd4855c8d2c5535f01813fb2e10b68b31a24c0f:row:1182,3aqj|m0|P|135|-|FE|-,3aqj,FE,2,3,3,0.29539820,0.08184388,0.13413888,0.48861904
sha256:4748babd2b6ac0706cd9ed4bcfd4855c8d2c5535f01813fb2e10b68b31a24c0f:row:1192,6l25|m0|A|302|-|NI|-,6l25,NI,2,3,2,0.31415988,0.06646438,0.32564950,0.29372624
sha256:4748babd2b6ac0706cd9ed4bcfd4855c8d2c5535f01813fb2e10b68b31a24c0f:row:1199,2alx|m0|A|402|-|MN|-,2alx,MN,2,0,3,0.26635263,0.02780391,0.13839186,0.56745160
sha256:4748babd2b6ac0706cd9ed4bcfd4855c8d2c5535f01813fb2e10b68b31a24c0f:row:1202,1h48|m0|A|204|-|MN|-,1h48,MN,2,0,3,0.30338553,0.07198086,0.13974586,0.48488775
sha256:4748babd2b6ac0706cd9ed4bcfd4855c8d2c5535f01813fb2e10b68b31a24c0f:row:1203,7z0s|m0|E|601|-|NI|-,7z0s,NI,2,3,2,0.04440287,0.07951745,0.71183131,0.16424838
sha256:4748babd2b6ac0706cd9ed4bcfd4855c8d2c5535f01813fb2e10b68b31a24c0f:row:1210,1ono|m0|B|1001|-|MN|-,1ono,MN,2,0,0,0.70380388,0.03872858,0.14048429,0.11698325
sha256:4748babd2b6ac0706cd9ed4bcfd4855c8d2c5535f01813fb2e10b68b31a24c0f:row:1214,1yfx|m0|A|301|-|FE|-,1yfx,FE,2,3,2,0.04181150,0.05830929,0.79253864,0.10734057
sha256:4748babd2b6ac0706cd9ed4bcfd4855c8d2c5535f01813fb2e10b68b31a24c0f:row:1220,6mur|m0|A|801|-|ZN|-,6mur,ZN,2,2,2,0.04120967,0.08140614,0.62190384,0.25548036
sha256:4748babd2b6ac0706cd9ed4bcfd4855c8d2c5535f01813fb2e10b68b31a24c0f:row:1234,6o7r|m0|D|602|-|FE|-,6o7r,FE,2,3,3,0.31496731,0.03976135,0.13497885,0.51029248
sha256:4748babd2b6ac0706cd9ed4bcfd4855c8d2c5535f01813fb2e10b68b31a24c0f:row:1238,8enl|m0|D|602|-|FE|-,8enl,FE,2,3,0,0.64942201,0.04234672,0.10549755,0.20273372
sha256:4748babd2b6ac0706cd9ed4bcfd4855c8d2c5535f01813fb2e10b68b31a24c0f:row:1253,3bix|m0|B|1|-|NI|-,3bix,NI,2,3,3,0.04203232,0.16490672,0.17608241,0.61697855
sha256:4748babd2b6ac0706cd9ed4bcfd4855c8d2c5535f01813fb2e10b68b31a24c0f:row:1258,5flh|m0|A|500|-|NI|-,5flh,NI,2,3,3,0.09285311,0.04857024,0.13594701,0.72262964
sha256:4748babd2b6ac0706cd9ed4bcfd4855c8d2c5535f01813fb2e10b68b31a24c0f:row:1262,3fsn|m0|A|534|-|FE|-,3fsn,FE,2,3,3,0.06312299,0.12667648,0.10960518,0.70059535
sha256:4748babd2b6ac0706cd9ed4bcfd4855c8d2c5535f01813fb2e10b68b31a24c0f:row:1265,2j6v|m0|A|1278|-|MN|-,2j6v,MN,2,0,0,0.79999689,0.03113794,0.05682445,0.11204071
sha256:4748babd2b6ac0706cd9ed4bcfd4855c8d2c5535f01813fb2e10b68b31a24c0f:row:1268,7eqk|m0|B|201|-|FE|-,7eqk,FE,2,3,3,0.17342460,0.08830393,0.09851250,0.63975896
sha256:4748babd2b6ac0706cd9ed4bcfd4855c8d2c5535f01813fb2e10b68b31a24c0f:row:1272,1log|m0|C|572|-|MN|-,1log,MN,2,0,0,0.77312120,0.01892694,0.07352563,0.13442622
sha256:4748babd2b6ac0706cd9ed4bcfd4855c8d2c5535f01813fb2e10b68b31a24c0f:row:1278,7uva|m0|D|401|-|FE|-,7uva,FE,2,3,3,0.20067751,0.04892054,0.08081693,0.66958502
sha256:4748babd2b6ac0706cd9ed4bcfd4855c8d2c5535f01813fb2e10b68b31a24c0f:row:1282,4oeu|m0|A|501|-|NI|-,4oeu,NI,2,3,3,0.15476145,0.06836916,0.13558789,0.64128151
sha256:4748babd2b6ac0706cd9ed4bcfd4855c8d2c5535f01813fb2e10b68b31a24c0f:row:1283,1j9r|m0|A|601|-|CU|-,1j9r,CU,2,1,2,0.02917917,0.31327938,0.53009968,0.12744177
sha256:4748babd2b6ac0706cd9ed4bcfd4855c8d2c5535f01813fb2e10b68b31a24c0f:row:1284,5vpw|m0|B|501|-|FE|-,5vpw,FE,2,3,0,0.42310181,0.02703876,0.14880813,0.40105131
sha256:4748babd2b6ac0706cd9ed4bcfd4855c8d2c5535f01813fb2e10b68b31a24c0f:row:1287,7zik|m0|A|501|-|FE|-,7zik,FE,2,3,3,0.07627303,0.07300065,0.30620093,0.54452539
sha256:4748babd2b6ac0706cd9ed4bcfd4855c8d2c5535f01813fb2e10b68b31a24c0f:row:1288,2z4g|m0|B|1503|-|FE|-,2z4g,FE,2,3,3,0.33817461,0.05492752,0.12420779,0.48269008
sha256:4748babd2b6ac0706cd9ed4bcfd4855c8d2c5535f01813fb2e10b68b31a24c0f:row:1289,2ckl|m0|B|1116|-|ZN|-,2ckl,ZN,2,2,2,0.03977488,0.05607912,0.78261224,0.12153376
sha256:4748babd2b6ac0706cd9ed4bcfd4855c8d2c5535f01813fb2e10b68b31a24c0f:row:1291,3ri7|m0|A|494|-|FE|-,3ri7,FE,2,3,3,0.32074428,0.02246749,0.11425208,0.54253614
sha256:4748babd2b6ac0706cd9ed4bcfd4855c8d2c5535f01813fb2e10b68b31a24c0f:row:1295,2wje|m0|A|1245|-|MN|-,2wje,MN,2,0,3,0.39676538,0.04010005,0.10198229,0.46115229
sha256:4748babd2b6ac0706cd9ed4bcfd4855c8d2c5535f01813fb2e10b68b31a24c0f:row:1296,2qh1|m0|A|2500|-|FE|-,2qh1,FE,2,3,2,0.05163032,0.03546464,0.77295249,0.13995255
sha256:4748babd2b6ac0706cd9ed4bcfd4855c8d2c5535f01813fb2e10b68b31a24c0f:row:1298,4y6s|m0|A|501|-|MN|-,4y6s,MN,2,0,0,0.75803898,0.03233824,0.11389910,0.09572369
sha256:4748babd2b6ac0706cd9ed4bcfd4855c8d2c5535f01813fb2e10b68b31a24c0f:row:1299,5f54|m0|A|801|-|MN|-,5f54,MN,2,0,0,0.42918308,0.05923407,0.24336632,0.26821653
sha256:4748babd2b6ac0706cd9ed4bcfd4855c8d2c5535f01813fb2e10b68b31a24c0f:row:1302,4kpy|m0|A|703|-|MN|-,4kpy,MN,2,0,0,0.68960071,0.02847185,0.17377007,0.10815737
sha256:4748babd2b6ac0706cd9ed4bcfd4855c8d2c5535f01813fb2e10b68b31a24c0f:row:1304,7cj6|m0|A|301|-|MN|-,7cj6,MN,2,0,0,0.66971263,0.02072800,0.07928285,0.23027651
sha256:4748babd2b6ac0706cd9ed4bcfd4855c8d2c5535f01813fb2e10b68b31a24c0f:row:1308,4k7d|m0|A|505|-|ZN|-,4k7d,ZN,2,2,2,0.04027562,0.04815405,0.75111919,0.16045113
sha256:4748babd2b6ac0706cd9ed4bcfd4855c8d2c5535f01813fb2e10b68b31a24c0f:row:1310,6cl5|m0|A|801|-|FE|-,6cl5,FE,2,3,3,0.06857198,0.12300132,0.15594431,0.65248239
sha256:4748babd2b6ac0706cd9ed4bcfd4855c8d2c5535f01813fb2e10b68b31a24c0f:row:1331,6via|m0|A|203|-|FE|-,6via,FE,2,3,2,0.05658951,0.02961638,0.53470019,0.37909392
sha256:4748babd2b6ac0706cd9ed4bcfd4855c8d2c5535f01813fb2e10b68b31a24c0f:row:1339,1log|m0|A|562|-|MN|-,1log,MN,2,0,0,0.77653424,0.02345945,0.07381112,0.12619519
sha256:4748babd2b6ac0706cd9ed4bcfd4855c8d2c5535f01813fb2e10b68b31a24c0f:row:1343,5ve3|m0|B|500|-|FE|-,5ve3,FE,2,3,3,0.12482338,0.05971262,0.13457897,0.68088503
sha256:4748babd2b6ac0706cd9ed4bcfd4855c8d2c5535f01813fb2e10b68b31a24c0f:row:1344,4ymk|m0|A|401|-|ZN|-,4ymk,ZN,2,2,3,0.05733382,0.12279320,0.09426061,0.72561237
sha256:4748babd2b6ac0706cd9ed4bcfd4855c8d2c5535f01813fb2e10b68b31a24c0f:row:1352,5dnx|m0|C|201|-|MN|-,5dnx,MN,2,0,0,0.78699455,0.04813357,0.06579177,0.09908012
sha256:4748babd2b6ac0706cd9ed4bcfd4855c8d2c5535f01813fb2e10b68b31a24c0f:row:1361,2ckl|m0|B|1115|-|ZN|-,2ckl,ZN,2,2,2,0.03366708,0.07159305,0.79168475,0.10305512
sha256:4748babd2b6ac0706cd9ed4bcfd4855c8d2c5535f01813fb2e10b68b31a24c0f:row:1362,1fa0|m0|A|601|-|MN|-,1fa0,MN,2,0,0,0.70695699,0.04165827,0.09981884,0.15156590
sha256:4748babd2b6ac0706cd9ed4bcfd4855c8d2c5535f01813fb2e10b68b31a24c0f:row:1370,4nn2|m0|A|401|-|ZN|-,4nn2,ZN,2,2,2,0.03540953,0.07331380,0.80209267,0.08918400
sha256:4748babd2b6ac0706cd9ed4bcfd4855c8d2c5535f01813fb2e10b68b31a24c0f:row:1371,1vj7|m0|B|1997|-|MN|-,1vj7,MN,2,0,3,0.32539846,0.02696695,0.09839423,0.54924036
sha256:4748babd2b6ac0706cd9ed4bcfd4855c8d2c5535f01813fb2e10b68b31a24c0f:row:1382,3ea1|m0|A|300|-|ZN|-,3ea1,ZN,2,2,3,0.09938123,0.08974074,0.40418000,0.40669803
sha256:4748babd2b6ac0706cd9ed4bcfd4855c8d2c5535f01813fb2e10b68b31a24c0f:row:1386,5hiq|m0|A|402|-|FE|-,5hiq,FE,2,3,3,0.19204683,0.04725750,0.10988119,0.65081448
sha256:4748babd2b6ac0706cd9ed4bcfd4855c8d2c5535f01813fb2e10b68b31a24c0f:row:1398,1fui|m0|C|592|-|MN|-,1fui,MN,2,0,0,0.66325424,0.04568556,0.08735710,0.20370310
sha256:4748babd2b6ac0706cd9ed4bcfd4855c8d2c5535f01813fb2e10b68b31a24c0f:row:1403,7wh0|m0|B|601|-|FE|-,7wh0,FE,2,3,3,0.07896387,0.06558110,0.10563486,0.74982018
sha256:4748babd2b6ac0706cd9ed4bcfd4855c8d2c5535f01813fb2e10b68b31a24c0f:row:1412,2xb1|m0|A|402|-|ZN|-,2xb1,ZN,2,2,2,0.03721164,0.06189791,0.79691340,0.10397705
sha256:4748babd2b6ac0706cd9ed4bcfd4855c8d2c5535f01813fb2e10b68b31a24c0f:row:1424,4lul|m0|B|201|-|MN|-,4lul,MN,2,0,3,0.39797659,0.04152605,0.06808898,0.49240838
sha256:4748babd2b6ac0706cd9ed4bcfd4855c8d2c5535f01813fb2e10b68b31a24c0f:row:1433,2inc|m0|A|502|-|FE|-,2inc,FE,2,3,3,0.32351445,0.02384431,0.09202054,0.56062071
sha256:4748babd2b6ac0706cd9ed4bcfd4855c8d2c5535f01813fb2e10b68b31a24c0f:row:1441,6jus|m0|F|402|-|MN|-,6jus,MN,2,0,0,0.65933476,0.04170204,0.16146322,0.13749998
sha256:4748babd2b6ac0706cd9ed4bcfd4855c8d2c5535f01813fb2e10b68b31a24c0f:row:1443,7k88|m0|B|601|-|FE|-,7k88,FE,2,3,3,0.07406304,0.06495740,0.07883106,0.78214850
sha256:4748babd2b6ac0706cd9ed4bcfd4855c8d2c5535f01813fb2e10b68b31a24c0f:row:1447,6a9t|m0|A|601|-|MN|-,6a9t,MN,2,0,0,0.63824527,0.04789232,0.10530376,0.20855865
sha256:4748babd2b6ac0706cd9ed4bcfd4855c8d2c5535f01813fb2e10b68b31a24c0f:row:1448,2z4g|m0|B|1502|-|FE|-,2z4g,FE,2,3,0,0.35039625,0.10038002,0.24992424,0.29929948
sha256:4748babd2b6ac0706cd9ed4bcfd4855c8d2c5535f01813fb2e10b68b31a24c0f:row:1465,5fib|m0|A|702|-|ZN|-,5fib,ZN,2,2,0,0.34322709,0.21758582,0.17990906,0.25927802
sha256:4748babd2b6ac0706cd9ed4bcfd4855c8d2c5535f01813fb2e10b68b31a24c0f:row:1468,8pzy|m0|A|610|-|MN|-,8pzy,MN,2,0,0,0.73567069,0.03744498,0.06561559,0.16126874
sha256:4748babd2b6ac0706cd9ed4bcfd4855c8d2c5535f01813fb2e10b68b31a24c0f:row:1469,5hpe|m0|A|1102|-|MN|-,5hpe,MN,2,0,0,0.74337995,0.04636821,0.06682326,0.14342857
sha256:4748babd2b6ac0706cd9ed4bcfd4855c8d2c5535f01813fb2e10b68b31a24c0f:row:1470,8pzy|m0|A|609|-|MN|-,8pzy,MN,2,0,0,0.66944047,0.05037822,0.09353771,0.18664361
sha256:4748babd2b6ac0706cd9ed4bcfd4855c8d2c5535f01813fb2e10b68b31a24c0f:row:1478,5ve3|m0|A|500|-|FE|-,5ve3,FE,2,3,3,0.10480547,0.05148019,0.32814923,0.51556511
sha256:4748babd2b6ac0706cd9ed4bcfd4855c8d2c5535f01813fb2e10b68b31a24c0f:row:1480,2yb1|m0|A|1289|-|MN|-,2yb1,MN,2,0,0,0.64323116,0.06801099,0.13712759,0.15163026
sha256:4748babd2b6ac0706cd9ed4bcfd4855c8d2c5535f01813fb2e10b68b31a24c0f:row:1488,1ndo|m0|C|452|-|FE|-,1ndo,FE,2,3,3,0.08915465,0.07747287,0.15349113,0.67988135
sha256:4748babd2b6ac0706cd9ed4bcfd4855c8d2c5535f01813fb2e10b68b31a24c0f:row:1490,7x9z|m0|A|204|-|CO|-,7x9z,CO,2,3,3,0.13759897,0.05040120,0.23723349,0.57476634
sha256:4748babd2b6ac0706cd9ed4bcfd4855c8d2c5535f01813fb2e10b68b31a24c0f:row:1491,5xna|m0|A|201|-|ZN|-,5xna,ZN,2,2,2,0.08196710,0.05843249,0.60856492,0.25103549
sha256:4748babd2b6ac0706cd9ed4bcfd4855c8d2c5535f01813fb2e10b68b31a24c0f:row:1497,5ofs|m0|A|102|-|ZN|-,5ofs,ZN,2,2,2,0.09818470,0.05797731,0.64732734,0.19651065
sha256:4748babd2b6ac0706cd9ed4bcfd4855c8d2c5535f01813fb2e10b68b31a24c0f:row:1502,5uv5|m0|A|602|-|MN|-,5uv5,MN,2,0,0,0.63037827,0.07978086,0.12004468,0.16979619
sha256:4748babd2b6ac0706cd9ed4bcfd4855c8d2c5535f01813fb2e10b68b31a24c0f:row:1505,1rsv|m0|A|1003|-|FE|-,1rsv,FE,2,3,3,0.07601020,0.09807733,0.16811729,0.65779519
sha256:4748babd2b6ac0706cd9ed4bcfd4855c8d2c5535f01813fb2e10b68b31a24c0f:row:1508,8j9q|m0|A|1801|-|ZN|-,8j9q,ZN,2,2,2,0.03792798,0.07602119,0.79833761,0.08771322
sha256:4748babd2b6ac0706cd9ed4bcfd4855c8d2c5535f01813fb2e10b68b31a24c0f:row:1515,7l0e|m0|A|601|-|FE|-,7l0e,FE,2,3,3,0.05835502,0.08501350,0.08219296,0.77443853
sha256:4748babd2b6ac0706cd9ed4bcfd4855c8d2c5535f01813fb2e10b68b31a24c0f:row:1518,5tdt|m0|A|506|-|FE|-,5tdt,FE,2,3,0,0.52512910,0.03546806,0.07557165,0.36383119
sha256:4748babd2b6ac0706cd9ed4bcfd4855c8d2c5535f01813fb2e10b68b31a24c0f:row:1520,5jk8|m0|B|503|-|FE|-,5jk8,FE,2,3,3,0.11397761,0.21056939,0.21727181,0.45818119
sha256:4748babd2b6ac0706cd9ed4bcfd4855c8d2c5535f01813fb2e10b68b31a24c0f:row:1521,2q0i|m0|A|998|-|FE|-,2q0i,FE,2,3,3,0.12571230,0.07324469,0.10220959,0.69883342
sha256:4748babd2b6ac0706cd9ed4bcfd4855c8d2c5535f01813fb2e10b68b31a24c0f:row:1526,1wy2|m0|A|406|-|ZN|-,1wy2,ZN,2,2,3,0.34590320,0.05031150,0.10473334,0.49905196
sha256:4748babd2b6ac0706cd9ed4bcfd4855c8d2c5535f01813fb2e10b68b31a24c0f:row:1532,2hzy|m0|B|1204|-|MN|-,2hzy,MN,2,0,0,0.75645430,0.04162756,0.09138581,0.11053233
sha256:4748babd2b6ac0706cd9ed4bcfd4855c8d2c5535f01813fb2e10b68b31a24c0f:row:1536,7s0w|m0|A|601|-|CO|-,7s0w,CO,2,3,3,0.26802796,0.01986018,0.31591417,0.39619770
sha256:4748babd2b6ac0706cd9ed4bcfd4855c8d2c5535f01813fb2e10b68b31a24c0f:row:1542,4ism|m0|A|203|-|ZN|-,4ism,ZN,2,2,2,0.16728964,0.06706667,0.42269519,0.34294851
sha256:4748babd2b6ac0706cd9ed4bcfd4855c8d2c5535f01813fb2e10b68b31a24c0f:row:1544,2yes|m0|B|1195|-|MN|-,2yes,MN,2,0,0,0.75261046,0.04781955,0.07565467,0.12391533
sha256:4748babd2b6ac0706cd9ed4bcfd4855c8d2c5535f01813fb2e10b68b31a24c0f:row:1548,8ito|m0|A|102|-|FE|-,8ito,FE,2,3,2,0.04776845,0.03953340,0.78650320,0.12619495
sha256:4748babd2b6ac0706cd9ed4bcfd4855c8d2c5535f01813fb2e10b68b31a24c0f:row:1550,5tg3|m0|A|302|-|MN|-,5tg3,MN,2,0,0,0.81189153,0.03382183,0.05708374,0.09720289
sha256:4748babd2b6ac0706cd9ed4bcfd4855c8d2c5535f01813fb2e10b68b31a24c0f:row:1560,4lpf|m0|A|303|-|MN|-,4lpf,MN,2,0,3,0.33931414,0.04219057,0.09686627,0.52162902
sha256:4748babd2b6ac0706cd9ed4bcfd4855c8d2c5535f01813fb2e10b68b31a24c0f:row:1569,2f6j|m0|A|1001|-|ZN|-,2f6j,ZN,2,2,2,0.08988523,0.30988330,0.45918509,0.14104638
sha256:4748babd2b6ac0706cd9ed4bcfd4855c8d2c5535f01813fb2e10b68b31a24c0f:row:1572,2r6f|m0|A|1006|-|ZN|-,2r6f,ZN,2,2,2,0.03660557,0.05997382,0.75987585,0.14354476
sha256:4748babd2b6ac0706cd9ed4bcfd4855c8d2c5535f01813fb2e10b68b31a24c0f:row:1575,1suv|m0|C|339|-|FE|-,1suv,FE,2,3,3,0.21291972,0.09257748,0.17540357,0.51909923
sha256:4748babd2b6ac0706cd9ed4bcfd4855c8d2c5535f01813fb2e10b68b31a24c0f:row:1577,7prv|m0|A|802|-|ZN|-,7prv,ZN,2,2,2,0.04372652,0.05362292,0.79706271,0.10558785
sha256:4748babd2b6ac0706cd9ed4bcfd4855c8d2c5535f01813fb2e10b68b31a24c0f:row:1579,1q54|m0|B|201|-|MN|-,1q54,MN,2,0,0,0.43782751,0.03822043,0.10841814,0.41553392
sha256:4748babd2b6ac0706cd9ed4bcfd4855c8d2c5535f01813fb2e10b68b31a24c0f:row:1581,8enm|m0|B|601|-|FE|-,8enm,FE,2,3,0,0.46137493,0.03674179,0.12670811,0.37517517
sha256:4748babd2b6ac0706cd9ed4bcfd4855c8d2c5535f01813fb2e10b68b31a24c0f:row:1583,1u10|m0|A|601|-|ZN|-,1u10,ZN,2,2,2,0.09319011,0.08792609,0.51179605,0.30708774
sha256:4748babd2b6ac0706cd9ed4bcfd4855c8d2c5535f01813fb2e10b68b31a24c0f:row:1586,6zgp|m0|A|401|-|FE|-,6zgp,FE,2,3,3,0.18299065,0.09438239,0.18681108,0.53581588
sha256:4748babd2b6ac0706cd9ed4bcfd4855c8d2c5535f01813fb2e10b68b31a24c0f:row:1591,5cxm|m0|A|203|-|NI|-,5cxm,NI,2,3,2,0.08206320,0.05953321,0.48802847,0.37037512
sha256:4748babd2b6ac0706cd9ed4bcfd4855c8d2c5535f01813fb2e10b68b31a24c0f:row:1593,3i63|m0|A|501|-|FE|-,3i63,FE,2,3,3,0.35687697,0.02924981,0.09306048,0.52081274
sha256:4748babd2b6ac0706cd9ed4bcfd4855c8d2c5535f01813fb2e10b68b31a24c0f:row:1605,7lvz|m0|A|301|-|FE|-,7lvz,FE,2,3,3,0.16546476,0.07686633,0.10667482,0.65099409
sha256:4748babd2b6ac0706cd9ed4bcfd4855c8d2c5535f01813fb2e10b68b31a24c0f:row:1611,3a1z|m0|A|226|-|ZN|-,3a1z,ZN,2,2,2,0.08042041,0.06895117,0.55949287,0.29113555
sha256:4748babd2b6ac0706cd9ed4bcfd4855c8d2c5535f01813fb2e10b68b31a24c0f:row:1613,5xna|m0|B|203|-|ZN|-,5xna,ZN,2,2,1,0.04082379,0.45331352,0.35519610,0.15066659
sha256:4748babd2b6ac0706cd9ed4bcfd4855c8d2c5535f01813fb2e10b68b31a24c0f:row:1618,5jbi|m0|B|502|-|MN|-,5jbi,MN,2,0,0,0.73934731,0.03404023,0.11761833,0.10899412
sha256:4748babd2b6ac0706cd9ed4bcfd4855c8d2c5535f01813fb2e10b68b31a24c0f:row:1619,7z3f|m0|A|201|-|CU|-,7z3f,CU,2,1,1,0.03289777,0.60840149,0.26747062,0.09123012
sha256:4748babd2b6ac0706cd9ed4bcfd4855c8d2c5535f01813fb2e10b68b31a24c0f:row:1626,7x7w|m0|B|301|-|MN|-,7x7w,MN,2,0,0,0.77698651,0.04079767,0.06821456,0.11400125
sha256:4748babd2b6ac0706cd9ed4bcfd4855c8d2c5535f01813fb2e10b68b31a24c0f:row:1632,3ovp|m0|A|229|-|FE|-,3ovp,FE,2,3,3,0.35696312,0.06421248,0.08074456,0.49807984
sha256:4748babd2b6ac0706cd9ed4bcfd4855c8d2c5535f01813fb2e10b68b31a24c0f:row:1641,1onp|m0|A|1002|-|MN|-,1onp,MN,2,0,0,0.66301388,0.03732060,0.13825659,0.16140893
sha256:4748babd2b6ac0706cd9ed4bcfd4855c8d2c5535f01813fb2e10b68b31a24c0f:row:1642,3zhy|m0|A|401|-|MN|-,3zhy,MN,2,0,0,0.64047802,0.03751645,0.21176711,0.11023843
sha256:4748babd2b6ac0706cd9ed4bcfd4855c8d2c5535f01813fb2e10b68b31a24c0f:row:1647,7dnn|m0|A|402|-|MN|-,7dnn,MN,2,0,0,0.77999923,0.03704050,0.06852610,0.11443418
sha256:4748babd2b6ac0706cd9ed4bcfd4855c8d2c5535f01813fb2e10b68b31a24c0f:row:1648,1ytm|m0|A|999|-|MN|-,1ytm,MN,2,0,0,0.42204263,0.06284477,0.16232651,0.35278609
sha256:4748babd2b6ac0706cd9ed4bcfd4855c8d2c5535f01813fb2e10b68b31a24c0f:row:1652,4uwq|m0|A|580|-|MN|-,4uwq,MN,2,0,0,0.74583391,0.04868592,0.09292603,0.11255414
sha256:4748babd2b6ac0706cd9ed4bcfd4855c8d2c5535f01813fb2e10b68b31a24c0f:row:1653,6vib|m0|A|202|-|FE|-,6vib,FE,2,3,3,0.35274609,0.06714272,0.14010481,0.44000638
sha256:4748babd2b6ac0706cd9ed4bcfd4855c8d2c5535f01813fb2e10b68b31a24c0f:row:1657,6kxu|m0|D|604|-|MN|-,6kxu,MN,2,0,0,0.47036216,0.04067368,0.33736523,0.15159893
sha256:4748babd2b6ac0706cd9ed4bcfd4855c8d2c5535f01813fb2e10b68b31a24c0f:row:1659,3p1v|m0|A|426|-|ZN|-,3p1v,ZN,2,2,3,0.14885682,0.06508004,0.15785715,0.62820599
sha256:4748babd2b6ac0706cd9ed4bcfd4855c8d2c5535f01813fb2e10b68b31a24c0f:row:1662,4p9y|m0|B|302|-|MN|-,4p9y,MN,2,0,0,0.80937291,0.04044773,0.06615687,0.08402249
sha256:4748babd2b6ac0706cd9ed4bcfd4855c8d2c5535f01813fb2e10b68b31a24c0f:row:1663,2pkg|m0|C|176|-|ZN|-,2pkg,ZN,2,2,2,0.04498976,0.04437884,0.81405540,0.09657600
sha256:4748babd2b6ac0706cd9ed4bcfd4855c8d2c5535f01813fb2e10b68b31a24c0f:row:1664,1xmh|m0|A|5171|-|CO|-,1xmh,CO,2,3,0,0.46739442,0.06365278,0.13834455,0.33060825
sha256:4748babd2b6ac0706cd9ed4bcfd4855c8d2c5535f01813fb2e10b68b31a24c0f:row:1671,6wnl|m0|A|401|-|ZN|-,6wnl,ZN,2,2,2,0.02964515,0.13041654,0.76662700,0.07331132
sha256:4748babd2b6ac0706cd9ed4bcfd4855c8d2c5535f01813fb2e10b68b31a24c0f:row:1672,1ysj|m0|A|381|-|NI|-,1ysj,NI,2,3,3,0.11459387,0.08195819,0.39468879,0.40875916
sha256:4748babd2b6ac0706cd9ed4bcfd4855c8d2c5535f01813fb2e10b68b31a24c0f:row:1679,3dhi|m0|A|600|-|FE|-,3dhi,FE,2,3,0,0.48508733,0.04154599,0.08487401,0.38849267
sha256:4748babd2b6ac0706cd9ed4bcfd4855c8d2c5535f01813fb2e10b68b31a24c0f:row:1686,3ge3|m0|A|501|-|FE|-,3ge3,FE,2,3,3,0.25541434,0.02347910,0.08563192,0.63547465
sha256:4748babd2b6ac0706cd9ed4bcfd4855c8d2c5535f01813fb2e10b68b31a24c0f:row:1688,2j6v|m0|B|1278|-|MN|-,2j6v,MN,2,0,0,0.44315228,0.03465629,0.11821867,0.40397276
sha256:4748babd2b6ac0706cd9ed4bcfd4855c8d2c5535f01813fb2e10b68b31a24c0f:row:1689,6o7n|m0|D|601|-|FE|-,6o7n,FE,2,3,3,0.32955826,0.03926804,0.14218707,0.48898663
sha256:4748babd2b6ac0706cd9ed4bcfd4855c8d2c5535f01813fb2e10b68b31a24c0f:row:1694,4lul|m0|A|201|-|MN|-,4lul,MN,2,0,3,0.41281036,0.04115627,0.06587425,0.48015912
sha256:4748babd2b6ac0706cd9ed4bcfd4855c8d2c5535f01813fb2e10b68b31a24c0f:row:1703,7mg9|m0|A|301|-|MN|-,7mg9,MN,2,0,0,0.62567516,0.05010707,0.18082990,0.14338787
sha256:4748babd2b6ac0706cd9ed4bcfd4855c8d2c5535f01813fb2e10b68b31a24c0f:row:1706,3t1i|m0|A|412|-|MN|-,3t1i,MN,2,0,0,0.44024056,0.10628172,0.29018939,0.16328833
sha256:4748babd2b6ac0706cd9ed4bcfd4855c8d2c5535f01813fb2e10b68b31a24c0f:row:1708,8wmg|m0|B|301|-|MN|-,8wmg,MN,2,0,0,0.74284113,0.02113372,0.07697633,0.15904882
sha256:4748babd2b6ac0706cd9ed4bcfd4855c8d2c5535f01813fb2e10b68b31a24c0f:row:1715,4qc1|m0|A|2202|-|ZN|-,4qc1,ZN,2,2,2,0.08990467,0.09178831,0.63061115,0.18769587
sha256:4748babd2b6ac0706cd9ed4bcfd4855c8d2c5535f01813fb2e10b68b31a24c0f:row:1725,6ala|m0|A|1001|-|CU|-,6ala,CU,2,1,1,0.06104940,0.41230833,0.21208533,0.31455694
sha256:4748babd2b6ac0706cd9ed4bcfd4855c8d2c5535f01813fb2e10b68b31a24c0f:row:1728,3rtr|m0|B|210|-|ZN|-,3rtr,ZN,2,2,2,0.04382386,0.07661019,0.79545653,0.08410942
sha256:4748babd2b6ac0706cd9ed4bcfd4855c8d2c5535f01813fb2e10b68b31a24c0f:row:1737,3dys|m0|B|901|-|MN|-,3dys,MN,2,0,0,0.56605505,0.03234225,0.09680665,0.30479604
sha256:4748babd2b6ac0706cd9ed4bcfd4855c8d2c5535f01813fb2e10b68b31a24c0f:row:1751,4bwt|m0|B|1124|-|CU|-,4bwt,CU,2,1,1,0.03356388,0.69975439,0.17858292,0.08809881
sha256:4748babd2b6ac0706cd9ed4bcfd4855c8d2c5535f01813fb2e10b68b31a24c0f:row:1752,4r9g|m0|A|505|-|ZN|-,4r9g,ZN,2,2,2,0.09354370,0.17627093,0.53728749,0.19289788
sha256:4748babd2b6ac0706cd9ed4bcfd4855c8d2c5535f01813fb2e10b68b31a24c0f:row:1764,6lug|m0|B|402|-|MN|-,6lug,MN,2,0,0,0.50662873,0.04040884,0.06610573,0.38685670
sha256:4748babd2b6ac0706cd9ed4bcfd4855c8d2c5535f01813fb2e10b68b31a24c0f:row:1768,3dgd|m0|A|128|-|ZN|-,3dgd,ZN,2,2,2,0.16782568,0.13857070,0.51152393,0.18207969
sha256:4748babd2b6ac0706cd9ed4bcfd4855c8d2c5535f01813fb2e10b68b31a24c0f:row:1771,4ogr|m0|D|102|-|ZN|-,4ogr,ZN,2,2,2,0.06122055,0.06284785,0.74987322,0.12605838
sha256:4748babd2b6ac0706cd9ed4bcfd4855c8d2c5535f01813fb2e10b68b31a24c0f:row:1772,6egs|m0|B|601|-|MN|-,6egs,MN,2,0,3,0.37098909,0.07935999,0.17142884,0.37822208
sha256:4748babd2b6ac0706cd9ed4bcfd4855c8d2c5535f01813fb2e10b68b31a24c0f:row:1782,3c25|m0|B|902|-|FE|-,3c25,FE,2,3,2,0.04365641,0.26052727,0.53517367,0.16064265
sha256:4748babd2b6ac0706cd9ed4bcfd4855c8d2c5535f01813fb2e10b68b31a24c0f:row:1786,3ivs|m0|B|500|-|CO|-,3ivs,CO,2,3,3,0.11939726,0.11048571,0.23386695,0.53625007
sha256:4748babd2b6ac0706cd9ed4bcfd4855c8d2c5535f01813fb2e10b68b31a24c0f:row:1787,4aic|m0|B|1390|-|MN|-,4aic,MN,2,0,0,0.79518970,0.03314009,0.07953424,0.09213597
sha256:4748babd2b6ac0706cd9ed4bcfd4855c8d2c5535f01813fb2e10b68b31a24c0f:row:1790,7t91|m0|A|401|-|ZN|-,7t91,ZN,2,2,2,0.04146173,0.07789940,0.74277048,0.13786839
sha256:4748babd2b6ac0706cd9ed4bcfd4855c8d2c5535f01813fb2e10b68b31a24c0f:row:1798,1fa0|m0|A|600|-|MN|-,1fa0,MN,2,0,0,0.65460480,0.03331916,0.11331380,0.19876223
sha256:4748babd2b6ac0706cd9ed4bcfd4855c8d2c5535f01813fb2e10b68b31a24c0f:row:1799,5o1u|m0|A|403|-|MN|-,5o1u,MN,2,0,0,0.62700335,0.07351791,0.17447641,0.12500233
sha256:4748babd2b6ac0706cd9ed4bcfd4855c8d2c5535f01813fb2e10b68b31a24c0f:row:1803,2y42|m0|C|999|-|MN|-,2y42,MN,2,0,0,0.60712983,0.04235827,0.18013110,0.17038081
sha256:4748babd2b6ac0706cd9ed4bcfd4855c8d2c5535f01813fb2e10b68b31a24c0f:row:1806,4y67|m0|A|502|-|MN|-,4y67,MN,2,0,0,0.75286972,0.03229868,0.10938958,0.10544202
sha256:4748babd2b6ac0706cd9ed4bcfd4855c8d2c5535f01813fb2e10b68b31a24c0f:row:1809,6yi1|m0|B|405|-|ZN|-,6yi1,ZN,2,2,2,0.04737584,0.31294386,0.37029615,0.26938415
sha256:4748babd2b6ac0706cd9ed4bcfd4855c8d2c5535f01813fb2e10b68b31a24c0f:row:1816,5u9z|m0|A|901|-|MN|-,5u9z,MN,2,0,0,0.47542303,0.03498479,0.08074013,0.40885205
sha256:4748babd2b6ac0706cd9ed4bcfd4855c8d2c5535f01813fb2e10b68b31a24c0f:row:1819,2iv0|m0|A|1413|-|ZN|-,2iv0,ZN,2,2,3,0.12421315,0.12510432,0.35320859,0.39747394
sha256:4748babd2b6ac0706cd9ed4bcfd4855c8d2c5535f01813fb2e10b68b31a24c0f:row:1821,7v4g|m0|B|301|-|MN|-,7v4g,MN,2,0,0,0.47815116,0.04717350,0.09950609,0.37516925
sha256:4748babd2b6ac0706cd9ed4bcfd4855c8d2c5535f01813fb2e10b68b31a24c0f:row:1826,1ono|m0|A|1001|-|MN|-,1ono,MN,2,0,0,0.75473138,0.03805775,0.10257991,0.10463095
sha256:4748babd2b6ac0706cd9ed4bcfd4855c8d2c5535f01813fb2e10b68b31a24c0f:row:1832,1rmq|m0|B|403|-|CO|-,1rmq,CO,2,3,2,0.18095850,0.05637974,0.58620885,0.17645292
sha256:4748babd2b6ac0706cd9ed4bcfd4855c8d2c5535f01813fb2e10b68b31a24c0f:row:1837,7cj5|m0|A|301|-|MN|-,7cj5,MN,2,0,0,0.79272740,0.02947165,0.06703321,0.11076773
sha256:4748babd2b6ac0706cd9ed4bcfd4855c8d2c5535f01813fb2e10b68b31a24c0f:row:1839,4zr1|m0|A|402|-|ZN|-,4zr1,ZN,2,2,3,0.13330539,0.06936681,0.12225086,0.67507694
sha256:4748babd2b6ac0706cd9ed4bcfd4855c8d2c5535f01813fb2e10b68b31a24c0f:row:1843,3ww4|m0|A|401|-|MN|-,3ww4,MN,2,0,0,0.58758920,0.06051921,0.07150946,0.28038213
sha256:4748babd2b6ac0706cd9ed4bcfd4855c8d2c5535f01813fb2e10b68b31a24c0f:row:1844,2yb1|m0|A|1290|-|MN|-,2yb1,MN,2,0,0,0.61984564,0.05214918,0.07576463,0.25224055
sha256:4748babd2b6ac0706cd9ed4bcfd4855c8d2c5535f01813fb2e10b68b31a24c0f:row:1858,3ec0|m0|B|401|-|ZN|-,3ec0,ZN,2,2,2,0.08430825,0.06581480,0.63115161,0.21872535
sha256:4748babd2b6ac0706cd9ed4bcfd4855c8d2c5535f01813fb2e10b68b31a24c0f:row:1879,5up9|m0|A|202|-|ZN|-,5up9,ZN,2,2,2,0.13191593,0.05474026,0.49933401,0.31400980
sha256:4748babd2b6ac0706cd9ed4bcfd4855c8d2c5535f01813fb2e10b68b31a24c0f:row:1880,7eus|m0|B|401|-|CU|-,7eus,CU,2,1,3,0.10874722,0.10476019,0.19174910,0.59474349
sha256:4748babd2b6ac0706cd9ed4bcfd4855c8d2c5535f01813fb2e10b68b31a24c0f:row:1884,8c60|m0|C|1103|-|ZN|-,8c60,ZN,2,2,2,0.04347002,0.05458220,0.79284894,0.10909883
sha256:4748babd2b6ac0706cd9ed4bcfd4855c8d2c5535f01813fb2e10b68b31a24c0f:row:1885,2iyk|m0|A|1165|-|ZN|-,2iyk,ZN,2,2,2,0.03908130,0.07318802,0.56146683,0.32626385
sha256:4748babd2b6ac0706cd9ed4bcfd4855c8d2c5535f01813fb2e10b68b31a24c0f:row:1889,4z4k|m0|A|302|-|ZN|-,4z4k,ZN,2,2,2,0.05477038,0.11220414,0.64621791,0.18680757
sha256:4748babd2b6ac0706cd9ed4bcfd4855c8d2c5535f01813fb2e10b68b31a24c0f:row:1906,6seh|m0|A|401|-|ZN|-,6seh,ZN,2,2,2,0.04899406,0.11093390,0.71420859,0.12586345
sha256:4748babd2b6ac0706cd9ed4bcfd4855c8d2c5535f01813fb2e10b68b31a24c0f:row:1911,3uss|m0|B|212|-|FE|-,3uss,FE,2,3,1,0.05409599,0.38711898,0.22888333,0.32990170
sha256:4748babd2b6ac0706cd9ed4bcfd4855c8d2c5535f01813fb2e10b68b31a24c0f:row:1912,5mc2|m0|B|499|-|MN|-,5mc2,MN,2,0,0,0.71486196,0.04997157,0.07025518,0.16491129
sha256:4748babd2b6ac0706cd9ed4bcfd4855c8d2c5535f01813fb2e10b68b31a24c0f:row:1916,2x4h|m0|A|1140|-|ZN|-,2x4h,ZN,2,2,2,0.08841519,0.10814978,0.56374011,0.23969493
sha256:4748babd2b6ac0706cd9ed4bcfd4855c8d2c5535f01813fb2e10b68b31a24c0f:row:1921,2o1q|m0|B|146|-|ZN|-,2o1q,ZN,2,2,3,0.20345196,0.05038966,0.34449941,0.40165897
sha256:4748babd2b6ac0706cd9ed4bcfd4855c8d2c5535f01813fb2e10b68b31a24c0f:row:1923,4aic|m0|A|1392|-|MN|-,4aic,MN,2,0,0,0.70927392,0.03430764,0.15812407,0.09829437
sha256:4748babd2b6ac0706cd9ed4bcfd4855c8d2c5535f01813fb2e10b68b31a24c0f:row:1930,5mc0|m0|A|499|-|MN|-,5mc0,MN,2,0,0,0.74206495,0.03957643,0.06900427,0.14935434
sha256:4748babd2b6ac0706cd9ed4bcfd4855c8d2c5535f01813fb2e10b68b31a24c0f:row:1933,6y2x|m0|A|701|-|ZN|-,6y2x,ZN,2,2,2,0.05374670,0.06245010,0.73985615,0.14394704
sha256:4748babd2b6ac0706cd9ed4bcfd4855c8d2c5535f01813fb2e10b68b31a24c0f:row:1943,2z4g|m0|A|503|-|FE|-,2z4g,FE,2,3,3,0.24709392,0.05752999,0.13905399,0.55632209
sha256:4748babd2b6ac0706cd9ed4bcfd4855c8d2c5535f01813fb2e10b68b31a24c0f:row:1944,8dsn|m0|A|401|-|CU|-,8dsn,CU,2,1,1,0.02689680,0.71907762,0.18558419,0.06844139
sha256:4748babd2b6ac0706cd9ed4bcfd4855c8d2c5535f01813fb2e10b68b31a24c0f:row:1945,7uod|m0|B|303|-|MN|-,7uod,MN,2,0,0,0.72320579,0.02134555,0.08721726,0.16823140
sha256:4748babd2b6ac0706cd9ed4bcfd4855c8d2c5535f01813fb2e10b68b31a24c0f:row:1951,2ycb|m0|A|1638|-|ZN|-,2ycb,ZN,2,2,3,0.10581705,0.10078640,0.18560681,0.60778974
sha256:4748babd2b6ac0706cd9ed4bcfd4855c8d2c5535f01813fb2e10b68b31a24c0f:row:1953,8sut|m0|A|402|-|MN|-,8sut,MN,2,0,0,0.61233679,0.04364954,0.12172019,0.22229349
sha256:4748babd2b6ac0706cd9ed4bcfd4855c8d2c5535f01813fb2e10b68b31a24c0f:row:1969,2o08|m0|A|401|-|FE|-,2o08,FE,2,3,3,0.17824599,0.06913134,0.11878204,0.63384064
sha256:4748babd2b6ac0706cd9ed4bcfd4855c8d2c5535f01813fb2e10b68b31a24c0f:row:1975,8d9j|m0|C|701|-|FE|-,8d9j,FE,2,3,3,0.20624593,0.06426645,0.14920444,0.58028318
sha256:4748babd2b6ac0706cd9ed4bcfd4855c8d2c5535f01813fb2e10b68b31a24c0f:row:1981,3zhy|m0|B|401|-|MN|-,3zhy,MN,2,0,0,0.66009106,0.04642871,0.15464928,0.13883095
sha256:4748babd2b6ac0706cd9ed4bcfd4855c8d2c5535f01813fb2e10b68b31a24c0f:row:1986,2v3x|m0|A|1442|-|MN|-,2v3x,MN,2,0,0,0.68357110,0.04921859,0.12841549,0.13879483
sha256:4748babd2b6ac0706cd9ed4bcfd4855c8d2c5535f01813fb2e10b68b31a24c0f:row:1990,1o23|m0|B|807|-|MN|-,1o23,MN,2,0,3,0.41403060,0.04662280,0.10899796,0.43034863
sha256:4748babd2b6ac0706cd9ed4bcfd4855c8d2c5535f01813fb2e10b68b31a24c0f:row:1994,2y1f|m0|A|1392|-|MN|-,2y1f,MN,2,0,0,0.73992664,0.03662021,0.09634819,0.12710497
sha256:4748babd2b6ac0706cd9ed4bcfd4855c8d2c5535f01813fb2e10b68b31a24c0f:row:2000,5nth|m0|A|603|-|MN|-,5nth,MN,2,0,0,0.69616544,0.02344610,0.08445858,0.19592988
sha256:4748babd2b6ac0706cd9ed4bcfd4855c8d2c5535f01813fb2e10b68b31a24c0f:row:2003,1j9r|m0|A|602|-|CU|-,1j9r,CU,2,1,3,0.08384566,0.13340992,0.13473008,0.64801435
sha256:4748babd2b6ac0706cd9ed4bcfd4855c8d2c5535f01813fb2e10b68b31a24c0f:row:2008,2rdb|m0|A|500|-|FE|-,2rdb,FE,2,3,3,0.41733458,0.03924458,0.09288763,0.45053321
sha256:4748babd2b6ac0706cd9ed4bcfd4855c8d2c5535f01813fb2e10b68b31a24c0f:row:2010,5equ|m0|C|300|-|FE|-,5equ,FE,2,3,3,0.09825270,0.05113590,0.19863301,0.65197839
sha256:4748babd2b6ac0706cd9ed4bcfd4855c8d2c5535f01813fb2e10b68b31a24c0f:row:2016,4r8p|m0|L|402|-|ZN|-,4r8p,ZN,2,2,2,0.03622130,0.07221414,0.81539212,0.07617244
sha256:4748babd2b6ac0706cd9ed4bcfd4855c8d2c5535f01813fb2e10b68b31a24c0f:row:2024,1ahj|m0|G|208|-|FE|-,1ahj,FE,2,3,2,0.05790127,0.05442022,0.51100987,0.37666864
sha256:4748babd2b6ac0706cd9ed4bcfd4855c8d2c5535f01813fb2e10b68b31a24c0f:row:2026,4chl|m0|B|501|-|FE|-,4chl,FE,2,3,3,0.25387968,0.05023012,0.10927257,0.58661763
sha256:4748babd2b6ac0706cd9ed4bcfd4855c8d2c5535f01813fb2e10b68b31a24c0f:row:2027,1mzf|m0|A|400|-|FE|-,1mzf,FE,2,3,3,0.21068816,0.07123422,0.13616017,0.58191745
sha256:4748babd2b6ac0706cd9ed4bcfd4855c8d2c5535f01813fb2e10b68b31a24c0f:row:2039,1piw|m0|A|1502|-|ZN|-,1piw,ZN,2,2,2,0.05665482,0.12261122,0.72823135,0.09250261
sha256:4748babd2b6ac0706cd9ed4bcfd4855c8d2c5535f01813fb2e10b68b31a24c0f:row:2041,2evo|m0|A|901|-|CO|-,2evo,CO,2,3,3,0.20131913,0.04575045,0.33645259,0.41647782
sha256:4748babd2b6ac0706cd9ed4bcfd4855c8d2c5535f01813fb2e10b68b31a24c0f:row:2042,5v2x|m0|A|401|-|MN|-,5v2x,MN,2,0,3,0.35912482,0.04511238,0.06537686,0.53038593
sha256:4748babd2b6ac0706cd9ed4bcfd4855c8d2c5535f01813fb2e10b68b31a24c0f:row:2066,4qsf|m0|A|401|-|MN|-,4qsf,MN,2,0,0,0.63541733,0.05156002,0.06781271,0.24520994
sha256:4748babd2b6ac0706cd9ed4bcfd4855c8d2c5535f01813fb2e10b68b31a24c0f:row:2075,8gis|m0|C|603|-|MN|-,8gis,MN,2,0,0,0.77986812,0.04553629,0.06309835,0.11149724
sha256:4748babd2b6ac0706cd9ed4bcfd4855c8d2c5535f01813fb2e10b68b31a24c0f:row:2080,5dah|m0|A|305|-|ZN|-,5dah,ZN,2,2,2,0.03819250,0.21817448,0.64933227,0.09430075
sha256:4748babd2b6ac0706cd9ed4bcfd4855c8d2c5535f01813fb2e10b68b31a24c0f:row:2089,2y1f|m0|B|1390|-|MN|-,2y1f,MN,2,0,0,0.75739976,0.03469335,0.10247280,0.10543410
sha256:4748babd2b6ac0706cd9ed4bcfd4855c8d2c5535f01813fb2e10b68b31a24c0f:row:2098,7euu|m0|B|401|-|CU|-,7euu,CU,2,1,3,0.11552536,0.12211676,0.16258794,0.59976995
sha256:4748babd2b6ac0706cd9ed4bcfd4855c8d2c5535f01813fb2e10b68b31a24c0f:row:2103,1adu|m0|A|531|-|ZN|-,1adu,ZN,2,2,2,0.04037544,0.05422271,0.79902460,0.10637724
sha256:4748babd2b6ac0706cd9ed4bcfd4855c8d2c5535f01813fb2e10b68b31a24c0f:row:2109,7bv5|m0|A|301|-|ZN|-,7bv5,ZN,2,2,2,0.05460659,0.06352171,0.66073257,0.22113913
sha256:4748babd2b6ac0706cd9ed4bcfd4855c8d2c5535f01813fb2e10b68b31a24c0f:row:2111,8cqm|m0|B|303|-|FE|-,8cqm,FE,2,3,0,0.40806401,0.09358064,0.11586404,0.38249131
sha256:4748babd2b6ac0706cd9ed4bcfd4855c8d2c5535f01813fb2e10b68b31a24c0f:row:2116,1rnr|m0|A|402|-|FE|-,1rnr,FE,2,3,3,0.14515376,0.05094364,0.11927766,0.68462494
sha256:4748babd2b6ac0706cd9ed4bcfd4855c8d2c5535f01813fb2e10b68b31a24c0f:row:2117,8dcb|m0|B|503|-|NI|-,8dcb,NI,2,3,3,0.11580552,0.09697209,0.33792364,0.44929875
sha256:4748babd2b6ac0706cd9ed4bcfd4855c8d2c5535f01813fb2e10b68b31a24c0f:row:2118,3vj6|m0|B|100|-|NI|-,3vj6,NI,2,3,3,0.14049653,0.12420037,0.18661297,0.54869013
sha256:4748babd2b6ac0706cd9ed4bcfd4855c8d2c5535f01813fb2e10b68b31a24c0f:row:2121,4fbq|m0|A|1502|-|MN|-,4fbq,MN,2,0,0,0.73440801,0.08620349,0.08428295,0.09510554
sha256:4748babd2b6ac0706cd9ed4bcfd4855c8d2c5535f01813fb2e10b68b31a24c0f:row:2122,2ind|m0|A|501|-|MN|-,2ind,MN,2,0,0,0.62369893,0.03971843,0.07204016,0.26454248
sha256:4748babd2b6ac0706cd9ed4bcfd4855c8d2c5535f01813fb2e10b68b31a24c0f:row:2123,5avp|m0|B|401|-|MN|-,5avp,MN,2,0,3,0.37304905,0.10107122,0.10090199,0.42497774
sha256:4748babd2b6ac0706cd9ed4bcfd4855c8d2c5535f01813fb2e10b68b31a24c0f:row:2124,3cqj|m0|B|286|-|ZN|-,3cqj,ZN,2,2,1,0.09274919,0.42982244,0.32495732,0.15247105
sha256:4748babd2b6ac0706cd9ed4bcfd4855c8d2c5535f01813fb2e10b68b31a24c0f:row:2126,4zhk|m0|A|601|-|FE|-,4zhk,FE,2,3,3,0.17172490,0.07592848,0.11039353,0.64195308
sha256:4748babd2b6ac0706cd9ed4bcfd4855c8d2c5535f01813fb2e10b68b31a24c0f:row:2143,2fgy|m0|A|620|-|ZN|-,2fgy,ZN,2,2,2,0.03635442,0.13342587,0.70661547,0.12360424
sha256:4748babd2b6ac0706cd9ed4bcfd4855c8d2c5535f01813fb2e10b68b31a24c0f:row:2146,4ac8|m0|A|501|-|MN|-,4ac8,MN,2,0,0,0.48122411,0.06074977,0.08649154,0.37153457
sha256:4748babd2b6ac0706cd9ed4bcfd4855c8d2c5535f01813fb2e10b68b31a24c0f:row:2150,2pau|m0|B|201|-|CO|-,2pau,CO,2,3,3,0.27505237,0.08814625,0.12196892,0.51483245
sha256:4748babd2b6ac0706cd9ed4bcfd4855c8d2c5535f01813fb2e10b68b31a24c0f:row:2154,7cj5|m0|B|301|-|MN|-,7cj5,MN,2,0,0,0.77791070,0.03223455,0.05792242,0.13193233
sha256:4748babd2b6ac0706cd9ed4bcfd4855c8d2c5535f01813fb2e10b68b31a24c0f:row:2155,5nq9|m0|A|602|-|CU|-,5nq9,CU,2,1,1,0.03992762,0.57502341,0.28490978,0.10013918
sha256:4748babd2b6ac0706cd9ed4bcfd4855c8d2c5535f01813fb2e10b68b31a24c0f:row:2160,5c74|m0|A|302|-|NI|-,5c74,NI,2,3,2,0.09771936,0.10105449,0.46676479,0.33446137
sha256:4748babd2b6ac0706cd9ed4bcfd4855c8d2c5535f01813fb2e10b68b31a24c0f:row:2161,2par|m0|B|201|-|CO|-,2par,CO,2,3,3,0.34551724,0.06903863,0.11441247,0.47103166
sha256:4748babd2b6ac0706cd9ed4bcfd4855c8d2c5535f01813fb2e10b68b31a24c0f:row:2162,4qc1|m0|B|2202|-|ZN|-,4qc1,ZN,2,2,0,0.32859138,0.07238871,0.31741875,0.28160116
sha256:4748babd2b6ac0706cd9ed4bcfd4855c8d2c5535f01813fb2e10b68b31a24c0f:row:2176,6ck1|m0|A|501|-|ZN|-,6ck1,ZN,2,2,1,0.06650650,0.36379655,0.32838161,0.24131535
sha256:4748babd2b6ac0706cd9ed4bcfd4855c8d2c5535f01813fb2e10b68b31a24c0f:row:2180,5tdt|m0|D|503|-|FE|-,5tdt,FE,2,3,3,0.35466899,0.04244848,0.10620474,0.49667779
sha256:4748babd2b6ac0706cd9ed4bcfd4855c8d2c5535f01813fb2e10b68b31a24c0f:row:2185,4pfh|m0|B|501|-|MN|-,4pfh,MN,2,0,0,0.77014416,0.04026627,0.06981040,0.11977916
sha256:4748babd2b6ac0706cd9ed4bcfd4855c8d2c5535f01813fb2e10b68b31a24c0f:row:2189,1bqp|m0|A|301|-|MN|-,1bqp,MN,2,0,0,0.77731888,0.02198305,0.06831958,0.13237850
sha256:4748babd2b6ac0706cd9ed4bcfd4855c8d2c5535f01813fb2e10b68b31a24c0f:row:2195,4rti|m0|A|801|-|MN|-,4rti,MN,2,0,2,0.21054635,0.09868622,0.55831208,0.13245535
sha256:4748babd2b6ac0706cd9ed4bcfd4855c8d2c5535f01813fb2e10b68b31a24c0f:row:2197,1jaw|m0|A|441|-|MN|-,1jaw,MN,2,0,0,0.74002724,0.04038624,0.08788733,0.13169919
sha256:4748babd2b6ac0706cd9ed4bcfd4855c8d2c5535f01813fb2e10b68b31a24c0f:row:2201,1jqb|m0|A|1353|-|ZN|-,1jqb,ZN,2,2,2,0.07290399,0.12466911,0.64641902,0.15600788
sha256:4748babd2b6ac0706cd9ed4bcfd4855c8d2c5535f01813fb2e10b68b31a24c0f:row:2206,5tg3|m0|C|302|-|MN|-,5tg3,MN,2,0,0,0.79963752,0.03692769,0.06213896,0.10129583
sha256:4748babd2b6ac0706cd9ed4bcfd4855c8d2c5535f01813fb2e10b68b31a24c0f:row:2207,3oxf|m0|A|439|-|ZN|-,3oxf,ZN,2,2,2,0.04321145,0.04500648,0.81969659,0.09208548
sha256:4748babd2b6ac0706cd9ed4bcfd4855c8d2c5535f01813fb2e10b68b31a24c0f:row:2217,4gqu|m0|A|301|-|MN|-,4gqu,MN,2,0,3,0.29553265,0.06197529,0.13132853,0.51116352
sha256:4748babd2b6ac0706cd9ed4bcfd4855c8d2c5535f01813fb2e10b68b31a24c0f:row:2230,8a1a|m0|A|1701|-|MN|-,8a1a,MN,2,0,0,0.69904010,0.04028342,0.07706286,0.18361361
sha256:4748babd2b6ac0706cd9ed4bcfd4855c8d2c5535f01813fb2e10b68b31a24c0f:row:2233,8eih|m0|A|904|-|ZN|-,8eih,ZN,2,2,2,0.04524426,0.04909373,0.81171746,0.09394455
sha256:4748babd2b6ac0706cd9ed4bcfd4855c8d2c5535f01813fb2e10b68b31a24c0f:row:2245,3dw8|m0|F|511|-|MN|-,3dw8,MN,2,0,0,0.33059132,0.21776092,0.27788435,0.17376341
sha256:4748babd2b6ac0706cd9ed4bcfd4855c8d2c5535f01813fb2e10b68b31a24c0f:row:2252,7ov3|m0|A|426|-|FE|-,7ov3,FE,2,3,0,0.41826620,0.05974789,0.12731644,0.39466947
sha256:4748babd2b6ac0706cd9ed4bcfd4855c8d2c5535f01813fb2e10b68b31a24c0f:row:2268,3p71|m0|C|502|-|MN|-,3p71,MN,2,0,0,0.51201241,0.02285718,0.09131523,0.37381518
sha256:4748babd2b6ac0706cd9ed4bcfd4855c8d2c5535f01813fb2e10b68b31a24c0f:row:2277,7sze|m0|B|507|-|FE|-,7sze,FE,2,3,3,0.08552781,0.03664454,0.11126915,0.76655849
sha256:4748babd2b6ac0706cd9ed4bcfd4855c8d2c5535f01813fb2e10b68b31a24c0f:row:2284,2gdf|m0|B|301|-|MN|-,2gdf,MN,2,0,0,0.76228927,0.04179590,0.07275139,0.12316344
sha256:4748babd2b6ac0706cd9ed4bcfd4855c8d2c5535f01813fb2e10b68b31a24c0f:row:2292,1bqp|m0|C|303|-|MN|-,1bqp,MN,2,0,0,0.78575753,0.03553609,0.06751329,0.11119309
sha256:4748babd2b6ac0706cd9ed4bcfd4855c8d2c5535f01813fb2e10b68b31a24c0f:row:2294,4ism|m0|A|202|-|ZN|-,4ism,ZN,2,2,3,0.18877305,0.05181656,0.34657317,0.41283722
sha256:4748babd2b6ac0706cd9ed4bcfd4855c8d2c5535f01813fb2e10b68b31a24c0f:row:2298,4hvo|m0|A|301|-|FE|-,4hvo,FE,2,3,2,0.05215800,0.02561715,0.53432645,0.38789839
sha256:4748babd2b6ac0706cd9ed4bcfd4855c8d2c5535f01813fb2e10b68b31a24c0f:row:2299,7l0e|m0|B|601|-|FE|-,7l0e,FE,2,3,3,0.05375033,0.08993922,0.07768155,0.77862890
sha256:4748babd2b6ac0706cd9ed4bcfd4855c8d2c5535f01813fb2e10b68b31a24c0f:row:2304,7v4g|m0|A|301|-|MN|-,7v4g,MN,2,0,0,0.43986718,0.05613727,0.08642326,0.41757228
sha256:4748babd2b6ac0706cd9ed4bcfd4855c8d2c5535f01813fb2e10b68b31a24c0f:row:2311,2a21|m0|A|1270|-|ZN|-,2a21,ZN,2,2,2,0.26514600,0.08220765,0.47095688,0.18168947
sha256:4748babd2b6ac0706cd9ed4bcfd4855c8d2c5535f01813fb2e10b68b31a24c0f:row:2317,3v9w|m0|C|301|-|CO|-,3v9w,CO,2,3,3,0.27510900,0.09707628,0.17853061,0.44928410
sha256:4748babd2b6ac0706cd9ed4bcfd4855c8d2c5535f01813fb2e10b68b31a24c0f:row:2322,2ah9|m0|A|400|-|MN|-,2ah9,MN,2,0,0,0.60895276,0.04659197,0.06774173,0.27671355
sha256:4748babd2b6ac0706cd9ed4bcfd4855c8d2c5535f01813fb2e10b68b31a24c0f:row:2329,5jnl|m0|A|502|-|MN|-,5jnl,MN,2,0,0,0.78530429,0.03340607,0.09518440,0.08610524
sha256:4748babd2b6ac0706cd9ed4bcfd4855c8d2c5535f01813fb2e10b68b31a24c0f:row:2332,5vem|m0|A|503|-|ZN|-,5vem,ZN,2,2,2,0.11671854,0.23644847,0.52089814,0.12593484
sha256:4748babd2b6ac0706cd9ed4bcfd4855c8d2c5535f01813fb2e10b68b31a24c0f:row:2340,2bn7|m0|A|1441|-|MN|-,2bn7,MN,2,0,0,0.67088471,0.03608838,0.08634089,0.20668602
sha256:4748babd2b6ac0706cd9ed4bcfd4855c8d2c5535f01813fb2e10b68b31a24c0f:row:2342,3ivd|m0|A|601|-|FE|-,3ivd,FE,2,3,3,0.34629132,0.08461373,0.11771926,0.45137569
sha256:4748babd2b6ac0706cd9ed4bcfd4855c8d2c5535f01813fb2e10b68b31a24c0f:row:2344,5jmp|m0|B|503|-|MN|-,5jmp,MN,2,0,0,0.71721607,0.03364965,0.11267416,0.13646012
sha256:4748babd2b6ac0706cd9ed4bcfd4855c8d2c5535f01813fb2e10b68b31a24c0f:row:2346,3o0f|m0|A|303|-|FE|-,3o0f,FE,2,3,2,0.22957905,0.07183744,0.42387618,0.27470733
sha256:4748babd2b6ac0706cd9ed4bcfd4855c8d2c5535f01813fb2e10b68b31a24c0f:row:2361,4ote|m0|A|304|-|ZN|-,4ote,ZN,2,2,3,0.13348599,0.05849733,0.33118738,0.47682930
sha256:4748babd2b6ac0706cd9ed4bcfd4855c8d2c5535f01813fb2e10b68b31a24c0f:row:2362,4cwm|m0|A|431|-|ZN|-,4cwm,ZN,2,2,0,0.44083893,0.06861049,0.08432109,0.40622949
sha256:4748babd2b6ac0706cd9ed4bcfd4855c8d2c5535f01813fb2e10b68b31a24c0f:row:2371,7jl5|m0|A|701|-|ZN|-,7jl5,ZN,2,2,2,0.04169808,0.28231324,0.57332374,0.10266493
sha256:4748babd2b6ac0706cd9ed4bcfd4855c8d2c5535f01813fb2e10b68b31a24c0f:row:2381,8epz|m0|A|602|-|MN|-,8epz,MN,2,0,0,0.70911911,0.03041459,0.09480013,0.16566617
sha256:4748babd2b6ac0706cd9ed4bcfd4855c8d2c5535f01813fb2e10b68b31a24c0f:row:2382,8bs9|m0|A|802|-|ZN|-,8bs9,ZN,2,2,2,0.04912936,0.05344583,0.56778395,0.32964086
sha256:4748babd2b6ac0706cd9ed4bcfd4855c8d2c5535f01813fb2e10b68b31a24c0f:row:2387,4y67|m0|B|502|-|MN|-,4y67,MN,2,0,0,0.71783117,0.03691575,0.13822159,0.10703149
sha256:4748babd2b6ac0706cd9ed4bcfd4855c8d2c5535f01813fb2e10b68b31a24c0f:row:2389,7zj3|m0|A|101|-|ZN|-,7zj3,ZN,2,2,2,0.04075490,0.05235479,0.79615056,0.11073976
sha256:4748babd2b6ac0706cd9ed4bcfd4855c8d2c5535f01813fb2e10b68b31a24c0f:row:2401,1nf4|m0|A|200|-|FE|-,1nf4,FE,2,3,3,0.22076000,0.04181834,0.09130219,0.64611948
sha256:4748babd2b6ac0706cd9ed4bcfd4855c8d2c5535f01813fb2e10b68b31a24c0f:row:2403,6cl6|m0|D|701|-|FE|-,6cl6,FE,2,3,3,0.16249066,0.08542520,0.32767500,0.42440914
sha256:4748babd2b6ac0706cd9ed4bcfd4855c8d2c5535f01813fb2e10b68b31a24c0f:row:2404,4v3k|m0|C|1465|-|ZN|-,4v3k,ZN,2,2,2,0.03120147,0.07244251,0.80281691,0.09353911
sha256:4748babd2b6ac0706cd9ed4bcfd4855c8d2c5535f01813fb2e10b68b31a24c0f:row:2411,6aoc|m0|C|601|-|MN|-,6aoc,MN,2,0,0,0.75548765,0.02563952,0.09493786,0.12393497
sha256:4748babd2b6ac0706cd9ed4bcfd4855c8d2c5535f01813fb2e10b68b31a24c0f:row:2413,3ivs|m0|A|500|-|CO|-,3ivs,CO,2,3,2,0.10971761,0.11220099,0.41459542,0.36348598
sha256:4748babd2b6ac0706cd9ed4bcfd4855c8d2c5535f01813fb2e10b68b31a24c0f:row:2417,5m4g|m0|A|499|-|MN|-,5m4g,MN,2,0,0,0.75389597,0.04943041,0.08210513,0.11456850
sha256:4748babd2b6ac0706cd9ed4bcfd4855c8d2c5535f01813fb2e10b68b31a24c0f:row:2420,7r3f|m0|A|402|-|FE|-,7r3f,FE,2,3,3,0.17866350,0.06142622,0.09514540,0.66476488
sha256:4748babd2b6ac0706cd9ed4bcfd4855c8d2c5535f01813fb2e10b68b31a24c0f:row:2426,8ghr|m0|A|1301|-|ZN|-,8ghr,ZN,2,2,3,0.20513716,0.06591082,0.20380220,0.52514982
sha256:4748babd2b6ac0706cd9ed4bcfd4855c8d2c5535f01813fb2e10b68b31a24c0f:row:2429,4lta|m0|B|201|-|MN|-,4lta,MN,2,0,3,0.34917994,0.04599763,0.09323513,0.51158730
sha256:4748babd2b6ac0706cd9ed4bcfd4855c8d2c5535f01813fb2e10b68b31a24c0f:row:2431,8fun|m0|D|401|-|MN|-,8fun,MN,2,0,0,0.54576567,0.03020324,0.09824899,0.32578210
sha256:4748babd2b6ac0706cd9ed4bcfd4855c8d2c5535f01813fb2e10b68b31a24c0f:row:2434,1n51|m0|A|2002|-|MN|-,1n51,MN,2,0,0,0.72782005,0.02495817,0.11003011,0.13719167
sha256:4748babd2b6ac0706cd9ed4bcfd4855c8d2c5535f01813fb2e10b68b31a24c0f:row:2435,6vi8|m0|A|203|-|FE|-,6vi8,FE,2,3,2,0.04910091,0.02880416,0.76424297,0.15785196
sha256:4748babd2b6ac0706cd9ed4bcfd4855c8d2c5535f01813fb2e10b68b31a24c0f:row:2439,3idu|m0|A|602|-|MN|-,3idu,MN,2,0,0,0.72070362,0.05286708,0.09839692,0.12803239
sha256:4748babd2b6ac0706cd9ed4bcfd4855c8d2c5535f01813fb2e10b68b31a24c0f:row:2451,8gis|m0|A|603|-|MN|-,8gis,MN,2,0,0,0.67127205,0.05825534,0.08208503,0.18838757
sha256:4748babd2b6ac0706cd9ed4bcfd4855c8d2c5535f01813fb2e10b68b31a24c0f:row:2452,4cco|m0|A|901|-|MN|-,4cco,MN,2,0,3,0.36319625,0.05134004,0.07392059,0.51154312
sha256:4748babd2b6ac0706cd9ed4bcfd4855c8d2c5535f01813fb2e10b68b31a24c0f:row:2461,2igi|m0|A|1004|-|ZN|-,2igi,ZN,2,2,2,0.07823422,0.15493390,0.50286582,0.26396606
sha256:4748babd2b6ac0706cd9ed4bcfd4855c8d2c5535f01813fb2e10b68b31a24c0f:row:2467,2y42|m0|D|999|-|MN|-,2y42,MN,2,0,0,0.60710158,0.02266678,0.17974699,0.19048466
sha256:4748babd2b6ac0706cd9ed4bcfd4855c8d2c5535f01813fb2e10b68b31a24c0f:row:2474,3pfo|m0|A|450|-|ZN|-,3pfo,ZN,2,2,2,0.30973579,0.04857556,0.33861110,0.30307755
sha256:4748babd2b6ac0706cd9ed4bcfd4855c8d2c5535f01813fb2e10b68b31a24c0f:row:2485,8sut|m0|B|401|-|MN|-,8sut,MN,2,0,0,0.62910672,0.02203527,0.13694475,0.21191326
sha256:4748babd2b6ac0706cd9ed4bcfd4855c8d2c5535f01813fb2e10b68b31a24c0f:row:2490,1llm|m0|D|304|-|ZN|-,1llm,ZN,2,2,2,0.05377996,0.08949678,0.67818261,0.17854065
sha256:4748babd2b6ac0706cd9ed4bcfd4855c8d2c5535f01813fb2e10b68b31a24c0f:row:2492,2gc1|m0|A|401|-|ZN|-,2gc1,ZN,2,2,3,0.08539407,0.07529270,0.09200777,0.74730546
sha256:4748babd2b6ac0706cd9ed4bcfd4855c8d2c5535f01813fb2e10b68b31a24c0f:row:2493,5oqd|m0|A|701|-|ZN|-,5oqd,ZN,2,2,2,0.03319833,0.28807305,0.55618010,0.12254852
sha256:4748babd2b6ac0706cd9ed4bcfd4855c8d2c5535f01813fb2e10b68b31a24c0f:row:2499,7r3f|m0|A|401|-|FE|-,7r3f,FE,2,3,3,0.31420527,0.07610858,0.10238798,0.50729817
sha256:4748babd2b6ac0706cd9ed4bcfd4855c8d2c5535f01813fb2e10b68b31a24c0f:row:2501,6wis|m0|A|201|-|CU|-,6wis,CU,2,1,2,0.04375108,0.22500254,0.59003615,0.14121023
sha256:4748babd2b6ac0706cd9ed4bcfd4855c8d2c5535f01813fb2e10b68b31a24c0f:row:2508,7bui|m0|C|402|-|FE|-,7bui,FE,2,3,2,0.07072691,0.08550776,0.50838074,0.33538459
sha256:4748babd2b6ac0706cd9ed4bcfd4855c8d2c5535f01813fb2e10b68b31a24c0f:row:2511,1h9w|m0|B|238|-|MN|-,1h9w,MN,2,0,0,0.70011832,0.03234389,0.08681032,0.18072747
sha256:4748babd2b6ac0706cd9ed4bcfd4855c8d2c5535f01813fb2e10b68b31a24c0f:row:2521,5fc9|m0|B|2401|-|CU|-,5fc9,CU,2,1,2,0.02894441,0.35775349,0.44615012,0.16715198
sha256:4748babd2b6ac0706cd9ed4bcfd4855c8d2c5535f01813fb2e10b68b31a24c0f:row:2539,4y6p|m0|A|502|-|MN|-,4y6p,MN,2,0,0,0.71064671,0.03156395,0.07811161,0.17967774
sha256:4748babd2b6ac0706cd9ed4bcfd4855c8d2c5535f01813fb2e10b68b31a24c0f:row:2547,2y1d|m0|B|1390|-|MN|-,2y1d,MN,2,0,0,0.59944722,0.03458437,0.12409088,0.24187752
sha256:4748babd2b6ac0706cd9ed4bcfd4855c8d2c5535f01813fb2e10b68b31a24c0f:row:2550,1a16|m0|A|444|-|MN|-,1a16,MN,2,0,0,0.76297911,0.04113181,0.10297429,0.09291480
sha256:4748babd2b6ac0706cd9ed4bcfd4855c8d2c5535f01813fb2e10b68b31a24c0f:row:2551,4nn2|m0|A|403|-|ZN|-,4nn2,ZN,2,2,2,0.03298049,0.10036505,0.77652029,0.09013417
sha256:4748babd2b6ac0706cd9ed4bcfd4855c8d2c5535f01813fb2e10b68b31a24c0f:row:2554,3r3l|m0|C|583|-|MN|-,3r3l,MN,2,0,0,0.65145344,0.05897933,0.19519098,0.09437626
sha256:4748babd2b6ac0706cd9ed4bcfd4855c8d2c5535f01813fb2e10b68b31a24c0f:row:2557,4lta|m0|A|201|-|MN|-,4lta,MN,2,0,3,0.33030447,0.04597331,0.08635655,0.53736568
sha256:4748babd2b6ac0706cd9ed4bcfd4855c8d2c5535f01813fb2e10b68b31a24c0f:row:2558,1rmq|m0|A|401|-|CO|-,1rmq,CO,2,3,0,0.39832318,0.04750638,0.21978500,0.33438544
sha256:4748babd2b6ac0706cd9ed4bcfd4855c8d2c5535f01813fb2e10b68b31a24c0f:row:2559,1vzg|m0|B|1128|-|FE|-,1vzg,FE,2,3,2,0.06128310,0.02395459,0.51792152,0.39684079
sha256:4748babd2b6ac0706cd9ed4bcfd4855c8d2c5535f01813fb2e10b68b31a24c0f:row:2560,1jmb|m0|B|402|-|MN|-,1jmb,MN,2,0,0,0.50677961,0.04643526,0.09140499,0.35538014
sha256:4748babd2b6ac0706cd9ed4bcfd4855c8d2c5535f01813fb2e10b68b31a24c0f:row:2561,7ut6|m0|D|601|-|FE|-,7ut6,FE,2,3,0,0.40690433,0.03997138,0.14642937,0.40669492
sha256:4748babd2b6ac0706cd9ed4bcfd4855c8d2c5535f01813fb2e10b68b31a24c0f:row:2564,5rao|m0|A|1806|-|MN|-,5rao,MN,2,0,3,0.34461285,0.05591855,0.06898640,0.53048220
sha256:4748babd2b6ac0706cd9ed4bcfd4855c8d2c5535f01813fb2e10b68b31a24c0f:row:2565,6qsb|m0|A|500|-|MN|-,6qsb,MN,2,0,0,0.67608031,0.05399852,0.08230439,0.18761678
sha256:4748babd2b6ac0706cd9ed4bcfd4855c8d2c5535f01813fb2e10b68b31a24c0f:row:2567,6d3v|m0|A|304|-|NI|-,6d3v,NI,2,3,2,0.24665061,0.05313994,0.52655058,0.17365886
sha256:4748babd2b6ac0706cd9ed4bcfd4855c8d2c5535f01813fb2e10b68b31a24c0f:row:2569,2de5|m0|A|501|-|FE|-,2de5,FE,2,3,3,0.10469440,0.06108214,0.33033122,0.50389223
sha256:4748babd2b6ac0706cd9ed4bcfd4855c8d2c5535f01813fb2e10b68b31a24c0f:row:2574,4yzg|m0|A|402|-|MN|-,4yzg,MN,2,0,0,0.74142997,0.03520543,0.09361162,0.12975297
sha256:4748babd2b6ac0706cd9ed4bcfd4855c8d2c5535f01813fb2e10b68b31a24c0f:row:2583,5ulg|m0|A|601|-|FE|-,5ulg,FE,2,3,3,0.09078216,0.06403443,0.08283701,0.76234640
sha256:4748babd2b6ac0706cd9ed4bcfd4855c8d2c5535f01813fb2e10b68b31a24c0f:row:2587,3v9w|m0|D|301|-|CO|-,3v9w,CO,2,3,3,0.24631990,0.08184496,0.22288012,0.44895502
sha256:4748babd2b6ac0706cd9ed4bcfd4855c8d2c5535f01813fb2e10b68b31a24c0f:row:2596,6o5k|m0|A|301|-|ZN|-,6o5k,ZN,2,2,2,0.04082275,0.05267649,0.80453753,0.10196323
sha256:4748babd2b6ac0706cd9ed4bcfd4855c8d2c5535f01813fb2e10b68b31a24c0f:row:2597,3giq|m0|A|482|-|ZN|-,3giq,ZN,2,2,1,0.04138123,0.45607662,0.34026442,0.16227773
sha256:4748babd2b6ac0706cd9ed4bcfd4855c8d2c5535f01813fb2e10b68b31a24c0f:row:2605,7r3e|m0|A|601|-|FE|-,7r3e,FE,2,3,3,0.36607956,0.05856017,0.19563324,0.37972703
sha256:4748babd2b6ac0706cd9ed4bcfd4855c8d2c5535f01813fb2e10b68b31a24c0f:row:2606,4dgu|m0|A|304|-|ZN|-,4dgu,ZN,2,2,2,0.08011518,0.13609107,0.66720334,0.11659041
sha256:4748babd2b6ac0706cd9ed4bcfd4855c8d2c5535f01813fb2e10b68b31a24c0f:row:2612,5gl4|m0|A|301|-|MN|-,5gl4,MN,2,0,0,0.53628592,0.03808493,0.31880274,0.10682641
sha256:4748babd2b6ac0706cd9ed4bcfd4855c8d2c5535f01813fb2e10b68b31a24c0f:row:2616,1k2f|m0|A|605|-|ZN|-,1k2f,ZN,2,2,2,0.03919398,0.09608678,0.54818684,0.31653240
sha256:4748babd2b6ac0706cd9ed4bcfd4855c8d2c5535f01813fb2e10b68b31a24c0f:row:2618,6jqe|m0|A|201|-|ZN|-,6jqe,ZN,2,2,2,0.04651764,0.13377068,0.65043765,0.16927403
sha256:4748babd2b6ac0706cd9ed4bcfd4855c8d2c5535f01813fb2e10b68b31a24c0f:row:2631,3t7m|m0|A|263|-|MN|-,3t7m,MN,2,0,3,0.39903188,0.02354662,0.10616507,0.47125644
sha256:4748babd2b6ac0706cd9ed4bcfd4855c8d2c5535f01813fb2e10b68b31a24c0f:row:2636,2zvl|m0|V|1|-|ZN|-,2zvl,ZN,2,2,3,0.16117350,0.21002365,0.24026334,0.38853951
sha256:4748babd2b6ac0706cd9ed4bcfd4855c8d2c5535f01813fb2e10b68b31a24c0f:row:2657,6h3a|m0|A|1004|-|ZN|-,6h3a,ZN,2,2,2,0.04274577,0.14506338,0.71411854,0.09807231
sha256:4748babd2b6ac0706cd9ed4bcfd4855c8d2c5535f01813fb2e10b68b31a24c0f:row:2658,4i75|m0|B|404|-|NI|-,4i75,NI,2,3,3,0.11155647,0.06456454,0.38998856,0.43389044
sha256:4748babd2b6ac0706cd9ed4bcfd4855c8d2c5535f01813fb2e10b68b31a24c0f:row:2666,2iyk|m0|A|1163|-|ZN|-,2iyk,ZN,2,2,2,0.04183174,0.07501107,0.77629778,0.10685941
sha256:4748babd2b6ac0706cd9ed4bcfd4855c8d2c5535f01813fb2e10b68b31a24c0f:row:2670,4jnj|m0|B|203|-|ZN|-,4jnj,ZN,2,2,2,0.07304308,0.09491403,0.70886304,0.12317985
sha256:4748babd2b6ac0706cd9ed4bcfd4855c8d2c5535f01813fb2e10b68b31a24c0f:row:2675,3kvc|m0|B|534|-|FE|-,3kvc,FE,2,3,3,0.05326081,0.13711972,0.11494558,0.69467389
sha256:4748babd2b6ac0706cd9ed4bcfd4855c8d2c5535f01813fb2e10b68b31a24c0f:row:2688,6qfk|m0|A|1702|-|MN|-,6qfk,MN,2,0,0,0.51284656,0.04391023,0.08379329,0.35944991
sha256:4748babd2b6ac0706cd9ed4bcfd4855c8d2c5535f01813fb2e10b68b31a24c0f:row:2689,5tds|m0|A|501|-|FE|-,5tds,FE,2,3,0,0.45051902,0.04384900,0.08196521,0.42366676
sha256:4748babd2b6ac0706cd9ed4bcfd4855c8d2c5535f01813fb2e10b68b31a24c0f:row:2697,2agd|m0|C|404|-|MN|-,2agd,MN,2,0,0,0.75880493,0.04499829,0.05460663,0.14159015
sha256:4748babd2b6ac0706cd9ed4bcfd4855c8d2c5535f01813fb2e10b68b31a24c0f:row:2701,5nh9|m0|A|502|-|MN|-,5nh9,MN,2,0,0,0.73452005,0.04376859,0.08370890,0.13800245
sha256:4748babd2b6ac0706cd9ed4bcfd4855c8d2c5535f01813fb2e10b68b31a24c0f:row:2717,4w8y|m0|A|901|-|ZN|-,4w8y,ZN,2,2,2,0.04275624,0.04851468,0.76005876,0.14867032
sha256:4748babd2b6ac0706cd9ed4bcfd4855c8d2c5535f01813fb2e10b68b31a24c0f:row:2720,8suu|m0|A|401|-|MN|-,8suu,MN,2,0,0,0.48812917,0.05736900,0.25283589,0.20166594
sha256:4748babd2b6ac0706cd9ed4bcfd4855c8d2c5535f01813fb2e10b68b31a24c0f:row:2739,2j4j|m0|B|230|-|CO|-,2j4j,CO,2,3,3,0.15562558,0.24660015,0.13134041,0.46643386
sha256:4748babd2b6ac0706cd9ed4bcfd4855c8d2c5535f01813fb2e10b68b31a24c0f:row:2741,4bbq|m0|A|1680|-|ZN|-,4bbq,ZN,2,2,2,0.04165150,0.04857428,0.77955348,0.13022074
sha256:4748babd2b6ac0706cd9ed4bcfd4855c8d2c5535f01813fb2e10b68b31a24c0f:row:2746,5t5i|m0|A|602|-|ZN|-,5t5i,ZN,2,2,3,0.13067599,0.07048013,0.12577280,0.67307108
sha256:4748babd2b6ac0706cd9ed4bcfd4855c8d2c5535f01813fb2e10b68b31a24c0f:row:2785,4odr|m0|A|202|-|ZN|-,4odr,ZN,2,2,3,0.03777976,0.32327282,0.30428362,0.33466381
sha256:4748babd2b6ac0706cd9ed4bcfd4855c8d2c5535f01813fb2e10b68b31a24c0f:row:2789,4cwm|m0|A|433|-|ZN|-,4cwm,ZN,2,2,2,0.14363493,0.14630098,0.45443758,0.25562650
sha256:4748babd2b6ac0706cd9ed4bcfd4855c8d2c5535f01813fb2e10b68b31a24c0f:row:2799,7e37|m0|B|401|-|FE|-,7e37,FE,2,3,3,0.12087268,0.05382234,0.13544360,0.68986138
sha256:4748babd2b6ac0706cd9ed4bcfd4855c8d2c5535f01813fb2e10b68b31a24c0f:row:2810,2pnx|m0|A|400|-|ZN|-,2pnx,ZN,2,2,2,0.03883910,0.06048055,0.78179799,0.11888236
sha256:4748babd2b6ac0706cd9ed4bcfd4855c8d2c5535f01813fb2e10b68b31a24c0f:row:2817,2bws|m0|A|1442|-|MN|-,2bws,MN,2,0,0,0.63596730,0.03761839,0.09547673,0.23093758
sha256:4748babd2b6ac0706cd9ed4bcfd4855c8d2c5535f01813fb2e10b68b31a24c0f:row:2822,1fx7|m0|A|2002|-|CO|-,1fx7,CO,2,3,3,0.08630034,0.09508893,0.33408112,0.48452960
sha256:4748babd2b6ac0706cd9ed4bcfd4855c8d2c5535f01813fb2e10b68b31a24c0f:row:2832,8h1e|m0|A|502|-|MN|-,8h1e,MN,2,0,2,0.27737875,0.08259344,0.49280310,0.14722470
sha256:4748babd2b6ac0706cd9ed4bcfd4855c8d2c5535f01813fb2e10b68b31a24c0f:row:2836,8bs9|m0|A|801|-|ZN|-,8bs9,ZN,2,2,2,0.03570661,0.06530868,0.80250492,0.09647980
sha256:4748babd2b6ac0706cd9ed4bcfd4855c8d2c5535f01813fb2e10b68b31a24c0f:row:2838,4zr0|m0|A|401|-|ZN|-,4zr0,ZN,2,2,3,0.07936201,0.29888636,0.10052524,0.52122639
sha256:4748babd2b6ac0706cd9ed4bcfd4855c8d2c5535f01813fb2e10b68b31a24c0f:row:2843,6x5k|m0|P|802|-|NI|-,6x5k,NI,2,3,2,0.04330290,0.08458486,0.68323284,0.18887941
sha256:4748babd2b6ac0706cd9ed4bcfd4855c8d2c5535f01813fb2e10b68b31a24c0f:row:2850,6ns5|m0|B|801|-|FE|-,6ns5,FE,2,3,3,0.04695706,0.11687395,0.22889646,0.60727253
sha256:4748babd2b6ac0706cd9ed4bcfd4855c8d2c5535f01813fb2e10b68b31a24c0f:row:2861,7lkk|m0|A|501|-|FE|-,7lkk,FE,2,3,3,0.12455201,0.22289958,0.19507860,0.45746981
sha256:4748babd2b6ac0706cd9ed4bcfd4855c8d2c5535f01813fb2e10b68b31a24c0f:row:2873,1yfw|m0|A|301|-|FE|-,1yfw,FE,2,3,2,0.04470494,0.04649741,0.79324337,0.11555428
sha256:4748babd2b6ac0706cd9ed4bcfd4855c8d2c5535f01813fb2e10b68b31a24c0f:row:2876,1h9w|m0|A|238|-|MN|-,1h9w,MN,2,0,0,0.80113904,0.04066875,0.06105408,0.09713813
sha256:4748babd2b6ac0706cd9ed4bcfd4855c8d2c5535f01813fb2e10b68b31a24c0f:row:2877,1cc3|m0|B|631|-|CU|-,1cc3,CU,2,1,2,0.05235043,0.22051431,0.58003202,0.14710325
sha256:4748babd2b6ac0706cd9ed4bcfd4855c8d2c5535f01813fb2e10b68b31a24c0f:row:2883,4fbw|m0|A|502|-|MN|-,4fbw,MN,2,0,0,0.50993563,0.11405394,0.13154701,0.24446342
sha256:4748babd2b6ac0706cd9ed4bcfd4855c8d2c5535f01813fb2e10b68b31a24c0f:row:2887,4dgu|m0|A|303|-|ZN|-,4dgu,ZN,2,2,2,0.07972910,0.10111171,0.67376924,0.14538994
sha256:4748babd2b6ac0706cd9ed4bcfd4855c8d2c5535f01813fb2e10b68b31a24c0f:row:2893,1x6m|m0|A|201|-|ZN|-,1x6m,ZN,2,2,2,0.03893325,0.13643675,0.74582988,0.07880012
sha256:4748babd2b6ac0706cd9ed4bcfd4855c8d2c5535f01813fb2e10b68b31a24c0f:row:2902,1ahj|m0|A|208|-|FE|-,1ahj,FE,2,3,2,0.05505107,0.07030575,0.70688640,0.16775679
sha256:4748babd2b6ac0706cd9ed4bcfd4855c8d2c5535f01813fb2e10b68b31a24c0f:row:2914,7sze|m0|C|508|-|FE|-,7sze,FE,2,3,3,0.15016509,0.06512582,0.10435848,0.68035062
sha256:4748babd2b6ac0706cd9ed4bcfd4855c8d2c5535f01813fb2e10b68b31a24c0f:row:2923,7cj4|m0|B|301|-|MN|-,7cj4,MN,2,0,0,0.68315336,0.02437799,0.08974180,0.20272685
sha256:4748babd2b6ac0706cd9ed4bcfd4855c8d2c5535f01813fb2e10b68b31a24c0f:row:2935,6jus|m0|A|402|-|MN|-,6jus,MN,2,0,0,0.63159105,0.07364051,0.13699510,0.15777334
sha256:4748babd2b6ac0706cd9ed4bcfd4855c8d2c5535f01813fb2e10b68b31a24c0f:row:2938,1t0s|m0|A|500|-|FE|-,1t0s,FE,2,3,3,0.32254293,0.05964232,0.11255528,0.50525948
sha256:4748babd2b6ac0706cd9ed4bcfd4855c8d2c5535f01813fb2e10b68b31a24c0f:row:2946,7ut7|m0|B|601|-|FE|-,7ut7,FE,2,3,0,0.46205487,0.03948339,0.39274675,0.10571499
sha256:4748babd2b6ac0706cd9ed4bcfd4855c8d2c5535f01813fb2e10b68b31a24c0f:row:2951,7uod|m0|A|303|-|MN|-,7uod,MN,2,0,0,0.72727166,0.01808453,0.06711534,0.18752847
sha256:4748babd2b6ac0706cd9ed4bcfd4855c8d2c5535f01813fb2e10b68b31a24c0f:row:2954,6vp4|m0|D|401|-|FE|-,6vp4,FE,2,3,3,0.19456530,0.26030291,0.11465398,0.43047781
sha256:4748babd2b6ac0706cd9ed4bcfd4855c8d2c5535f01813fb2e10b68b31a24c0f:row:2968,6d3v|m0|B|301|-|NI|-,6d3v,NI,2,3,2,0.25783222,0.04809742,0.50871862,0.18535174
sha256:4748babd2b6ac0706cd9ed4bcfd4855c8d2c5535f01813fb2e10b68b31a24c0f:row:2979,1rnr|m0|B|401|-|FE|-,1rnr,FE,2,3,3,0.30925442,0.04644978,0.14567809,0.49861771
sha256:4748babd2b6ac0706cd9ed4bcfd4855c8d2c5535f01813fb2e10b68b31a24c0f:row:2987,4ysb|m0|B|301|-|FE|F,4ysb,FE,2,3,3,0.17231385,0.28898926,0.13814710,0.40054979
sha256:4748babd2b6ac0706cd9ed4bcfd4855c8d2c5535f01813fb2e10b68b31a24c0f:row:2990,1les|m0|A|204|-|MN|-,1les,MN,2,0,0,0.77580812,0.04035834,0.06365791,0.12017562
sha256:4748babd2b6ac0706cd9ed4bcfd4855c8d2c5535f01813fb2e10b68b31a24c0f:row:2992,2g7z|m0|A|6012|-|ZN|-,2g7z,ZN,2,2,2,0.14063510,0.05556600,0.66564988,0.13814902
sha256:4748babd2b6ac0706cd9ed4bcfd4855c8d2c5535f01813fb2e10b68b31a24c0f:row:2996,7bez|m0|A|700|-|ZN|-,7bez,ZN,2,2,2,0.03797157,0.10760116,0.74712702,0.10730026
sha256:4748babd2b6ac0706cd9ed4bcfd4855c8d2c5535f01813fb2e10b68b31a24c0f:row:3001,5equ|m0|B|300|-|FE|-,5equ,FE,2,3,3,0.11540223,0.04474363,0.16334416,0.67650998
sha256:4748babd2b6ac0706cd9ed4bcfd4855c8d2c5535f01813fb2e10b68b31a24c0f:row:3005,4b86|m0|G|202|-|ZN|-,4b86,ZN,2,2,2,0.04841652,0.09990724,0.73597671,0.11569953
sha256:4748babd2b6ac0706cd9ed4bcfd4855c8d2c5535f01813fb2e10b68b31a24c0f:row:3012,3zwf|m0|A|1363|-|ZN|-,3zwf,ZN,2,2,3,0.21709152,0.06283798,0.15187608,0.56819442
sha256:4748babd2b6ac0706cd9ed4bcfd4855c8d2c5535f01813fb2e10b68b31a24c0f:row:3021,2wje|m0|A|1246|-|MN|-,2wje,MN,2,0,0,0.56600154,0.05807318,0.21680318,0.15912210
sha256:4748babd2b6ac0706cd9ed4bcfd4855c8d2c5535f01813fb2e10b68b31a24c0f:row:3025,7mg6|m0|B|301|-|MN|-,7mg6,MN,2,0,0,0.78381833,0.02358078,0.06309500,0.12950589
sha256:4748babd2b6ac0706cd9ed4bcfd4855c8d2c5535f01813fb2e10b68b31a24c0f:row:3031,5byn|m0|B|303|-|MN|-,5byn,MN,2,0,0,0.77807693,0.02027127,0.07429822,0.12735358
sha256:4748babd2b6ac0706cd9ed4bcfd4855c8d2c5535f01813fb2e10b68b31a24c0f:row:3034,3d2q|m0|A|304|-|ZN|-,3d2q,ZN,2,2,2,0.04632325,0.06298678,0.78651412,0.10417585
sha256:4748babd2b6ac0706cd9ed4bcfd4855c8d2c5535f01813fb2e10b68b31a24c0f:row:3043,8wmg|m0|A|308|-|MN|-,8wmg,MN,2,0,0,0.74566367,0.01992264,0.07153187,0.16288182
sha256:4748babd2b6ac0706cd9ed4bcfd4855c8d2c5535f01813fb2e10b68b31a24c0f:row:3050,2wdf|m0|A|1575|-|MN|-,2wdf,MN,2,0,0,0.68883742,0.04756177,0.09083275,0.17276806
sha256:4748babd2b6ac0706cd9ed4bcfd4855c8d2c5535f01813fb2e10b68b31a24c0f:row:3057,8h4x|m0|B|403|-|ZN|-,8h4x,ZN,2,2,0,0.41317547,0.09029403,0.16474688,0.33178361
sha256:4748babd2b6ac0706cd9ed4bcfd4855c8d2c5535f01813fb2e10b68b31a24c0f:row:3063,7mi4|m0|H|801|-|MN|-,7mi4,MN,2,0,2,0.34070217,0.05486944,0.43686218,0.16756621
sha256:4748babd2b6ac0706cd9ed4bcfd4855c8d2c5535f01813fb2e10b68b31a24c0f:row:3067,6jnn|m0|A|1403|-|ZN|-,6jnn,ZN,2,2,2,0.09715528,0.05136510,0.53653163,0.31494799
sha256:4748babd2b6ac0706cd9ed4bcfd4855c8d2c5535f01813fb2e10b68b31a24c0f:row:3069,5v2x|m0|B|401|-|MN|-,5v2x,MN,2,0,3,0.30892548,0.04350249,0.06701897,0.58055306
sha256:4748babd2b6ac0706cd9ed4bcfd4855c8d2c5535f01813fb2e10b68b31a24c0f:row:3075,1rsv|m0|A|1004|-|FE|-,1rsv,FE,2,3,3,0.15927504,0.05373045,0.17417114,0.61282336
sha256:4748babd2b6ac0706cd9ed4bcfd4855c8d2c5535f01813fb2e10b68b31a24c0f:row:3080,6yvc|m0|B|201|-|MN|-,6yvc,MN,2,0,3,0.35558051,0.04579587,0.10049726,0.49812637
sha256:4748babd2b6ac0706cd9ed4bcfd4855c8d2c5535f01813fb2e10b68b31a24c0f:row:3086,5nfo|m0|A|501|-|MN|-,5nfo,MN,2,0,3,0.31684837,0.02620296,0.12562424,0.53132443
sha256:4748babd2b6ac0706cd9ed4bcfd4855c8d2c5535f01813fb2e10b68b31a24c0f:row:3087,5t5v|m0|B|901|-|FE|A,5t5v,FE,2,3,3,0.22187463,0.06686650,0.13497062,0.57628825
sha256:4748babd2b6ac0706cd9ed4bcfd4855c8d2c5535f01813fb2e10b68b31a24c0f:row:3088,8c60|m0|C|1102|-|ZN|-,8c60,ZN,2,2,2,0.03715231,0.05853626,0.82579268,0.07851875
sha256:4748babd2b6ac0706cd9ed4bcfd4855c8d2c5535f01813fb2e10b68b31a24c0f:row:3092,4f7i|m0|A|999|-|MN|-,4f7i,MN,2,0,0,0.73645066,0.02969978,0.10062001,0.13322955
sha256:4748babd2b6ac0706cd9ed4bcfd4855c8d2c5535f01813fb2e10b68b31a24c0f:row:3108,5hwu|m0|A|201|-|MN|-,5hwu,MN,2,0,0,0.75071041,0.03755160,0.09456670,0.11717130
sha256:4748babd2b6ac0706cd9ed4bcfd4855c8d2c5535f01813fb2e10b68b31a24c0f:row:3117,3q94|m0|A|303|-|ZN|-,3q94,ZN,2,2,2,0.09016901,0.18945602,0.58330284,0.13707213
sha256:4748babd2b6ac0706cd9ed4bcfd4855c8d2c5535f01813fb2e10b68b31a24c0f:row:3122,5dah|m0|A|303|-|ZN|-,5dah,ZN,2,2,2,0.03227203,0.12252556,0.72303039,0.12217202
sha256:4748babd2b6ac0706cd9ed4bcfd4855c8d2c5535f01813fb2e10b68b31a24c0f:row:3128,2de6|m0|B|501|-|FE|-,2de6,FE,2,3,3,0.07781568,0.07751573,0.27055759,0.57411100
sha256:4748babd2b6ac0706cd9ed4bcfd4855c8d2c5535f01813fb2e10b68b31a24c0f:row:3130,6txf|m0|B|702|-|FE|-,6txf,FE,2,3,3,0.15211291,0.06502506,0.12253977,0.66032226
sha256:4748babd2b6ac0706cd9ed4bcfd4855c8d2c5535f01813fb2e10b68b31a24c0f:row:3135,6qjc|m0|C|401|-|FE|-,6qjc,FE,2,3,3,0.10297688,0.05133783,0.12045876,0.72522653
sha256:4748babd2b6ac0706cd9ed4bcfd4855c8d2c5535f01813fb2e10b68b31a24c0f:row:3149,4gsz|m0|A|404|-|ZN|-,4gsz,ZN,2,2,2,0.13269089,0.09706837,0.60207510,0.16816564
sha256:4748babd2b6ac0706cd9ed4bcfd4855c8d2c5535f01813fb2e10b68b31a24c0f:row:3151,5u5d|m0|A|301|-|MN|-,5u5d,MN,2,0,0,0.62565804,0.03960628,0.07034786,0.26438782
sha256:4748babd2b6ac0706cd9ed4bcfd4855c8d2c5535f01813fb2e10b68b31a24c0f:row:3175,5jmw|m0|A|502|-|MN|-,5jmw,MN,2,0,0,0.76689152,0.03353979,0.09306323,0.10650545
sha256:4748babd2b6ac0706cd9ed4bcfd4855c8d2c5535f01813fb2e10b68b31a24c0f:row:3179,5oqd|m0|A|702|-|ZN|-,5oqd,ZN,2,2,2,0.04405281,0.04459704,0.79787826,0.11347189
sha256:4748babd2b6ac0706cd9ed4bcfd4855c8d2c5535f01813fb2e10b68b31a24c0f:row:3188,2fgy|m0|A|621|-|ZN|-,2fgy,ZN,2,2,1,0.08902789,0.34143645,0.23862021,0.33091546
sha256:4748babd2b6ac0706cd9ed4bcfd4855c8d2c5535f01813fb2e10b68b31a24c0f:row:3199,1f1m|m0|A|801|-|ZN|-,1f1m,ZN,2,2,3,0.10082773,0.07810087,0.13890640,0.68216500
sha256:4748babd2b6ac0706cd9ed4bcfd4855c8d2c5535f01813fb2e10b68b31a24c0f:row:3208,4y97|m0|B|1502|-|ZN|-,4y97,ZN,2,2,2,0.04262584,0.04116154,0.77437831,0.14183432
sha256:4748babd2b6ac0706cd9ed4bcfd4855c8d2c5535f01813fb2e10b68b31a24c0f:row:3210,2y42|m0|B|999|-|MN|-,2y42,MN,2,0,0,0.59817264,0.04130915,0.19856344,0.16195477
sha256:4748babd2b6ac0706cd9ed4bcfd4855c8d2c5535f01813fb2e10b68b31a24c0f:row:3215,7qod|m0|B|201|-|MN|-,7qod,MN,2,0,3,0.43467145,0.04112705,0.08239862,0.44180288
sha256:4748babd2b6ac0706cd9ed4bcfd4855c8d2c5535f01813fb2e10b68b31a24c0f:row:3219,5i72|m0|A|101|-|ZN|-,5i72,ZN,2,2,2,0.03926459,0.05084933,0.81141132,0.09847476
sha256:4748babd2b6ac0706cd9ed4bcfd4855c8d2c5535f01813fb2e10b68b31a24c0f:row:3220,7yxg|m0|A|501|-|MN|-,7yxg,MN,2,0,0,0.45768760,0.04259713,0.07186436,0.42785092
sha256:4748babd2b6ac0706cd9ed4bcfd4855c8d2c5535f01813fb2e10b68b31a24c0f:row:3221,5v27|m0|A|201|-|FE|-,5v27,FE,2,3,3,0.14554450,0.08511122,0.36933627,0.40000801
sha256:4748babd2b6ac0706cd9ed4bcfd4855c8d2c5535f01813fb2e10b68b31a24c0f:row:3223,4y6s|m0|B|501|-|MN|-,4y6s,MN,2,0,0,0.69359986,0.03229024,0.14546454,0.12864536
sha256:4748babd2b6ac0706cd9ed4bcfd4855c8d2c5535f01813fb2e10b68b31a24c0f:row:3224,4c2m|m0|A|3002|-|ZN|-,4c2m,ZN,2,2,2,0.04475273,0.04071605,0.80491747,0.10961375
sha256:4748babd2b6ac0706cd9ed4bcfd4855c8d2c5535f01813fb2e10b68b31a24c0f:row:3225,5wv4|m0|A|201|-|CU|-,5wv4,CU,2,1,1,0.02754470,0.73578978,0.15206335,0.08460217
sha256:4748babd2b6ac0706cd9ed4bcfd4855c8d2c5535f01813fb2e10b68b31a24c0f:row:3226,3u2x|m0|A|263|-|MN|-,3u2x,MN,2,0,0,0.63306088,0.01919685,0.12896072,0.21878156
sha256:4748babd2b6ac0706cd9ed4bcfd4855c8d2c5535f01813fb2e10b68b31a24c0f:row:3232,8git|m0|C|603|-|MN|-,8git,MN,2,0,0,0.70360525,0.04557755,0.06705353,0.18376367
sha256:4748babd2b6ac0706cd9ed4bcfd4855c8d2c5535f01813fb2e10b68b31a24c0f:row:3235,5c39|m0|A|101|-|MN|-,5c39,MN,2,0,0,0.50270221,0.04478210,0.07833176,0.37418393
sha256:4748babd2b6ac0706cd9ed4bcfd4855c8d2c5535f01813fb2e10b68b31a24c0f:row:3236,3qzc|m0|A|7|-|ZN|-,3qzc,ZN,2,2,3,0.19091448,0.11972310,0.34270306,0.34665936
sha256:4748babd2b6ac0706cd9ed4bcfd4855c8d2c5535f01813fb2e10b68b31a24c0f:row:3253,3rmk|m0|D|494|-|FE|-,3rmk,FE,2,3,3,0.31665856,0.02293647,0.07917775,0.58122723
sha256:4748babd2b6ac0706cd9ed4bcfd4855c8d2c5535f01813fb2e10b68b31a24c0f:row:3260,6eyv|m0|A|601|-|ZN|-,6eyv,ZN,2,2,1,0.09943606,0.45529308,0.15002002,0.29525083
sha256:4748babd2b6ac0706cd9ed4bcfd4855c8d2c5535f01813fb2e10b68b31a24c0f:row:3266,6jvw|m0|B|403|-|MN|-,6jvw,MN,2,0,0,0.54738167,0.03649141,0.13088088,0.28524604
sha256:4748babd2b6ac0706cd9ed4bcfd4855c8d2c5535f01813fb2e10b68b31a24c0f:row:3271,7cj4|m0|A|301|-|MN|-,7cj4,MN,2,0,0,0.68958083,0.02195199,0.09845238,0.19001480
sha256:4748babd2b6ac0706cd9ed4bcfd4855c8d2c5535f01813fb2e10b68b31a24c0f:row:3276,4twe|m0|A|801|-|ZN|-,4twe,ZN,2,2,2,0.16920123,0.07262619,0.43979549,0.31837709
sha256:4748babd2b6ac0706cd9ed4bcfd4855c8d2c5535f01813fb2e10b68b31a24c0f:row:3281,4lum|m0|B|201|-|MN|-,4lum,MN,2,0,3,0.35831812,0.04625582,0.07539484,0.52003122
sha256:4748babd2b6ac0706cd9ed4bcfd4855c8d2c5535f01813fb2e10b68b31a24c0f:row:3286,8epz|m0|B|703|-|MN|-,8epz,MN,2,0,2,0.37636962,0.03313598,0.44804563,0.14244877
sha256:4748babd2b6ac0706cd9ed4bcfd4855c8d2c5535f01813fb2e10b68b31a24c0f:row:3288,7yxi|m0|B|501|-|MN|-,7yxi,MN,2,0,3,0.39592630,0.04483102,0.09542604,0.46381663
sha256:4748babd2b6ac0706cd9ed4bcfd4855c8d2c5535f01813fb2e10b68b31a24c0f:row:3297,3r3l|m0|A|584|-|MN|-,3r3l,MN,2,0,0,0.54579707,0.05405880,0.30189222,0.09825191
sha256:4748babd2b6ac0706cd9ed4bcfd4855c8d2c5535f01813fb2e10b68b31a24c0f:row:3299,3nvl|m0|A|553|-|CO|-,3nvl,CO,2,3,3,0.13110230,0.07520706,0.39127896,0.40241169
sha256:4748babd2b6ac0706cd9ed4bcfd4855c8d2c5535f01813fb2e10b68b31a24c0f:row:3300,4rti|m0|A|802|-|MN|-,4rti,MN,2,0,2,0.31017619,0.03761605,0.38210714,0.27010062
sha256:4748babd2b6ac0706cd9ed4bcfd4855c8d2c5535f01813fb2e10b68b31a24c0f:row:3301,5wja|m0|A|1002|-|CU|-,5wja,CU,2,1,2,0.03478201,0.27950389,0.47900619,0.20670790
sha256:4748babd2b6ac0706cd9ed4bcfd4855c8d2c5535f01813fb2e10b68b31a24c0f:row:3302,6juq|m0|A|403|-|MN|-,6juq,MN,2,0,2,0.39072262,0.05430856,0.39619018,0.15877864
sha256:4748babd2b6ac0706cd9ed4bcfd4855c8d2c5535f01813fb2e10b68b31a24c0f:row:3304,5ye4|m0|A|301|-|ZN|-,5ye4,ZN,2,2,2,0.08634225,0.09696795,0.62164543,0.19504438
sha256:4748babd2b6ac0706cd9ed4bcfd4855c8d2c5535f01813fb2e10b68b31a24c0f:row:3307,4ijd|m0|A|502|-|ZN|-,4ijd,ZN,2,2,2,0.05055029,0.10622510,0.64775026,0.19547435
sha256:4748babd2b6ac0706cd9ed4bcfd4855c8d2c5535f01813fb2e10b68b31a24c0f:row:3308,3nvl|m0|A|554|-|CO|-,3nvl,CO,2,3,0,0.45102054,0.10162632,0.20126510,0.24608804
sha256:4748babd2b6ac0706cd9ed4bcfd4855c8d2c5535f01813fb2e10b68b31a24c0f:row:3309,2jd2|m0|B|1390|-|MN|-,2jd2,MN,2,0,0,0.75672701,0.03771811,0.08381434,0.12174053
sha256:4748babd2b6ac0706cd9ed4bcfd4855c8d2c5535f01813fb2e10b68b31a24c0f:row:3313,5o1u|m0|A|402|-|MN|-,5o1u,MN,2,0,0,0.80418609,0.04002138,0.06441609,0.09137644
sha256:4748babd2b6ac0706cd9ed4bcfd4855c8d2c5535f01813fb2e10b68b31a24c0f:row:3315,3ivu|m0|B|500|-|CO|-,3ivu,CO,2,3,3,0.10795650,0.05806752,0.16271925,0.67125673
sha256:4748babd2b6ac0706cd9ed4bcfd4855c8d2c5535f01813fb2e10b68b31a24c0f:row:3322,5dka|m0|A|301|-|ZN|-,5dka,ZN,2,2,2,0.04599007,0.05870850,0.77967056,0.11563087
sha256:4748babd2b6ac0706cd9ed4bcfd4855c8d2c5535f01813fb2e10b68b31a24c0f:row:3327,4cwm|m0|A|432|-|ZN|-,4cwm,ZN,2,2,3,0.12970783,0.07944309,0.19773585,0.59311323
sha256:4748babd2b6ac0706cd9ed4bcfd4855c8d2c5535f01813fb2e10b68b31a24c0f:row:3329,2anu|m0|A|705|-|ZN|-,2anu,ZN,2,2,3,0.17286504,0.32119267,0.16883802,0.33710427
sha256:4748babd2b6ac0706cd9ed4bcfd4855c8d2c5535f01813fb2e10b68b31a24c0f:row:3337,6xez|m0|A|1002|-|ZN|-,6xez,ZN,2,2,2,0.03306484,0.12029347,0.76215455,0.08448713
sha256:4748babd2b6ac0706cd9ed4bcfd4855c8d2c5535f01813fb2e10b68b31a24c0f:row:3338,1loe|m0|A|228|-|MN|-,1loe,MN,2,0,0,0.79916312,0.01922853,0.07393264,0.10767571
sha256:4748babd2b6ac0706cd9ed4bcfd4855c8d2c5535f01813fb2e10b68b31a24c0f:row:3347,4oi6|m0|A|101|-|NI|-,4oi6,NI,2,3,3,0.10702703,0.09722174,0.30347637,0.49227486
sha256:4748babd2b6ac0706cd9ed4bcfd4855c8d2c5535f01813fb2e10b68b31a24c0f:row:3349,1k4v|m0|B|1402|-|MN|-,1k4v,MN,2,0,0,0.56639047,0.04389505,0.24636760,0.14334688
sha256:4748babd2b6ac0706cd9ed4bcfd4855c8d2c5535f01813fb2e10b68b31a24c0f:row:3357,4r8p|m0|L|401|-|ZN|-,4r8p,ZN,2,2,2,0.03367059,0.06745988,0.78342023,0.11544931
sha256:4748babd2b6ac0706cd9ed4bcfd4855c8d2c5535f01813fb2e10b68b31a24c0f:row:3358,6wi8|m0|A|1203|-|ZN|-,6wi8,ZN,2,2,2,0.03590091,0.07005892,0.80359492,0.09044525
sha256:4748babd2b6ac0706cd9ed4bcfd4855c8d2c5535f01813fb2e10b68b31a24c0f:row:3359,4gui|m0|B|304|-|NI|-,4gui,NI,2,3,3,0.07647937,0.08659515,0.35033646,0.48658902
sha256:4748babd2b6ac0706cd9ed4bcfd4855c8d2c5535f01813fb2e10b68b31a24c0f:row:3363,4l2n|m0|A|202|-|FE|-,4l2n,FE,2,3,2,0.09106801,0.06907478,0.47262728,0.36722993
sha256:4748babd2b6ac0706cd9ed4bcfd4855c8d2c5535f01813fb2e10b68b31a24c0f:row:3367,7vbq|m0|A|302|-|FE|-,7vbq,FE,2,3,3,0.38313653,0.06943600,0.08236954,0.46505793
sha256:4748babd2b6ac0706cd9ed4bcfd4855c8d2c5535f01813fb2e10b68b31a24c0f:row:3384,5flh|m0|B|500|-|NI|-,5flh,NI,2,3,3,0.13586134,0.06859034,0.08172388,0.71382444
sha256:4748babd2b6ac0706cd9ed4bcfd4855c8d2c5535f01813fb2e10b68b31a24c0f:row:3389,5fey|m0|A|101|-|ZN|-,5fey,ZN,2,2,2,0.03726299,0.06711492,0.75619960,0.13942249
sha256:4748babd2b6ac0706cd9ed4bcfd4855c8d2c5535f01813fb2e10b68b31a24c0f:row:3392,7d2t|m0|B|402|-|ZN|-,7d2t,ZN,2,2,2,0.04023039,0.05454453,0.77871624,0.12650884
sha256:4748babd2b6ac0706cd9ed4bcfd4855c8d2c5535f01813fb2e10b68b31a24c0f:row:3396,8psn|m0|C|501|-|ZN|-,8psn,ZN,2,2,2,0.04633817,0.12082115,0.69839223,0.13444845
sha256:4748babd2b6ac0706cd9ed4bcfd4855c8d2c5535f01813fb2e10b68b31a24c0f:row:3397,5jc1|m0|B|503|-|MN|-,5jc1,MN,2,0,0,0.75833670,0.03356086,0.10187871,0.10622374
sha256:4748babd2b6ac0706cd9ed4bcfd4855c8d2c5535f01813fb2e10b68b31a24c0f:row:3403,2v3y|m0|A|1441|-|MN|-,2v3y,MN,2,0,0,0.65686355,0.03336412,0.08001843,0.22975390
sha256:4748babd2b6ac0706cd9ed4bcfd4855c8d2c5535f01813fb2e10b68b31a24c0f:row:3406,3ze2|m0|D|2002|-|MN|-,3ze2,MN,2,0,0,0.78237935,0.03527935,0.07984432,0.10249697
sha256:4748babd2b6ac0706cd9ed4bcfd4855c8d2c5535f01813fb2e10b68b31a24c0f:row:3416,1ibq|m0|A|1457|-|ZN|-,1ibq,ZN,2,2,2,0.11615072,0.12717560,0.54925784,0.20741584
sha256:4748babd2b6ac0706cd9ed4bcfd4855c8d2c5535f01813fb2e10b68b31a24c0f:row:3417,3t1i|m0|B|413|-|MN|-,3t1i,MN,2,0,0,0.44875404,0.06641898,0.09147682,0.39335016
sha256:4748babd2b6ac0706cd9ed4bcfd4855c8d2c5535f01813fb2e10b68b31a24c0f:row:3421,2iv0|m0|A|1415|-|ZN|-,2iv0,ZN,2,2,2,0.27090364,0.08147467,0.46896366,0.17865803
sha256:4748babd2b6ac0706cd9ed4bcfd4855c8d2c5535f01813fb2e10b68b31a24c0f:row:3435,2yb1|m0|A|1291|-|MN|-,2yb1,MN,2,0,0,0.40729666,0.11197282,0.14134571,0.33938480
sha256:4748babd2b6ac0706cd9ed4bcfd4855c8d2c5535f01813fb2e10b68b31a24c0f:row:3436,6r4s|m0|A|503|-|MN|-,6r4s,MN,2,0,0,0.71416802,0.04665863,0.12791208,0.11126127
sha256:4748babd2b6ac0706cd9ed4bcfd4855c8d2c5535f01813fb2e10b68b31a24c0f:row:3439,5x31|m0|B|201|-|CU|-,5x31,CU,2,1,1,0.03902434,0.65611677,0.20446968,0.10038921
sha256:4748babd2b6ac0706cd9ed4bcfd4855c8d2c5535f01813fb2e10b68b31a24c0f:row:3443,2enx|m0|A|402|-|MN|-,2enx,MN,2,0,0,0.73666138,0.03559052,0.08479940,0.14294870
sha256:4748babd2b6ac0706cd9ed4bcfd4855c8d2c5535f01813fb2e10b68b31a24c0f:row:3452,4npm|m0|B|300|-|MN|-,4npm,MN,2,0,3,0.39661957,0.04196941,0.07399781,0.48741321
sha256:4748babd2b6ac0706cd9ed4bcfd4855c8d2c5535f01813fb2e10b68b31a24c0f:row:3453,3u2w|m0|B|263|-|MN|-,3u2w,MN,2,0,0,0.48777121,0.02265827,0.11892650,0.37064402
sha256:4748babd2b6ac0706cd9ed4bcfd4855c8d2c5535f01813fb2e10b68b31a24c0f:row:3454,8ful|m0|B|403|-|FE|-,8ful,FE,2,3,3,0.23053114,0.05016666,0.12209451,0.59720769
sha256:4748babd2b6ac0706cd9ed4bcfd4855c8d2c5535f01813fb2e10b68b31a24c0f:row:3460,3t7o|m0|A|264|-|MN|-,3t7o,MN,2,0,3,0.39650192,0.02991243,0.11405771,0.45952794
sha256:4748babd2b6ac0706cd9ed4bcfd4855c8d2c5535f01813fb2e10b68b31a24c0f:row:3461,8fun|m0|B|502|-|MN|-,8fun,MN,2,0,0,0.52057819,0.05457165,0.09458406,0.33026610
sha256:4748babd2b6ac0706cd9ed4bcfd4855c8d2c5535f01813fb2e10b68b31a24c0f:row:3463,6npb|m0|A|401|-|FE|-,6npb,FE,2,3,3,0.14542714,0.06191323,0.08033618,0.71232345
sha256:4748babd2b6ac0706cd9ed4bcfd4855c8d2c5535f01813fb2e10b68b31a24c0f:row:3475,7mg9|m0|B|301|-|MN|-,7mg9,MN,2,0,0,0.46098721,0.03992086,0.19832746,0.30076447
sha256:4748babd2b6ac0706cd9ed4bcfd4855c8d2c5535f01813fb2e10b68b31a24c0f:row:3492,2y1g|m0|A|1391|-|MN|-,2y1g,MN,2,0,0,0.68430035,0.03883442,0.14281983,0.13404540
sha256:4748babd2b6ac0706cd9ed4bcfd4855c8d2c5535f01813fb2e10b68b31a24c0f:row:3500,4cco|m0|B|901|-|MN|-,4cco,MN,2,0,3,0.32955922,0.04530561,0.07372639,0.55140878
sha256:4748babd2b6ac0706cd9ed4bcfd4855c8d2c5535f01813fb2e10b68b31a24c0f:row:3502,6qfo|m0|A|1704|-|MN|-,6qfo,MN,2,0,0,0.71779435,0.06050605,0.08638065,0.13531895
sha256:4748babd2b6ac0706cd9ed4bcfd4855c8d2c5535f01813fb2e10b68b31a24c0f:row:3508,5gl4|m0|A|302|-|MN|-,5gl4,MN,2,0,0,0.70616150,0.03670019,0.12938594,0.12775238
sha256:4748babd2b6ac0706cd9ed4bcfd4855c8d2c5535f01813fb2e10b68b31a24c0f:row:3516,6npb|m0|B|401|-|FE|-,6npb,FE,2,3,3,0.34156545,0.05646984,0.10329331,0.49867139
sha256:4748babd2b6ac0706cd9ed4bcfd4855c8d2c5535f01813fb2e10b68b31a24c0f:row:3521,7x7w|m0|A|301|-|MN|-,7x7w,MN,2,0,0,0.80329830,0.03615373,0.07462461,0.08592336
sha256:4748babd2b6ac0706cd9ed4bcfd4855c8d2c5535f01813fb2e10b68b31a24c0f:row:3523,4qx8|m0|A|601|-|NI|-,4qx8,NI,2,3,3,0.12958270,0.05812518,0.10118676,0.71110536
sha256:4748babd2b6ac0706cd9ed4bcfd4855c8d2c5535f01813fb2e10b68b31a24c0f:row:3525,8a1a|m0|A|1704|-|MN|-,8a1a,MN,2,0,0,0.71630392,0.05578771,0.10456575,0.12334262
sha256:4748babd2b6ac0706cd9ed4bcfd4855c8d2c5535f01813fb2e10b68b31a24c0f:row:3528,1yfw|m0|A|300|-|FE|-,1yfw,FE,2,3,3,0.20471549,0.05795124,0.12363598,0.61369728
sha256:4748babd2b6ac0706cd9ed4bcfd4855c8d2c5535f01813fb2e10b68b31a24c0f:row:3531,4c2m|m0|I|3001|-|ZN|-,4c2m,ZN,2,2,2,0.05148451,0.02670694,0.77176519,0.15004337
sha256:4748babd2b6ac0706cd9ed4bcfd4855c8d2c5535f01813fb2e10b68b31a24c0f:row:3538,2vw8|m0|A|402|-|FE|-,2vw8,FE,2,3,0,0.42197737,0.06722100,0.10796793,0.40283370
sha256:4748babd2b6ac0706cd9ed4bcfd4855c8d2c5535f01813fb2e10b68b31a24c0f:row:3539,5i72|m0|A|102|-|ZN|-,5i72,ZN,2,2,2,0.04975790,0.07463357,0.77809708,0.09751145
sha256:4748babd2b6ac0706cd9ed4bcfd4855c8d2c5535f01813fb2e10b68b31a24c0f:row:3547,2inc|m0|A|501|-|FE|-,2inc,FE,2,3,0,0.48427592,0.04551410,0.08645391,0.38375606
sha256:4748babd2b6ac0706cd9ed4bcfd4855c8d2c5535f01813fb2e10b68b31a24c0f:row:3554,2iv0|m0|B|1417|-|ZN|-,2iv0,ZN,2,2,2,0.08180787,0.13057380,0.60015120,0.18746713
sha256:4748babd2b6ac0706cd9ed4bcfd4855c8d2c5535f01813fb2e10b68b31a24c0f:row:3561,3qh8|m0|A|301|-|MN|-,3qh8,MN,2,0,0,0.57243449,0.05785847,0.12184978,0.24785726
sha256:4748babd2b6ac0706cd9ed4bcfd4855c8d2c5535f01813fb2e10b68b31a24c0f:row:3563,2pal|m0|A|110|-|MN|-,2pal,MN,2,0,0,0.70267488,0.03294045,0.09553737,0.16884730
sha256:4748babd2b6ac0706cd9ed4bcfd4855c8d2c5535f01813fb2e10b68b31a24c0f:row:3574,2w5w|m0|A|1378|-|ZN|-,2w5w,ZN,2,2,2,0.22846812,0.07037502,0.39095659,0.31020026
sha256:4748babd2b6ac0706cd9ed4bcfd4855c8d2c5535f01813fb2e10b68b31a24c0f:row:3578,5z5n|m0|C|302|-|MN|-,5z5n,MN,2,0,0,0.82371966,0.03413739,0.06001845,0.08212450
sha256:4748babd2b6ac0706cd9ed4bcfd4855c8d2c5535f01813fb2e10b68b31a24c0f:row:3586,6wf6|m0|A|201|-|CO|-,6wf6,CO,2,3,3,0.12514668,0.06715054,0.10345036,0.70425242
sha256:4748babd2b6ac0706cd9ed4bcfd4855c8d2c5535f01813fb2e10b68b31a24c0f:row:3598,3u2v|m0|A|269|-|MN|-,3u2v,MN,2,0,0,0.68219758,0.01984567,0.09717101,0.20078574
sha256:4748babd2b6ac0706cd9ed4bcfd4855c8d2c5535f01813fb2e10b68b31a24c0f:row:3604,3kvc|m0|A|534|-|FE|-,3kvc,FE,2,3,3,0.03820832,0.14857331,0.12329426,0.68992412
sha256:4748babd2b6ac0706cd9ed4bcfd4855c8d2c5535f01813fb2e10b68b31a24c0f:row:3605,4y6r|m0|A|502|-|MN|-,4y6r,MN,2,0,0,0.65358179,0.03366610,0.16889425,0.14385786
sha256:4748babd2b6ac0706cd9ed4bcfd4855c8d2c5535f01813fb2e10b68b31a24c0f:row:3610,4p1c|m0|A|501|-|FE|-,4p1c,FE,2,3,3,0.39358283,0.04816971,0.11002840,0.44821906
sha256:4748babd2b6ac0706cd9ed4bcfd4855c8d2c5535f01813fb2e10b68b31a24c0f:row:3613,7vx0|m0|A|702|-|FE|-,7vx0,FE,2,3,0,0.55730445,0.05262293,0.07199941,0.31807322
sha256:4748babd2b6ac0706cd9ed4bcfd4855c8d2c5535f01813fb2e10b68b31a24c0f:row:3630,2wke|m0|A|611|-|CO|-,2wke,CO,2,3,2,0.06072858,0.20369774,0.51799565,0.21757803
sha256:4748babd2b6ac0706cd9ed4bcfd4855c8d2c5535f01813fb2e10b68b31a24c0f:row:3631,1qdc|m0|C|245|-|MN|-,1qdc,MN,2,0,0,0.83047754,0.03516681,0.05540854,0.07894711
sha256:4748babd2b6ac0706cd9ed4bcfd4855c8d2c5535f01813fb2e10b68b31a24c0f:row:3638,2o1q|m0|A|145|-|ZN|-,2o1q,ZN,2,2,2,0.05751076,0.08379924,0.46813841,0.39055159
sha256:4748babd2b6ac0706cd9ed4bcfd4855c8d2c5535f01813fb2e10b68b31a24c0f:row:3639,4zr1|m0|A|401|-|ZN|-,4zr1,ZN,2,2,3,0.08840930,0.08746653,0.10630130,0.71782287
sha256:4748babd2b6ac0706cd9ed4bcfd4855c8d2c5535f01813fb2e10b68b31a24c0f:row:3653,1jqb|m0|D|4353|-|ZN|-,1jqb,ZN,2,2,2,0.10195133,0.11244648,0.62723360,0.15836859
sha256:4748babd2b6ac0706cd9ed4bcfd4855c8d2c5535f01813fb2e10b68b31a24c0f:row:3654,2gc1|m0|A|403|-|ZN|-,2gc1,ZN,2,2,0,0.35013445,0.07395693,0.31804112,0.25786750
sha256:4748babd2b6ac0706cd9ed4bcfd4855c8d2c5535f01813fb2e10b68b31a24c0f:row:3658,3ovp|m0|B|229|-|FE|-,3ovp,FE,2,3,3,0.31994555,0.06036174,0.08769452,0.53199818
sha256:4748babd2b6ac0706cd9ed4bcfd4855c8d2c5535f01813fb2e10b68b31a24c0f:row:3665,4ysb|m0|A|301|-|FE|F,4ysb,FE,2,3,3,0.17773110,0.12115357,0.13648889,0.56462644
sha256:4748babd2b6ac0706cd9ed4bcfd4855c8d2c5535f01813fb2e10b68b31a24c0f:row:3668,6ksy|m0|C|302|-|ZN|-,6ksy,ZN,2,2,0,0.55569203,0.04494367,0.18611647,0.21324782
sha256:4748babd2b6ac0706cd9ed4bcfd4855c8d2c5535f01813fb2e10b68b31a24c0f:row:3677,8crs|m0|B|604|-|FE|-,8crs,FE,2,3,2,0.24475550,0.03433033,0.58983904,0.13107513
sha256:4748babd2b6ac0706cd9ed4bcfd4855c8d2c5535f01813fb2e10b68b31a24c0f:row:3678,5nq9|m0|A|604|-|CU|-,5nq9,CU,2,1,3,0.07012981,0.19602703,0.31202016,0.42182300
sha256:4748babd2b6ac0706cd9ed4bcfd4855c8d2c5535f01813fb2e10b68b31a24c0f:row:3684,3dy8|m0|A|901|-|MN|-,3dy8,MN,2,0,0,0.65544646,0.04298606,0.07364526,0.22792222
sha256:4748babd2b6ac0706cd9ed4bcfd4855c8d2c5535f01813fb2e10b68b31a24c0f:row:3685,7lwz|m0|F|501|-|NI|-,7lwz,NI,2,3,3,0.08594906,0.14980613,0.34143476,0.42281005
sha256:4748babd2b6ac0706cd9ed4bcfd4855c8d2c5535f01813fb2e10b68b31a24c0f:row:3689,3u2u|m0|B|267|-|MN|-,3u2u,MN,2,0,0,0.66671682,0.01796305,0.10028153,0.21503860
sha256:4748babd2b6ac0706cd9ed4bcfd4855c8d2c5535f01813fb2e10b68b31a24c0f:row:3695,8dby|m0|B|601|-|FE|-,8dby,FE,2,3,2,0.36735668,0.02967099,0.45736843,0.14560390
sha256:4748babd2b6ac0706cd9ed4bcfd4855c8d2c5535f01813fb2e10b68b31a24c0f:row:3697,2h0v|m0|A|500|-|FE|-,2h0v,FE,2,3,3,0.14223120,0.07046636,0.08929917,0.69800328
sha256:4748babd2b6ac0706cd9ed4bcfd4855c8d2c5535f01813fb2e10b68b31a24c0f:row:3698,4lom|m0|A|302|-|MN|-,4lom,MN,2,0,0,0.42243689,0.04929290,0.10784935,0.42042086
sha256:4748babd2b6ac0706cd9ed4bcfd4855c8d2c5535f01813fb2e10b68b31a24c0f:row:3705,2h0d|m0|B|204|-|ZN|-,2h0d,ZN,2,2,2,0.04010714,0.07074504,0.81199192,0.07715590
sha256:4748babd2b6ac0706cd9ed4bcfd4855c8d2c5535f01813fb2e10b68b31a24c0f:row:3706,1ysj|m0|A|382|-|NI|-,1ysj,NI,2,3,3,0.20691387,0.07275010,0.32259620,0.39773983
sha256:4748babd2b6ac0706cd9ed4bcfd4855c8d2c5535f01813fb2e10b68b31a24c0f:row:3711,2zmy|m0|A|303|-|CU|-,2zmy,CU,2,1,3,0.04998280,0.16436038,0.32003938,0.46561744
sha256:4748babd2b6ac0706cd9ed4bcfd4855c8d2c5535f01813fb2e10b68b31a24c0f:row:3713,7qbt|m0|B|502|-|FE|-,7qbt,FE,2,3,2,0.06222943,0.03166361,0.55942465,0.34668232
sha256:4748babd2b6ac0706cd9ed4bcfd4855c8d2c5535f01813fb2e10b68b31a24c0f:row:3741,6wf2|m0|A|402|-|FE|-,6wf2,FE,2,3,3,0.06522715,0.16650664,0.23006571,0.53820051
sha256:4748babd2b6ac0706cd9ed4bcfd4855c8d2c5535f01813fb2e10b68b31a24c0f:row:3743,6a54|m0|A|200|-|MN|-,6a54,MN,2,0,3,0.33576226,0.06399645,0.07058573,0.52965556
sha256:4748babd2b6ac0706cd9ed4bcfd4855c8d2c5535f01813fb2e10b68b31a24c0f:row:3761,4oct|m0|B|501|-|MN|-,4oct,MN,2,0,3,0.33358333,0.03784089,0.21332688,0.41524889
sha256:4748babd2b6ac0706cd9ed4bcfd4855c8d2c5535f01813fb2e10b68b31a24c0f:row:3769,7oqy|m0|Y|101|-|ZN|-,7oqy,ZN,2,2,2,0.04081371,0.18178525,0.68264742,0.09475362
sha256:4748babd2b6ac0706cd9ed4bcfd4855c8d2c5535f01813fb2e10b68b31a24c0f:row:3772,5f56|m0|A|804|-|MN|-,5f56,MN,2,0,0,0.61365077,0.04075997,0.23182097,0.11376829
sha256:4748babd2b6ac0706cd9ed4bcfd4855c8d2c5535f01813fb2e10b68b31a24c0f:row:3773,4xpx|m0|A|202|-|FE|-,4xpx,FE,2,3,3,0.12205598,0.06401869,0.10672044,0.70720488
sha256:4748babd2b6ac0706cd9ed4bcfd4855c8d2c5535f01813fb2e10b68b31a24c0f:row:3774,4mv2|m0|B|201|-|NI|-,4mv2,NI,2,3,3,0.08680318,0.08582301,0.11818887,0.70918493
sha256:4748babd2b6ac0706cd9ed4bcfd4855c8d2c5535f01813fb2e10b68b31a24c0f:row:3775,4rse|m0|B|601|-|FE|-,4rse,FE,2,3,3,0.18589870,0.07318754,0.07891139,0.66200237
sha256:4748babd2b6ac0706cd9ed4bcfd4855c8d2c5535f01813fb2e10b68b31a24c0f:row:3777,5nfn|m0|D|501|-|MN|-,5nfn,MN,2,0,3,0.35286839,0.03085696,0.09569458,0.52058007
sha256:4748babd2b6ac0706cd9ed4bcfd4855c8d2c5535f01813fb2e10b68b31a24c0f:row:3779,5tds|m0|D|501|-|FE|-,5tds,FE,2,3,3,0.42133832,0.04410728,0.10100092,0.43355349
sha256:4748babd2b6ac0706cd9ed4bcfd4855c8d2c5535f01813fb2e10b68b31a24c0f:row:3780,5oey|m0|A|702|-|MN|-,5oey,MN,2,0,0,0.70266228,0.04383028,0.12975094,0.12375651
sha256:4748babd2b6ac0706cd9ed4bcfd4855c8d2c5535f01813fb2e10b68b31a24c0f:row:3786,6nbk|m0|A|301|-|MN|-,6nbk,MN,2,0,0,0.72621607,0.03957929,0.09485244,0.13935220
sha256:4748babd2b6ac0706cd9ed4bcfd4855c8d2c5535f01813fb2e10b68b31a24c0f:row:3788,7yxl|m0|B|501|-|MN|-,7yxl,MN,2,0,3,0.38239997,0.05443848,0.11098971,0.45217184
sha256:4748babd2b6ac0706cd9ed4bcfd4855c8d2c5535f01813fb2e10b68b31a24c0f:row:3792,6yvc|m0|A|201|-|MN|-,6yvc,MN,2,0,3,0.37790529,0.04253189,0.09609762,0.48346521
sha256:4748babd2b6ac0706cd9ed4bcfd4855c8d2c5535f01813fb2e10b68b31a24c0f:row:3793,1vkl|m0|A|562|-|NI|-,1vkl,NI,2,3,0,0.55163476,0.16685451,0.15587243,0.12563830
sha256:4748babd2b6ac0706cd9ed4bcfd4855c8d2c5535f01813fb2e10b68b31a24c0f:row:3796,7cj7|m0|B|302|-|MN|-,7cj7,MN,2,0,0,0.76355185,0.02557775,0.06055901,0.15031139
sha256:4748babd2b6ac0706cd9ed4bcfd4855c8d2c5535f01813fb2e10b68b31a24c0f:row:3800,5olm|m0|A|503|-|ZN|-,5olm,ZN,2,2,2,0.04229830,0.07780393,0.77428359,0.10561418
sha256:4748babd2b6ac0706cd9ed4bcfd4855c8d2c5535f01813fb2e10b68b31a24c0f:row:3801,4toh|m0|A|202|-|FE|-,4toh,FE,2,3,3,0.28975475,0.04877250,0.13784029,0.52363247
sha256:4748babd2b6ac0706cd9ed4bcfd4855c8d2c5535f01813fb2e10b68b31a24c0f:row:3805,3qga|m0|C|775|-|FE|-,3qga,FE,2,3,3,0.26159903,0.05375065,0.13438718,0.55026315
sha256:4748babd2b6ac0706cd9ed4bcfd4855c8d2c5535f01813fb2e10b68b31a24c0f:row:3808,2g9t|m0|A|998|-|ZN|-,2g9t,ZN,2,2,2,0.04078582,0.06149898,0.78153300,0.11618220
sha256:4748babd2b6ac0706cd9ed4bcfd4855c8d2c5535f01813fb2e10b68b31a24c0f:row:3812,4rse|m0|A|601|-|FE|-,4rse,FE,2,3,3,0.15302779,0.06820707,0.10201880,0.67674634
sha256:4748babd2b6ac0706cd9ed4bcfd4855c8d2c5535f01813fb2e10b68b31a24c0f:row:3816,1qhw|m0|A|434|-|FE|-,1qhw,FE,2,3,3,0.40727487,0.06454392,0.10568278,0.42249843
sha256:4748babd2b6ac0706cd9ed4bcfd4855c8d2c5535f01813fb2e10b68b31a24c0f:row:3827,5xkt|m0|A|303|-|NI|-,5xkt,NI,2,3,2,0.04413999,0.16473773,0.53476942,0.25635287
sha256:4748babd2b6ac0706cd9ed4bcfd4855c8d2c5535f01813fb2e10b68b31a24c0f:row:3833,5d0i|m0|A|401|-|ZN|-,5d0i,ZN,2,2,2,0.03695841,0.06561583,0.81334474,0.08408102
sha256:4748babd2b6ac0706cd9ed4bcfd4855c8d2c5535f01813fb2e10b68b31a24c0f:row:3842,6txf|m0|A|701|-|FE|-,6txf,FE,2,3,3,0.25324955,0.04534552,0.08428185,0.61712308
sha256:4748babd2b6ac0706cd9ed4bcfd4855c8d2c5535f01813fb2e10b68b31a24c0f:row:3857,6r4s|m0|A|502|-|MN|-,6r4s,MN,2,0,0,0.52726636,0.02877899,0.17850287,0.26545178
sha256:4748babd2b6ac0706cd9ed4bcfd4855c8d2c5535f01813fb2e10b68b31a24c0f:row:3863,6rxf|m0|A|604|-|ZN|-,6rxf,ZN,2,2,3,0.08222155,0.10846190,0.34733397,0.46198258
sha256:4748babd2b6ac0706cd9ed4bcfd4855c8d2c5535f01813fb2e10b68b31a24c0f:row:3866,3q94|m0|A|301|-|ZN|-,3q94,ZN,2,2,1,0.10625084,0.34677957,0.32755283,0.21941676
sha256:4748babd2b6ac0706cd9ed4bcfd4855c8d2c5535f01813fb2e10b68b31a24c0f:row:3870,4hvo|m0|A|300|-|CU|-,4hvo,CU,2,1,2,0.06503398,0.13298201,0.59724471,0.20473930
sha256:4748babd2b6ac0706cd9ed4bcfd4855c8d2c5535f01813fb2e10b68b31a24c0f:row:3876,5mc2|m0|A|499|-|MN|-,5mc2,MN,2,0,0,0.72055557,0.05652761,0.06733264,0.15558418
sha256:4748babd2b6ac0706cd9ed4bcfd4855c8d2c5535f01813fb2e10b68b31a24c0f:row:3878,5svb|m0|D|801|-|MN|-,5svb,MN,2,0,0,0.56144086,0.04700099,0.14962377,0.24193438
sha256:4748babd2b6ac0706cd9ed4bcfd4855c8d2c5535f01813fb2e10b68b31a24c0f:row:3885,8edd|m0|A|301|-|FE|-,8edd,FE,2,3,3,0.17658228,0.06335516,0.16138036,0.59868220
sha256:4748babd2b6ac0706cd9ed4bcfd4855c8d2c5535f01813fb2e10b68b31a24c0f:row:3886,8hfp|m0|A|101|-|ZN|-,8hfp,ZN,2,2,2,0.03682871,0.06007302,0.57341448,0.32968378
sha256:4748babd2b6ac0706cd9ed4bcfd4855c8d2c5535f01813fb2e10b68b31a24c0f:row:3887,3d2q|m0|A|303|-|ZN|-,3d2q,ZN,2,2,2,0.04474397,0.07703872,0.79500938,0.08320793
sha256:4748babd2b6ac0706cd9ed4bcfd4855c8d2c5535f01813fb2e10b68b31a24c0f:row:3894,3dzu|m0|A|7222|-|ZN|-,3dzu,ZN,2,2,2,0.03656701,0.08576226,0.75790403,0.11976670
sha256:4748babd2b6ac0706cd9ed4bcfd4855c8d2c5535f01813fb2e10b68b31a24c0f:row:3896,4ft8|m0|A|308|-|CO|-,4ft8,CO,2,3,3,0.18992657,0.06596479,0.12386316,0.62024548
sha256:4748babd2b6ac0706cd9ed4bcfd4855c8d2c5535f01813fb2e10b68b31a24c0f:row:3900,3bix|m0|A|2|-|NI|-,3bix,NI,2,3,3,0.04235646,0.16068557,0.18880885,0.60814912
sha256:4748babd2b6ac0706cd9ed4bcfd4855c8d2c5535f01813fb2e10b68b31a24c0f:row:3903,4oeu|m0|B|501|-|NI|-,4oeu,NI,2,3,3,0.27886471,0.07610193,0.20949477,0.43553860
sha256:4748babd2b6ac0706cd9ed4bcfd4855c8d2c5535f01813fb2e10b68b31a24c0f:row:3905,1adw|m0|B|130|-|CU|-,1adw,CU,2,1,1,0.03993552,0.68162170,0.18420013,0.09424265
sha256:4748babd2b6ac0706cd9ed4bcfd4855c8d2c5535f01813fb2e10b68b31a24c0f:row:3906,3ras|m0|B|392|-|MN|-,3ras,MN,2,0,2,0.39077997,0.05565944,0.44367911,0.10988147
sha256:4748babd2b6ac0706cd9ed4bcfd4855c8d2c5535f01813fb2e10b68b31a24c0f:row:3908,7k8g|m0|B|601|-|FE|-,7k8g,FE,2,3,3,0.07290781,0.04862618,0.09159898,0.78686703
sha256:4748babd2b6ac0706cd9ed4bcfd4855c8d2c5535f01813fb2e10b68b31a24c0f:row:3912,2vqa|m0|A|1005|-|MN|-,2vqa,MN,2,0,0,0.46757109,0.05808004,0.06631792,0.40803096
sha256:4748babd2b6ac0706cd9ed4bcfd4855c8d2c5535f01813fb2e10b68b31a24c0f:row:3913,5nh9|m0|A|501|-|MN|-,5nh9,MN,2,0,0,0.73009071,0.03906040,0.06445719,0.16639169
sha256:4748babd2b6ac0706cd9ed4bcfd4855c8d2c5535f01813fb2e10b68b31a24c0f:row:3931,5gha|m0|A|401|-|ZN|-,5gha,ZN,2,2,2,0.03601324,0.06961633,0.80599269,0.08837774
sha256:4748babd2b6ac0706cd9ed4bcfd4855c8d2c5535f01813fb2e10b68b31a24c0f:row:3935,6hb0|m0|A|402|-|ZN|-,6hb0,ZN,2,2,2,0.06025263,0.10095330,0.63507719,0.20371689
sha256:4748babd2b6ac0706cd9ed4bcfd4855c8d2c5535f01813fb2e10b68b31a24c0f:row:3942,4d50|m0|B|302|-|FE|-,4d50,FE,2,3,3,0.35197617,0.04516677,0.10336199,0.49949507
sha256:4748babd2b6ac0706cd9ed4bcfd4855c8d2c5535f01813fb2e10b68b31a24c0f:row:3944,3bso|m0|A|513|-|MN|-,3bso,MN,2,0,0,0.41590040,0.06001048,0.14361168,0.38047743
sha256:4748babd2b6ac0706cd9ed4bcfd4855c8d2c5535f01813fb2e10b68b31a24c0f:row:3946,6jnn|m0|A|1402|-|ZN|-,6jnn,ZN,2,2,2,0.04211277,0.11881225,0.73176848,0.10730650
sha256:4748babd2b6ac0706cd9ed4bcfd4855c8d2c5535f01813fb2e10b68b31a24c0f:row:3948,7eul|m0|A|403|-|MN|-,7eul,MN,2,0,0,0.79564179,0.03236757,0.07427766,0.09771298
sha256:4748babd2b6ac0706cd9ed4bcfd4855c8d2c5535f01813fb2e10b68b31a24c0f:row:3953,1qw7|m0|A|602|-|CO|-,1qw7,CO,2,3,3,0.16498728,0.06277121,0.12261104,0.64963047
sha256:4748babd2b6ac0706cd9ed4bcfd4855c8d2c5535f01813fb2e10b68b31a24c0f:row:3958,3ls1|m0|A|3|-|ZN|-,3ls1,ZN,2,2,3,0.08711734,0.04408195,0.24821352,0.62058718
sha256:4748babd2b6ac0706cd9ed4bcfd4855c8d2c5535f01813fb2e10b68b31a24c0f:row:3960,8j9q|m0|A|1802|-|ZN|-,8j9q,ZN,2,2,2,0.03276622,0.08420119,0.78234860,0.10068399
sha256:4748babd2b6ac0706cd9ed4bcfd4855c8d2c5535f01813fb2e10b68b31a24c0f:row:3962,5od9|m0|A|3001|-|ZN|-,5od9,ZN,2,2,2,0.10913210,0.10102072,0.51029343,0.27955374
sha256:4748babd2b6ac0706cd9ed4bcfd4855c8d2c5535f01813fb2e10b68b31a24c0f:row:3967,4j4m|m0|A|302|-|ZN|-,4j4m,ZN,2,2,3,0.06348106,0.26447341,0.16741351,0.50463202
sha256:4748babd2b6ac0706cd9ed4bcfd4855c8d2c5535f01813fb2e10b68b31a24c0f:row:3973,6jqe|m0|A|202|-|ZN|-,6jqe,ZN,2,2,2,0.04856377,0.15726889,0.69082972,0.10333762
sha256:4748babd2b6ac0706cd9ed4bcfd4855c8d2c5535f01813fb2e10b68b31a24c0f:row:3975,3twz|m0|A|396|-|MN|-,3twz,MN,2,0,0,0.77645177,0.04334764,0.08058131,0.09961928
sha256:4748babd2b6ac0706cd9ed4bcfd4855c8d2c5535f01813fb2e10b68b31a24c0f:row:3982,5mtz|m0|A|902|-|ZN|-,5mtz,ZN,2,2,3,0.18969881,0.05121064,0.19725488,0.56183566
sha256:4748babd2b6ac0706cd9ed4bcfd4855c8d2c5535f01813fb2e10b68b31a24c0f:row:3987,5m6b|m0|A|602|-|CU|-,5m6b,CU,2,1,2,0.06990654,0.13258330,0.49820908,0.29930108
sha256:4748babd2b6ac0706cd9ed4bcfd4855c8d2c5535f01813fb2e10b68b31a24c0f:row:3989,1llm|m0|C|302|-|ZN|-,1llm,ZN,2,2,2,0.06459577,0.07710421,0.64069704,0.21760298
sha256:4748babd2b6ac0706cd9ed4bcfd4855c8d2c5535f01813fb2e10b68b31a24c0f:row:3993,3fgg|m0|A|164|-|ZN|-,3fgg,ZN,2,2,2,0.07147417,0.10562423,0.54288206,0.28001953
sha256:4748babd2b6ac0706cd9ed4bcfd4855c8d2c5535f01813fb2e10b68b31a24c0f:row:3999,2ah9|m0|B|402|-|MN|-,2ah9,MN,2,0,0,0.60862905,0.04869384,0.05958024,0.28309686
sha256:4748babd2b6ac0706cd9ed4bcfd4855c8d2c5535f01813fb2e10b68b31a24c0f:row:4003,2qh1|m0|B|2501|-|FE|-,2qh1,FE,2,3,2,0.04082853,0.04970681,0.78624374,0.12322091
sha256:4748babd2b6ac0706cd9ed4bcfd4855c8d2c5535f01813fb2e10b68b31a24c0f:row:4006,7mg5|m0|A|301|-|MN|-,7mg5,MN,2,0,0,0.74825619,0.01978006,0.07971536,0.15224840
sha256:4748babd2b6ac0706cd9ed4bcfd4855c8d2c5535f01813fb2e10b68b31a24c0f:row:4021,2ioc|m0|B|401|-|MN|-,2ioc,MN,2,0,0,0.74454023,0.05042678,0.08835556,0.11667743
sha256:4748babd2b6ac0706cd9ed4bcfd4855c8d2c5535f01813fb2e10b68b31a24c0f:row:4025,5ze1|m0|A|2003|-|MN|-,5ze1,MN,2,0,0,0.74912778,0.04138859,0.07766959,0.13181404
sha256:4748babd2b6ac0706cd9ed4bcfd4855c8d2c5535f01813fb2e10b68b31a24c0f:row:4042,5ysb|m0|A|504|-|ZN|-,5ysb,ZN,2,2,2,0.07285968,0.08856445,0.62566857,0.21290731
sha256:4748babd2b6ac0706cd9ed4bcfd4855c8d2c5535f01813fb2e10b68b31a24c0f:row:4060,6tes|m0|A|1004|-|MN|-,6tes,MN,2,0,0,0.57531617,0.02963835,0.08548367,0.30956181
sha256:4748babd2b6ac0706cd9ed4bcfd4855c8d2c5535f01813fb2e10b68b31a24c0f:row:4061,6a53|m0|A|200|-|MN|-,6a53,MN,2,0,3,0.38588771,0.06246170,0.08533496,0.46631563
sha256:4748babd2b6ac0706cd9ed4bcfd4855c8d2c5535f01813fb2e10b68b31a24c0f:row:4063,3p1v|m0|A|427|-|ZN|-,3p1v,ZN,2,2,2,0.08051895,0.06553088,0.70529740,0.14865277
sha256:4748babd2b6ac0706cd9ed4bcfd4855c8d2c5535f01813fb2e10b68b31a24c0f:row:4066,2bws|m0|A|1441|-|MN|-,2bws,MN,2,0,0,0.70774215,0.02762951,0.07644553,0.18818280
sha256:4748babd2b6ac0706cd9ed4bcfd4855c8d2c5535f01813fb2e10b68b31a24c0f:row:4068,2qb6|m0|A|401|-|MN|-,2qb6,MN,2,0,0,0.58268511,0.07084991,0.19274241,0.15372257
sha256:4748babd2b6ac0706cd9ed4bcfd4855c8d2c5535f01813fb2e10b68b31a24c0f:row:4069,2gok|m0|A|500|-|FE|-,2gok,FE,2,3,3,0.10514717,0.08964804,0.16538157,0.63982323
sha256:4748babd2b6ac0706cd9ed4bcfd4855c8d2c5535f01813fb2e10b68b31a24c0f:row:4072,2ra6|m0|D|805|-|ZN|-,2ra6,ZN,2,2,2,0.09535010,0.06016059,0.73919913,0.10529018
sha256:4748babd2b6ac0706cd9ed4bcfd4855c8d2c5535f01813fb2e10b68b31a24c0f:row:4074,2de5|m0|B|501|-|FE|-,2de5,FE,2,3,3,0.11468665,0.28265622,0.24797163,0.35468550
sha256:4748babd2b6ac0706cd9ed4bcfd4855c8d2c5535f01813fb2e10b68b31a24c0f:row:4084,5vq3|m0|B|502|-|FE|-,5vq3,FE,2,3,0,0.62809118,0.02388388,0.10359591,0.24442903
sha256:4748babd2b6ac0706cd9ed4bcfd4855c8d2c5535f01813fb2e10b68b31a24c0f:row:4108,7un2|m0|B|302|-|MN|-,7un2,MN,2,0,0,0.79939694,0.01705815,0.06609670,0.11744821
sha256:4748babd2b6ac0706cd9ed4bcfd4855c8d2c5535f01813fb2e10b68b31a24c0f:row:4113,3ram|m0|A|998|-|ZN|-,3ram,ZN,2,2,2,0.13237438,0.08860225,0.58224394,0.19677943
sha256:4748babd2b6ac0706cd9ed4bcfd4855c8d2c5535f01813fb2e10b68b31a24c0f:row:4114,3o4n|m0|A|2001|-|ZN|-,3o4n,ZN,2,2,3,0.32240904,0.06809956,0.23457934,0.37491205
sha256:4748babd2b6ac0706cd9ed4bcfd4855c8d2c5535f01813fb2e10b68b31a24c0f:row:4115,4uwq|m0|A|581|-|MN|-,4uwq,MN,2,0,0,0.63636257,0.06802282,0.08886893,0.20674567
sha256:4748babd2b6ac0706cd9ed4bcfd4855c8d2c5535f01813fb2e10b68b31a24c0f:row:4126,1h48|m0|D|203|-|MN|-,1h48,MN,2,0,3,0.24787672,0.17988650,0.13983083,0.43240595
sha256:4748babd2b6ac0706cd9ed4bcfd4855c8d2c5535f01813fb2e10b68b31a24c0f:row:4137,3ivu|m0|A|500|-|CO|-,3ivu,CO,2,3,3,0.10585542,0.04283372,0.22121302,0.63009785
sha256:4748babd2b6ac0706cd9ed4bcfd4855c8d2c5535f01813fb2e10b68b31a24c0f:row:4138,5m21|m0|D|401|-|FE|-,5m21,FE,2,3,3,0.17116692,0.23457674,0.17491683,0.41933952
sha256:4748babd2b6ac0706cd9ed4bcfd4855c8d2c5535f01813fb2e10b68b31a24c0f:row:4148,2a5v|m0|A|401|-|ZN|-,2a5v,ZN,2,2,2,0.04030169,0.09494289,0.70996609,0.15478933
sha256:4748babd2b6ac0706cd9ed4bcfd4855c8d2c5535f01813fb2e10b68b31a24c0f:row:4150,4kpy|m0|A|702|-|MN|-,4kpy,MN,2,0,0,0.66478057,0.03771165,0.09241676,0.20509103
sha256:4748babd2b6ac0706cd9ed4bcfd4855c8d2c5535f01813fb2e10b68b31a24c0f:row:4154,7mi4|m0|A|602|-|MN|-,7mi4,MN,2,0,0,0.36670214,0.15633390,0.15492252,0.32204144
sha256:4748babd2b6ac0706cd9ed4bcfd4855c8d2c5535f01813fb2e10b68b31a24c0f:row:4191,7x9z|m0|A|202|-|CO|-,7x9z,CO,2,3,3,0.22439440,0.06394265,0.20768808,0.50397488
sha256:4748babd2b6ac0706cd9ed4bcfd4855c8d2c5535f01813fb2e10b68b31a24c0f:row:4197,6fue|m0|A|102|-|ZN|-,6fue,ZN,2,2,2,0.15787271,0.07159959,0.62626765,0.14426005
sha256:4748babd2b6ac0706cd9ed4bcfd4855c8d2c5535f01813fb2e10b68b31a24c0f:row:4198,3k2g|m0|A|401|-|ZN|-,3k2g,ZN,2,2,3,0.30688865,0.09078993,0.11827450,0.48404692
sha256:4748babd2b6ac0706cd9ed4bcfd4855c8d2c5535f01813fb2e10b68b31a24c0f:row:4199,3ri7|m0|A|1|-|FE|-,3ri7,FE,2,3,0,0.61236197,0.03457969,0.07504665,0.27801168
sha256:4748babd2b6ac0706cd9ed4bcfd4855c8d2c5535f01813fb2e10b68b31a24c0f:row:4200,8i3x|m0|A|101|-|ZN|-,8i3x,ZN,2,2,2,0.03428282,0.18326052,0.64561956,0.13683709
sha256:4748babd2b6ac0706cd9ed4bcfd4855c8d2c5535f01813fb2e10b68b31a24c0f:row:4206,1qw7|m0|A|601|-|CO|-,1qw7,CO,2,3,3,0.13896064,0.06061304,0.37757711,0.42284921
sha256:4748babd2b6ac0706cd9ed4bcfd4855c8d2c5535f01813fb2e10b68b31a24c0f:row:4211,3u2v|m0|B|269|-|MN|-,3u2v,MN,2,0,0,0.67382176,0.02005136,0.10993770,0.19618917
sha256:4748babd2b6ac0706cd9ed4bcfd4855c8d2c5535f01813fb2e10b68b31a24c0f:row:4221,5mee|m0|B|1001|-|FE|-,5mee,FE,2,3,3,0.13790642,0.09137574,0.10119447,0.66952337
sha256:4748babd2b6ac0706cd9ed4bcfd4855c8d2c5535f01813fb2e10b68b31a24c0f:row:4229,1u10|m0|A|400|-|ZN|-,1u10,ZN,2,2,2,0.05367648,0.16283601,0.65804345,0.12544406
sha256:4748babd2b6ac0706cd9ed4bcfd4855c8d2c5535f01813fb2e10b68b31a24c0f:row:4233,3ras|m0|A|392|-|MN|-,3ras,MN,2,0,0,0.72494198,0.03792985,0.12822681,0.10890136
sha256:4748babd2b6ac0706cd9ed4bcfd4855c8d2c5535f01813fb2e10b68b31a24c0f:row:4241,3o0f|m0|A|304|-|FE|-,3o0f,FE,2,3,3,0.17522401,0.06748631,0.12551309,0.63177659
sha256:4748babd2b6ac0706cd9ed4bcfd4855c8d2c5535f01813fb2e10b68b31a24c0f:row:4242,5cg9|m0|A|403|-|MN|-,5cg9,MN,2,0,3,0.35954663,0.06107877,0.12061731,0.45875729
sha256:4748babd2b6ac0706cd9ed4bcfd4855c8d2c5535f01813fb2e10b68b31a24c0f:row:4244,4p1c|m0|D|501|-|FE|-,4p1c,FE,2,3,0,0.42642589,0.06621835,0.10623562,0.40112015
sha256:4748babd2b6ac0706cd9ed4bcfd4855c8d2c5535f01813fb2e10b68b31a24c0f:row:4249,4r7w|m0|D|501|-|FE|-,4r7w,FE,2,3,3,0.40525073,0.07699510,0.07059347,0.44716070
sha256:4748babd2b6ac0706cd9ed4bcfd4855c8d2c5535f01813fb2e10b68b31a24c0f:row:4250,6klg|m0|A|601|-|CU|-,6klg,CU,2,1,1,0.02634502,0.65708777,0.23027632,0.08629089
sha256:4748babd2b6ac0706cd9ed4bcfd4855c8d2c5535f01813fb2e10b68b31a24c0f:row:4256,2i6k|m0|B|228|-|MN|-,2i6k,MN,2,0,0,0.42935913,0.06446443,0.09928247,0.40689397
sha256:4748babd2b6ac0706cd9ed4bcfd4855c8d2c5535f01813fb2e10b68b31a24c0f:row:4266,2iaj|m0|A|563|-|MN|-,2iaj,MN,2,0,0,0.63027668,0.05032699,0.21995719,0.09943914
sha256:4748babd2b6ac0706cd9ed4bcfd4855c8d2c5535f01813fb2e10b68b31a24c0f:row:4269,8ful|m0|B|402|-|FE|-,8ful,FE,2,3,3,0.39926000,0.04834240,0.09127448,0.46112312
sha256:4748babd2b6ac0706cd9ed4bcfd4855c8d2c5535f01813fb2e10b68b31a24c0f:row:4272,1cvn|m0|A|238|-|MN|-,1cvn,MN,2,0,0,0.81507618,0.03576699,0.05988570,0.08927113
sha256:4748babd2b6ac0706cd9ed4bcfd4855c8d2c5535f01813fb2e10b68b31a24c0f:row:4273,2cwm|m0|D|239|-|MN|-,2cwm,MN,2,0,0,0.81116503,0.03366038,0.06381586,0.09135873
sha256:4748babd2b6ac0706cd9ed4bcfd4855c8d2c5535f01813fb2e10b68b31a24c0f:row:4276,4ote|m0|A|305|-|ZN|-,4ote,ZN,2,2,2,0.16290709,0.04739115,0.54530183,0.24439992
sha256:4748babd2b6ac0706cd9ed4bcfd4855c8d2c5535f01813fb2e10b68b31a24c0f:row:4284,8i3x|m0|A|102|-|ZN|-,8i3x,ZN,2,2,2,0.03934321,0.12219449,0.71817080,0.12029151
sha256:4748babd2b6ac0706cd9ed4bcfd4855c8d2c5535f01813fb2e10b68b31a24c0f:row:4289,2igi|m0|A|1001|-|ZN|-,2igi,ZN,2,2,2,0.12275231,0.06360833,0.54541396,0.26822540
sha256:4748babd2b6ac0706cd9ed4bcfd4855c8d2c5535f01813fb2e10b68b31a24c0f:row:4296,1ho5|m0|A|1601|-|MN|-,1ho5,MN,2,0,2,0.33447132,0.06882049,0.38342727,0.21328092
sha256:4748babd2b6ac0706cd9ed4bcfd4855c8d2c5535f01813fb2e10b68b31a24c0f:row:4297,3umk|m0|A|1|-|CU|-,3umk,CU,2,1,3,0.05388259,0.19249285,0.17374593,0.57987863
sha256:4748babd2b6ac0706cd9ed4bcfd4855c8d2c5535f01813fb2e10b68b31a24c0f:row:4307,7cj6|m0|B|301|-|MN|-,7cj6,MN,2,0,0,0.74418464,0.02331058,0.06802209,0.16448269
sha256:4748babd2b6ac0706cd9ed4bcfd4855c8d2c5535f01813fb2e10b68b31a24c0f:row:4311,4v06|m0|B|1491|-|FE|-,4v06,FE,2,3,3,0.13468340,0.08117073,0.15866430,0.62548158
sha256:4748babd2b6ac0706cd9ed4bcfd4855c8d2c5535f01813fb2e10b68b31a24c0f:row:4313,7lvz|m0|B|301|-|FE|-,7lvz,FE,2,3,3,0.23874053,0.06987513,0.10116794,0.59021640
sha256:4748babd2b6ac0706cd9ed4bcfd4855c8d2c5535f01813fb2e10b68b31a24c0f:row:4316,5mtz|m0|A|901|-|ZN|-,5mtz,ZN,2,2,3,0.16577994,0.11377819,0.17528434,0.54515753
sha256:4748babd2b6ac0706cd9ed4bcfd4855c8d2c5535f01813fb2e10b68b31a24c0f:row:4323,6wi8|m0|A|1201|-|ZN|-,6wi8,ZN,2,2,2,0.03036575,0.09435622,0.54660455,0.32867348
sha256:4748babd2b6ac0706cd9ed4bcfd4855c8d2c5535f01813fb2e10b68b31a24c0f:row:4325,4cq1|m0|A|1534|-|ZN|-,4cq1,ZN,2,2,1,0.05052031,0.45930487,0.28288309,0.20729173
sha256:4748babd2b6ac0706cd9ed4bcfd4855c8d2c5535f01813fb2e10b68b31a24c0f:row:4334,8imd|m0|A|302|-|CU|-,8imd,CU,2,1,2,0.03084258,0.42830103,0.44558321,0.09527319
sha256:4748babd2b6ac0706cd9ed4bcfd4855c8d2c5535f01813fb2e10b68b31a24c0f:row:4341,8cwt|m0|B|601|-|NI|-,8cwt,NI,2,3,3,0.06550328,0.08156783,0.29519878,0.55773010
sha256:4748babd2b6ac0706cd9ed4bcfd4855c8d2c5535f01813fb2e10b68b31a24c0f:row:4343,6dy4|m0|D|201|-|FE|-,6dy4,FE,2,3,3,0.10290566,0.08769083,0.12639308,0.68301044
sha256:4748babd2b6ac0706cd9ed4bcfd4855c8d2c5535f01813fb2e10b68b31a24c0f:row:4363,2g2n|m0|C|1007|-|ZN|-,2g2n,ZN,2,2,2,0.15582979,0.09103738,0.48700607,0.26612676
sha256:4748babd2b6ac0706cd9ed4bcfd4855c8d2c5535f01813fb2e10b68b31a24c0f:row:4366,2dfi|m0|B|503|-|CO|-,2dfi,CO,2,3,1,0.09027539,0.38351453,0.29578692,0.23042316
sha256:4748babd2b6ac0706cd9ed4bcfd4855c8d2c5535f01813fb2e10b68b31a24c0f:row:4369,4zr0|m0|A|402|-|ZN|-,4zr0,ZN,2,2,3,0.10217253,0.11836791,0.10131918,0.67814039
sha256:4748babd2b6ac0706cd9ed4bcfd4855c8d2c5535f01813fb2e10b68b31a24c0f:row:4377,1pj0|m0|A|376|-|FE|-,1pj0,FE,2,3,3,0.10591247,0.05342688,0.08725312,0.75340753
sha256:4748babd2b6ac0706cd9ed4bcfd4855c8d2c5535f01813fb2e10b68b31a24c0f:row:4379,8sky|m0|B|402|-|MN|-,8sky,MN,2,0,0,0.47179103,0.02561755,0.24454027,0.25805116
sha256:4748babd2b6ac0706cd9ed4bcfd4855c8d2c5535f01813fb2e10b68b31a24c0f:row:4385,4cq1|m0|A|1532|-|ZN|-,4cq1,ZN,2,2,2,0.04485137,0.12062079,0.54101505,0.29351279
sha256:4748babd2b6ac0706cd9ed4bcfd4855c8d2c5535f01813fb2e10b68b31a24c0f:row:4392,2w5w|m0|A|1376|-|ZN|-,2w5w,ZN,2,2,3,0.13754760,0.05206766,0.18133135,0.62905339
sha256:4748babd2b6ac0706cd9ed4bcfd4855c8d2c5535f01813fb2e10b68b31a24c0f:row:4398,1qh3|m0|A|266|-|MN|-,1qh3,MN,2,0,3,0.27660732,0.07842126,0.29773273,0.34723869
sha256:4748babd2b6ac0706cd9ed4bcfd4855c8d2c5535f01813fb2e10b68b31a24c0f:row:4399,4o5v|m0|A|302|-|FE|-,4o5v,FE,2,3,3,0.39377124,0.04800497,0.07501491,0.48320888
sha256:4748babd2b6ac0706cd9ed4bcfd4855c8d2c5535f01813fb2e10b68b31a24c0f:row:4401,4qkd|m0|A|303|-|MN|-,4qkd,MN,2,0,3,0.40477950,0.03857997,0.07820693,0.47843360
sha256:4748babd2b6ac0706cd9ed4bcfd4855c8d2c5535f01813fb2e10b68b31a24c0f:row:4409,4nbd|m0|B|501|-|FE|-,4nbd,FE,2,3,2,0.14176728,0.08168389,0.44798519,0.32856364
sha256:4748babd2b6ac0706cd9ed4bcfd4855c8d2c5535f01813fb2e10b68b31a24c0f:row:4414,1joc|m0|A|300|-|ZN|-,1joc,ZN,2,2,2,0.06112776,0.03354599,0.76827566,0.13705059
sha256:4748babd2b6ac0706cd9ed4bcfd4855c8d2c5535f01813fb2e10b68b31a24c0f:row:4420,4y6p|m0|B|502|-|MN|-,4y6p,MN,2,0,0,0.71180226,0.03238172,0.10594938,0.14986664
sha256:4748babd2b6ac0706cd9ed4bcfd4855c8d2c5535f01813fb2e10b68b31a24c0f:row:4423,3fgg|m0|A|161|-|ZN|-,3fgg,ZN,2,2,2,0.07663749,0.06151974,0.46614205,0.39570072
sha256:4748babd2b6ac0706cd9ed4bcfd4855c8d2c5535f01813fb2e10b68b31a24c0f:row:4424,6klg|m0|A|604|-|CU|-,6klg,CU,2,1,1,0.05740904,0.49557431,0.24091305,0.20610361
sha256:4748babd2b6ac0706cd9ed4bcfd4855c8d2c5535f01813fb2e10b68b31a24c0f:row:4425,5nfo|m0|B|501|-|MN|-,5nfo,MN,2,0,3,0.31986432,0.03166248,0.06990821,0.57856500
sha256:4748babd2b6ac0706cd9ed4bcfd4855c8d2c5535f01813fb2e10b68b31a24c0f:row:4435,2r2d|m0|A|277|-|ZN|-,2r2d,ZN,2,2,3,0.10519989,0.06763148,0.21577616,0.61139248
sha256:4748babd2b6ac0706cd9ed4bcfd4855c8d2c5535f01813fb2e10b68b31a24c0f:row:4436,3zwf|m0|A|1364|-|ZN|-,3zwf,ZN,2,2,0,0.45164764,0.06935170,0.14881781,0.33018285
sha256:4748babd2b6ac0706cd9ed4bcfd4855c8d2c5535f01813fb2e10b68b31a24c0f:row:4437,2vqg|m0|B|1089|-|ZN|-,2vqg,ZN,2,2,2,0.13580445,0.04265613,0.56055847,0.26098094
sha256:4748babd2b6ac0706cd9ed4bcfd4855c8d2c5535f01813fb2e10b68b31a24c0f:row:4445,3ram|m0|B|999|-|ZN|-,3ram,ZN,2,2,2,0.12740738,0.12386461,0.46927724,0.27945078
sha256:4748babd2b6ac0706cd9ed4bcfd4855c8d2c5535f01813fb2e10b68b31a24c0f:row:4448,7sze|m0|A|506|-|FE|-,7sze,FE,2,3,3,0.08590435,0.03062549,0.21315845,0.67031172
sha256:4748babd2b6ac0706cd9ed4bcfd4855c8d2c5535f01813fb2e10b68b31a24c0f:row:4477,2b2k|m0|B|201|-|MN|-,2b2k,MN,2,0,3,0.38698878,0.02486290,0.17343093,0.41471738
sha256:4748babd2b6ac0706cd9ed4bcfd4855c8d2c5535f01813fb2e10b68b31a24c0f:row:4478,8t75|m0|B|202|-|ZN|-,8t75,ZN,2,2,2,0.03623501,0.07515510,0.77669090,0.11191900
sha256:4748babd2b6ac0706cd9ed4bcfd4855c8d2c5535f01813fb2e10b68b31a24c0f:row:4490,8iej|m0|A|1101|-|ZN|-,8iej,ZN,2,2,2,0.07980299,0.11288271,0.48580389,0.32151041
sha256:4748babd2b6ac0706cd9ed4bcfd4855c8d2c5535f01813fb2e10b68b31a24c0f:row:4492,4fwj|m0|A|903|-|ZN|-,4fwj,ZN,2,2,2,0.03972300,0.21606137,0.64242321,0.10179243
sha256:4748babd2b6ac0706cd9ed4bcfd4855c8d2c5535f01813fb2e10b68b31a24c0f:row:4496,6ifp|m0|A|201|-|CU|-,6ifp,CU,2,1,1,0.03553849,0.66555763,0.20816847,0.09073541
sha256:4748babd2b6ac0706cd9ed4bcfd4855c8d2c5535f01813fb2e10b68b31a24c0f:row:4498,3py5|m0|A|301|-|MN|-,3py5,MN,2,0,0,0.64996336,0.04489828,0.16332654,0.14181181
sha256:4748babd2b6ac0706cd9ed4bcfd4855c8d2c5535f01813fb2e10b68b31a24c0f:row:4499,5m22|m0|F|401|-|FE|-,5m22,FE,2,3,2,0.14376670,0.10310543,0.41515641,0.33797146
sha256:4748babd2b6ac0706cd9ed4bcfd4855c8d2c5535f01813fb2e10b68b31a24c0f:row:4510,1y5x|m0|D|1400|-|ZN|-,1y5x,ZN,2,2,2,0.03542854,0.07140192,0.79349047,0.09967907
sha256:4748babd2b6ac0706cd9ed4bcfd4855c8d2c5535f01813fb2e10b68b31a24c0f:row:4511,3pfo|m0|A|451|-|ZN|-,3pfo,ZN,2,2,3,0.27339205,0.05848606,0.15990312,0.50821877
sha256:4748babd2b6ac0706cd9ed4bcfd4855c8d2c5535f01813fb2e10b68b31a24c0f:row:4516,4mv2|m0|A|201|-|NI|-,4mv2,NI,2,3,3,0.08742526,0.07185966,0.10708301,0.73363207
sha256:4748babd2b6ac0706cd9ed4bcfd4855c8d2c5535f01813fb2e10b68b31a24c0f:row:4522,7y3y|m0|A|502|-|FE|-,7y3y,FE,2,3,3,0.06348061,0.05341445,0.08370499,0.79939995
sha256:4748babd2b6ac0706cd9ed4bcfd4855c8d2c5535f01813fb2e10b68b31a24c0f:row:4533,2e6c|m0|A|301|-|MN|-,2e6c,MN,2,0,0,0.75576650,0.03926534,0.07817810,0.12679007
sha256:4748babd2b6ac0706cd9ed4bcfd4855c8d2c5535f01813fb2e10b68b31a24c0f:row:4534,3x30|m0|A|301|-|MN|-,3x30,MN,2,0,0,0.44359775,0.05710703,0.18201216,0.31728306
sha256:4748babd2b6ac0706cd9ed4bcfd4855c8d2c5535f01813fb2e10b68b31a24c0f:row:4538,4xpy|m0|A|202|-|FE|-,4xpy,FE,2,3,3,0.12041026,0.07052934,0.13948726,0.66957314
sha256:4748babd2b6ac0706cd9ed4bcfd4855c8d2c5535f01813fb2e10b68b31a24c0f:row:4540,5jo0|m0|B|502|-|MN|-,5jo0,MN,2,0,0,0.70619428,0.03187124,0.12535863,0.13657584
sha256:4748babd2b6ac0706cd9ed4bcfd4855c8d2c5535f01813fb2e10b68b31a24c0f:row:4542,5a7m|m0|A|1911|-|ZN|B,5a7m,ZN,2,2,2,0.04302442,0.10135100,0.72377757,0.13184701
sha256:4748babd2b6ac0706cd9ed4bcfd4855c8d2c5535f01813fb2e10b68b31a24c0f:row:4553,7un2|m0|A|302|-|MN|-,7un2,MN,2,0,0,0.78939458,0.04675146,0.06948602,0.09436794
sha256:4748babd2b6ac0706cd9ed4bcfd4855c8d2c5535f01813fb2e10b68b31a24c0f:row:4554,3uko|m0|A|401|-|ZN|-,3uko,ZN,2,2,2,0.07756318,0.09529941,0.62474919,0.20238822
sha256:4748babd2b6ac0706cd9ed4bcfd4855c8d2c5535f01813fb2e10b68b31a24c0f:row:4557,7vx0|m0|B|702|-|FE|-,7vx0,FE,2,3,0,0.60164460,0.04759178,0.07422701,0.27653660
sha256:4748babd2b6ac0706cd9ed4bcfd4855c8d2c5535f01813fb2e10b68b31a24c0f:row:4576,4ad9|m0|A|1001|-|ZN|-,4ad9,ZN,2,2,3,0.17411215,0.08786164,0.20073476,0.53729145
sha256:4748babd2b6ac0706cd9ed4bcfd4855c8d2c5535f01813fb2e10b68b31a24c0f:row:4578,4n0o|m0|A|503|-|ZN|-,4n0o,ZN,2,2,2,0.05265279,0.03131026,0.77435879,0.14167817
sha256:4748babd2b6ac0706cd9ed4bcfd4855c8d2c5535f01813fb2e10b68b31a24c0f:row:4580,6x5k|m0|M|802|-|NI|-,6x5k,NI,2,3,2,0.04778026,0.09813575,0.68114001,0.17294399
sha256:4748babd2b6ac0706cd9ed4bcfd4855c8d2c5535f01813fb2e10b68b31a24c0f:row:4584,5m21|m0|B|401|-|FE|-,5m21,FE,2,3,3,0.16559945,0.28228394,0.12691161,0.42520500
sha256:4748babd2b6ac0706cd9ed4bcfd4855c8d2c5535f01813fb2e10b68b31a24c0f:row:4586,4ewt|m0|A|401|-|MN|-,4ewt,MN,2,0,2,0.29847329,0.07504399,0.46554492,0.16093781
sha256:4748babd2b6ac0706cd9ed4bcfd4855c8d2c5535f01813fb2e10b68b31a24c0f:row:4589,7emz|m0|B|302|-|FE|-,7emz,FE,2,3,3,0.14605207,0.06501490,0.12432335,0.66460967
sha256:4748babd2b6ac0706cd9ed4bcfd4855c8d2c5535f01813fb2e10b68b31a24c0f:row:4590,5z5n|m0|B|302|-|MN|-,5z5n,MN,2,0,0,0.79023185,0.03434736,0.06109491,0.11432589
sha256:4748babd2b6ac0706cd9ed4bcfd4855c8d2c5535f01813fb2e10b68b31a24c0f:row:4597,3ww4|m0|B|401|-|MN|-,3ww4,MN,2,0,0,0.59260570,0.05531235,0.07172899,0.28035296
sha256:4748babd2b6ac0706cd9ed4bcfd4855c8d2c5535f01813fb2e10b68b31a24c0f:row:4601,3vto|m0|A|301|-|FE|-,3vto,FE,2,3,3,0.14298341,0.30352770,0.09469136,0.45879753
sha256:4748babd2b6ac0706cd9ed4bcfd4855c8d2c5535f01813fb2e10b68b31a24c0f:row:4602,2eb0|m0|A|502|-|MN|-,2eb0,MN,2,0,0,0.45607854,0.03629102,0.40420949,0.10342094
sha256:4748babd2b6ac0706cd9ed4bcfd4855c8d2c5535f01813fb2e10b68b31a24c0f:row:4610,6wf2|m0|A|401|-|FE|-,6wf2,FE,2,3,3,0.05070118,0.32459967,0.13943135,0.48526780
sha256:4748babd2b6ac0706cd9ed4bcfd4855c8d2c5535f01813fb2e10b68b31a24c0f:row:4612,2prq|m0|A|501|-|CO|-,2prq,CO,2,3,2,0.12713452,0.07273081,0.59146432,0.20867035
sha256:4748babd2b6ac0706cd9ed4bcfd4855c8d2c5535f01813fb2e10b68b31a24c0f:row:4619,4lom|m0|A|303|-|MN|-,4lom,MN,2,0,3,0.43687518,0.04288238,0.07933641,0.44090602
sha256:4748babd2b6ac0706cd9ed4bcfd4855c8d2c5535f01813fb2e10b68b31a24c0f:row:4620,1pj0|m0|A|377|-|FE|-,1pj0,FE,2,3,3,0.09713653,0.05005908,0.16614494,0.68665945
sha256:4748babd2b6ac0706cd9ed4bcfd4855c8d2c5535f01813fb2e10b68b31a24c0f:row:4635,5tqn|m0|B|901|-|FE|-,5tqn,FE,2,3,3,0.21723052,0.14610913,0.11901757,0.51764278
sha256:4748babd2b6ac0706cd9ed4bcfd4855c8d2c5535f01813fb2e10b68b31a24c0f:row:4643,7wh0|m0|A|601|-|FE|-,7wh0,FE,2,3,3,0.09924119,0.07208411,0.11926011,0.70941460
sha256:4748babd2b6ac0706cd9ed4bcfd4855c8d2c5535f01813fb2e10b68b31a24c0f:row:4644,6eql|m0|A|302|-|MN|-,6eql,MN,2,0,3,0.42920848,0.03929429,0.08477341,0.44672382
sha256:4748babd2b6ac0706cd9ed4bcfd4855c8d2c5535f01813fb2e10b68b31a24c0f:row:4654,4k7d|m0|A|506|-|ZN|-,4k7d,ZN,2,2,2,0.23303912,0.08011973,0.58758885,0.09925230
sha256:4748babd2b6ac0706cd9ed4bcfd4855c8d2c5535f01813fb2e10b68b31a24c0f:row:4668,2v3x|m0|A|1441|-|MN|-,2v3x,MN,2,0,0,0.70215247,0.04718949,0.10794490,0.14271314
sha256:4748babd2b6ac0706cd9ed4bcfd4855c8d2c5535f01813fb2e10b68b31a24c0f:row:4678,4qwn|m0|C|702|-|NI|-,4qwn,NI,2,3,3,0.11360672,0.06726720,0.09172242,0.72740366
sha256:4748babd2b6ac0706cd9ed4bcfd4855c8d2c5535f01813fb2e10b68b31a24c0f:row:4681,7s0w|m0|B|601|-|CO|-,7s0w,CO,2,3,2,0.23945514,0.06037494,0.43661236,0.26355756
sha256:4748babd2b6ac0706cd9ed4bcfd4855c8d2c5535f01813fb2e10b68b31a24c0f:row:4683,4mmy|m0|A|1029|-|MN|-,4mmy,MN,2,0,0,0.55069723,0.05613598,0.29318951,0.09997729
sha256:4748babd2b6ac0706cd9ed4bcfd4855c8d2c5535f01813fb2e10b68b31a24c0f:row:4684,1lod|m0|C|459|-|MN|-,1lod,MN,2,0,0,0.81596515,0.03612005,0.05398894,0.09392586
sha256:4748babd2b6ac0706cd9ed4bcfd4855c8d2c5535f01813fb2e10b68b31a24c0f:row:4685,3giq|m0|A|483|-|ZN|-,3giq,ZN,2,2,2,0.11857207,0.09514053,0.56580284,0.22048456
sha256:4748babd2b6ac0706cd9ed4bcfd4855c8d2c5535f01813fb2e10b68b31a24c0f:row:4687,7z3i|m0|A|201|-|CU|-,7z3i,CU,2,1,1,0.02613633,0.61433156,0.25496022,0.10457190
sha256:4748babd2b6ac0706cd9ed4bcfd4855c8d2c5535f01813fb2e10b68b31a24c0f:row:4690,6h1c|m0|A|201|-|MN|-,6h1c,MN,2,0,3,0.30288209,0.02608541,0.27837213,0.39266037
sha256:4748babd2b6ac0706cd9ed4bcfd4855c8d2c5535f01813fb2e10b68b31a24c0f:row:4708,6d61|m0|A|201|-|FE|-,6d61,FE,2,3,3,0.37195000,0.05419832,0.10776520,0.46608647
sha256:4748babd2b6ac0706cd9ed4bcfd4855c8d2c5535f01813fb2e10b68b31a24c0f:row:4719,5ofs|m0|A|101|-|ZN|-,5ofs,ZN,2,2,3,0.06769043,0.07382030,0.31866930,0.53981997
sha256:4748babd2b6ac0706cd9ed4bcfd4855c8d2c5535f01813fb2e10b68b31a24c0f:row:4723,4zdt|m0|A|302|-|ZN|-,4zdt,ZN,2,2,2,0.03992358,0.05559940,0.79814140,0.10633562
sha256:4748babd2b6ac0706cd9ed4bcfd4855c8d2c5535f01813fb2e10b68b31a24c0f:row:4726,3zvs|m0|A|1160|-|ZN|-,3zvs,ZN,2,2,2,0.04646176,0.06171297,0.75424924,0.13757603
sha256:4748babd2b6ac0706cd9ed4bcfd4855c8d2c5535f01813fb2e10b68b31a24c0f:row:4735,3idu|m0|A|601|-|MN|-,3idu,MN,2,0,0,0.69558995,0.06564741,0.11609090,0.12267175
sha256:4748babd2b6ac0706cd9ed4bcfd4855c8d2c5535f01813fb2e10b68b31a24c0f:row:4744,6h1c|m0|A|202|-|MN|-,6h1c,MN,2,0,2,0.28176250,0.03492522,0.55875438,0.12455790
sha256:4748babd2b6ac0706cd9ed4bcfd4855c8d2c5535f01813fb2e10b68b31a24c0f:row:4745,3ea1|m0|A|299|-|ZN|-,3ea1,ZN,2,2,2,0.06353685,0.10850424,0.55831351,0.26964541
sha256:4748babd2b6ac0706cd9ed4bcfd4855c8d2c5535f01813fb2e10b68b31a24c0f:row:4758,2wdc|m0|A|1591|-|MN|-,2wdc,MN,2,0,0,0.70781160,0.08706952,0.07989873,0.12522015
sha256:4748babd2b6ac0706cd9ed4bcfd4855c8d2c5535f01813fb2e10b68b31a24c0f:row:4765,2zne|m0|B|992|-|ZN|-,2zne,ZN,2,2,2,0.27131848,0.05974520,0.49686756,0.17206877
sha256:4748babd2b6ac0706cd9ed4bcfd4855c8d2c5535f01813fb2e10b68b31a24c0f:row:4766,5jy8|m0|A|402|-|FE|-,5jy8,FE,2,3,2,0.06925736,0.16665468,0.63165531,0.13243265
sha256:4748babd2b6ac0706cd9ed4bcfd4855c8d2c5535f01813fb2e10b68b31a24c0f:row:4770,1i50|m0|A|3006|-|ZN|-,1i50,ZN,2,2,2,0.03532491,0.06341766,0.80254344,0.09871398
sha256:4748babd2b6ac0706cd9ed4bcfd4855c8d2c5535f01813fb2e10b68b31a24c0f:row:4776,6rxf|m0|A|602|-|ZN|-,6rxf,ZN,2,2,2,0.17035399,0.12118906,0.53712399,0.17133296
sha256:4748babd2b6ac0706cd9ed4bcfd4855c8d2c5535f01813fb2e10b68b31a24c0f:row:4777,6ala|m0|C|1001|-|CU|-,6ala,CU,2,1,2,0.11835392,0.19704845,0.40754732,0.27705031
sha256:4748babd2b6ac0706cd9ed4bcfd4855c8d2c5535f01813fb2e10b68b31a24c0f:row:4778,2agd|m0|B|402|-|MN|-,2agd,MN,2,0,0,0.63947986,0.04428230,0.06040235,0.25583548
sha256:4748babd2b6ac0706cd9ed4bcfd4855c8d2c5535f01813fb2e10b68b31a24c0f:row:4789,1ncy|m0|A|163|-|MN|-,1ncy,MN,2,0,0,0.66161369,0.04118084,0.08742838,0.20977709
sha256:4748babd2b6ac0706cd9ed4bcfd4855c8d2c5535f01813fb2e10b68b31a24c0f:row:4794,6mur|m0|C|301|-|ZN|-,6mur,ZN,2,2,2,0.03028902,0.10266654,0.76110091,0.10594353
sha256:4748babd2b6ac0706cd9ed4bcfd4855c8d2c5535f01813fb2e10b68b31a24c0f:row:4803,5fwj|m0|A|1771|-|ZN|-,5fwj,ZN,2,2,2,0.03561654,0.06262845,0.78218780,0.11956721
sha256:4748babd2b6ac0706cd9ed4bcfd4855c8d2c5535f01813fb2e10b68b31a24c0f:row:4804,1adw|m0|A|130|-|CU|-,1adw,CU,2,1,1,0.03279905,0.65815353,0.21615211,0.09289531
sha256:4748babd2b6ac0706cd9ed4bcfd4855c8d2c5535f01813fb2e10b68b31a24c0f:row:4807,1cvn|m0|B|238|-|MN|-,1cvn,MN,2,0,0,0.81770439,0.03654687,0.06195626,0.08379248
sha256:4748babd2b6ac0706cd9ed4bcfd4855c8d2c5535f01813fb2e10b68b31a24c0f:row:4808,6a9t|m0|A|602|-|MN|-,6a9t,MN,2,0,0,0.72090401,0.04599996,0.07465029,0.15844574
sha256:4748babd2b6ac0706cd9ed4bcfd4855c8d2c5535f01813fb2e10b68b31a24c0f:row:4811,2g9t|m0|A|999|-|ZN|-,2g9t,ZN,2,2,2,0.03640436,0.08387308,0.56695122,0.31277133
sha256:4748babd2b6ac0706cd9ed4bcfd4855c8d2c5535f01813fb2e10b68b31a24c0f:row:4812,8enm|m0|D|601|-|FE|-,8enm,FE,2,3,3,0.36030419,0.03770435,0.13738467,0.46460679
sha256:4748babd2b6ac0706cd9ed4bcfd4855c8d2c5535f01813fb2e10b68b31a24c0f:row:4819,7yxg|m0|B|402|-|MN|-,7yxg,MN,2,0,3,0.41522576,0.04692633,0.07135283,0.46649508
sha256:4748babd2b6ac0706cd9ed4bcfd4855c8d2c5535f01813fb2e10b68b31a24c0f:row:4826,4nj4|m0|B|301|-|MN|-,4nj4,MN,2,0,0,0.61512073,0.04518946,0.06243773,0.27725207
sha256:4748babd2b6ac0706cd9ed4bcfd4855c8d2c5535f01813fb2e10b68b31a24c0f:row:4829,5v1u|m0|B|102|-|ZN|-,5v1u,ZN,2,2,2,0.17362724,0.05637375,0.53086852,0.23913049
sha256:4748babd2b6ac0706cd9ed4bcfd4855c8d2c5535f01813fb2e10b68b31a24c0f:row:4846,4d4z|m0|A|301|-|FE|-,4d4z,FE,2,3,3,0.10679845,0.06144594,0.10682002,0.72493559
sha256:4748babd2b6ac0706cd9ed4bcfd4855c8d2c5535f01813fb2e10b68b31a24c0f:row:4858,6fxm|m0|A|807|-|MN|-,6fxm,MN,2,0,0,0.70343185,0.04297333,0.10487670,0.14871812
sha256:4748babd2b6ac0706cd9ed4bcfd4855c8d2c5535f01813fb2e10b68b31a24c0f:row:4867,5c74|m0|A|303|-|NI|-,5c74,NI,2,3,2,0.09832621,0.04568289,0.57467800,0.28131290
sha256:4748babd2b6ac0706cd9ed4bcfd4855c8d2c5535f01813fb2e10b68b31a24c0f:row:4875,7qbt|m0|A|502|-|FE|-,7qbt,FE,2,3,2,0.06483267,0.02376324,0.71894993,0.19245416
sha256:4748babd2b6ac0706cd9ed4bcfd4855c8d2c5535f01813fb2e10b68b31a24c0f:row:4876,2ycb|m0|A|1637|-|ZN|-,2ycb,ZN,2,2,3,0.29137231,0.07660504,0.24399055,0.38803209
sha256:4748babd2b6ac0706cd9ed4bcfd4855c8d2c5535f01813fb2e10b68b31a24c0f:row:4881,5ulg|m0|B|601|-|FE|-,5ulg,FE,2,3,3,0.09827740,0.07546861,0.08541940,0.74083459
sha256:4748babd2b6ac0706cd9ed4bcfd4855c8d2c5535f01813fb2e10b68b31a24c0f:row:4885,6ll4|m0|C|402|-|FE|-,6ll4,FE,2,3,3,0.06512857,0.06159868,0.24958307,0.62368968
sha256:4748babd2b6ac0706cd9ed4bcfd4855c8d2c5535f01813fb2e10b68b31a24c0f:row:4887,5vin|m0|B|607|-|CO|-,5vin,CO,2,3,0,0.38653190,0.05847513,0.34958325,0.20540971
sha256:4748babd2b6ac0706cd9ed4bcfd4855c8d2c5535f01813fb2e10b68b31a24c0f:row:4889,3umk|m0|A|5|-|CU|-,3umk,CU,2,1,2,0.07302826,0.13379712,0.54808576,0.24508886
sha256:4748babd2b6ac0706cd9ed4bcfd4855c8d2c5535f01813fb2e10b68b31a24c0f:row:4902,6bbl|m0|B|603|-|FE|-,6bbl,FE,2,3,0,0.64045495,0.03762728,0.12897343,0.19294434
sha256:4748babd2b6ac0706cd9ed4bcfd4855c8d2c5535f01813fb2e10b68b31a24c0f:row:4913,2p72|m0|A|214|-|MN|-,2p72,MN,2,0,0,0.58907877,0.06891128,0.17386142,0.16814853
sha256:4748babd2b6ac0706cd9ed4bcfd4855c8d2c5535f01813fb2e10b68b31a24c0f:row:4914,6k9z|m0|B|1004|-|FE|-,6k9z,FE,2,3,3,0.42245177,0.04675092,0.08707137,0.44372595
sha256:4748babd2b6ac0706cd9ed4bcfd4855c8d2c5535f01813fb2e10b68b31a24c0f:row:4916,3qy7|m0|A|263|-|FE|-,3qy7,FE,2,3,3,0.39186455,0.04972041,0.12629925,0.43211579
sha256:4748babd2b6ac0706cd9ed4bcfd4855c8d2c5535f01813fb2e10b68b31a24c0f:row:4927,2pkg|m0|C|175|-|ZN|-,2pkg,ZN,2,2,2,0.05025593,0.02649433,0.80329103,0.11995871
sha256:4748babd2b6ac0706cd9ed4bcfd4855c8d2c5535f01813fb2e10b68b31a24c0f:row:4943,4ac8|m0|A|500|-|FE|-,4ac8,FE,2,3,3,0.09660612,0.04623484,0.12299839,0.73416065
sha256:4748babd2b6ac0706cd9ed4bcfd4855c8d2c5535f01813fb2e10b68b31a24c0f:row:4953,3k2g|m0|A|400|-|ZN|-,3k2g,ZN,2,2,3,0.18739376,0.06174363,0.14145235,0.60941026
sha256:4748babd2b6ac0706cd9ed4bcfd4855c8d2c5535f01813fb2e10b68b31a24c0f:row:4956,4fbw|m0|B|502|-|MN|-,4fbw,MN,2,0,0,0.61209945,0.10741837,0.12189917,0.15858300
sha256:4748babd2b6ac0706cd9ed4bcfd4855c8d2c5535f01813fb2e10b68b31a24c0f:row:4974,8i02|m0|G|702|-|ZN|-,8i02,ZN,2,2,2,0.04859364,0.09762418,0.71764453,0.13613765
sha256:4748babd2b6ac0706cd9ed4bcfd4855c8d2c5535f01813fb2e10b68b31a24c0f:row:4976,7t91|m0|A|402|-|ZN|-,7t91,ZN,2,2,2,0.03442150,0.10374959,0.75686016,0.10496875
sha256:4748babd2b6ac0706cd9ed4bcfd4855c8d2c5535f01813fb2e10b68b31a24c0f:row:4978,4lrd|m0|A|401|-|MN|-,4lrd,MN,2,0,0,0.57416857,0.02086039,0.06855532,0.33641572
sha256:4748babd2b6ac0706cd9ed4bcfd4855c8d2c5535f01813fb2e10b68b31a24c0f:row:4981,6fxm|m0|A|806|-|FE|-,6fxm,FE,2,3,2,0.09567096,0.07134327,0.56043846,0.27254731
sha256:4748babd2b6ac0706cd9ed4bcfd4855c8d2c5535f01813fb2e10b68b31a24c0f:row:5000,1vzg|m0|A|1129|-|FE|-,1vzg,FE,2,3,3,0.19806309,0.09566997,0.12397815,0.58228879
sha256:4748babd2b6ac0706cd9ed4bcfd4855c8d2c5535f01813fb2e10b68b31a24c0f:row:5011,1fui|m0|B|592|-|MN|-,1fui,MN,2,0,0,0.70850645,0.05001315,0.07729378,0.16418663
sha256:4748babd2b6ac0706cd9ed4bcfd4855c8d2c5535f01813fb2e10b68b31a24c0f:row:5013,6qsc|m0|B|499|-|MN|-,6qsc,MN,2,0,0,0.71825051,0.03696037,0.07398452,0.17080459
sha256:4748babd2b6ac0706cd9ed4bcfd4855c8d2c5535f01813fb2e10b68b31a24c0f:row:5014,1pfr|m0|B|503|-|FE|-,1pfr,FE,2,3,3,0.16340988,0.10170596,0.24895529,0.48592887
sha256:4748babd2b6ac0706cd9ed4bcfd4855c8d2c5535f01813fb2e10b68b31a24c0f:row:5015,5wja|m0|A|1001|-|CU|-,5wja,CU,2,1,1,0.03169898,0.44031342,0.42963390,0.09835370
sha256:4748babd2b6ac0706cd9ed4bcfd4855c8d2c5535f01813fb2e10b68b31a24c0f:row:5025,4j4m|m0|A|304|-|ZN|-,4j4m,ZN,2,2,3,0.09277411,0.10406092,0.31540675,0.48775821
sha256:4748babd2b6ac0706cd9ed4bcfd4855c8d2c5535f01813fb2e10b68b31a24c0f:row:5029,3u2x|m0|B|263|-|MN|-,3u2x,MN,2,0,3,0.37370743,0.02756238,0.11249256,0.48623763
sha256:4748babd2b6ac0706cd9ed4bcfd4855c8d2c5535f01813fb2e10b68b31a24c0f:row:5034,5cxm|m0|A|202|-|NI|-,5cxm,NI,2,3,3,0.08340159,0.04858086,0.37805104,0.48996651
sha256:4748babd2b6ac0706cd9ed4bcfd4855c8d2c5535f01813fb2e10b68b31a24c0f:row:5038,2r6f|m0|A|1004|-|ZN|-,2r6f,ZN,2,2,2,0.03772076,0.26311066,0.55313266,0.14603591
sha256:4748babd2b6ac0706cd9ed4bcfd4855c8d2c5535f01813fb2e10b68b31a24c0f:row:5039,2phd|m0|D|370|-|FE|-,2phd,FE,2,3,2,0.05163394,0.18552878,0.39511737,0.36771991
sha256:4748babd2b6ac0706cd9ed4bcfd4855c8d2c5535f01813fb2e10b68b31a24c0f:row:5041,3qlq|m0|D|239|-|MN|-,3qlq,MN,2,0,0,0.73470838,0.02207717,0.08659342,0.15662103
sha256:4748babd2b6ac0706cd9ed4bcfd4855c8d2c5535f01813fb2e10b68b31a24c0f:row:5045,2eb0|m0|B|503|-|MN|-,2eb0,MN,2,0,0,0.75235825,0.04662143,0.10402514,0.09699518
sha256:4748babd2b6ac0706cd9ed4bcfd4855c8d2c5535f01813fb2e10b68b31a24c0f:row:5048,8e3v|m0|B|601|-|FE|-,8e3v,FE,2,3,0,0.72210459,0.04609951,0.12424567,0.10755022
sha256:4748babd2b6ac0706cd9ed4bcfd4855c8d2c5535f01813fb2e10b68b31a24c0f:row:5061,5xfa|m0|D|502|-|NI|-,5xfa,NI,2,3,2,0.03890264,0.08921174,0.69492993,0.17695568
sha256:4748babd2b6ac0706cd9ed4bcfd4855c8d2c5535f01813fb2e10b68b31a24c0f:row:5063,5nci|m0|B|301|-|CO|-,5nci,CO,2,3,3,0.07192443,0.34402546,0.21797063,0.36607948
sha256:4748babd2b6ac0706cd9ed4bcfd4855c8d2c5535f01813fb2e10b68b31a24c0f:row:5070,7eul|m0|A|402|-|MN|-,7eul,MN,2,0,0,0.65273905,0.04192849,0.16569453,0.13963792
sha256:4748babd2b6ac0706cd9ed4bcfd4855c8d2c5535f01813fb2e10b68b31a24c0f:row:5074,7bih|m0|A|501|-|MN|-,7bih,MN,2,0,0,0.58462036,0.04995079,0.20773431,0.15769454
sha256:4748babd2b6ac0706cd9ed4bcfd4855c8d2c5535f01813fb2e10b68b31a24c0f:row:5075,5zt9|m0|A|302|-|NI|-,5zt9,NI,2,3,3,0.08390893,0.12384065,0.23957450,0.55267592
sha256:4748babd2b6ac0706cd9ed4bcfd4855c8d2c5535f01813fb2e10b68b31a24c0f:row:5078,2zi8|m0|B|701|-|FE|-,2zi8,FE,2,3,3,0.24768944,0.03216022,0.09791521,0.62223512
sha256:4748babd2b6ac0706cd9ed4bcfd4855c8d2c5535f01813fb2e10b68b31a24c0f:row:5079,6ll4|m0|B|402|-|FE|-,6ll4,FE,2,3,3,0.09435349,0.04848542,0.09865667,0.75850441
sha256:4748babd2b6ac0706cd9ed4bcfd4855c8d2c5535f01813fb2e10b68b31a24c0f:row:5081,8iej|m0|M|1002|-|ZN|-,8iej,ZN,2,2,2,0.03964432,0.06938263,0.79100796,0.09996509
sha256:4748babd2b6ac0706cd9ed4bcfd4855c8d2c5535f01813fb2e10b68b31a24c0f:row:5089,4ee5|m0|C|405|-|MN|-,4ee5,MN,2,0,0,0.71105115,0.04123968,0.07345432,0.17425485
sha256:4748babd2b6ac0706cd9ed4bcfd4855c8d2c5535f01813fb2e10b68b31a24c0f:row:5093,1a16|m0|A|443|-|MN|-,1a16,MN,2,0,0,0.73767738,0.03117074,0.07304721,0.15810467
sha256:4748babd2b6ac0706cd9ed4bcfd4855c8d2c5535f01813fb2e10b68b31a24c0f:row:5096,8dcb|m0|A|504|-|NI|-,8dcb,NI,2,3,3,0.08360563,0.10954311,0.34798019,0.45887106
sha256:4748babd2b6ac0706cd9ed4bcfd4855c8d2c5535f01813fb2e10b68b31a24c0f:row:5103,4qkd|m0|B|304|-|MN|-,4qkd,MN,2,0,0,0.66115810,0.06734397,0.14757624,0.12392168
sha256:4748babd2b6ac0706cd9ed4bcfd4855c8d2c5535f01813fb2e10b68b31a24c0f:row:5108,7k8g|m0|A|601|-|FE|-,7k8g,FE,2,3,3,0.06928678,0.05257579,0.08828495,0.78985247
sha256:4748babd2b6ac0706cd9ed4bcfd4855c8d2c5535f01813fb2e10b68b31a24c0f:row:5113,1wy2|m0|A|405|-|ZN|-,1wy2,ZN,2,2,3,0.34316849,0.06273560,0.23765006,0.35644585
sha256:4748babd2b6ac0706cd9ed4bcfd4855c8d2c5535f01813fb2e10b68b31a24c0f:row:5121,3t7n|m0|A|263|-|MN|-,3t7n,MN,2,0,3,0.40529674,0.03472085,0.13005033,0.42993208
sha256:4748babd2b6ac0706cd9ed4bcfd4855c8d2c5535f01813fb2e10b68b31a24c0f:row:5125,8ito|m0|B|102|-|FE|-,8ito,FE,2,3,2,0.04786978,0.03394045,0.79324863,0.12494114
sha256:4748babd2b6ac0706cd9ed4bcfd4855c8d2c5535f01813fb2e10b68b31a24c0f:row:5127,1ndo|m0|E|452|-|FE|-,1ndo,FE,2,3,3,0.05741406,0.24496975,0.19421477,0.50340143
sha256:4748babd2b6ac0706cd9ed4bcfd4855c8d2c5535f01813fb2e10b68b31a24c0f:row:5131,2g2n|m0|B|1014|-|ZN|-,2g2n,ZN,2,2,2,0.08480710,0.08742760,0.43011954,0.39764576
sha256:4748babd2b6ac0706cd9ed4bcfd4855c8d2c5535f01813fb2e10b68b31a24c0f:row:5136,1k2f|m0|A|601|-|ZN|-,1k2f,ZN,2,2,2,0.05078795,0.05217145,0.76980418,0.12723643
sha256:4748babd2b6ac0706cd9ed4bcfd4855c8d2c5535f01813fb2e10b68b31a24c0f:row:5140,1ovr|m0|D|53|-|MN|-,1ovr,MN,2,0,3,0.30508434,0.04608728,0.24650941,0.40231897
sha256:4748babd2b6ac0706cd9ed4bcfd4855c8d2c5535f01813fb2e10b68b31a24c0f:row:5146,2epf|m0|A|301|-|ZN|-,2epf,ZN,2,2,2,0.03449121,0.35857671,0.41319577,0.19373631
sha256:4748babd2b6ac0706cd9ed4bcfd4855c8d2c5535f01813fb2e10b68b31a24c0f:row:5147,2e6c|m0|C|2301|-|MN|-,2e6c,MN,2,0,0,0.75352710,0.04219376,0.07074535,0.13353379
sha256:4748babd2b6ac0706cd9ed4bcfd4855c8d2c5535f01813fb2e10b68b31a24c0f:row:5148,2x98|m0|A|1476|-|ZN|-,2x98,ZN,2,2,2,0.14112813,0.05475878,0.58173773,0.22237536
sha256:4748babd2b6ac0706cd9ed4bcfd4855c8d2c5535f01813fb2e10b68b31a24c0f:row:5149,6hb0|m0|A|407|-|ZN|-,6hb0,ZN,2,2,3,0.17252713,0.06277575,0.33341102,0.43128610
sha256:4748babd2b6ac0706cd9ed4bcfd4855c8d2c5535f01813fb2e10b68b31a24c0f:row:5153,6qfk|m0|A|1704|-|MN|-,6qfk,MN,2,0,0,0.71302063,0.05916621,0.09135096,0.13646220
sha256:4748babd2b6ac0706cd9ed4bcfd4855c8d2c5535f01813fb2e10b68b31a24c0f:row:5159,2epf|m0|A|305|-|ZN|-,2epf,ZN,2,2,1,0.07783617,0.45598627,0.37446483,0.09171274
sha256:4748babd2b6ac0706cd9ed4bcfd4855c8d2c5535f01813fb2e10b68b31a24c0f:row:5178,6akn|m0|A|201|-|CU|-,6akn,CU,2,1,1,0.03183775,0.70371754,0.15753142,0.10691330
sha256:4748babd2b6ac0706cd9ed4bcfd4855c8d2c5535f01813fb2e10b68b31a24c0f:row:5184,5ntg|m0|A|602|-|MN|-,5ntg,MN,2,0,0,0.65813315,0.02905546,0.13438002,0.17843137
sha256:4748babd2b6ac0706cd9ed4bcfd4855c8d2c5535f01813fb2e10b68b31a24c0f:row:5186,7e38|m0|B|401|-|FE|-,7e38,FE,2,3,3,0.20919102,0.06054989,0.09068997,0.63956912
sha256:4748babd2b6ac0706cd9ed4bcfd4855c8d2c5535f01813fb2e10b68b31a24c0f:row:5197,8imd|m0|A|303|-|ZN|-,8imd,ZN,2,2,1,0.04739869,0.53519789,0.27883699,0.13856643
sha256:4748babd2b6ac0706cd9ed4bcfd4855c8d2c5535f01813fb2e10b68b31a24c0f:row:5211,8e3t|m0|D|602|-|FE|-,8e3t,FE,2,3,0,0.43569205,0.03842627,0.14717182,0.37870986
sha256:4748babd2b6ac0706cd9ed4bcfd4855c8d2c5535f01813fb2e10b68b31a24c0f:row:5213,8j9q|m0|A|1803|-|ZN|-,8j9q,ZN,2,2,2,0.03417547,0.23694359,0.65188170,0.07699924
sha256:4748babd2b6ac0706cd9ed4bcfd4855c8d2c5535f01813fb2e10b68b31a24c0f:row:5214,3swf|m0|A|75|-|ZN|-,3swf,ZN,2,2,3,0.20709900,0.06696279,0.34623975,0.37969846
sha256:4748babd2b6ac0706cd9ed4bcfd4855c8d2c5535f01813fb2e10b68b31a24c0f:row:5235,3woi|m0|A|805|-|ZN|-,3woi,ZN,2,2,2,0.05389049,0.09853380,0.60901464,0.23856107
sha256:4748babd2b6ac0706cd9ed4bcfd4855c8d2c5535f01813fb2e10b68b31a24c0f:row:5236,4r52|m0|A|201|-|FE|-,4r52,FE,2,3,3,0.24628220,0.05724181,0.12299369,0.57348230
sha256:4748babd2b6ac0706cd9ed4bcfd4855c8d2c5535f01813fb2e10b68b31a24c0f:row:5241,2z45|m0|A|1008|-|ZN|-,2z45,ZN,2,2,2,0.13293270,0.29238594,0.30336117,0.27132019
sha256:4748babd2b6ac0706cd9ed4bcfd4855c8d2c5535f01813fb2e10b68b31a24c0f:row:5260,4qq4|m0|A|2001|-|ZN|-,4qq4,ZN,2,2,2,0.03924465,0.05162359,0.80472743,0.10440434
sha256:4748babd2b6ac0706cd9ed4bcfd4855c8d2c5535f01813fb2e10b68b31a24c0f:row:5261,1o23|m0|D|808|-|MN|-,1o23,MN,2,0,0,0.44502153,0.05275725,0.27403450,0.22818672
sha256:4748babd2b6ac0706cd9ed4bcfd4855c8d2c5535f01813fb2e10b68b31a24c0f:row:5262,2alx|m0|A|401|-|MN|-,2alx,MN,2,0,3,0.24429736,0.03495398,0.10900047,0.61174819
sha256:4748babd2b6ac0706cd9ed4bcfd4855c8d2c5535f01813fb2e10b68b31a24c0f:row:5275,3py6|m0|A|301|-|MN|-,3py6,MN,2,0,0,0.56188050,0.04217415,0.23893210,0.15701325
sha256:4748babd2b6ac0706cd9ed4bcfd4855c8d2c5535f01813fb2e10b68b31a24c0f:row:5278,6seh|m0|A|402|-|ZN|-,6seh,ZN,2,2,2,0.03825812,0.08587753,0.74839288,0.12747147
sha256:4748babd2b6ac0706cd9ed4bcfd4855c8d2c5535f01813fb2e10b68b31a24c0f:row:5281,5fc9|m0|C|3401|-|CU|-,5fc9,CU,2,1,1,0.02856447,0.55138233,0.27877428,0.14127892
sha256:4748babd2b6ac0706cd9ed4bcfd4855c8d2c5535f01813fb2e10b68b31a24c0f:row:5284,2ete|m0|B|202|-|MN|-,2ete,MN,2,0,3,0.28786378,0.06516723,0.07000320,0.57696579
sha256:4748babd2b6ac0706cd9ed4bcfd4855c8d2c5535f01813fb2e10b68b31a24c0f:row:5317,5z5n|m0|A|302|-|MN|-,5z5n,MN,2,0,0,0.82089562,0.03212872,0.06579372,0.08118194
sha256:4748babd2b6ac0706cd9ed4bcfd4855c8d2c5535f01813fb2e10b68b31a24c0f:row:5318,1smy|m0|D|9103|-|ZN|-,1smy,ZN,2,2,2,0.04227101,0.05343623,0.81481839,0.08947437
sha256:4748babd2b6ac0706cd9ed4bcfd4855c8d2c5535f01813fb2e10b68b31a24c0f:row:5335,8h4x|m0|A|413|-|ZN|-,8h4x,ZN,2,2,2,0.10713857,0.29626084,0.48919916,0.10740143
sha256:4748babd2b6ac0706cd9ed4bcfd4855c8d2c5535f01813fb2e10b68b31a24c0f:row:5337,2xmo|m0|A|556|-|FE|-,2xmo,FE,2,3,0,0.47806150,0.05357995,0.09855770,0.36980086
sha256:4748babd2b6ac0706cd9ed4bcfd4855c8d2c5535f01813fb2e10b68b31a24c0f:row:5342,6jnn|m0|A|1401|-|ZN|-,6jnn,ZN,2,2,2,0.05458708,0.08381846,0.66624603,0.19534842
sha256:4748babd2b6ac0706cd9ed4bcfd4855c8d2c5535f01813fb2e10b68b31a24c0f:row:5343,6zgp|m0|C|401|-|FE|-,6zgp,FE,2,3,3,0.11205070,0.11343501,0.17125660,0.60325769
sha256:4748babd2b6ac0706cd9ed4bcfd4855c8d2c5535f01813fb2e10b68b31a24c0f:row:5346,7bez|m0|B|700|-|ZN|-,7bez,ZN,2,2,2,0.03534486,0.10534773,0.73361708,0.12569033
sha256:4748babd2b6ac0706cd9ed4bcfd4855c8d2c5535f01813fb2e10b68b31a24c0f:row:5353,1t0s|m0|A|499|-|FE|-,1t0s,FE,2,3,0,0.49275963,0.02813145,0.09084727,0.38826166
sha256:4748babd2b6ac0706cd9ed4bcfd4855c8d2c5535f01813fb2e10b68b31a24c0f:row:5364,5zhw|m0|B|301|-|CU|-,5zhw,CU,2,1,1,0.05427836,0.40565903,0.38309825,0.15696436
sha256:4748babd2b6ac0706cd9ed4bcfd4855c8d2c5535f01813fb2e10b68b31a24c0f:row:5371,6fue|m0|A|101|-|ZN|-,6fue,ZN,2,2,2,0.11247988,0.05126302,0.58084627,0.25541083
sha256:4748babd2b6ac0706cd9ed4bcfd4855c8d2c5535f01813fb2e10b68b31a24c0f:row:5383,3ww1|m0|B|401|-|MN|-,3ww1,MN,2,0,0,0.54121406,0.04456738,0.07901786,0.33520070
sha256:4748babd2b6ac0706cd9ed4bcfd4855c8d2c5535f01813fb2e10b68b31a24c0f:row:5385,6wf6|m0|B|201|-|CO|-,6wf6,CO,2,3,3,0.20818796,0.06852564,0.12069687,0.60258953
sha256:4748babd2b6ac0706cd9ed4bcfd4855c8d2c5535f01813fb2e10b68b31a24c0f:row:5393,4qx7|m0|C|702|-|NI|-,4qx7,NI,2,3,3,0.15126101,0.07695933,0.09226806,0.67951160
sha256:4748babd2b6ac0706cd9ed4bcfd4855c8d2c5535f01813fb2e10b68b31a24c0f:row:5399,6q6b|m0|B|214|-|CU|-,6q6b,CU,2,1,2,0.06491410,0.11982969,0.62482674,0.19042947
sha256:4748babd2b6ac0706cd9ed4bcfd4855c8d2c5535f01813fb2e10b68b31a24c0f:row:5407,8gzh|m0|D|2002|-|ZN|-,8gzh,ZN,2,2,2,0.03880698,0.28631798,0.56136717,0.11350787
sha256:4748babd2b6ac0706cd9ed4bcfd4855c8d2c5535f01813fb2e10b68b31a24c0f:row:5411,7dnm|m0|P|401|-|MN|-,7dnm,MN,2,0,0,0.78031320,0.04221461,0.06283808,0.11463411
sha256:4748babd2b6ac0706cd9ed4bcfd4855c8d2c5535f01813fb2e10b68b31a24c0f:row:5414,8wmk|m0|A|306|-|MN|-,8wmk,MN,2,0,0,0.80095525,0.02742896,0.06766181,0.10395398
sha256:4748babd2b6ac0706cd9ed4bcfd4855c8d2c5535f01813fb2e10b68b31a24c0f:row:5415,4odr|m0|A|203|-|ZN|-,4odr,ZN,2,2,2,0.09108945,0.16518602,0.45309828,0.29062625
sha256:4748babd2b6ac0706cd9ed4bcfd4855c8d2c5535f01813fb2e10b68b31a24c0f:row:5418,6xez|m0|A|1001|-|ZN|-,6xez,ZN,2,2,2,0.04958438,0.06313722,0.79831677,0.08896164
sha256:4748babd2b6ac0706cd9ed4bcfd4855c8d2c5535f01813fb2e10b68b31a24c0f:row:5420,5t5v|m0|A|901|-|FE|A,5t5v,FE,2,3,3,0.14210865,0.10673673,0.08748960,0.66366503
sha256:4748babd2b6ac0706cd9ed4bcfd4855c8d2c5535f01813fb2e10b68b31a24c0f:row:5422,4ad9|m0|A|1000|-|ZN|-,4ad9,ZN,2,2,3,0.20956023,0.05353795,0.15258647,0.58431535
sha256:4748babd2b6ac0706cd9ed4bcfd4855c8d2c5535f01813fb2e10b68b31a24c0f:row:5423,6vi8|m0|A|202|-|FE|-,6vi8,FE,2,3,3,0.14052566,0.07267386,0.12454603,0.66225445
sha256:4748babd2b6ac0706cd9ed4bcfd4855c8d2c5535f01813fb2e10b68b31a24c0f:row:5425,2xb1|m0|A|401|-|ZN|-,2xb1,ZN,2,2,2,0.03385189,0.08061112,0.79798035,0.08755664
sha256:4748babd2b6ac0706cd9ed4bcfd4855c8d2c5535f01813fb2e10b68b31a24c0f:row:5430,6d61|m0|A|202|-|FE|-,6d61,FE,2,3,2,0.06159133,0.06873209,0.73911608,0.13056050
sha256:4748babd2b6ac0706cd9ed4bcfd4855c8d2c5535f01813fb2e10b68b31a24c0f:row:5435,1cvn|m0|C|238|-|MN|-,1cvn,MN,2,0,0,0.82085749,0.03653458,0.05518641,0.08742151
sha256:4748babd2b6ac0706cd9ed4bcfd4855c8d2c5535f01813fb2e10b68b31a24c0f:row:5442,5jaz|m0|B|502|-|MN|-,5jaz,MN,2,0,0,0.75424103,0.03747343,0.10894100,0.09934455
sha256:4748babd2b6ac0706cd9ed4bcfd4855c8d2c5535f01813fb2e10b68b31a24c0f:row:5445,2f6j|m0|A|1002|-|ZN|-,2f6j,ZN,2,2,2,0.04648986,0.05462470,0.77367705,0.12520839
sha256:4748babd2b6ac0706cd9ed4bcfd4855c8d2c5535f01813fb2e10b68b31a24c0f:row:5447,5svb|m0|A|801|-|MN|-,5svb,MN,2,0,3,0.22994699,0.11144314,0.24052691,0.41808296
sha256:4748babd2b6ac0706cd9ed4bcfd4855c8d2c5535f01813fb2e10b68b31a24c0f:row:5452,2q0i|m0|A|999|-|FE|-,2q0i,FE,2,3,3,0.19687880,0.06487020,0.09389009,0.64436091
sha256:4748babd2b6ac0706cd9ed4bcfd4855c8d2c5535f01813fb2e10b68b31a24c0f:row:5457,3byw|m0|A|7|-|ZN|-,3byw,ZN,2,2,2,0.18230182,0.10577577,0.47957186,0.23235054
sha256:4748babd2b6ac0706cd9ed4bcfd4855c8d2c5535f01813fb2e10b68b31a24c0f:row:5467,1cu1|m0|B|1999|-|ZN|-,1cu1,ZN,2,2,2,0.03598312,0.10283942,0.56518186,0.29599560
sha256:4748babd2b6ac0706cd9ed4bcfd4855c8d2c5535f01813fb2e10b68b31a24c0f:row:5470,3dzu|m0|A|7221|-|ZN|-,3dzu,ZN,2,2,2,0.03625386,0.27493040,0.60625960,0.08255614
sha256:4748babd2b6ac0706cd9ed4bcfd4855c8d2c5535f01813fb2e10b68b31a24c0f:row:5474,3i3q|m0|A|301|-|MN|-,3i3q,MN,2,0,3,0.34777009,0.04864196,0.07255690,0.53103106
sha256:4748babd2b6ac0706cd9ed4bcfd4855c8d2c5535f01813fb2e10b68b31a24c0f:row:5486,8cqm|m0|B|302|-|FE|-,8cqm,FE,2,3,3,0.24349184,0.07060561,0.12572812,0.56017442
sha256:4748babd2b6ac0706cd9ed4bcfd4855c8d2c5535f01813fb2e10b68b31a24c0f:row:5488,5w9a|m0|A|302|-|ZN|-,5w9a,ZN,2,2,1,0.05376398,0.61462813,0.20967079,0.12193710
sha256:4748babd2b6ac0706cd9ed4bcfd4855c8d2c5535f01813fb2e10b68b31a24c0f:row:5497,2zmy|m0|A|302|-|CU|-,2zmy,CU,2,1,2,0.06859043,0.19052472,0.54456331,0.19632154
sha256:4748babd2b6ac0706cd9ed4bcfd4855c8d2c5535f01813fb2e10b68b31a24c0f:row:5498,1q54|m0|A|201|-|MN|-,1q54,MN,2,0,0,0.49109122,0.03319224,0.09318626,0.38253028
sha256:4748babd2b6ac0706cd9ed4bcfd4855c8d2c5535f01813fb2e10b68b31a24c0f:row:5518,5w9a|m0|A|301|-|ZN|-,5w9a,ZN,2,2,2,0.04536906,0.18390704,0.68017327,0.09055063
sha256:4748babd2b6ac0706cd9ed4bcfd4855c8d2c5535f01813fb2e10b68b31a24c0f:row:5519,2xmo|m0|A|555|-|MN|-,2xmo,MN,2,0,0,0.47705247,0.06644658,0.30028341,0.15621754
sha256:4748babd2b6ac0706cd9ed4bcfd4855c8d2c5535f01813fb2e10b68b31a24c0f:row:5525,6gf7|m0|A|202|-|ZN|-,6gf7,ZN,2,2,2,0.06769017,0.16346349,0.53756094,0.23128541
sha256:4748babd2b6ac0706cd9ed4bcfd4855c8d2c5535f01813fb2e10b68b31a24c0f:row:5529,6eql|m0|B|302|-|MN|-,6eql,MN,2,0,0,0.67047740,0.04087972,0.07735296,0.21128991
sha256:4748babd2b6ac0706cd9ed4bcfd4855c8d2c5535f01813fb2e10b68b31a24c0f:row:5531,6o7r|m0|B|602|-|FE|-,6o7r,FE,2,3,3,0.31331075,0.04341461,0.15929893,0.48397571
sha256:4748babd2b6ac0706cd9ed4bcfd4855c8d2c5535f01813fb2e10b68b31a24c0f:row:5540,7e1w|m0|Q|402|-|CU|-,7e1w,CU,2,1,2,0.03499746,0.29618366,0.57350160,0.09531728
sha256:4748babd2b6ac0706cd9ed4bcfd4855c8d2c5535f01813fb2e10b68b31a24c0f:row:5544,4xyd|m0|B|202|-|CU|-,4xyd,CU,2,1,2,0.10720057,0.09458842,0.42231556,0.37589545
sha256:4748babd2b6ac0706cd9ed4bcfd4855c8d2c5535f01813fb2e10b68b31a24c0f:row:5547,4ymk|m0|A|402|-|ZN|-,4ymk,ZN,2,2,3,0.06043829,0.35771725,0.16780230,0.41404217
sha256:4748babd2b6ac0706cd9ed4bcfd4855c8d2c5535f01813fb2e10b68b31a24c0f:row:5548,3r5u|m0|A|432|-|MN|-,3r5u,MN,2,0,0,0.47593212,0.03628588,0.11513925,0.37264275
sha256:4748babd2b6ac0706cd9ed4bcfd4855c8d2c5535f01813fb2e10b68b31a24c0f:row:5553,5den|m0|D|501|-|FE|-,5den,FE,2,3,3,0.13795440,0.06470050,0.17957034,0.61777476
sha256:4748babd2b6ac0706cd9ed4bcfd4855c8d2c5535f01813fb2e10b68b31a24c0f:row:5554,3r0i|m0|B|990|-|MN|-,3r0i,MN,2,0,0,0.62698833,0.03415762,0.16775924,0.17109481
sha256:4748babd2b6ac0706cd9ed4bcfd4855c8d2c5535f01813fb2e10b68b31a24c0f:row:5558,6qsc|m0|A|499|-|MN|-,6qsc,MN,2,0,0,0.70367765,0.04277510,0.07626667,0.17728059
sha256:4748babd2b6ac0706cd9ed4bcfd4855c8d2c5535f01813fb2e10b68b31a24c0f:row:5562,6l2d|m0|B|2201|-|CU|-,6l2d,CU,2,1,3,0.05911771,0.11137638,0.38285705,0.44664886
sha256:4748babd2b6ac0706cd9ed4bcfd4855c8d2c5535f01813fb2e10b68b31a24c0f:row:5566,8i02|m0|G|701|-|ZN|-,8i02,ZN,2,2,2,0.03675642,0.08354407,0.77434504,0.10535446
sha256:4748babd2b6ac0706cd9ed4bcfd4855c8d2c5535f01813fb2e10b68b31a24c0f:row:5574,2wke|m0|D|610|-|CO|-,2wke,CO,2,3,3,0.10534432,0.07368348,0.21888214,0.60209006
sha256:4748babd2b6ac0706cd9ed4bcfd4855c8d2c5535f01813fb2e10b68b31a24c0f:row:5580,3bso|m0|A|511|-|MN|-,3bso,MN,2,0,0,0.68036489,0.03258730,0.11543166,0.17161615
sha256:4748babd2b6ac0706cd9ed4bcfd4855c8d2c5535f01813fb2e10b68b31a24c0f:row:5584,6l2e|m0|A|1201|-|CU|-,6l2e,CU,2,1,3,0.06909591,0.10883760,0.27985890,0.54220759
sha256:4748babd2b6ac0706cd9ed4bcfd4855c8d2c5535f01813fb2e10b68b31a24c0f:row:5590,3al6|m0|B|401|-|NI|-,3al6,NI,2,3,3,0.23928317,0.09080216,0.09993703,0.56997764
sha256:4748babd2b6ac0706cd9ed4bcfd4855c8d2c5535f01813fb2e10b68b31a24c0f:row:5596,5tr8|m0|L|302|-|NI|-,5tr8,NI,2,3,3,0.25878336,0.06143209,0.20450453,0.47528002
sha256:4748babd2b6ac0706cd9ed4bcfd4855c8d2c5535f01813fb2e10b68b31a24c0f:row:5605,8enl|m0|B|603|-|FE|-,8enl,FE,2,3,0,0.46316082,0.03667768,0.11007173,0.39008977
sha256:4748babd2b6ac0706cd9ed4bcfd4855c8d2c5535f01813fb2e10b68b31a24c0f:row:5606,5vem|m0|A|502|-|ZN|-,5vem,ZN,2,2,2,0.07424657,0.09763937,0.56696530,0.26114877
sha256:4748babd2b6ac0706cd9ed4bcfd4855c8d2c5535f01813fb2e10b68b31a24c0f:row:5612,5den|m0|A|501|-|FE|-,5den,FE,2,3,3,0.11830388,0.05856565,0.17874707,0.64438340
sha256:4748babd2b6ac0706cd9ed4bcfd4855c8d2c5535f01813fb2e10b68b31a24c0f:row:5615,8enn|m0|D|601|-|FE|-,8enn,FE,2,3,0,0.67022616,0.03026049,0.12607660,0.17343676
sha256:4748babd2b6ac0706cd9ed4bcfd4855c8d2c5535f01813fb2e10b68b31a24c0f:row:5621,5v28|m0|A|202|-|FE|-,5v28,FE,2,3,2,0.06494244,0.02317981,0.78031819,0.13155956
sha256:4748babd2b6ac0706cd9ed4bcfd4855c8d2c5535f01813fb2e10b68b31a24c0f:row:5629,7r3e|m0|A|602|-|FE|-,7r3e,FE,2,3,0,0.51620560,0.09402388,0.21366632,0.17610420
sha256:4748babd2b6ac0706cd9ed4bcfd4855c8d2c5535f01813fb2e10b68b31a24c0f:row:5634,3zvs|m0|A|1159|-|ZN|-,3zvs,ZN,2,2,3,0.07252216,0.13354076,0.23355532,0.56038175
sha256:4748babd2b6ac0706cd9ed4bcfd4855c8d2c5535f01813fb2e10b68b31a24c0f:row:5635,2pv0|m0|A|503|-|ZN|-,2pv0,ZN,2,2,2,0.04120787,0.05112697,0.77889209,0.12877306
sha256:4748babd2b6ac0706cd9ed4bcfd4855c8d2c5535f01813fb2e10b68b31a24c0f:row:5647,4i75|m0|B|405|-|NI|-,4i75,NI,2,3,3,0.08867202,0.06293772,0.23415599,0.61423426
sha256:4748babd2b6ac0706cd9ed4bcfd4855c8d2c5535f01813fb2e10b68b31a24c0f:row:5649,2pau|m0|A|201|-|CO|-,2pau,CO,2,3,3,0.23178483,0.07357046,0.13047400,0.56417072
sha256:4748babd2b6ac0706cd9ed4bcfd4855c8d2c5535f01813fb2e10b68b31a24c0f:row:5653,4pxb|m0|A|501|-|MN|-,4pxb,MN,2,0,0,0.66219103,0.05094910,0.10626347,0.18059640
sha256:4748babd2b6ac0706cd9ed4bcfd4855c8d2c5535f01813fb2e10b68b31a24c0f:row:5654,5hwu|m0|B|202|-|MN|-,5hwu,MN,2,0,0,0.78440332,0.03305510,0.06474285,0.11779872
sha256:4748babd2b6ac0706cd9ed4bcfd4855c8d2c5535f01813fb2e10b68b31a24c0f:row:5656,8d9j|m0|A|701|-|FE|-,8d9j,FE,2,3,3,0.21098650,0.05798115,0.16896287,0.56206948
sha256:4748babd2b6ac0706cd9ed4bcfd4855c8d2c5535f01813fb2e10b68b31a24c0f:row:5668,4w8y|m0|A|905|-|MN|-,4w8y,MN,2,0,3,0.34139189,0.06278163,0.16081601,0.43501047
sha256:4748babd2b6ac0706cd9ed4bcfd4855c8d2c5535f01813fb2e10b68b31a24c0f:row:5669,2rhk|m0|C|501|-|ZN|-,2rhk,ZN,2,2,2,0.03503657,0.13814643,0.72066444,0.10615256
sha256:4748babd2b6ac0706cd9ed4bcfd4855c8d2c5535f01813fb2e10b68b31a24c0f:row:5670,5ysb|m0|A|514|-|ZN|-,5ysb,ZN,2,2,2,0.06426130,0.14814016,0.68538353,0.10221502
sha256:4748babd2b6ac0706cd9ed4bcfd4855c8d2c5535f01813fb2e10b68b31a24c0f:row:5671,7z0s|m0|F|203|-|FE|-,7z0s,FE,2,3,2,0.06666656,0.02914786,0.75628892,0.14789667
sha256:4748babd2b6ac0706cd9ed4bcfd4855c8d2c5535f01813fb2e10b68b31a24c0f:row:5678,2qb6|m0|B|401|-|MN|-,2qb6,MN,2,0,0,0.57261972,0.05118781,0.26116482,0.11502766
sha256:4748babd2b6ac0706cd9ed4bcfd4855c8d2c5535f01813fb2e10b68b31a24c0f:row:5683,7e37|m0|A|401|-|FE|-,7e37,FE,2,3,3,0.12477128,0.06661391,0.10054929,0.70806552
sha256:4748babd2b6ac0706cd9ed4bcfd4855c8d2c5535f01813fb2e10b68b31a24c0f:row:5685,6l25|m0|A|301|-|NI|-,6l25,NI,2,3,3,0.24269423,0.07111675,0.13283701,0.55335202
sha256:4748babd2b6ac0706cd9ed4bcfd4855c8d2c5535f01813fb2e10b68b31a24c0f:row:5686,4nzv|m0|B|401|-|MN|-,4nzv,MN,2,0,2,0.28160815,0.06231231,0.53165128,0.12442827
sha256:4748babd2b6ac0706cd9ed4bcfd4855c8d2c5535f01813fb2e10b68b31a24c0f:row:5687,8dsl|m0|B|401|-|CU|-,8dsl,CU,2,1,1,0.02698236,0.73843122,0.14512180,0.08946461
sha256:4748babd2b6ac0706cd9ed4bcfd4855c8d2c5535f01813fb2e10b68b31a24c0f:row:5688,3al6|m0|D|401|-|NI|-,3al6,NI,2,3,3,0.14764038,0.09510017,0.10730916,0.64995030
sha256:4748babd2b6ac0706cd9ed4bcfd4855c8d2c5535f01813fb2e10b68b31a24c0f:row:5696,6qfo|m0|A|1703|-|MN|-,6qfo,MN,2,0,0,0.44325895,0.04785101,0.08630266,0.42258738
sha256:4748babd2b6ac0706cd9ed4bcfd4855c8d2c5535f01813fb2e10b68b31a24c0f:row:5704,5wv4|m0|B|201|-|CU|-,5wv4,CU,2,1,1,0.02687350,0.47845048,0.41628467,0.07839134
sha256:4748babd2b6ac0706cd9ed4bcfd4855c8d2c5535f01813fb2e10b68b31a24c0f:row:5708,2cy6|m0|D|240|-|MN|-,2cy6,MN,2,0,0,0.77735962,0.03689083,0.06590339,0.11984617
sha256:4748babd2b6ac0706cd9ed4bcfd4855c8d2c5535f01813fb2e10b68b31a24c0f:row:5712,8ghr|m0|A|1302|-|ZN|-,8ghr,ZN,2,2,2,0.14415741,0.10580871,0.57303199,0.17700190
sha256:4748babd2b6ac0706cd9ed4bcfd4855c8d2c5535f01813fb2e10b68b31a24c0f:row:5717,1n51|m0|A|2001|-|MN|-,1n51,MN,2,0,0,0.53798308,0.04020782,0.08234163,0.33946746
sha256:4748babd2b6ac0706cd9ed4bcfd4855c8d2c5535f01813fb2e10b68b31a24c0f:row:5724,4fo7|m0|A|302|-|MN|-,4fo7,MN,2,0,0,0.64760071,0.04939630,0.15474590,0.14825709
sha256:4748babd2b6ac0706cd9ed4bcfd4855c8d2c5535f01813fb2e10b68b31a24c0f:row:5725,3sid|m0|A|200|-|FE|-,3sid,FE,2,3,3,0.23940981,0.06766906,0.12365372,0.56926742
sha256:4748babd2b6ac0706cd9ed4bcfd4855c8d2c5535f01813fb2e10b68b31a24c0f:row:5726,5zhw|m0|A|301|-|CU|-,5zhw,CU,2,1,2,0.09038259,0.25193890,0.39191643,0.26576208
sha256:4748babd2b6ac0706cd9ed4bcfd4855c8d2c5535f01813fb2e10b68b31a24c0f:row:5730,8enn|m0|B|603|-|FE|-,8enn,FE,2,3,0,0.40773292,0.03979714,0.18407359,0.36839636
sha256:4748babd2b6ac0706cd9ed4bcfd4855c8d2c5535f01813fb2e10b68b31a24c0f:row:5731,6q6b|m0|A|214|-|CU|-,6q6b,CU,2,1,2,0.03392885,0.25920273,0.61438490,0.09248352
sha256:4748babd2b6ac0706cd9ed4bcfd4855c8d2c5535f01813fb2e10b68b31a24c0f:row:5737,1f1m|m0|C|804|-|ZN|-,1f1m,ZN,2,2,2,0.08474368,0.14646345,0.41048828,0.35830459
sha256:4748babd2b6ac0706cd9ed4bcfd4855c8d2c5535f01813fb2e10b68b31a24c0f:row:5739,4ofl|m0|A|501|-|NI|-,4ofl,NI,2,3,3,0.07978904,0.13115636,0.14229253,0.64676207
sha256:4748babd2b6ac0706cd9ed4bcfd4855c8d2c5535f01813fb2e10b68b31a24c0f:row:5751,5u5d|m0|D|301|-|MN|-,5u5d,MN,2,0,0,0.52281535,0.05006849,0.09364062,0.33347555
sha256:4748babd2b6ac0706cd9ed4bcfd4855c8d2c5535f01813fb2e10b68b31a24c0f:row:5755,6egs|m0|A|601|-|MN|-,6egs,MN,2,0,0,0.39834753,0.07172829,0.30706816,0.22285603
sha256:4748babd2b6ac0706cd9ed4bcfd4855c8d2c5535f01813fb2e10b68b31a24c0f:row:5772,5ep9|m0|A|302|-|FE|-,5ep9,FE,2,3,3,0.10870881,0.04206050,0.09984718,0.74938351
sha256:4748babd2b6ac0706cd9ed4bcfd4855c8d2c5535f01813fb2e10b68b31a24c0f:row:5788,5tqn|m0|A|901|-|FE|-,5tqn,FE,2,3,3,0.19833192,0.11904564,0.25958563,0.42303680
sha256:4748babd2b6ac0706cd9ed4bcfd4855c8d2c5535f01813fb2e10b68b31a24c0f:row:5809,7lpy|m0|A|502|-|MN|-,7lpy,MN,2,0,0,0.69619980,0.02686254,0.10294312,0.17399454
sha256:4748babd2b6ac0706cd9ed4bcfd4855c8d2c5535f01813fb2e10b68b31a24c0f:row:5811,4s1c|m0|A|801|-|FE|-,4s1c,FE,2,3,3,0.25598572,0.05140295,0.13228015,0.56033118
sha256:4748babd2b6ac0706cd9ed4bcfd4855c8d2c5535f01813fb2e10b68b31a24c0f:row:5815,2gok|m0|B|501|-|FE|-,2gok,FE,2,3,3,0.16245072,0.07448733,0.13248735,0.63057461
sha256:4748babd2b6ac0706cd9ed4bcfd4855c8d2c5535f01813fb2e10b68b31a24c0f:row:5821,3dyl|m0|B|901|-|MN|-,3dyl,MN,2,0,0,0.65186822,0.04283397,0.07798085,0.22731695
sha256:4748babd2b6ac0706cd9ed4bcfd4855c8d2c5535f01813fb2e10b68b31a24c0f:row:5828,2zmy|m0|B|304|-|CU|-,2zmy,CU,2,1,1,0.04454333,0.47956448,0.19711127,0.27878091
sha256:4748babd2b6ac0706cd9ed4bcfd4855c8d2c5535f01813fb2e10b68b31a24c0f:row:5832,4gui|m0|A|303|-|NI|-,4gui,NI,2,3,2,0.09040265,0.09228609,0.52472004,0.29259122
sha256:4748babd2b6ac0706cd9ed4bcfd4855c8d2c5535f01813fb2e10b68b31a24c0f:row:5838,6m2c|m0|E|402|-|ZN|-,6m2c,ZN,2,2,2,0.04427214,0.06902462,0.77100259,0.11570065
sha256:4748babd2b6ac0706cd9ed4bcfd4855c8d2c5535f01813fb2e10b68b31a24c0f:row:5839,3dyl|m0|A|901|-|MN|-,3dyl,MN,2,0,3,0.40871143,0.02664727,0.13071973,0.43392157
sha256:4748babd2b6ac0706cd9ed4bcfd4855c8d2c5535f01813fb2e10b68b31a24c0f:row:5840,5fib|m0|A|701|-|ZN|-,5fib,ZN,2,2,3,0.06933125,0.12151290,0.40450267,0.40465318
sha256:4748babd2b6ac0706cd9ed4bcfd4855c8d2c5535f01813fb2e10b68b31a24c0f:row:5841,7mg5|m0|B|301|-|MN|-,7mg5,MN,2,0,0,0.69925211,0.02071149,0.09200997,0.18802643
sha256:4748babd2b6ac0706cd9ed4bcfd4855c8d2c5535f01813fb2e10b68b31a24c0f:row:5843,3q14|m0|A|502|-|FE|-,3q14,FE,2,3,0,0.54690711,0.04351926,0.06396305,0.34561057
sha256:4748babd2b6ac0706cd9ed4bcfd4855c8d2c5535f01813fb2e10b68b31a24c0f:row:5847,6cl6|m0|A|701|-|FE|-,6cl6,FE,2,3,3,0.15221158,0.08527237,0.11691915,0.64559691
sha256:4748babd2b6ac0706cd9ed4bcfd4855c8d2c5535f01813fb2e10b68b31a24c0f:row:5848,5vin|m0|A|614|-|CO|-,5vin,CO,2,3,0,0.45845977,0.07560425,0.19621664,0.26971934
sha256:4748babd2b6ac0706cd9ed4bcfd4855c8d2c5535f01813fb2e10b68b31a24c0f:row:5854,6lrd|m0|A|801|-|MN|-,6lrd,MN,2,0,0,0.47989285,0.03568528,0.08691581,0.39750606
sha256:4748babd2b6ac0706cd9ed4bcfd4855c8d2c5535f01813fb2e10b68b31a24c0f:row:5855,5tds|m0|D|502|-|FE|-,5tds,FE,2,3,3,0.31683462,0.04496208,0.08496399,0.55323931
sha256:4748babd2b6ac0706cd9ed4bcfd4855c8d2c5535f01813fb2e10b68b31a24c0f:row:5857,5olm|m0|A|502|-|ZN|-,5olm,ZN,2,2,2,0.03836201,0.06222448,0.81455331,0.08486019
sha256:4748babd2b6ac0706cd9ed4bcfd4855c8d2c5535f01813fb2e10b68b31a24c0f:row:5863,1pfr|m0|A|501|-|FE|-,1pfr,FE,2,3,3,0.28841861,0.10215737,0.12032389,0.48910013
sha256:4748babd2b6ac0706cd9ed4bcfd4855c8d2c5535f01813fb2e10b68b31a24c0f:row:5874,2hzy|m0|A|1209|-|NI|-,2hzy,NI,2,3,3,0.14572143,0.07623242,0.24448592,0.53356023
sha256:4748babd2b6ac0706cd9ed4bcfd4855c8d2c5535f01813fb2e10b68b31a24c0f:row:5881,3r5u|m0|B|433|-|MN|-,3r5u,MN,2,0,0,0.62029811,0.04254153,0.11396614,0.22319421
sha256:4748babd2b6ac0706cd9ed4bcfd4855c8d2c5535f01813fb2e10b68b31a24c0f:row:5883,3woi|m0|B|807|-|ZN|-,3woi,ZN,2,2,2,0.10176863,0.04992028,0.69075971,0.15755138
sha256:4748babd2b6ac0706cd9ed4bcfd4855c8d2c5535f01813fb2e10b68b31a24c0f:row:5888,2zog|m0|A|2002|-|ZN|-,2zog,ZN,2,2,3,0.32849695,0.05355897,0.10759765,0.51034643
sha256:4748babd2b6ac0706cd9ed4bcfd4855c8d2c5535f01813fb2e10b68b31a24c0f:row:5891,2y1h|m0|A|1274|-|ZN|-,2y1h,ZN,2,2,3,0.18225781,0.06976761,0.13012590,0.61784868
sha256:4748babd2b6ac0706cd9ed4bcfd4855c8d2c5535f01813fb2e10b68b31a24c0f:row:5901,8t75|m0|B|201|-|ZN|-,8t75,ZN,2,2,2,0.03735947,0.05533466,0.82276030,0.08454557
sha256:4748babd2b6ac0706cd9ed4bcfd4855c8d2c5535f01813fb2e10b68b31a24c0f:row:5906,3ivd|m0|A|602|-|MN|-,3ivd,MN,2,0,0,0.44652992,0.20924329,0.20353593,0.14069087
sha256:4748babd2b6ac0706cd9ed4bcfd4855c8d2c5535f01813fb2e10b68b31a24c0f:row:5907,1ndo|m0|A|452|-|FE|-,1ndo,FE,2,3,3,0.13332050,0.09870244,0.12843774,0.63953933
sha256:4748babd2b6ac0706cd9ed4bcfd4855c8d2c5535f01813fb2e10b68b31a24c0f:row:5908,4nbd|m0|A|501|-|FE|-,4nbd,FE,2,3,3,0.10461160,0.05760815,0.20568002,0.63210022
sha256:4748babd2b6ac0706cd9ed4bcfd4855c8d2c5535f01813fb2e10b68b31a24c0f:row:5913,4xyd|m0|A|505|-|FE|-,4xyd,FE,2,3,3,0.10556377,0.05614861,0.18846716,0.64982047
sha256:4748babd2b6ac0706cd9ed4bcfd4855c8d2c5535f01813fb2e10b68b31a24c0f:row:5919,7yxi|m0|A|501|-|MN|-,7yxi,MN,2,0,3,0.40003645,0.04087580,0.07561223,0.48347551
sha256:4748babd2b6ac0706cd9ed4bcfd4855c8d2c5535f01813fb2e10b68b31a24c0f:row:5920,5m26|m0|D|401|-|FE|-,5m26,FE,2,3,3,0.09837801,0.20011432,0.26354600,0.43796166
sha256:4748babd2b6ac0706cd9ed4bcfd4855c8d2c5535f01813fb2e10b68b31a24c0f:row:5922,1x6m|m0|A|200|-|ZN|-,1x6m,ZN,2,2,2,0.24833123,0.04916898,0.56933769,0.13316210
sha256:4748babd2b6ac0706cd9ed4bcfd4855c8d2c5535f01813fb2e10b68b31a24c0f:row:5929,3zhx|m0|A|401|-|MN|-,3zhx,MN,2,0,0,0.71830845,0.03417143,0.16843461,0.07908551
sha256:4748babd2b6ac0706cd9ed4bcfd4855c8d2c5535f01813fb2e10b68b31a24c0f:row:5931,4qx8|m0|C|601|-|NI|-,4qx8,NI,2,3,3,0.10941905,0.05969506,0.08488053,0.74600536
sha256:4748babd2b6ac0706cd9ed4bcfd4855c8d2c5535f01813fb2e10b68b31a24c0f:row:5933,7dgo|m0|A|205|-|ZN|-,7dgo,ZN,2,2,3,0.07615958,0.11802199,0.18454428,0.62127415
sha256:4748babd2b6ac0706cd9ed4bcfd4855c8d2c5535f01813fb2e10b68b31a24c0f:row:5938,5cuo|m0|A|502|-|ZN|-,5cuo,ZN,2,2,1,0.06006542,0.45396193,0.16618745,0.31978520
sha256:4748babd2b6ac0706cd9ed4bcfd4855c8d2c5535f01813fb2e10b68b31a24c0f:row:5939,5jmw|m0|B|502|-|MN|-,5jmw,MN,2,0,0,0.75575454,0.03360277,0.10027317,0.11036952
sha256:4748babd2b6ac0706cd9ed4bcfd4855c8d2c5535f01813fb2e10b68b31a24c0f:row:5951,2yes|m0|A|1196|-|MN|-,2yes,MN,2,0,0,0.49786848,0.03757424,0.20714731,0.25740997
sha256:4748babd2b6ac0706cd9ed4bcfd4855c8d2c5535f01813fb2e10b68b31a24c0f:row:5956,5w6p|m0|D|1005|-|ZN|-,5w6p,ZN,2,2,2,0.17731863,0.06301519,0.54535023,0.21431596
sha256:4748babd2b6ac0706cd9ed4bcfd4855c8d2c5535f01813fb2e10b68b31a24c0f:row:5962,6qjc|m0|A|401|-|FE|-,6qjc,FE,2,3,3,0.11859863,0.06030170,0.14510385,0.67599582
sha256:4748babd2b6ac0706cd9ed4bcfd4855c8d2c5535f01813fb2e10b68b31a24c0f:row:5971,2v3y|m0|A|1442|-|MN|-,2v3y,MN,2,0,0,0.52421824,0.21565862,0.13904803,0.12107511
sha256:4748babd2b6ac0706cd9ed4bcfd4855c8d2c5535f01813fb2e10b68b31a24c0f:row:5975,6o5k|m0|A|302|-|ZN|-,6o5k,ZN,2,2,2,0.03790904,0.10583155,0.76968596,0.08657346
sha256:4748babd2b6ac0706cd9ed4bcfd4855c8d2c5535f01813fb2e10b68b31a24c0f:row:5976,3urz|m0|A|250|-|ZN|-,3urz,ZN,2,2,2,0.21325570,0.05405349,0.55173530,0.18095551
sha256:4748babd2b6ac0706cd9ed4bcfd4855c8d2c5535f01813fb2e10b68b31a24c0f:row:5980,1ppw|m0|A|201|-|MN|-,1ppw,MN,2,0,3,0.41289759,0.03441112,0.09579907,0.45689223
sha256:4748babd2b6ac0706cd9ed4bcfd4855c8d2c5535f01813fb2e10b68b31a24c0f:row:5984,2wdd|m0|A|1581|-|MN|-,2wdd,MN,2,0,0,0.48781758,0.06165045,0.08108155,0.36945042
sha256:4748babd2b6ac0706cd9ed4bcfd4855c8d2c5535f01813fb2e10b68b31a24c0f:row:5985,6vtv|m0|A|301|-|MN|-,6vtv,MN,2,0,0,0.45820869,0.05639653,0.07545504,0.40993974
sha256:4748babd2b6ac0706cd9ed4bcfd4855c8d2c5535f01813fb2e10b68b31a24c0f:row:5991,8soj|m0|D|701|-|ZN|-,8soj,ZN,2,2,2,0.05140220,0.07789005,0.71222366,0.15848409
sha256:4748babd2b6ac0706cd9ed4bcfd4855c8d2c5535f01813fb2e10b68b31a24c0f:row:5992,6h3a|m0|A|1001|-|ZN|-,6h3a,ZN,2,2,2,0.05946790,0.10613402,0.72341073,0.11098735
sha256:4748babd2b6ac0706cd9ed4bcfd4855c8d2c5535f01813fb2e10b68b31a24c0f:row:5993,4xxo|m0|A|202|-|ZN|-,4xxo,ZN,2,2,2,0.04928742,0.16553623,0.66317507,0.12200129
sha256:4748babd2b6ac0706cd9ed4bcfd4855c8d2c5535f01813fb2e10b68b31a24c0f:row:6004,4u08|m0|B|504|-|ZN|-,4u08,ZN,2,2,1,0.06716552,0.41380851,0.39912369,0.11990229
sha256:4748babd2b6ac0706cd9ed4bcfd4855c8d2c5535f01813fb2e10b68b31a24c0f:row:6005,7e38|m0|A|401|-|FE|-,7e38,FE,2,3,3,0.16216937,0.04684400,0.07622851,0.71475812
sha256:4748babd2b6ac0706cd9ed4bcfd4855c8d2c5535f01813fb2e10b68b31a24c0f:row:6009,2y9w|m0|A|400|-|CU|-,2y9w,CU,2,1,1,0.04484056,0.52428539,0.16464506,0.26622899
sha256:4748babd2b6ac0706cd9ed4bcfd4855c8d2c5535f01813fb2e10b68b31a24c0f:row:6010,2ioc|m0|A|403|-|MN|-,2ioc,MN,2,0,0,0.70324536,0.05451783,0.12856773,0.11366908
sha256:4748babd2b6ac0706cd9ed4bcfd4855c8d2c5535f01813fb2e10b68b31a24c0f:row:6013,1ppv|m0|A|201|-|MN|-,1ppv,MN,2,0,0,0.51671251,0.02885683,0.08635082,0.36807984
sha256:4748babd2b6ac0706cd9ed4bcfd4855c8d2c5535f01813fb2e10b68b31a24c0f:row:6018,2dfi|m0|A|504|-|CO|-,2dfi,CO,2,3,3,0.21384013,0.10631236,0.23612946,0.44371805
sha256:4748babd2b6ac0706cd9ed4bcfd4855c8d2c5535f01813fb2e10b68b31a24c0f:row:6039,7zd3|m0|A|508|-|ZN|-,7zd3,ZN,2,2,1,0.04355252,0.41154087,0.29930891,0.24559770
sha256:4748babd2b6ac0706cd9ed4bcfd4855c8d2c5535f01813fb2e10b68b31a24c0f:row:6054,1cc3|m0|B|632|-|CU|-,1cc3,CU,2,1,2,0.03496898,0.30640470,0.56194047,0.09668585
sha256:4748babd2b6ac0706cd9ed4bcfd4855c8d2c5535f01813fb2e10b68b31a24c0f:row:6055,6qfk|m0|A|1701|-|MN|-,6qfk,MN,2,0,0,0.67568689,0.04043254,0.07889734,0.20498324
sha256:4748babd2b6ac0706cd9ed4bcfd4855c8d2c5535f01813fb2e10b68b31a24c0f:row:6057,6j27|m0|C|401|-|FE|-,6j27,FE,2,3,2,0.05049836,0.03768808,0.56370767,0.34810590
sha256:4748babd2b6ac0706cd9ed4bcfd4855c8d2c5535f01813fb2e10b68b31a24c0f:row:6061,4fo7|m0|A|301|-|MN|-,4fo7,MN,2,0,0,0.75506112,0.04381961,0.07171694,0.12940232
sha256:4748babd2b6ac0706cd9ed4bcfd4855c8d2c5535f01813fb2e10b68b31a24c0f:row:6065,1vj2|m0|B|115|-|MN|-,1vj2,MN,2,0,3,0.28570212,0.04623722,0.29465586,0.37340480
sha256:4748babd2b6ac0706cd9ed4bcfd4855c8d2c5535f01813fb2e10b68b31a24c0f:row:6068,6k9z|m0|A|403|-|FE|-,6k9z,FE,2,3,0,0.45778458,0.05352931,0.09214368,0.39654244
sha256:4748babd2b6ac0706cd9ed4bcfd4855c8d2c5535f01813fb2e10b68b31a24c0f:row:6078,8dby|m0|B|603|-|FE|-,8dby,FE,2,3,3,0.18545354,0.02389675,0.32742370,0.46322601
sha256:4748babd2b6ac0706cd9ed4bcfd4855c8d2c5535f01813fb2e10b68b31a24c0f:row:6083,3nr1|m0|B|199|-|MN|-,3nr1,MN,2,0,0,0.62781072,0.05668366,0.08154031,0.23396530
sha256:4748babd2b6ac0706cd9ed4bcfd4855c8d2c5535f01813fb2e10b68b31a24c0f:row:6091,6xm7|m0|A|510|-|CO|-,6xm7,CO,2,3,3,0.05181753,0.16708822,0.13127348,0.64982078
sha256:4748babd2b6ac0706cd9ed4bcfd4855c8d2c5535f01813fb2e10b68b31a24c0f:row:6097,5g0i|m0|A|1803|-|ZN|-,5g0i,ZN,2,2,3,0.25845555,0.05585441,0.13137585,0.55431419
sha256:4748babd2b6ac0706cd9ed4bcfd4855c8d2c5535f01813fb2e10b68b31a24c0f:row:6100,5fey|m0|A|102|-|ZN|-,5fey,ZN,2,2,2,0.03767007,0.08385062,0.78400870,0.09447061
sha256:4748babd2b6ac0706cd9ed4bcfd4855c8d2c5535f01813fb2e10b68b31a24c0f:row:6102,5zt7|m0|A|302|-|CO|-,5zt7,CO,2,3,2,0.07750243,0.11615046,0.54463001,0.26171711
sha256:4748babd2b6ac0706cd9ed4bcfd4855c8d2c5535f01813fb2e10b68b31a24c0f:row:6106,4toh|m0|A|203|-|FE|-,4toh,FE,2,3,3,0.23657320,0.06053350,0.13691337,0.56597993
sha256:4748babd2b6ac0706cd9ed4bcfd4855c8d2c5535f01813fb2e10b68b31a24c0f:row:6107,7bv5|m0|C|401|-|ZN|-,7bv5,ZN,2,2,2,0.04183487,0.25489674,0.61469042,0.08857798
sha256:4748babd2b6ac0706cd9ed4bcfd4855c8d2c5535f01813fb2e10b68b31a24c0f:row:6109,7ljg|m0|B|301|-|MN|-,7ljg,MN,2,0,2,0.33350289,0.03213282,0.37674964,0.25761464
sha256:4748babd2b6ac0706cd9ed4bcfd4855c8d2c5535f01813fb2e10b68b31a24c0f:row:6111,4zdt|m0|A|301|-|ZN|-,4zdt,ZN,2,2,2,0.03433741,0.06838538,0.80149458,0.09578263
sha256:4748babd2b6ac0706cd9ed4bcfd4855c8d2c5535f01813fb2e10b68b31a24c0f:row:6123,3f2d|m0|A|2|-|MN|-,3f2d,MN,2,0,2,0.29915112,0.12423015,0.45629676,0.12032197
sha256:4748babd2b6ac0706cd9ed4bcfd4855c8d2c5535f01813fb2e10b68b31a24c0f:row:6128,4twe|m0|A|802|-|ZN|-,4twe,ZN,2,2,3,0.09946699,0.08890764,0.39434499,0.41728037
sha256:4748babd2b6ac0706cd9ed4bcfd4855c8d2c5535f01813fb2e10b68b31a24c0f:row:6133,8t1q|m0|A|505|-|FE|-,8t1q,FE,2,3,0,0.44807343,0.06427998,0.09282147,0.39482512
sha256:4748babd2b6ac0706cd9ed4bcfd4855c8d2c5535f01813fb2e10b68b31a24c0f:row:6134,5avp|m0|A|401|-|MN|-,5avp,MN,2,0,0,0.43386911,0.09336420,0.10914579,0.36362090
sha256:4748babd2b6ac0706cd9ed4bcfd4855c8d2c5535f01813fb2e10b68b31a24c0f:row:6143,8crs|m0|D|601|-|FE|-,8crs,FE,2,3,2,0.29617695,0.03020285,0.54599101,0.12762919
sha256:4748babd2b6ac0706cd9ed4bcfd4855c8d2c5535f01813fb2e10b68b31a24c0f:row:6148,6bbl|m0|B|601|-|FE|-,6bbl,FE,2,3,0,0.63606406,0.03671675,0.13006436,0.19715483
sha256:4748babd2b6ac0706cd9ed4bcfd4855c8d2c5535f01813fb2e10b68b31a24c0f:row:6149,4qwn|m0|A|702|-|NI|-,4qwn,NI,2,3,3,0.14293601,0.06138091,0.09859773,0.69708535
sha256:4748babd2b6ac0706cd9ed4bcfd4855c8d2c5535f01813fb2e10b68b31a24c0f:row:6150,1fz1|m0|A|5002|-|FE|-,1fz1,FE,2,3,0,0.60257360,0.04679756,0.06912895,0.28149989
sha256:4748babd2b6ac0706cd9ed4bcfd4855c8d2c5535f01813fb2e10b68b31a24c0f:row:6154,3qlq|m0|C|238|-|MN|-,3qlq,MN,2,0,0,0.79731870,0.03608331,0.05902953,0.10756845
sha256:4748babd2b6ac0706cd9ed4bcfd4855c8d2c5535f01813fb2e10b68b31a24c0f:row:6158,5t5i|m0|A|601|-|ZN|-,5t5i,ZN,2,2,3,0.08393756,0.15735958,0.35978168,0.39892119
sha256:4748babd2b6ac0706cd9ed4bcfd4855c8d2c5535f01813fb2e10b68b31a24c0f:row:6162,1hkd|m0|C|1183|-|MN|-,1hkd,MN,2,0,0,0.78837089,0.04334862,0.06474433,0.10353617
sha256:4748babd2b6ac0706cd9ed4bcfd4855c8d2c5535f01813fb2e10b68b31a24c0f:row:6165,4ee5|m0|B|405|-|MN|-,4ee5,MN,2,0,0,0.58987222,0.05739761,0.09280279,0.25992739
sha256:4748babd2b6ac0706cd9ed4bcfd4855c8d2c5535f01813fb2e10b68b31a24c0f:row:6170,5hzz|m0|C|203|-|MN|-,5hzz,MN,2,0,0,0.48204534,0.05989092,0.20079646,0.25726728
sha256:4748babd2b6ac0706cd9ed4bcfd4855c8d2c5535f01813fb2e10b68b31a24c0f:row:6171,7dde|m0|A|1503|-|ZN|-,7dde,ZN,2,2,2,0.03167857,0.42129255,0.44362934,0.10339954
sha256:4748babd2b6ac0706cd9ed4bcfd4855c8d2c5535f01813fb2e10b68b31a24c0f:row:6173,3fsn|m0|B|534|-|FE|-,3fsn,FE,2,3,3,0.06571991,0.10548972,0.09467460,0.73411577
sha256:4748babd2b6ac0706cd9ed4bcfd4855c8d2c5535f01813fb2e10b68b31a24c0f:row:6181,6j27|m0|A|401|-|FE|-,6j27,FE,2,3,2,0.05069395,0.04262111,0.78118717,0.12549778
sha256:4748babd2b6ac0706cd9ed4bcfd4855c8d2c5535f01813fb2e10b68b31a24c0f:row:6183,2pf4|m0|E|601|-|ZN|-,2pf4,ZN,2,2,2,0.04072416,0.05315042,0.80441856,0.10170686
sha256:4748babd2b6ac0706cd9ed4bcfd4855c8d2c5535f01813fb2e10b68b31a24c0f:row:6195,6x5k|m0|N|802|-|NI|-,6x5k,NI,2,3,2,0.04038285,0.08877469,0.69602651,0.17481595
sha256:4748babd2b6ac0706cd9ed4bcfd4855c8d2c5535f01813fb2e10b68b31a24c0f:row:6213,3ib8|m0|A|555|-|MN|-,3ib8,MN,2,0,0,0.69523943,0.05545950,0.06836944,0.18093164
sha256:4748babd2b6ac0706cd9ed4bcfd4855c8d2c5535f01813fb2e10b68b31a24c0f:row:6226,6juq|m0|A|402|-|MN|-,6juq,MN,2,0,0,0.48647866,0.03105513,0.20850471,0.27396150
sha256:4748babd2b6ac0706cd9ed4bcfd4855c8d2c5535f01813fb2e10b68b31a24c0f:row:6227,3aqj|m0|A|135|-|FE|-,3aqj,FE,2,3,3,0.16817446,0.07383622,0.09796488,0.66002445
sha256:4748babd2b6ac0706cd9ed4bcfd4855c8d2c5535f01813fb2e10b68b31a24c0f:row:6229,2cwm|m0|A|240|-|MN|-,2cwm,MN,2,0,0,0.79479309,0.01924883,0.06886287,0.11709521
sha256:4748babd2b6ac0706cd9ed4bcfd4855c8d2c5535f01813fb2e10b68b31a24c0f:row:6232,2bn7|m0|A|1442|-|MN|-,2bn7,MN,2,0,0,0.47784911,0.04842359,0.13808413,0.33564318
sha256:4748babd2b6ac0706cd9ed4bcfd4855c8d2c5535f01813fb2e10b68b31a24c0f:row:6240,5hzz|m0|D|203|-|MN|-,5hzz,MN,2,0,0,0.56488066,0.06343490,0.17119230,0.20049214
sha256:4748babd2b6ac0706cd9ed4bcfd4855c8d2c5535f01813fb2e10b68b31a24c0f:row:6241,3ge3|m0|A|502|-|FE|-,3ge3,FE,2,3,3,0.38758887,0.03001905,0.11657789,0.46581419
sha256:4748babd2b6ac0706cd9ed4bcfd4855c8d2c5535f01813fb2e10b68b31a24c0f:row:6243,7q5n|m0|G|201|-|ZN|-,7q5n,ZN,2,2,3,0.14445456,0.26242587,0.24372828,0.34939129
sha256:4748babd2b6ac0706cd9ed4bcfd4855c8d2c5535f01813fb2e10b68b31a24c0f:row:6247,1xmh|m0|A|5170|-|CO|-,1xmh,CO,2,3,3,0.23829744,0.06203916,0.17230767,0.52735572
sha256:4748babd2b6ac0706cd9ed4bcfd4855c8d2c5535f01813fb2e10b68b31a24c0f:row:6254,4bbq|m0|A|1681|-|ZN|-,4bbq,ZN,2,2,2,0.03550294,0.07603268,0.79561319,0.09285119
sha256:4748babd2b6ac0706cd9ed4bcfd4855c8d2c5535f01813fb2e10b68b31a24c0f:row:6263,5c39|m0|A|102|-|MN|-,5c39,MN,2,0,0,0.50380564,0.05344556,0.08718345,0.35556536
sha256:4748babd2b6ac0706cd9ed4bcfd4855c8d2c5535f01813fb2e10b68b31a24c0f:row:6265,5oey|m0|A|703|-|MN|-,5oey,MN,2,0,0,0.78293994,0.04277101,0.06585125,0.10843780
sha256:4748babd2b6ac0706cd9ed4bcfd4855c8d2c5535f01813fb2e10b68b31a24c0f:row:6266,6lrd|m0|A|802|-|MN|-,6lrd,MN,2,0,0,0.77101047,0.03563446,0.10199889,0.09135619
sha256:4748babd2b6ac0706cd9ed4bcfd4855c8d2c5535f01813fb2e10b68b31a24c0f:row:6270,5mc0|m0|B|499|-|MN|-,5mc0,MN,2,0,0,0.71327507,0.03919377,0.06848142,0.17904974
sha256:4748babd2b6ac0706cd9ed4bcfd4855c8d2c5535f01813fb2e10b68b31a24c0f:row:6271,1lnc|m0|E|900|-|MN|-,1lnc,MN,2,0,0,0.46872201,0.04863846,0.13434189,0.34829763
sha256:4748babd2b6ac0706cd9ed4bcfd4855c8d2c5535f01813fb2e10b68b31a24c0f:row:6275,5j6f|m0|B|401|-|MN|-,5j6f,MN,2,0,2,0.34245741,0.07723895,0.41959109,0.16071255
sha256:4748babd2b6ac0706cd9ed4bcfd4855c8d2c5535f01813fb2e10b68b31a24c0f:row:6285,8c60|m0|C|1104|-|ZN|-,8c60,ZN,2,2,2,0.03829735,0.06988467,0.79598622,0.09583176
sha256:4748babd2b6ac0706cd9ed4bcfd4855c8d2c5535f01813fb2e10b68b31a24c0f:row:6288,3dys|m0|A|901|-|MN|-,3dys,MN,2,0,0,0.61390376,0.03000351,0.10143040,0.25466233
sha256:4748babd2b6ac0706cd9ed4bcfd4855c8d2c5535f01813fb2e10b68b31a24c0f:row:6292,7z3i|m0|B|201|-|CU|-,7z3i,CU,2,1,1,0.03569105,0.44429045,0.37449171,0.14552679
sha256:4748babd2b6ac0706cd9ed4bcfd4855c8d2c5535f01813fb2e10b68b31a24c0f:row:6295,1o4t|m0|B|301|-|MN|-,1o4t,MN,2,0,3,0.28558051,0.03573962,0.08583986,0.59284001
sha256:4748babd2b6ac0706cd9ed4bcfd4855c8d2c5535f01813fb2e10b68b31a24c0f:row:6308,2hzy|m0|A|1203|-|MN|-,2hzy,MN,2,0,0,0.77074358,0.03249759,0.07104799,0.12571085
sha256:4748babd2b6ac0706cd9ed4bcfd4855c8d2c5535f01813fb2e10b68b31a24c0f:row:6316,5jk8|m0|A|703|-|FE|-,5jk8,FE,2,3,3,0.09366291,0.08668171,0.23330099,0.58635439
sha256:4748babd2b6ac0706cd9ed4bcfd4855c8d2c5535f01813fb2e10b68b31a24c0f:row:6332,2q6q|m0|A|1|-|CO|-,2q6q,CO,2,3,2,0.21557071,0.12839776,0.54731253,0.10871900
sha256:4748babd2b6ac0706cd9ed4bcfd4855c8d2c5535f01813fb2e10b68b31a24c0f:row:6334,1qxj|m0|B|251|-|NI|-,1qxj,NI,2,3,3,0.12591553,0.06175195,0.08742310,0.72490941
sha256:4748babd2b6ac0706cd9ed4bcfd4855c8d2c5535f01813fb2e10b68b31a24c0f:row:6345,7nyp|m0|A|801|-|NI|-,7nyp,NI,2,3,2,0.04594752,0.12321254,0.64634897,0.18449097
sha256:4748babd2b6ac0706cd9ed4bcfd4855c8d2c5535f01813fb2e10b68b31a24c0f:row:6349,3zhx|m0|B|401|-|MN|-,3zhx,MN,2,0,0,0.45018603,0.05886936,0.15768067,0.33326395
sha256:4748babd2b6ac0706cd9ed4bcfd4855c8d2c5535f01813fb2e10b68b31a24c0f:row:6366,6kxu|m0|E|601|-|MN|-,6kxu,MN,2,0,0,0.61358603,0.04115294,0.15180807,0.19345296
sha256:4748babd2b6ac0706cd9ed4bcfd4855c8d2c5535f01813fb2e10b68b31a24c0f:row:6383,1qhw|m0|A|433|-|FE|-,1qhw,FE,2,3,0,0.35986460,0.06797101,0.31880892,0.25335547
sha256:4748babd2b6ac0706cd9ed4bcfd4855c8d2c5535f01813fb2e10b68b31a24c0f:row:6395,7cj7|m0|A|302|-|MN|-,7cj7,MN,2,0,0,0.73035909,0.02387715,0.07282152,0.17294223
sha256:4748babd2b6ac0706cd9ed4bcfd4855c8d2c5535f01813fb2e10b68b31a24c0f:row:6397,8hfp|m0|C|201|-|ZN|-,8hfp,ZN,2,2,2,0.06163626,0.10337685,0.53125111,0.30373578
sha256:4748babd2b6ac0706cd9ed4bcfd4855c8d2c5535f01813fb2e10b68b31a24c0f:row:6398,6yi1|m0|B|403|-|ZN|-,6yi1,ZN,2,2,2,0.06335676,0.10490077,0.62755567,0.20418679
sha256:4748babd2b6ac0706cd9ed4bcfd4855c8d2c5535f01813fb2e10b68b31a24c0f:row:6406,4v06|m0|A|1491|-|FE|-,4v06,FE,2,3,3,0.08121586,0.12081099,0.23967998,0.55829318
sha256:4748babd2b6ac0706cd9ed4bcfd4855c8d2c5535f01813fb2e10b68b31a24c0f:row:6411,5m26|m0|F|401|-|FE|-,5m26,FE,2,3,3,0.16145633,0.31731443,0.15509048,0.36613876
sha256:4748babd2b6ac0706cd9ed4bcfd4855c8d2c5535f01813fb2e10b68b31a24c0f:row:6415,3i63|m0|A|502|-|FE|-,3i63,FE,2,3,3,0.28246941,0.04158141,0.31196477,0.36398440
sha256:4748babd2b6ac0706cd9ed4bcfd4855c8d2c5535f01813fb2e10b68b31a24c0f:row:6418,4o5v|m0|A|301|-|FE|-,4o5v,FE,2,3,0,0.50813041,0.05680475,0.08751688,0.34754796
sha256:4748babd2b6ac0706cd9ed4bcfd4855c8d2c5535f01813fb2e10b68b31a24c0f:row:6419,7oqy|m0|Y|102|-|ZN|-,7oqy,ZN,2,2,2,0.04030886,0.05020023,0.80796190,0.10152901
sha256:4748babd2b6ac0706cd9ed4bcfd4855c8d2c5535f01813fb2e10b68b31a24c0f:row:6423,7knf|m0|A|602|-|ZN|-,7knf,ZN,2,2,3,0.13017131,0.10888907,0.28627065,0.47466896
sha256:4748babd2b6ac0706cd9ed4bcfd4855c8d2c5535f01813fb2e10b68b31a24c0f:row:6428,5und|m0|A|606|-|ZN|-,5und,ZN,2,2,2,0.04188458,0.40393616,0.43546669,0.11871257
sha256:4748babd2b6ac0706cd9ed4bcfd4855c8d2c5535f01813fb2e10b68b31a24c0f:row:6432,7ut7|m0|D|601|-|FE|-,7ut7,FE,2,3,3,0.40673439,0.03997289,0.14646892,0.40682380
sha256:4748babd2b6ac0706cd9ed4bcfd4855c8d2c5535f01813fb2e10b68b31a24c0f:row:6434,3oxf|m0|A|438|-|ZN|-,3oxf,ZN,2,2,2,0.04823088,0.03175930,0.77985415,0.14015567
sha256:4748babd2b6ac0706cd9ed4bcfd4855c8d2c5535f01813fb2e10b68b31a24c0f:row:6439,7zik|m0|B|501|-|FE|-,7zik,FE,2,3,3,0.09094902,0.05778688,0.12163141,0.72963268
sha256:4748babd2b6ac0706cd9ed4bcfd4855c8d2c5535f01813fb2e10b68b31a24c0f:row:6445,7l92|m0|A|301|-|ZN|-,7l92,ZN,2,2,2,0.03260767,0.09693893,0.80265646,0.06779693
sha256:4748babd2b6ac0706cd9ed4bcfd4855c8d2c5535f01813fb2e10b68b31a24c0f:row:6461,5y23|m0|A|201|-|CU|-,5y23,CU,2,1,1,0.03168535,0.64295603,0.19408249,0.13127613
sha256:4748babd2b6ac0706cd9ed4bcfd4855c8d2c5535f01813fb2e10b68b31a24c0f:row:6463,5w6p|m0|A|1003|-|ZN|-,5w6p,ZN,2,2,2,0.06036581,0.13137836,0.63588364,0.17237219
sha256:4748babd2b6ac0706cd9ed4bcfd4855c8d2c5535f01813fb2e10b68b31a24c0f:row:6466,3p71|m0|C|501|-|MN|-,3p71,MN,2,0,0,0.35691738,0.06472291,0.30092307,0.27743664
sha256:4748babd2b6ac0706cd9ed4bcfd4855c8d2c5535f01813fb2e10b68b31a24c0f:row:6477,5v4t|m0|A|301|-|FE|-,5v4t,FE,2,3,3,0.22978130,0.03126266,0.11090440,0.62805163
sha256:4748babd2b6ac0706cd9ed4bcfd4855c8d2c5535f01813fb2e10b68b31a24c0f:row:6484,7k88|m0|A|601|-|FE|-,7k88,FE,2,3,3,0.08258851,0.06402210,0.07679667,0.77659273
sha256:4748babd2b6ac0706cd9ed4bcfd4855c8d2c5535f01813fb2e10b68b31a24c0f:row:6486,1adu|m0|A|530|-|ZN|-,1adu,ZN,2,2,2,0.03568456,0.08485389,0.80302344,0.07643811
sha256:4748babd2b6ac0706cd9ed4bcfd4855c8d2c5535f01813fb2e10b68b31a24c0f:row:6488,8gir|m0|A|604|-|MN|-,8gir,MN,2,0,0,0.75924877,0.04799670,0.06437144,0.12838309
sha256:4748babd2b6ac0706cd9ed4bcfd4855c8d2c5535f01813fb2e10b68b31a24c0f:row:6494,7s4m|m0|K|301|-|CU|-,7s4m,CU,2,1,2,0.07183925,0.18502294,0.63275796,0.11037985
sha256:4748babd2b6ac0706cd9ed4bcfd4855c8d2c5535f01813fb2e10b68b31a24c0f:row:6497,2y1d|m0|A|1391|-|MN|-,2y1d,MN,2,0,0,0.69310028,0.03896305,0.15623280,0.11170387
sha256:4748babd2b6ac0706cd9ed4bcfd4855c8d2c5535f01813fb2e10b68b31a24c0f:row:6501,3dw8|m0|C|501|-|MN|-,3dw8,MN,2,0,0,0.46941311,0.09532406,0.14383876,0.29142407
sha256:4748babd2b6ac0706cd9ed4bcfd4855c8d2c5535f01813fb2e10b68b31a24c0f:row:6504,7vzn|m0|A|701|-|FE|-,7vzn,FE,2,3,0,0.57236784,0.04609061,0.07722409,0.30431745
sha256:4748babd2b6ac0706cd9ed4bcfd4855c8d2c5535f01813fb2e10b68b31a24c0f:row:6507,2gdf|m0|D|1301|-|MN|-,2gdf,MN,2,0,0,0.75229945,0.05546449,0.08626965,0.10596641
sha256:4748babd2b6ac0706cd9ed4bcfd4855c8d2c5535f01813fb2e10b68b31a24c0f:row:6515,3swf|m0|B|75|-|ZN|-,3swf,ZN,2,2,0,0.44740228,0.05682653,0.30433621,0.19143498
sha256:4748babd2b6ac0706cd9ed4bcfd4855c8d2c5535f01813fb2e10b68b31a24c0f:row:6520,7y3y|m0|B|502|-|FE|-,7y3y,FE,2,3,3,0.07494492,0.06338378,0.09748172,0.76418958
sha256:4748babd2b6ac0706cd9ed4bcfd4855c8d2c5535f01813fb2e10b68b31a24c0f:row:6527,2bq8|m0|X|1305|-|FE|-,2bq8,FE,2,3,0,0.57807832,0.03740442,0.09931973,0.28519754
sha256:4748babd2b6ac0706cd9ed4bcfd4855c8d2c5535f01813fb2e10b68b31a24c0f:row:6529,2cy6|m0|A|240|-|MN|-,2cy6,MN,2,0,0,0.74061067,0.01902264,0.07039251,0.16997418
sha256:4748babd2b6ac0706cd9ed4bcfd4855c8d2c5535f01813fb2e10b68b31a24c0f:row:6533,4v3k|m0|C|1466|-|ZN|-,4v3k,ZN,2,2,2,0.03522142,0.27428832,0.59808795,0.09240231
sha256:4748babd2b6ac0706cd9ed4bcfd4855c8d2c5535f01813fb2e10b68b31a24c0f:row:6535,5ran|m0|B|1803|-|MN|-,5ran,MN,2,0,3,0.29414231,0.06590108,0.08498262,0.55497399
sha256:4748babd2b6ac0706cd9ed4bcfd4855c8d2c5535f01813fb2e10b68b31a24c0f:row:6536,7dde|m0|A|1502|-|ZN|-,7dde,ZN,2,2,0,0.27227877,0.26311230,0.23908029,0.22552864
sha256:4748babd2b6ac0706cd9ed4bcfd4855c8d2c5535f01813fb2e10b68b31a24c0f:row:6540,2vnq|m0|B|201|-|MN|-,2vnq,MN,2,0,0,0.47838899,0.02788583,0.08580609,0.40791909
sha256:4748babd2b6ac0706cd9ed4bcfd4855c8d2c5535f01813fb2e10b68b31a24c0f:row:6541,3sid|m0|A|201|-|FE|-,3sid,FE,2,3,3,0.23011052,0.07528805,0.13496153,0.55963990
sha256:4748babd2b6ac0706cd9ed4bcfd4855c8d2c5535f01813fb2e10b68b31a24c0f:row:6550,4npm|m0|A|300|-|MN|-,4npm,MN,2,0,3,0.31956503,0.04266332,0.07124394,0.56652771
sha256:4748babd2b6ac0706cd9ed4bcfd4855c8d2c5535f01813fb2e10b68b31a24c0f:row:6553,1gkb|m0|A|801|-|MN|-,1gkb,MN,2,0,0,0.82921958,0.03386526,0.05762892,0.07928624
sha256:4748babd2b6ac0706cd9ed4bcfd4855c8d2c5535f01813fb2e10b68b31a24c0f:row:6561,4fwj|m0|A|901|-|ZN|-,4fwj,ZN,2,2,2,0.04584127,0.03885435,0.78624651,0.12905787
sha256:4748babd2b6ac0706cd9ed4bcfd4855c8d2c5535f01813fb2e10b68b31a24c0f:row:6578,7kwd|m0|A|603|-|ZN|-,7kwd,ZN,2,2,2,0.36810527,0.08158649,0.36818065,0.18212760
sha256:4748babd2b6ac0706cd9ed4bcfd4855c8d2c5535f01813fb2e10b68b31a24c0f:row:6583,4giz|m0|C|201|-|ZN|-,4giz,ZN,2,2,2,0.05943099,0.04818954,0.80145738,0.09092208
sha256:4748babd2b6ac0706cd9ed4bcfd4855c8d2c5535f01813fb2e10b68b31a24c0f:row:6590,4lrd|m0|A|402|-|MN|-,4lrd,MN,2,0,0,0.75051635,0.04355889,0.09896205,0.10696272
sha256:4748babd2b6ac0706cd9ed4bcfd4855c8d2c5535f01813fb2e10b68b31a24c0f:row:6592,6xm7|m0|A|511|-|CO|-,6xm7,CO,2,3,3,0.12476767,0.08630777,0.36361612,0.42530844
sha256:4748babd2b6ac0706cd9ed4bcfd4855c8d2c5535f01813fb2e10b68b31a24c0f:row:6597,7zhs|m0|A|402|-|ZN|-,7zhs,ZN,2,2,2,0.05343025,0.04149319,0.75591283,0.14916373
sha256:4748babd2b6ac0706cd9ed4bcfd4855c8d2c5535f01813fb2e10b68b31a24c0f:row:6603,5m22|m0|D|401|-|FE|-,5m22,FE,2,3,2,0.10517612,0.07429364,0.41533044,0.40519980
sha256:4748babd2b6ac0706cd9ed4bcfd4855c8d2c5535f01813fb2e10b68b31a24c0f:row:6608,7ov3|m0|A|427|-|FE|-,7ov3,FE,2,3,3,0.26199594,0.05649409,0.14524152,0.53626845
sha256:4748babd2b6ac0706cd9ed4bcfd4855c8d2c5535f01813fb2e10b68b31a24c0f:row:6611,6oad|m0|A|502|-|ZN|-,6oad,ZN,2,2,0,0.40973084,0.07132397,0.18572862,0.33321657
sha256:4748babd2b6ac0706cd9ed4bcfd4855c8d2c5535f01813fb2e10b68b31a24c0f:row:6619,4zhk|m0|B|601|-|FE|-,4zhk,FE,2,3,3,0.14418615,0.07763657,0.10918966,0.66898762
sha256:4748babd2b6ac0706cd9ed4bcfd4855c8d2c5535f01813fb2e10b68b31a24c0f:row:6621,4q5o|m0|A|401|-|FE|-,4q5o,FE,2,3,3,0.34880706,0.05129026,0.08491066,0.51499203
sha256:4748babd2b6ac0706cd9ed4bcfd4855c8d2c5535f01813fb2e10b68b31a24c0f:row:6625,3sid|m0|B|201|-|FE|-,3sid,FE,2,3,3,0.22406279,0.06438929,0.13351809,0.57802982
sha256:4748babd2b6ac0706cd9ed4bcfd4855c8d2c5535f01813fb2e10b68b31a24c0f:row:6634,7euu|m0|A|401|-|CU|-,7euu,CU,2,1,3,0.07660014,0.12416333,0.19634567,0.60289085
sha256:4748babd2b6ac0706cd9ed4bcfd4855c8d2c5535f01813fb2e10b68b31a24c0f:row:6646,5med|m0|B|1001|-|FE|-,5med,FE,2,3,3,0.12608370,0.09018082,0.16038890,0.62334658
sha256:4748babd2b6ac0706cd9ed4bcfd4855c8d2c5535f01813fb2e10b68b31a24c0f:row:6649,4chl|m0|A|501|-|FE|-,4chl,FE,2,3,3,0.41015033,0.06315678,0.11175237,0.41494051
sha256:4748babd2b6ac0706cd9ed4bcfd4855c8d2c5535f01813fb2e10b68b31a24c0f:row:6654,5byn|m0|A|302|-|MN|-,5byn,MN,2,0,0,0.77793147,0.02785525,0.07747814,0.11673514
sha256:4748babd2b6ac0706cd9ed4bcfd4855c8d2c5535f01813fb2e10b68b31a24c0f:row:6656,5z5y|m0|A|302|-|MN|-,5z5y,MN,2,0,0,0.78967906,0.03683000,0.06292697,0.11056397
sha256:4748babd2b6ac0706cd9ed4bcfd4855c8d2c5535f01813fb2e10b68b31a24c0f:row:6670,4y97|m0|B|1501|-|ZN|-,4y97,ZN,2,2,2,0.03857427,0.05200551,0.75863025,0.15078997
sha256:4748babd2b6ac0706cd9ed4bcfd4855c8d2c5535f01813fb2e10b68b31a24c0f:row:6672,5avp|m0|C|401|-|MN|-,5avp,MN,2,0,3,0.27982900,0.09883418,0.10522956,0.51610726
sha256:4748babd2b6ac0706cd9ed4bcfd4855c8d2c5535f01813fb2e10b68b31a24c0f:row:6677,3vb0|m0|B|301|-|FE|-,3vb0,FE,2,3,3,0.16165205,0.07271054,0.11051936,0.65511806
sha256:4748babd2b6ac0706cd9ed4bcfd4855c8d2c5535f01813fb2e10b68b31a24c0f:row:6679,6via|m0|A|204|-|FE|-,6via,FE,2,3,3,0.19992251,0.06438008,0.29480135,0.44089606
sha256:4748babd2b6ac0706cd9ed4bcfd4855c8d2c5535f01813fb2e10b68b31a24c0f:row:6689,3psq|m0|A|324|-|ZN|-,3psq,ZN,2,2,3,0.05567962,0.21209080,0.32384360,0.40838598
sha256:4748babd2b6ac0706cd9ed4bcfd4855c8d2c5535f01813fb2e10b68b31a24c0f:row:6693,4r2y|m0|A|103|-|ZN|-,4r2y,ZN,2,2,2,0.03918059,0.10917331,0.77061770,0.08102840
sha256:4748babd2b6ac0706cd9ed4bcfd4855c8d2c5535f01813fb2e10b68b31a24c0f:row:6699,3cqj|m0|A|285|-|ZN|-,3cqj,ZN,2,2,0,0.45324180,0.04967130,0.18904366,0.30804325
sha256:4748babd2b6ac0706cd9ed4bcfd4855c8d2c5535f01813fb2e10b68b31a24c0f:row:6707,4yzg|m0|B|401|-|MN|-,4yzg,MN,2,0,0,0.74482398,0.03168084,0.10459621,0.11889896
sha256:4748babd2b6ac0706cd9ed4bcfd4855c8d2c5535f01813fb2e10b68b31a24c0f:row:6715,7ut6|m0|B|601|-|FE|-,7ut6,FE,2,3,0,0.46202911,0.03948612,0.39278010,0.10570466
sha256:4748babd2b6ac0706cd9ed4bcfd4855c8d2c5535f01813fb2e10b68b31a24c0f:row:6719,4nzv|m0|A|401|-|MN|-,4nzv,MN,2,0,2,0.32316617,0.10066645,0.45341489,0.12275248
sha256:4748babd2b6ac0706cd9ed4bcfd4855c8d2c5535f01813fb2e10b68b31a24c0f:row:6728,6vtv|m0|B|301|-|MN|-,6vtv,MN,2,0,0,0.46847533,0.19982558,0.07690655,0.25479254
sha256:4748babd2b6ac0706cd9ed4bcfd4855c8d2c5535f01813fb2e10b68b31a24c0f:row:6732,2b2k|m0|A|201|-|MN|-,2b2k,MN,2,0,0,0.48335816,0.03117796,0.09861752,0.38684636
sha256:4748babd2b6ac0706cd9ed4bcfd4855c8d2c5535f01813fb2e10b68b31a24c0f:row:6735,5f54|m0|A|802|-|MN|-,5f54,MN,2,0,0,0.68869229,0.05038637,0.10039780,0.16052354
sha256:4748babd2b6ac0706cd9ed4bcfd4855c8d2c5535f01813fb2e10b68b31a24c0f:row:6741,3n9b|m0|B|188|-|MN|-,3n9b,MN,2,0,0,0.46186090,0.06032053,0.10170624,0.37611233
sha256:4748babd2b6ac0706cd9ed4bcfd4855c8d2c5535f01813fb2e10b68b31a24c0f:row:6748,1y5x|m0|A|400|-|ZN|-,1y5x,ZN,2,2,2,0.03670865,0.17681931,0.69251760,0.09395444
sha256:4748babd2b6ac0706cd9ed4bcfd4855c8d2c5535f01813fb2e10b68b31a24c0f:row:6764,7uva|m0|A|401|-|FE|-,7uva,FE,2,3,3,0.14492981,0.05749235,0.07561751,0.72196034
sha256:4748babd2b6ac0706cd9ed4bcfd4855c8d2c5535f01813fb2e10b68b31a24c0f:row:6765,5vq3|m0|B|501|-|FE|-,5vq3,FE,2,3,0,0.65760727,0.02796587,0.10705651,0.20737035
sha256:4748babd2b6ac0706cd9ed4bcfd4855c8d2c5535f01813fb2e10b68b31a24c0f:row:6773,4pfh|m0|A|501|-|MN|-,4pfh,MN,2,0,0,0.76801285,0.04138859,0.05863799,0.13196057
sha256:4748babd2b6ac0706cd9ed4bcfd4855c8d2c5535f01813fb2e10b68b31a24c0f:row:6776,4s1c|m0|A|802|-|FE|-,4s1c,FE,2,3,3,0.16120045,0.07097330,0.13096153,0.63686471
sha256:4748babd2b6ac0706cd9ed4bcfd4855c8d2c5535f01813fb2e10b68b31a24c0f:row:6779,3vmi|m0|A|501|-|FE|-,3vmi,FE,2,3,3,0.08267006,0.04861042,0.39238956,0.47632995
sha256:4748babd2b6ac0706cd9ed4bcfd4855c8d2c5535f01813fb2e10b68b31a24c0f:row:6780,3vmi|m0|C|501|-|FE|-,3vmi,FE,2,3,3,0.14811721,0.03032031,0.35126691,0.47029557
sha256:4748babd2b6ac0706cd9ed4bcfd4855c8d2c5535f01813fb2e10b68b31a24c0f:row:6788,5nq9|m0|A|603|-|CU|-,5nq9,CU,2,1,1,0.02930679,0.57924995,0.22878193,0.16266133
sha256:4748babd2b6ac0706cd9ed4bcfd4855c8d2c5535f01813fb2e10b68b31a24c0f:row:6796,2ete|m0|A|202|-|MN|-,2ete,MN,2,0,3,0.29784336,0.06277854,0.06439401,0.57498408
sha256:4748babd2b6ac0706cd9ed4bcfd4855c8d2c5535f01813fb2e10b68b31a24c0f:row:6821,3mif|m0|A|358|-|CU|-,3mif,CU,2,1,2,0.04742666,0.21115812,0.57897131,0.16244392
sha256:4748babd2b6ac0706cd9ed4bcfd4855c8d2c5535f01813fb2e10b68b31a24c0f:row:6824,6jur|m0|F|402|-|MN|-,6jur,MN,2,0,0,0.34154219,0.06739826,0.27073738,0.32032216
sha256:4748babd2b6ac0706cd9ed4bcfd4855c8d2c5535f01813fb2e10b68b31a24c0f:row:6837,5ye4|m0|A|306|-|ZN|-,5ye4,ZN,2,2,2,0.18276666,0.16870983,0.50432183,0.14420168
sha256:4748babd2b6ac0706cd9ed4bcfd4855c8d2c5535f01813fb2e10b68b31a24c0f:row:6844,4d50|m0|A|301|-|FE|-,4d50,FE,2,3,3,0.18506502,0.04943161,0.10711773,0.65838564
sha256:4748babd2b6ac0706cd9ed4bcfd4855c8d2c5535f01813fb2e10b68b31a24c0f:row:6851,3vto|m0|P|301|-|FE|-,3vto,FE,2,3,3,0.24346386,0.26868425,0.09018764,0.39766424
sha256:4748babd2b6ac0706cd9ed4bcfd4855c8d2c5535f01813fb2e10b68b31a24c0f:row:6855,8a1a|m0|A|1702|-|MN|-,8a1a,MN,2,0,0,0.49395483,0.03944314,0.08042799,0.38617404
sha256:4748babd2b6ac0706cd9ed4bcfd4855c8d2c5535f01813fb2e10b68b31a24c0f:row:6858,1joc|m0|A|301|-|ZN|-,1joc,ZN,2,2,2,0.04209467,0.05431492,0.80331020,0.10028021
sha256:4748babd2b6ac0706cd9ed4bcfd4855c8d2c5535f01813fb2e10b68b31a24c0f:row:6861,4qpl|m0|A|202|-|ZN|-,4qpl,ZN,2,2,2,0.04562307,0.05514985,0.77464064,0.12458644
sha256:4748babd2b6ac0706cd9ed4bcfd4855c8d2c5535f01813fb2e10b68b31a24c0f:row:6866,7zhs|m0|A|401|-|ZN|-,7zhs,ZN,2,2,2,0.04229783,0.09132454,0.76389911,0.10247853
sha256:4748babd2b6ac0706cd9ed4bcfd4855c8d2c5535f01813fb2e10b68b31a24c0f:row:6875,2anu|m0|A|505|-|ZN|-,2anu,ZN,2,2,3,0.11437155,0.17323662,0.30003322,0.41235861
sha256:4748babd2b6ac0706cd9ed4bcfd4855c8d2c5535f01813fb2e10b68b31a24c0f:row:6879,7dnm|m0|A|601|-|MN|-,7dnm,MN,2,0,0,0.80208026,0.04523724,0.06674268,0.08593982
sha256:4748babd2b6ac0706cd9ed4bcfd4855c8d2c5535f01813fb2e10b68b31a24c0f:row:6885,5jc1|m0|A|502|-|MN|-,5jc1,MN,2,0,0,0.77648333,0.03367875,0.08871393,0.10112399
sha256:4748babd2b6ac0706cd9ed4bcfd4855c8d2c5535f01813fb2e10b68b31a24c0f:row:6887,8edd|m0|A|302|-|FE|-,8edd,FE,2,3,0,0.66273226,0.03184500,0.08416023,0.22126251
sha256:4748babd2b6ac0706cd9ed4bcfd4855c8d2c5535f01813fb2e10b68b31a24c0f:row:6892,2enx|m0|B|403|-|MN|-,2enx,MN,2,0,0,0.43082711,0.04047439,0.20998561,0.31871289
sha256:4748babd2b6ac0706cd9ed4bcfd4855c8d2c5535f01813fb2e10b68b31a24c0f:row:6896,7eus|m0|A|401|-|CU|-,7eus,CU,2,1,3,0.14943305,0.13363248,0.14303302,0.57390145
sha256:4748babd2b6ac0706cd9ed4bcfd4855c8d2c5535f01813fb2e10b68b31a24c0f:row:6900,5u9z|m0|B|901|-|MN|-,5u9z,MN,2,0,0,0.47032916,0.03673233,0.08763065,0.40530787
sha256:4748babd2b6ac0706cd9ed4bcfd4855c8d2c5535f01813fb2e10b68b31a24c0f:row:6903,1fa0|m0|B|603|-|MN|-,1fa0,MN,2,0,0,0.73254584,0.03820311,0.09398385,0.13526720
sha256:4748babd2b6ac0706cd9ed4bcfd4855c8d2c5535f01813fb2e10b68b31a24c0f:row:6915,7zn1|m0|A|204|-|ZN|-,7zn1,ZN,2,2,2,0.04920469,0.35396978,0.48837963,0.10844590
sha256:4748babd2b6ac0706cd9ed4bcfd4855c8d2c5535f01813fb2e10b68b31a24c0f:row:6922,5cuo|m0|A|503|-|ZN|-,5cuo,ZN,2,2,3,0.11529966,0.10390628,0.22630502,0.55448903
sha256:4748babd2b6ac0706cd9ed4bcfd4855c8d2c5535f01813fb2e10b68b31a24c0f:row:6923,5z5p|m0|B|304|-|MN|-,5z5p,MN,2,0,0,0.68712333,0.03686712,0.07627534,0.19973421
sha256:4748babd2b6ac0706cd9ed4bcfd4855c8d2c5535f01813fb2e10b68b31a24c0f:row:6924,3py6|m0|A|300|-|MN|-,3py6,MN,2,0,0,0.63604118,0.04191551,0.07221459,0.24982872
sha256:4748babd2b6ac0706cd9ed4bcfd4855c8d2c5535f01813fb2e10b68b31a24c0f:row:6926,5od9|m0|A|3011|-|ZN|-,5od9,ZN,2,2,2,0.03572382,0.36610353,0.42079563,0.17737702
sha256:4748babd2b6ac0706cd9ed4bcfd4855c8d2c5535f01813fb2e10b68b31a24c0f:row:6930,1ppw|m0|B|201|-|MN|-,1ppw,MN,2,0,3,0.33942248,0.02830380,0.12010662,0.51216709
sha256:4748babd2b6ac0706cd9ed4bcfd4855c8d2c5535f01813fb2e10b68b31a24c0f:row:6939,6akn|m0|B|201|-|CU|-,6akn,CU,2,1,1,0.05076145,0.48538906,0.19298339,0.27086610
sha256:4748babd2b6ac0706cd9ed4bcfd4855c8d2c5535f01813fb2e10b68b31a24c0f:row:6951,2a21|m0|B|2270|-|ZN|-,2a21,ZN,2,2,3,0.22536513,0.08920314,0.33805031,0.34738142
sha256:4748babd2b6ac0706cd9ed4bcfd4855c8d2c5535f01813fb2e10b68b31a24c0f:row:6958,2bmr|m0|B|1195|-|NI|-,2bmr,NI,2,3,3,0.14824142,0.03780807,0.24281441,0.57113610
sha256:4748babd2b6ac0706cd9ed4bcfd4855c8d2c5535f01813fb2e10b68b31a24c0f:row:6968,1k4v|m0|A|402|-|MN|-,1k4v,MN,2,0,0,0.50727971,0.04281030,0.28203720,0.16787278
sha256:4748babd2b6ac0706cd9ed4bcfd4855c8d2c5535f01813fb2e10b68b31a24c0f:row:6974,6tex|m0|A|807|-|MN|-,6tex,MN,2,0,0,0.51186853,0.03463872,0.08330984,0.37018291
sha256:4748babd2b6ac0706cd9ed4bcfd4855c8d2c5535f01813fb2e10b68b31a24c0f:row:6976,4qx7|m0|A|702|-|NI|-,4qx7,NI,2,3,3,0.16341814,0.08759839,0.08689298,0.66209050
sha256:4748babd2b6ac0706cd9ed4bcfd4855c8d2c5535f01813fb2e10b68b31a24c0f:row:6991,5xkt|m0|A|302|-|NI|-,5xkt,NI,2,3,3,0.09736337,0.07019223,0.31454977,0.51789463
sha256:4748babd2b6ac0706cd9ed4bcfd4855c8d2c5535f01813fb2e10b68b31a24c0f:row:6993,2evo|m0|A|902|-|CO|-,2evo,CO,2,3,3,0.16575106,0.04886445,0.23485775,0.55052673
sha256:4748babd2b6ac0706cd9ed4bcfd4855c8d2c5535f01813fb2e10b68b31a24c0f:row:7001,5od9|m0|A|3012|-|ZN|-,5od9,ZN,2,2,2,0.11811095,0.09033497,0.41143841,0.38011567
sha256:4748babd2b6ac0706cd9ed4bcfd4855c8d2c5535f01813fb2e10b68b31a24c0f:row:7003,3qhb|m0|A|182|-|FE|-,3qhb,FE,2,3,3,0.29731886,0.05625937,0.28752879,0.35889297
sha256:4748babd2b6ac0706cd9ed4bcfd4855c8d2c5535f01813fb2e10b68b31a24c0f:row:7010,6cl5|m0|D|801|-|FE|-,6cl5,FE,2,3,3,0.12929108,0.07963213,0.34516716,0.44590964
sha256:4748babd2b6ac0706cd9ed4bcfd4855c8d2c5535f01813fb2e10b68b31a24c0f:row:7025,8cwt|m0|B|602|-|NI|-,8cwt,NI,2,3,3,0.06507271,0.06836627,0.10320986,0.76335116
sha256:4748babd2b6ac0706cd9ed4bcfd4855c8d2c5535f01813fb2e10b68b31a24c0f:row:7027,4oof|m0|B|401|-|MN|-,4oof,MN,2,0,0,0.52252914,0.01907324,0.15369508,0.30470255
sha256:4748babd2b6ac0706cd9ed4bcfd4855c8d2c5535f01813fb2e10b68b31a24c0f:row:7031,7emz|m0|A|303|-|FE|-,7emz,FE,2,3,3,0.32704220,0.08085645,0.15110657,0.44099478
sha256:4748babd2b6ac0706cd9ed4bcfd4855c8d2c5535f01813fb2e10b68b31a24c0f:row:7049,3qlq|m0|B|238|-|MN|-,3qlq,MN,2,0,0,0.78451806,0.01878620,0.08753334,0.10916240
sha256:4748babd2b6ac0706cd9ed4bcfd4855c8d2c5535f01813fb2e10b68b31a24c0f:row:7057,6tes|m0|A|1002|-|FE|-,6tes,FE,2,3,3,0.17135727,0.06332824,0.16586257,0.59945191
sha256:4748babd2b6ac0706cd9ed4bcfd4855c8d2c5535f01813fb2e10b68b31a24c0f:row:7060,7e1w|m0|E|401|-|CU|-,7e1w,CU,2,1,3,0.03049851,0.29146402,0.32420707,0.35383040
sha256:4748babd2b6ac0706cd9ed4bcfd4855c8d2c5535f01813fb2e10b68b31a24c0f:row:7067,4u08|m0|A|505|-|ZN|-,4u08,ZN,2,2,2,0.03795673,0.23236864,0.58676534,0.14290929
sha256:4748babd2b6ac0706cd9ed4bcfd4855c8d2c5535f01813fb2e10b68b31a24c0f:row:7068,7zn1|m0|A|203|-|ZN|-,7zn1,ZN,2,2,2,0.05693716,0.15216596,0.65041614,0.14048075
sha256:4748babd2b6ac0706cd9ed4bcfd4855c8d2c5535f01813fb2e10b68b31a24c0f:row:7070,5z5p|m0|A|301|-|MN|-,5z5p,MN,2,0,0,0.75794914,0.04257001,0.06651767,0.13296318
sha256:4748babd2b6ac0706cd9ed4bcfd4855c8d2c5535f01813fb2e10b68b31a24c0f:row:7073,4xpx|m0|A|201|-|FE|-,4xpx,FE,2,3,3,0.24104702,0.05992460,0.11698027,0.58204812
sha256:4748babd2b6ac0706cd9ed4bcfd4855c8d2c5535f01813fb2e10b68b31a24c0f:row:7074,2a5v|m0|A|405|-|ZN|-,2a5v,ZN,2,2,1,0.05605354,0.37861227,0.24548524,0.31984895
sha256:4748babd2b6ac0706cd9ed4bcfd4855c8d2c5535f01813fb2e10b68b31a24c0f:row:7078,2pf4|m0|F|702|-|ZN|-,2pf4,ZN,2,2,2,0.03600972,0.08438855,0.78815057,0.09145116
sha256:4748babd2b6ac0706cd9ed4bcfd4855c8d2c5535f01813fb2e10b68b31a24c0f:row:7079,2jkw|m0|B|125|-|CU|-,2jkw,CU,2,1,1,0.03121076,0.51714937,0.14603346,0.30560640
sha256:4748babd2b6ac0706cd9ed4bcfd4855c8d2c5535f01813fb2e10b68b31a24c0f:row:7080,3qy7|m0|A|264|-|FE|-,3qy7,FE,2,3,3,0.34447757,0.02868502,0.26067047,0.36616695
sha256:4748babd2b6ac0706cd9ed4bcfd4855c8d2c5535f01813fb2e10b68b31a24c0f:row:7083,5tg3|m0|D|302|-|MN|-,5tg3,MN,2,0,0,0.83186213,0.03589402,0.05863468,0.07360917
sha256:4748babd2b6ac0706cd9ed4bcfd4855c8d2c5535f01813fb2e10b68b31a24c0f:row:7087,5dka|m0|A|302|-|ZN|-,5dka,ZN,2,2,2,0.04230183,0.06508264,0.79595307,0.09666247
sha256:4748babd2b6ac0706cd9ed4bcfd4855c8d2c5535f01813fb2e10b68b31a24c0f:row:7096,6vzy|m0|A|503|-|FE|-,6vzy,FE,2,3,3,0.06142559,0.15878317,0.13561324,0.64417799
sha256:4748babd2b6ac0706cd9ed4bcfd4855c8d2c5535f01813fb2e10b68b31a24c0f:row:7103,4oof|m0|A|401|-|MN|-,4oof,MN,2,0,0,0.66780039,0.02052222,0.18111455,0.13056284
sha256:4748babd2b6ac0706cd9ed4bcfd4855c8d2c5535f01813fb2e10b68b31a24c0f:row:7105,4ryz|m0|B|601|-|FE|-,4ryz,FE,2,3,3,0.07386394,0.06571015,0.08460955,0.77581636
sha256:4748babd2b6ac0706cd9ed4bcfd4855c8d2c5535f01813fb2e10b68b31a24c0f:row:7109,3ww1|m0|A|401|-|MN|-,3ww1,MN,2,0,0,0.59437813,0.09701249,0.07088662,0.23772276
sha256:4748babd2b6ac0706cd9ed4bcfd4855c8d2c5535f01813fb2e10b68b31a24c0f:row:7113,5ysb|m0|A|501|-|ZN|-,5ysb,ZN,2,2,2,0.08938683,0.05313603,0.50009575,0.35738139
sha256:4748babd2b6ac0706cd9ed4bcfd4855c8d2c5535f01813fb2e10b68b31a24c0f:row:7114,3qh8|m0|A|300|-|MN|-,3qh8,MN,2,0,0,0.58709024,0.04223283,0.07232377,0.29835316
sha256:4748babd2b6ac0706cd9ed4bcfd4855c8d2c5535f01813fb2e10b68b31a24c0f:row:7115,2y1g|m0|B|1390|-|MN|-,2y1g,MN,2,0,0,0.76768708,0.03526018,0.08447783,0.11257490
sha256:4748babd2b6ac0706cd9ed4bcfd4855c8d2c5535f01813fb2e10b68b31a24c0f:row:7116,2bmr|m0|A|1441|-|FE|-,2bmr,FE,2,3,3,0.08080782,0.05449108,0.08580371,0.77889739
sha256:4748babd2b6ac0706cd9ed4bcfd4855c8d2c5535f01813fb2e10b68b31a24c0f:row:7118,4bwt|m0|A|1124|-|CU|-,4bwt,CU,2,1,1,0.02660331,0.70120401,0.19272826,0.07946442
sha256:4748babd2b6ac0706cd9ed4bcfd4855c8d2c5535f01813fb2e10b68b31a24c0f:row:7125,5nfn|m0|A|501|-|MN|-,5nfn,MN,2,0,3,0.28998120,0.02938490,0.13978481,0.54084909
sha256:4748babd2b6ac0706cd9ed4bcfd4855c8d2c5535f01813fb2e10b68b31a24c0f:row:7137,5v27|m0|A|202|-|FE|-,5v27,FE,2,3,2,0.05370284,0.02550645,0.75618700,0.16460371
sha256:4748babd2b6ac0706cd9ed4bcfd4855c8d2c5535f01813fb2e10b68b31a24c0f:row:7148,1gic|m0|B|239|-|MN|-,1gic,MN,2,0,0,0.81237780,0.03451549,0.06180476,0.09130195
sha256:4748babd2b6ac0706cd9ed4bcfd4855c8d2c5535f01813fb2e10b68b31a24c0f:row:7167,5m26|m0|H|401|-|FE|-,5m26,FE,2,3,3,0.19878262,0.28890884,0.13723664,0.37507190
sha256:4748babd2b6ac0706cd9ed4bcfd4855c8d2c5535f01813fb2e10b68b31a24c0f:row:7174,6imq|m0|A|202|-|ZN|-,6imq,ZN,2,2,2,0.09173241,0.05996160,0.68084404,0.16746195
sha256:4748babd2b6ac0706cd9ed4bcfd4855c8d2c5535f01813fb2e10b68b31a24c0f:row:7181,1lnc|m0|E|902|-|MN|-,1lnc,MN,2,0,0,0.75335294,0.02314659,0.09756650,0.12593397
sha256:4748babd2b6ac0706cd9ed4bcfd4855c8d2c5535f01813fb2e10b68b31a24c0f:row:7184,5tdt|m0|A|505|-|FE|-,5tdt,FE,2,3,0,0.53967424,0.04130805,0.08238732,0.33663039
sha256:4748babd2b6ac0706cd9ed4bcfd4855c8d2c5535f01813fb2e10b68b31a24c0f:row:7185,5zt9|m0|A|301|-|NI|-,5zt9,NI,2,3,3,0.32277139,0.07466379,0.27007776,0.33248705
sha256:4748babd2b6ac0706cd9ed4bcfd4855c8d2c5535f01813fb2e10b68b31a24c0f:row:7187,6ifp|m0|C|201|-|CU|-,6ifp,CU,2,1,1,0.03615786,0.44472620,0.42304307,0.09607287
sha256:4748babd2b6ac0706cd9ed4bcfd4855c8d2c5535f01813fb2e10b68b31a24c0f:row:7189,7dgo|m0|A|203|-|ZN|-,7dgo,ZN,2,2,1,0.05003150,0.44088922,0.31589254,0.19318675
sha256:4748babd2b6ac0706cd9ed4bcfd4855c8d2c5535f01813fb2e10b68b31a24c0f:row:7190,4qq4|m0|A|2005|-|ZN|-,4qq4,ZN,2,2,2,0.05646137,0.08636777,0.70289841,0.15427246
sha256:4748babd2b6ac0706cd9ed4bcfd4855c8d2c5535f01813fb2e10b68b31a24c0f:row:7191,4fbq|m0|B|1501|-|MN|-,4fbq,MN,2,0,0,0.66576293,0.08614000,0.13029557,0.11780151
sha256:4748babd2b6ac0706cd9ed4bcfd4855c8d2c5535f01813fb2e10b68b31a24c0f:row:7207,5dah|m0|A|304|-|ZN|-,5dah,ZN,2,2,2,0.03752792,0.06181334,0.82147052,0.07918822
sha256:4748babd2b6ac0706cd9ed4bcfd4855c8d2c5535f01813fb2e10b68b31a24c0f:row:7208,2de6|m0|A|501|-|FE|-,2de6,FE,2,3,3,0.12686246,0.05625603,0.29132336,0.52555815
sha256:4748babd2b6ac0706cd9ed4bcfd4855c8d2c5535f01813fb2e10b68b31a24c0f:row:7213,4iqj|m0|C|1302|-|ZN|-,4iqj,ZN,2,2,2,0.07776467,0.13244587,0.63509048,0.15469898
sha256:4748babd2b6ac0706cd9ed4bcfd4855c8d2c5535f01813fb2e10b68b31a24c0f:row:7214,6eyv|m0|A|602|-|ZN|-,6eyv,ZN,2,2,3,0.06457545,0.33165011,0.23986432,0.36391012
sha256:4748babd2b6ac0706cd9ed4bcfd4855c8d2c5535f01813fb2e10b68b31a24c0f:row:7217,3py5|m0|A|300|-|MN|-,3py5,MN,2,0,0,0.65401284,0.04477572,0.06998180,0.23122964
sha256:4748babd2b6ac0706cd9ed4bcfd4855c8d2c5535f01813fb2e10b68b31a24c0f:row:7228,2wdc|m0|A|1590|-|MN|-,2wdc,MN,2,0,0,0.62478686,0.06046998,0.08792488,0.22681828
sha256:4748babd2b6ac0706cd9ed4bcfd4855c8d2c5535f01813fb2e10b68b31a24c0f:row:7231,8gzh|m0|Z|2001|-|ZN|-,8gzh,ZN,2,2,2,0.03774686,0.27582242,0.57833687,0.10809384
sha256:4748babd2b6ac0706cd9ed4bcfd4855c8d2c5535f01813fb2e10b68b31a24c0f:row:7236,1ncy|m0|A|164|-|MN|-,1ncy,MN,2,0,0,0.64241874,0.05288674,0.10644167,0.19825285
sha256:4748babd2b6ac0706cd9ed4bcfd4855c8d2c5535f01813fb2e10b68b31a24c0f:row:7242,1vj7|m0|A|997|-|MN|-,1vj7,MN,2,0,3,0.31257399,0.03758638,0.16674723,0.48309240
sha256:4748babd2b6ac0706cd9ed4bcfd4855c8d2c5535f01813fb2e10b68b31a24c0f:row:7245,5ze1|m0|A|2002|-|MN|-,5ze1,MN,2,0,0,0.55875553,0.04861729,0.24821396,0.14441322
sha256:4748babd2b6ac0706cd9ed4bcfd4855c8d2c5535f01813fb2e10b68b31a24c0f:row:7249,7vzn|m0|B|701|-|FE|-,7vzn,FE,2,3,0,0.58829194,0.04465108,0.06988849,0.29716849
sha256:4748babd2b6ac0706cd9ed4bcfd4855c8d2c5535f01813fb2e10b68b31a24c0f:row:7260,7mg6|m0|A|301|-|MN|-,7mg6,MN,2,0,0,0.81578806,0.03475371,0.06500008,0.08445815
sha256:4748babd2b6ac0706cd9ed4bcfd4855c8d2c5535f01813fb2e10b68b31a24c0f:row:7270,4s2r|m0|Q|701|-|ZN|-,4s2r,ZN,2,2,3,0.26123120,0.09621781,0.23044326,0.41210774
sha256:4748babd2b6ac0706cd9ed4bcfd4855c8d2c5535f01813fb2e10b68b31a24c0f:row:7274,6oad|m0|A|501|-|ZN|-,6oad,ZN,2,2,3,0.21844861,0.08176149,0.30070126,0.39908865
sha256:4748babd2b6ac0706cd9ed4bcfd4855c8d2c5535f01813fb2e10b68b31a24c0f:row:7280,5m4g|m0|B|499|-|MN|-,5m4g,MN,2,0,0,0.75814667,0.05104708,0.07361246,0.11719379
sha256:4748babd2b6ac0706cd9ed4bcfd4855c8d2c5535f01813fb2e10b68b31a24c0f:row:7282,2de5|m0|C|501|-|FE|-,2de5,FE,2,3,3,0.12207228,0.07579466,0.31746152,0.48467154
sha256:4748babd2b6ac0706cd9ed4bcfd4855c8d2c5535f01813fb2e10b68b31a24c0f:row:7285,2pnx|m0|A|300|-|ZN|-,2pnx,ZN,2,2,2,0.03408404,0.35045847,0.49366781,0.12178967
sha256:4748babd2b6ac0706cd9ed4bcfd4855c8d2c5535f01813fb2e10b68b31a24c0f:row:7292,5d0i|m0|A|402|-|ZN|-,5d0i,ZN,2,2,2,0.03629764,0.06691773,0.79170676,0.10507787
sha256:4748babd2b6ac0706cd9ed4bcfd4855c8d2c5535f01813fb2e10b68b31a24c0f:row:7293,5v28|m0|A|201|-|FE|-,5v28,FE,2,3,3,0.18139907,0.09660429,0.22624809,0.49574855
sha256:4748babd2b6ac0706cd9ed4bcfd4855c8d2c5535f01813fb2e10b68b31a24c0f:row:7294,3h67|m0|A|500|-|ZN|-,3h67,ZN,2,2,3,0.22946787,0.16734276,0.12639868,0.47679069
sha256:4748babd2b6ac0706cd9ed4bcfd4855c8d2c5535f01813fb2e10b68b31a24c0f:row:7311,3dy8|m0|B|901|-|MN|-,3dy8,MN,2,0,0,0.65555501,0.03931533,0.06415622,0.24097345
sha256:4748babd2b6ac0706cd9ed4bcfd4855c8d2c5535f01813fb2e10b68b31a24c0f:row:7317,4ewt|m0|A|402|-|MN|-,4ewt,MN,2,0,0,0.39363245,0.06708430,0.37818773,0.16109551
sha256:4748babd2b6ac0706cd9ed4bcfd4855c8d2c5535f01813fb2e10b68b31a24c0f:row:7318,4q5o|m0|B|401|-|FE|-,4q5o,FE,2,3,3,0.27645735,0.05678257,0.08512040,0.58163968
sha256:4748babd2b6ac0706cd9ed4bcfd4855c8d2c5535f01813fb2e10b68b31a24c0f:row:7321,3ib8|m0|A|444|-|FE|-,3ib8,FE,2,3,3,0.31185159,0.11426879,0.16746248,0.40641714
sha256:4748babd2b6ac0706cd9ed4bcfd4855c8d2c5535f01813fb2e10b68b31a24c0f:row:7326,2wdd|m0|A|1580|-|MN|-,2wdd,MN,2,0,0,0.62346797,0.04234520,0.09088291,0.24330392
sha256:4748babd2b6ac0706cd9ed4bcfd4855c8d2c5535f01813fb2e10b68b31a24c0f:row:7330,7q5n|m0|H|204|-|ZN|-,7q5n,ZN,2,2,2,0.07954781,0.09376601,0.45542000,0.37126618
sha256:4748babd2b6ac0706cd9ed4bcfd4855c8d2c5535f01813fb2e10b68b31a24c0f:row:7331,3o4n|m0|A|2002|-|ZN|-,3o4n,ZN,2,2,2,0.03407007,0.31635527,0.50982349,0.13975117
sha256:4748babd2b6ac0706cd9ed4bcfd4855c8d2c5535f01813fb2e10b68b31a24c0f:row:7333,7bui|m0|B|402|-|FE|-,7bui,FE,2,3,3,0.10198750,0.28729191,0.22724416,0.38347644
sha256:4748babd2b6ac0706cd9ed4bcfd4855c8d2c5535f01813fb2e10b68b31a24c0f:row:7338,2p72|m0|B|214|-|MN|-,2p72,MN,2,0,0,0.68973747,0.04237757,0.14406941,0.12381555
sha256:4748babd2b6ac0706cd9ed4bcfd4855c8d2c5535f01813fb2e10b68b31a24c0f:row:7347,6m8q|m0|A|501|-|ZN|-,6m8q,ZN,2,2,3,0.28619137,0.07506653,0.27316267,0.36557943
sha256:4748babd2b6ac0706cd9ed4bcfd4855c8d2c5535f01813fb2e10b68b31a24c0f:row:7366,4lum|m0|A|201|-|MN|-,4lum,MN,2,0,3,0.40374126,0.04014117,0.05866566,0.49745191
sha256:4748babd2b6ac0706cd9ed4bcfd4855c8d2c5535f01813fb2e10b68b31a24c0f:row:7379,4pf5|m0|A|301|-|MN|-,4pf5,MN,2,0,0,0.80351385,0.03695305,0.06322703,0.09630607
sha256:4748babd2b6ac0706cd9ed4bcfd4855c8d2c5535f01813fb2e10b68b31a24c0f:row:7380,3erx|m0|A|124|-|CU|-,3erx,CU,2,1,1,0.02573928,0.73658980,0.17129996,0.06637097
sha256:4748babd2b6ac0706cd9ed4bcfd4855c8d2c5535f01813fb2e10b68b31a24c0f:row:7387,8cqm|m0|A|303|-|FE|-,8cqm,FE,2,3,3,0.11545074,0.07264151,0.11602087,0.69588688
sha256:4748babd2b6ac0706cd9ed4bcfd4855c8d2c5535f01813fb2e10b68b31a24c0f:row:7390,4fil|m0|B|406|-|ZN|-,4fil,ZN,2,2,2,0.16813216,0.19366396,0.54028160,0.09792228
sha256:4748babd2b6ac0706cd9ed4bcfd4855c8d2c5535f01813fb2e10b68b31a24c0f:row:7393,2iaj|m0|A|561|-|MN|-,2iaj,MN,2,0,0,0.69553269,0.04229018,0.09722644,0.16495069
sha256:4748babd2b6ac0706cd9ed4bcfd4855c8d2c5535f01813fb2e10b68b31a24c0f:row:7400,5jmp|m0|A|502|-|MN|-,5jmp,MN,2,0,0,0.75709008,0.03352831,0.09376743,0.11561418
sha256:4748babd2b6ac0706cd9ed4bcfd4855c8d2c5535f01813fb2e10b68b31a24c0f:row:7404,2r2d|m0|A|278|-|ZN|-,2r2d,ZN,2,2,3,0.05809392,0.27584869,0.30813875,0.35791864
sha256:4748babd2b6ac0706cd9ed4bcfd4855c8d2c5535f01813fb2e10b68b31a24c0f:row:7420,5hpe|m0|A|1101|-|MN|-,5hpe,MN,2,0,0,0.74901512,0.04252489,0.08103986,0.12742013
sha256:4748babd2b6ac0706cd9ed4bcfd4855c8d2c5535f01813fb2e10b68b31a24c0f:row:7431,3psq|m0|A|326|-|ZN|-,3psq,ZN,2,2,2,0.18984215,0.06717157,0.48262673,0.26035954
sha256:4748babd2b6ac0706cd9ed4bcfd4855c8d2c5535f01813fb2e10b68b31a24c0f:row:7440,3u2w|m0|A|263|-|MN|-,3u2w,MN,2,0,0,0.53555314,0.01948543,0.12076467,0.32419675
sha256:4748babd2b6ac0706cd9ed4bcfd4855c8d2c5535f01813fb2e10b68b31a24c0f:row:7447,5a7m|m0|B|1913|-|ZN|-,5a7m,ZN,2,2,2,0.08370458,0.34637914,0.36333268,0.20658360
sha256:4748babd2b6ac0706cd9ed4bcfd4855c8d2c5535f01813fb2e10b68b31a24c0f:row:7455,7yxl|m0|A|501|-|MN|-,7yxl,MN,2,0,3,0.37221219,0.06416802,0.09742324,0.46619655
sha256:4748babd2b6ac0706cd9ed4bcfd4855c8d2c5535f01813fb2e10b68b31a24c0f:row:7469,7nyp|m0|B|802|-|NI|-,7nyp,NI,2,3,2,0.04604340,0.10829304,0.65974513,0.18591842
sha256:4748babd2b6ac0706cd9ed4bcfd4855c8d2c5535f01813fb2e10b68b31a24c0f:row:7474,2vqa|m0|A|1006|-|MN|-,2vqa,MN,2,0,3,0.41051164,0.05877437,0.08601204,0.44470194
sha256:4748babd2b6ac0706cd9ed4bcfd4855c8d2c5535f01813fb2e10b68b31a24c0f:row:7487,7lkk|m0|C|501|-|FE|-,7lkk,FE,2,3,3,0.20196364,0.14770426,0.12560026,0.52473185
sha256:4748babd2b6ac0706cd9ed4bcfd4855c8d2c5535f01813fb2e10b68b31a24c0f:row:7493,1gkb|m0|B|901|-|MN|-,1gkb,MN,2,0,0,0.82172620,0.03412262,0.06106343,0.08308774
sha256:4748babd2b6ac0706cd9ed4bcfd4855c8d2c5535f01813fb2e10b68b31a24c0f:row:7494,3uko|m0|A|400|-|ZN|-,3uko,ZN,2,2,2,0.06224822,0.05630631,0.78403963,0.09740584
sha256:4748babd2b6ac0706cd9ed4bcfd4855c8d2c5535f01813fb2e10b68b31a24c0f:row:7499,4iqj|m0|A|1303|-|ZN|-,4iqj,ZN,2,2,2,0.12954013,0.08185471,0.42295239,0.36565277
sha256:4748babd2b6ac0706cd9ed4bcfd4855c8d2c5535f01813fb2e10b68b31a24c0f:row:7504,5zt7|m0|A|303|-|CO|-,5zt7,CO,2,3,2,0.25796151,0.14802137,0.33986275,0.25415437
sha256:4748babd2b6ac0706cd9ed4bcfd4855c8d2c5535f01813fb2e10b68b31a24c0f:row:7506,2ah9|m0|C|404|-|MN|-,2ah9,MN,2,0,0,0.78003053,0.03952352,0.05334246,0.12710350
sha256:4748babd2b6ac0706cd9ed4bcfd4855c8d2c5535f01813fb2e10b68b31a24c0f:row:7511,6p2a|m0|D|701|-|FE|-,6p2a,FE,2,3,3,0.12593733,0.08308468,0.14051896,0.65045904
sha256:4748babd2b6ac0706cd9ed4bcfd4855c8d2c5535f01813fb2e10b68b31a24c0f:row:7519,2ind|m0|A|502|-|MN|-,2ind,MN,2,0,0,0.66768884,0.04693210,0.08368793,0.20169113
sha256:4748babd2b6ac0706cd9ed4bcfd4855c8d2c5535f01813fb2e10b68b31a24c0f:row:7525,8gb1|m0|D|702|-|FE|-,8gb1,FE,2,3,3,0.17644920,0.07773228,0.18427426,0.56154427
sha256:4748babd2b6ac0706cd9ed4bcfd4855c8d2c5535f01813fb2e10b68b31a24c0f:row:7528,4pf5|m0|B|302|-|MN|-,4pf5,MN,2,0,0,0.80184035,0.04225722,0.06533542,0.09056701
sha256:4748babd2b6ac0706cd9ed4bcfd4855c8d2c5535f01813fb2e10b68b31a24c0f:row:7535,1o4t|m0|A|300|-|MN|-,1o4t,MN,2,0,3,0.29970753,0.04054238,0.08306860,0.57668149
sha256:4748babd2b6ac0706cd9ed4bcfd4855c8d2c5535f01813fb2e10b68b31a24c0f:row:7539,6juq|m0|F|403|-|MN|-,6juq,MN,2,0,0,0.53058762,0.05683364,0.22152695,0.19105179
sha256:4748babd2b6ac0706cd9ed4bcfd4855c8d2c5535f01813fb2e10b68b31a24c0f:row:7546,1qh3|m0|A|262|-|ZN|-,1qh3,ZN,2,2,3,0.22662142,0.08196237,0.11699320,0.57442301
sha256:4748babd2b6ac0706cd9ed4bcfd4855c8d2c5535f01813fb2e10b68b31a24c0f:row:7547,8dsl|m0|A|402|-|CU|-,8dsl,CU,2,1,1,0.02784211,0.73521633,0.16706628,0.06987529
sha256:4748babd2b6ac0706cd9ed4bcfd4855c8d2c5535f01813fb2e10b68b31a24c0f:row:7551,3t7n|m0|B|263|-|MN|-,3t7n,MN,2,0,0,0.59373602,0.02813684,0.11411894,0.26400820
sha256:4748babd2b6ac0706cd9ed4bcfd4855c8d2c5535f01813fb2e10b68b31a24c0f:row:7558,5ztd|m0|B|201|-|CU|-,5ztd,CU,2,1,1,0.02987365,0.45414183,0.41466405,0.10132047
sha256:4748babd2b6ac0706cd9ed4bcfd4855c8d2c5535f01813fb2e10b68b31a24c0f:row:7559,4nb9|m0|B|501|-|FE|-,4nb9,FE,2,3,3,0.09423109,0.27620731,0.22405231,0.40550929
sha256:4748babd2b6ac0706cd9ed4bcfd4855c8d2c5535f01813fb2e10b68b31a24c0f:row:7568,7z3f|m0|B|201|-|CU|-,7z3f,CU,2,1,1,0.02866660,0.67682159,0.22172593,0.07278588
sha256:4748babd2b6ac0706cd9ed4bcfd4855c8d2c5535f01813fb2e10b68b31a24c0f:row:7573,5fwj|m0|A|1772|-|MN|-,5fwj,MN,2,0,3,0.32300910,0.03417531,0.10103918,0.54177641
sha256:4748babd2b6ac0706cd9ed4bcfd4855c8d2c5535f01813fb2e10b68b31a24c0f:row:7577,8iej|m0|M|1001|-|ZN|-,8iej,ZN,2,2,2,0.05763932,0.06590307,0.75404407,0.12241354
sha256:4748babd2b6ac0706cd9ed4bcfd4855c8d2c5535f01813fb2e10b68b31a24c0f:row:7580,2j4j|m0|A|230|-|CO|-,2j4j,CO,2,3,3,0.18850428,0.23836115,0.14842504,0.42470954
sha256:4748babd2b6ac0706cd9ed4bcfd4855c8d2c5535f01813fb2e10b68b31a24c0f:row:7586,2prq|m0|A|502|-|CO|-,2prq,CO,2,3,2,0.20468846,0.06326357,0.46407537,0.26797260
sha256:4748babd2b6ac0706cd9ed4bcfd4855c8d2c5535f01813fb2e10b68b31a24c0f:row:7590,2jkw|m0|A|125|-|CU|-,2jkw,CU,2,1,1,0.02631730,0.71278569,0.17195945,0.08893756
sha256:4748babd2b6ac0706cd9ed4bcfd4855c8d2c5535f01813fb2e10b68b31a24c0f:row:7597,6jur|m0|A|402|-|MN|-,6jur,MN,2,0,0,0.42640845,0.02785010,0.20688413,0.33885733
sha256:4748babd2b6ac0706cd9ed4bcfd4855c8d2c5535f01813fb2e10b68b31a24c0f:row:7602,4nb9|m0|A|501|-|FE|-,4nb9,FE,2,3,3,0.08117543,0.06035597,0.27871951,0.57974908
sha256:4748babd2b6ac0706cd9ed4bcfd4855c8d2c5535f01813fb2e10b68b31a24c0f:row:7606,8wmk|m0|B|301|-|MN|-,8wmk,MN,2,0,0,0.77836887,0.02155347,0.07979115,0.12028651
sha256:4748babd2b6ac0706cd9ed4bcfd4855c8d2c5535f01813fb2e10b68b31a24c0f:row:7607,1gic|m0|A|239|-|MN|-,1gic,MN,2,0,0,0.75743717,0.03411749,0.06019773,0.14824761
sha256:4748babd2b6ac0706cd9ed4bcfd4855c8d2c5535f01813fb2e10b68b31a24c0f:row:7612,8gb1|m0|B|702|-|FE|-,8gb1,FE,2,3,3,0.15451514,0.04863153,0.24731751,0.54953581
sha256:4748babd2b6ac0706cd9ed4bcfd4855c8d2c5535f01813fb2e10b68b31a24c0f:row:7617,6lug|m0|B|401|-|MN|-,6lug,MN,2,0,0,0.70584086,0.06343505,0.08528712,0.14543698
sha256:4748babd2b6ac0706cd9ed4bcfd4855c8d2c5535f01813fb2e10b68b31a24c0f:row:7625,1hkd|m0|A|1183|-|MN|-,1hkd,MN,2,0,0,0.80947547,0.03718604,0.06299994,0.09033855
sha256:4748babd2b6ac0706cd9ed4bcfd4855c8d2c5535f01813fb2e10b68b31a24c0f:row:7639,2jd2|m0|A|1390|-|MN|-,2jd2,MN,2,0,0,0.78661678,0.03998728,0.07992017,0.09347577
sha256:4748babd2b6ac0706cd9ed4bcfd4855c8d2c5535f01813fb2e10b68b31a24c0f:row:7652,4ft8|m0|B|309|-|CO|-,4ft8,CO,2,3,3,0.11067221,0.10767291,0.12834014,0.65331473
sha256:4748babd2b6ac0706cd9ed4bcfd4855c8d2c5535f01813fb2e10b68b31a24c0f:row:7655,3a1z|m0|A|227|-|ZN|-,3a1z,ZN,2,2,2,0.12933736,0.05956746,0.51183224,0.29926293
sha256:4748babd2b6ac0706cd9ed4bcfd4855c8d2c5535f01813fb2e10b68b31a24c0f:row:7659,4h2h|m0|A|402|-|NI|-,4h2h,NI,2,3,3,0.07870879,0.07636684,0.29664518,0.54827919
sha256:4748babd2b6ac0706cd9ed4bcfd4855c8d2c5535f01813fb2e10b68b31a24c0f:row:7661,2wdf|m0|A|1576|-|MN|-,2wdf,MN,2,0,0,0.44214307,0.07067103,0.11038418,0.37680172
sha256:4748babd2b6ac0706cd9ed4bcfd4855c8d2c5535f01813fb2e10b68b31a24c0f:row:7664,7dnn|m0|P|401|-|MN|-,7dnn,MN,2,0,0,0.74393389,0.05570306,0.06785083,0.13251222
sha256:4748babd2b6ac0706cd9ed4bcfd4855c8d2c5535f01813fb2e10b68b31a24c0f:row:7667,3kmh|m0|B|1002|-|MN|-,3kmh,MN,2,0,3,0.35179062,0.03337754,0.07065412,0.54417772
sha256:4748babd2b6ac0706cd9ed4bcfd4855c8d2c5535f01813fb2e10b68b31a24c0f:row:7670,5jaz|m0|A|502|-|MN|-,5jaz,MN,2,0,0,0.74938091,0.03338842,0.09224255,0.12498812
sha256:4748babd2b6ac0706cd9ed4bcfd4855c8d2c5535f01813fb2e10b68b31a24c0f:row:7671,4pxb|m0|A|502|-|MN|-,4pxb,MN,2,0,0,0.59040351,0.04263042,0.07069872,0.29626735
sha256:4748babd2b6ac0706cd9ed4bcfd4855c8d2c5535f01813fb2e10b68b31a24c0f:row:7672,7bih|m0|A|502|-|MN|-,7bih,MN,2,0,0,0.74684952,0.03410773,0.08832671,0.13071604
sha256:4748babd2b6ac0706cd9ed4bcfd4855c8d2c5535f01813fb2e10b68b31a24c0f:row:7674,1rsv|m0|B|1002|-|FE|-,1rsv,FE,2,3,3,0.12443123,0.08463022,0.30144986,0.48948868
sha256:4748babd2b6ac0706cd9ed4bcfd4855c8d2c5535f01813fb2e10b68b31a24c0f:row:7681,7vbq|m0|B|301|-|FE|-,7vbq,FE,2,3,3,0.39144428,0.05055870,0.07870772,0.47928930
sha256:4748babd2b6ac0706cd9ed4bcfd4855c8d2c5535f01813fb2e10b68b31a24c0f:row:7683,2enx|m0|B|404|-|MN|-,2enx,MN,2,0,0,0.77425700,0.03542553,0.09334913,0.09696835
sha256:4748babd2b6ac0706cd9ed4bcfd4855c8d2c5535f01813fb2e10b68b31a24c0f:row:7693,7knf|m0|A|601|-|ZN|-,7knf,ZN,2,2,2,0.10544446,0.07335401,0.48131317,0.33988836
sha256:4748babd2b6ac0706cd9ed4bcfd4855c8d2c5535f01813fb2e10b68b31a24c0f:row:7694,6dgm|m0|A|901|-|MN|-,6dgm,MN,2,0,3,0.40752861,0.03339842,0.07505757,0.48401540
sha256:4748babd2b6ac0706cd9ed4bcfd4855c8d2c5535f01813fb2e10b68b31a24c0f:row:7695,7lpy|m0|B|502|-|MN|-,7lpy,MN,2,0,0,0.73460229,0.02230167,0.10626784,0.13682820
sha256:4748babd2b6ac0706cd9ed4bcfd4855c8d2c5535f01813fb2e10b68b31a24c0f:row:7696,4xpy|m0|A|201|-|FE|-,4xpy,FE,2,3,3,0.10926794,0.05923908,0.12795325,0.70353972
sha256:4748babd2b6ac0706cd9ed4bcfd4855c8d2c5535f01813fb2e10b68b31a24c0f:row:7700,5med|m0|A|1001|-|FE|-,5med,FE,2,3,3,0.10447798,0.07753151,0.08725376,0.73073674
sha256:4748babd2b6ac0706cd9ed4bcfd4855c8d2c5535f01813fb2e10b68b31a24c0f:row:7706,3q3o|m0|A|502|-|FE|-,3q3o,FE,2,3,0,0.44400751,0.06308412,0.08553711,0.40737126
sha256:4748babd2b6ac0706cd9ed4bcfd4855c8d2c5535f01813fb2e10b68b31a24c0f:row:7708,2zi8|m0|A|701|-|FE|-,2zi8,FE,2,3,3,0.16821990,0.04090173,0.11256182,0.67831654
sha256:4748babd2b6ac0706cd9ed4bcfd4855c8d2c5535f01813fb2e10b68b31a24c0f:row:7716,5m6b|m0|A|601|-|CU|-,5m6b,CU,2,1,2,0.07585015,0.07030881,0.44738236,0.40645868
sha256:4748babd2b6ac0706cd9ed4bcfd4855c8d2c5535f01813fb2e10b68b31a24c0f:row:7739,3vj6|m0|A|278|-|NI|-,3vj6,NI,2,3,3,0.14290302,0.06685557,0.15020123,0.64004018
sha256:4748babd2b6ac0706cd9ed4bcfd4855c8d2c5535f01813fb2e10b68b31a24c0f:row:7755,5ztd|m0|A|201|-|CU|-,5ztd,CU,2,1,1,0.03023294,0.66184662,0.19470748,0.11321296
sha256:4748babd2b6ac0706cd9ed4bcfd4855c8d2c5535f01813fb2e10b68b31a24c0f:row:7761,7lvz|m0|C|301|-|FE|-,7lvz,FE,2,3,3,0.18927549,0.08850081,0.12156338,0.60066032
sha256:4748babd2b6ac0706cd9ed4bcfd4855c8d2c5535f01813fb2e10b68b31a24c0f:row:7763,1biq|m0|B|377|-|FE|-,1biq,FE,2,3,3,0.26266654,0.07035784,0.28198413,0.38499149
sha256:4748babd2b6ac0706cd9ed4bcfd4855c8d2c5535f01813fb2e10b68b31a24c0f:row:7766,6cwo|m0|A|402|-|MN|-,6cwo,MN,2,0,0,0.57793269,0.04064209,0.07074721,0.31067801
sha256:4748babd2b6ac0706cd9ed4bcfd4855c8d2c5535f01813fb2e10b68b31a24c0f:row:7785,7lwz|m0|E|501|-|NI|-,7lwz,NI,2,3,3,0.08145586,0.10467103,0.30998064,0.50389247
sha256:4748babd2b6ac0706cd9ed4bcfd4855c8d2c5535f01813fb2e10b68b31a24c0f:row:7804,4qm8|m0|A|201|-|FE|-,4qm8,FE,2,3,3,0.08942527,0.14108846,0.18592150,0.58356476
sha256:4748babd2b6ac0706cd9ed4bcfd4855c8d2c5535f01813fb2e10b68b31a24c0f:row:7805,2ra6|m0|A|803|-|ZN|-,2ra6,ZN,2,2,2,0.05170433,0.31576169,0.46755188,0.16498209
sha256:4748babd2b6ac0706cd9ed4bcfd4855c8d2c5535f01813fb2e10b68b31a24c0f:row:7807,1smy|m0|D|9102|-|ZN|-,1smy,ZN,2,2,2,0.04127324,0.06161750,0.78034703,0.11676224
sha256:4748babd2b6ac0706cd9ed4bcfd4855c8d2c5535f01813fb2e10b68b31a24c0f:row:7808,1nf4|m0|A|201|-|FE|-,1nf4,FE,2,3,3,0.22521829,0.04783542,0.10538710,0.62155919
sha256:4748babd2b6ac0706cd9ed4bcfd4855c8d2c5535f01813fb2e10b68b31a24c0f:row:7811,3uss|m0|A|212|-|FE|-,3uss,FE,2,3,1,0.07783147,0.51049683,0.17188982,0.23978188
sha256:4748babd2b6ac0706cd9ed4bcfd4855c8d2c5535f01813fb2e10b68b31a24c0f:row:7814,7bui|m0|A|402|-|FE|-,7bui,FE,2,3,3,0.09354204,0.29422947,0.23582385,0.37640463
sha256:4748babd2b6ac0706cd9ed4bcfd4855c8d2c5535f01813fb2e10b68b31a24c0f:row:7816,5ntg|m0|B|603|-|MN|-,5ntg,MN,2,0,0,0.65549496,0.02767154,0.14703307,0.16980043
sha256:4748babd2b6ac0706cd9ed4bcfd4855c8d2c5535f01813fb2e10b68b31a24c0f:row:7817,6p2a|m0|A|701|-|FE|-,6p2a,FE,2,3,3,0.10056804,0.08307647,0.22140160,0.59495389
sha256:4748babd2b6ac0706cd9ed4bcfd4855c8d2c5535f01813fb2e10b68b31a24c0f:row:7819,6qfo|m0|A|1702|-|MN|-,6qfo,MN,2,0,0,0.70946579,0.05499578,0.09248457,0.14305386
sha256:4748babd2b6ac0706cd9ed4bcfd4855c8d2c5535f01813fb2e10b68b31a24c0f:row:7822,7bhi|m0|B|502|-|MN|-,7bhi,MN,2,0,0,0.72638379,0.05125502,0.10257811,0.11978308
sha256:4748babd2b6ac0706cd9ed4bcfd4855c8d2c5535f01813fb2e10b68b31a24c0f:row:7827,6r5s|m0|A|401|-|FE|-,6r5s,FE,2,3,3,0.13357867,0.08859945,0.10346864,0.67435324
sha256:4748babd2b6ac0706cd9ed4bcfd4855c8d2c5535f01813fb2e10b68b31a24c0f:row:7832,5vpw|m0|B|502|-|FE|-,5vpw,FE,2,3,0,0.61388907,0.03493633,0.10460710,0.24656750
sha256:4748babd2b6ac0706cd9ed4bcfd4855c8d2c5535f01813fb2e10b68b31a24c0f:row:7834,7ckm|m0|B|102|-|ZN|-,7ckm,ZN,2,2,2,0.04480361,0.07857637,0.75790159,0.11871843
sha256:4748babd2b6ac0706cd9ed4bcfd4855c8d2c5535f01813fb2e10b68b31a24c0f:row:7838,1loe|m0|C|458|-|MN|-,1loe,MN,2,0,0,0.78362998,0.01917447,0.07254558,0.12464997
sha256:4748babd2b6ac0706cd9ed4bcfd4855c8d2c5535f01813fb2e10b68b31a24c0f:row:7840,7eul|m0|A|401|-|MN|-,7eul,MN,2,0,0,0.76797804,0.03595176,0.05945262,0.13661758
sha256:4748babd2b6ac0706cd9ed4bcfd4855c8d2c5535f01813fb2e10b68b31a24c0f:row:7847,8psn|m0|A|501|-|ZN|-,8psn,ZN,2,2,2,0.03853063,0.07704381,0.75301676,0.13140881
sha256:4748babd2b6ac0706cd9ed4bcfd4855c8d2c5535f01813fb2e10b68b31a24c0f:row:7858,6ns5|m0|A|801|-|FE|-,6ns5,FE,2,3,3,0.06119775,0.12225875,0.31478652,0.50175698
sha256:4748babd2b6ac0706cd9ed4bcfd4855c8d2c5535f01813fb2e10b68b31a24c0f:row:7859,3vb0|m0|A|301|-|FE|-,3vb0,FE,2,3,3,0.18157549,0.06241829,0.09021006,0.66579617
sha256:4748babd2b6ac0706cd9ed4bcfd4855c8d2c5535f01813fb2e10b68b31a24c0f:row:7861,5v4t|m0|B|301|-|FE|-,5v4t,FE,2,3,3,0.25852818,0.02894884,0.12228829,0.59023469
sha256:4748babd2b6ac0706cd9ed4bcfd4855c8d2c5535f01813fb2e10b68b31a24c0f:row:7862,5uv5|m0|A|601|-|MN|-,5uv5,MN,2,0,0,0.75465950,0.03363833,0.10492265,0.10677952
sha256:4748babd2b6ac0706cd9ed4bcfd4855c8d2c5535f01813fb2e10b68b31a24c0f:row:7863,1cu1|m0|A|999|-|ZN|-,1cu1,ZN,2,2,2,0.04039730,0.08988138,0.75585082,0.11387050
sha256:4748babd2b6ac0706cd9ed4bcfd4855c8d2c5535f01813fb2e10b68b31a24c0f:row:7868,7bhi|m0|A|502|-|MN|-,7bhi,MN,2,0,0,0.71716178,0.04661366,0.10290010,0.13332446
sha256:4748babd2b6ac0706cd9ed4bcfd4855c8d2c5535f01813fb2e10b68b31a24c0f:row:7870,6vi6|m0|A|203|-|FE|-,6vi6,FE,2,3,2,0.05323079,0.02392488,0.75388540,0.16895893
sha256:4748babd2b6ac0706cd9ed4bcfd4855c8d2c5535f01813fb2e10b68b31a24c0f:row:7877,1ho5|m0|A|1602|-|MN|-,1ho5,MN,2,0,0,0.72222871,0.04352197,0.07487857,0.15937075
sha256:4748babd2b6ac0706cd9ed4bcfd4855c8d2c5535f01813fb2e10b68b31a24c0f:row:7881,6nbk|m0|A|302|-|MN|-,6nbk,MN,2,0,0,0.45294997,0.02008818,0.10711024,0.41985160
sha256:4748babd2b6ac0706cd9ed4bcfd4855c8d2c5535f01813fb2e10b68b31a24c0f:row:7883,5tdu|m0|A|501|-|FE|-,5tdu,FE,2,3,3,0.39430347,0.04828194,0.08358108,0.47383351
sha256:4748babd2b6ac0706cd9ed4bcfd4855c8d2c5535f01813fb2e10b68b31a24c0f:row:7888,1jke|m0|A|908|-|ZN|-,1jke,ZN,2,2,2,0.16322773,0.04928461,0.55278167,0.23470599
sha256:4748babd2b6ac0706cd9ed4bcfd4855c8d2c5535f01813fb2e10b68b31a24c0f:row:7894,2z45|m0|B|1005|-|ZN|-,2z45,ZN,2,2,0,0.32305420,0.10754988,0.31629262,0.25310330
sha256:4748babd2b6ac0706cd9ed4bcfd4855c8d2c5535f01813fb2e10b68b31a24c0f:row:7903,4ogr|m0|D|101|-|ZN|-,4ogr,ZN,2,2,2,0.03892814,0.08529597,0.77921667,0.09655922
sha256:4748babd2b6ac0706cd9ed4bcfd4855c8d2c5535f01813fb2e10b68b31a24c0f:row:7905,1suv|m0|E|703|-|FE|-,1suv,FE,2,3,3,0.30900317,0.08339973,0.12677401,0.48082309
sha256:4748babd2b6ac0706cd9ed4bcfd4855c8d2c5535f01813fb2e10b68b31a24c0f:row:7906,1qh3|m0|A|261|-|ZN|-,1qh3,ZN,2,2,0,0.43186708,0.06232071,0.10565713,0.40015508
sha256:4748babd2b6ac0706cd9ed4bcfd4855c8d2c5535f01813fb2e10b68b31a24c0f:row:7910,6y2x|m0|A|702|-|ZN|-,6y2x,ZN,2,2,2,0.04018190,0.06079776,0.81235566,0.08666468
sha256:4748babd2b6ac0706cd9ed4bcfd4855c8d2c5535f01813fb2e10b68b31a24c0f:row:7913,3ze2|m0|B|2003|-|MN|-,3ze2,MN,2,0,0,0.72817716,0.04589082,0.07813089,0.14780113
sha256:4748babd2b6ac0706cd9ed4bcfd4855c8d2c5535f01813fb2e10b68b31a24c0f:row:7914,8suu|m0|B|401|-|MN|-,8suu,MN,2,0,0,0.47110382,0.04860985,0.14593791,0.33434842
sha256:4748babd2b6ac0706cd9ed4bcfd4855c8d2c5535f01813fb2e10b68b31a24c0f:row:7920,1qdc|m0|D|247|-|MN|-,1qdc,MN,2,0,0,0.82071153,0.03537226,0.06008210,0.08383411
